[{"x":46,"y":100,"data":{"alt":7,"type":2,"area":10}},{"x":47,"y":100,"data":{"alt":7,"type":2,"area":10}},{"x":45,"y":101,"data":{"alt":7,"type":2,"area":10}},{"x":46,"y":101,"data":{"alt":7,"type":2,"area":10}},{"x":49,"y":101,"data":{"alt":7,"type":2,"area":10}},{"x":50,"y":101,"data":{"alt":7,"type":2,"area":10}},{"x":51,"y":101,"data":{"alt":7,"type":2,"area":10}},{"x":45,"y":102,"data":{"alt":7,"type":2,"area":10}},{"x":46,"y":102,"data":{"alt":7,"type":2,"area":10}},{"x":47,"y":102,"data":{"alt":7,"type":2,"area":10}},{"x":48,"y":102,"data":{"alt":7,"type":2,"area":10}},{"x":49,"y":102,"data":{"alt":7,"type":2,"area":10}},{"x":51,"y":102,"data":{"alt":7,"type":2,"area":10}},{"x":45,"y":103,"data":{"alt":7,"type":2,"area":10}},{"x":49,"y":103,"data":{"alt":7,"type":2,"area":10}}]