[{"x":966,"y":813,"data":{"alt":2,"type":2,"area":100}},{"x":967,"y":813,"data":{"alt":2,"type":2,"area":100}},{"x":968,"y":813,"data":{"alt":2,"type":2,"area":100}},{"x":969,"y":813,"data":{"alt":2,"type":2,"area":100}},{"x":970,"y":813,"data":{"alt":2,"type":2,"area":100}},{"x":971,"y":813,"data":{"alt":2,"type":2,"area":100}},{"x":972,"y":813,"data":{"alt":2,"type":2,"area":100}},{"x":973,"y":813,"data":{"alt":2,"type":2,"area":100}},{"x":974,"y":813,"data":{"alt":2,"type":2,"area":100}},{"x":975,"y":813,"data":{"alt":2,"type":2,"area":100}},{"x":976,"y":813,"data":{"alt":2,"type":2,"area":100}},{"x":977,"y":813,"data":{"alt":2,"type":2,"area":100}},{"x":978,"y":813,"data":{"alt":2,"type":2,"area":100}},{"x":979,"y":813,"data":{"alt":2,"type":2,"area":100}},{"x":980,"y":813,"data":{"alt":2,"type":2,"area":100}},{"x":981,"y":813,"data":{"alt":2,"type":2,"area":100}},{"x":982,"y":813,"data":{"alt":2,"type":2,"area":100}},{"x":983,"y":813,"data":{"alt":2,"type":2,"area":100}},{"x":984,"y":813,"data":{"alt":2,"type":2,"area":100}},{"x":985,"y":813,"data":{"alt":2,"type":2,"area":100}},{"x":986,"y":813,"data":{"alt":2,"type":2,"area":100}},{"x":987,"y":813,"data":{"alt":2,"type":2,"area":100}},{"x":988,"y":813,"data":{"alt":2,"type":2,"area":100}},{"x":989,"y":813,"data":{"alt":2,"type":2,"area":100}},{"x":990,"y":813,"data":{"alt":2,"type":2,"area":100}},{"x":991,"y":813,"data":{"alt":2,"type":2,"area":100}}]