[{"x":139,"y":3854,"data":{"alt":4,"fertility":60,"region":2117,"area":101}},{"x":140,"y":3854,"data":{"alt":4,"fertility":60,"region":2117,"area":101}},{"x":136,"y":3855,"data":{"alt":3,"fertility":60,"region":2117,"area":101}},{"x":138,"y":3855,"data":{"alt":4,"fertility":60,"forest":20,"region":2117,"area":101}},{"x":139,"y":3855,"data":{"alt":6,"fertility":60,"forest":20,"region":2117,"area":101}},{"x":140,"y":3855,"data":{"alt":4,"fertility":60,"forest":20,"region":2117,"area":101}},{"x":136,"y":3856,"data":{"alt":4,"fertility":60,"region":2117,"area":101}},{"x":137,"y":3856,"data":{"alt":4,"fertility":60,"region":2117,"area":101}},{"x":138,"y":3856,"data":{"alt":5,"fertility":60,"forest":20,"region":2117,"area":101}},{"x":139,"y":3856,"data":{"alt":3,"fertility":60,"region":2117,"area":101}},{"x":136,"y":3857,"data":{"alt":3,"fertility":60,"region":2117,"area":101}},{"x":137,"y":3857,"data":{"alt":4,"fertility":60,"region":2117,"area":101}},{"x":138,"y":3857,"data":{"alt":3,"fertility":60,"region":2117,"area":101}}]