[{"x":1013,"y":814,"data":{"alt":2,"type":2,"area":102}},{"x":993,"y":815,"data":{"alt":2,"type":2,"area":102}},{"x":994,"y":815,"data":{"alt":2,"type":2,"area":102}},{"x":995,"y":815,"data":{"alt":2,"type":2,"area":102}},{"x":996,"y":815,"data":{"alt":2,"type":2,"area":102}},{"x":997,"y":815,"data":{"alt":2,"type":2,"area":102}},{"x":998,"y":815,"data":{"alt":2,"type":2,"area":102}},{"x":999,"y":815,"data":{"alt":2,"type":2,"area":102}},{"x":1000,"y":815,"data":{"alt":2,"type":2,"area":102}},{"x":1001,"y":815,"data":{"alt":2,"type":2,"area":102}},{"x":1002,"y":815,"data":{"alt":2,"type":2,"area":102}},{"x":1003,"y":815,"data":{"alt":2,"type":2,"area":102}},{"x":1004,"y":815,"data":{"alt":2,"type":2,"area":102}},{"x":1005,"y":815,"data":{"alt":2,"type":2,"area":102}},{"x":1006,"y":815,"data":{"alt":2,"type":2,"area":102}},{"x":1007,"y":815,"data":{"alt":2,"type":2,"area":102}},{"x":1008,"y":815,"data":{"alt":2,"type":2,"area":102}},{"x":1009,"y":815,"data":{"alt":2,"type":2,"area":102}},{"x":1010,"y":815,"data":{"alt":2,"type":2,"area":102}},{"x":1011,"y":815,"data":{"alt":2,"type":2,"area":102}},{"x":1012,"y":815,"data":{"alt":2,"type":2,"area":102}},{"x":1013,"y":815,"data":{"alt":2,"type":2,"area":102}},{"x":1014,"y":815,"data":{"alt":2,"type":2,"area":102}}]