[{"x":1086,"y":92,"data":{"alt":4,"type":2,"area":104}},{"x":1087,"y":92,"data":{"alt":4,"type":2,"area":104}},{"x":1089,"y":90,"data":{"alt":4,"type":2,"area":104}},{"x":1088,"y":91,"data":{"alt":4,"type":2,"area":104}},{"x":1089,"y":91,"data":{"alt":4,"type":2,"area":104}},{"x":1090,"y":91,"data":{"alt":4,"type":2,"area":104}},{"x":1088,"y":92,"data":{"alt":4,"type":2,"area":104}},{"x":1089,"y":92,"data":{"alt":4,"type":2,"area":104}},{"x":1090,"y":92,"data":{"alt":4,"type":2,"area":104}},{"x":1091,"y":92,"data":{"alt":4,"type":2,"area":104}},{"x":1088,"y":93,"data":{"alt":4,"type":2,"area":104}},{"x":1089,"y":93,"data":{"alt":4,"type":2,"area":104}},{"x":1091,"y":93,"data":{"alt":4,"type":2,"area":104}},{"x":1089,"y":94,"data":{"alt":4,"type":2,"area":104}}]