[{"x":1198,"y":247,"data":{"alt":4,"type":1,"area":106}},{"x":1198,"y":248,"data":{"alt":4,"type":1,"area":106}},{"x":1198,"y":249,"data":{"alt":4,"type":1,"area":106}},{"x":1198,"y":250,"data":{"alt":4,"type":1,"area":106}},{"x":1198,"y":251,"data":{"alt":4,"type":1,"area":106}},{"x":1198,"y":252,"data":{"alt":4,"type":1,"area":106}},{"x":1198,"y":253,"data":{"alt":4,"type":1,"area":106}},{"x":1198,"y":254,"data":{"alt":4,"type":1,"area":106}},{"x":1198,"y":255,"data":{"alt":4,"type":1,"area":106}},{"x":1198,"y":256,"data":{"alt":4,"type":1,"area":106}},{"x":1198,"y":257,"data":{"alt":4,"type":1,"area":106}},{"x":1198,"y":258,"data":{"alt":4,"type":1,"area":106}},{"x":1198,"y":259,"data":{"alt":4,"type":1,"area":106}},{"x":1198,"y":260,"data":{"alt":5,"type":1,"area":106}},{"x":1198,"y":261,"data":{"alt":5,"type":1,"area":106}}]