[{"x":1200,"y":288,"data":{"alt":7,"type":1,"area":108}},{"x":1200,"y":289,"data":{"alt":7,"type":1,"area":108}},{"x":1200,"y":290,"data":{"alt":7,"type":1,"area":108}},{"x":1200,"y":291,"data":{"alt":7,"type":1,"area":108}},{"x":1200,"y":292,"data":{"alt":7,"type":1,"area":108}},{"x":1200,"y":293,"data":{"alt":7,"type":1,"area":108}},{"x":1200,"y":294,"data":{"alt":7,"type":1,"area":108}},{"x":1200,"y":295,"data":{"alt":7,"type":1,"area":108}},{"x":1200,"y":296,"data":{"alt":7,"type":1,"area":108}},{"x":1200,"y":297,"data":{"alt":7,"type":1,"area":108}},{"x":1200,"y":298,"data":{"alt":7,"type":1,"area":108}},{"x":1200,"y":299,"data":{"alt":7,"type":1,"area":108}},{"x":1200,"y":264,"data":{"alt":5,"type":1,"area":108}},{"x":1200,"y":265,"data":{"alt":5,"type":1,"area":108}},{"x":1200,"y":266,"data":{"alt":5,"type":1,"area":108}},{"x":1200,"y":267,"data":{"alt":5,"type":1,"area":108}},{"x":1200,"y":268,"data":{"alt":5,"type":1,"area":108}},{"x":1200,"y":269,"data":{"alt":5,"type":1,"area":108}},{"x":1200,"y":270,"data":{"alt":6,"type":1,"area":108}},{"x":1200,"y":271,"data":{"alt":6,"type":1,"area":108}},{"x":1200,"y":272,"data":{"alt":6,"type":1,"area":108}},{"x":1200,"y":273,"data":{"alt":6,"type":1,"area":108}},{"x":1200,"y":274,"data":{"alt":6,"type":1,"area":108}},{"x":1200,"y":275,"data":{"alt":6,"type":1,"area":108}},{"x":1200,"y":276,"data":{"alt":6,"type":1,"area":108}},{"x":1200,"y":277,"data":{"alt":6,"type":1,"area":108}},{"x":1200,"y":278,"data":{"alt":6,"type":1,"area":108}},{"x":1200,"y":279,"data":{"alt":6,"type":1,"area":108}},{"x":1200,"y":280,"data":{"alt":6,"type":1,"area":108}},{"x":1200,"y":281,"data":{"alt":7,"type":1,"area":108}},{"x":1200,"y":282,"data":{"alt":7,"type":1,"area":108}},{"x":1200,"y":283,"data":{"alt":7,"type":1,"area":108}},{"x":1200,"y":284,"data":{"alt":7,"type":1,"area":108}},{"x":1200,"y":285,"data":{"alt":7,"type":1,"area":108}},{"x":1200,"y":286,"data":{"alt":7,"type":1,"area":108}},{"x":1200,"y":287,"data":{"alt":7,"type":1,"area":108}}]