[{"x":0,"y":2278,"data":{"alt":4,"fertility":60,"region":2149,"area":11}},{"x":1,"y":2278,"data":{"alt":4,"fertility":60,"forest":40,"region":2149,"area":11}},{"x":0,"y":2279,"data":{"alt":4,"fertility":60,"forest":40,"region":2149,"area":11}},{"x":1,"y":2279,"data":{"alt":3,"fertility":60,"forest":40,"region":2149,"area":11}},{"x":0,"y":2280,"data":{"alt":4,"fertility":60,"region":2149,"area":11}},{"x":1,"y":2280,"data":{"alt":3,"fertility":60,"forest":40,"region":2149,"area":11}},{"x":0,"y":2281,"data":{"alt":4,"fertility":60,"region":2149,"area":11}},{"x":1,"y":2281,"data":{"alt":3,"fertility":60,"region":2149,"area":11}},{"x":2,"y":2281,"data":{"alt":4,"fertility":60,"region":2149,"area":11}},{"x":0,"y":2282,"data":{"alt":3,"fertility":60,"region":2149,"area":11}},{"x":1,"y":2282,"data":{"alt":3,"fertility":60,"region":2149,"area":11}},{"x":2,"y":2282,"data":{"alt":3,"fertility":60,"region":2149,"area":11}},{"x":0,"y":2283,"data":{"alt":3,"fertility":60,"region":2149,"area":11}},{"x":1,"y":2283,"data":{"alt":3,"fertility":60,"region":2149,"area":11}},{"x":2,"y":2283,"data":{"alt":3,"fertility":60,"region":2149,"area":11}},{"x":3,"y":2283,"data":{"alt":3,"fertility":60,"region":2149,"area":11}},{"x":4,"y":2283,"data":{"alt":3,"fertility":60,"region":2149,"area":11}},{"x":3,"y":2284,"data":{"alt":3,"fertility":60,"region":2149,"area":11}},{"x":4,"y":2284,"data":{"alt":3,"fertility":60,"region":2149,"area":11}},{"x":3,"y":2285,"data":{"alt":3,"fertility":60,"region":2149,"area":11}},{"x":4,"y":2285,"data":{"alt":3,"fertility":60,"region":2149,"area":11}},{"x":1,"y":2286,"data":{"alt":3,"fertility":60,"region":2149,"area":11}},{"x":2,"y":2286,"data":{"alt":3,"fertility":60,"forest":40,"region":2149,"area":11}},{"x":3,"y":2286,"data":{"alt":3,"fertility":60,"forest":40,"region":2149,"area":11}},{"x":1,"y":2287,"data":{"alt":3,"fertility":60,"region":2149,"area":11}},{"x":2,"y":2287,"data":{"alt":5,"fertility":60,"region":2149,"area":11}},{"x":3,"y":2287,"data":{"alt":3,"fertility":60,"region":2149,"area":11}},{"x":2,"y":2288,"data":{"alt":3,"fertility":60,"region":2149,"area":11}},{"x":3,"y":2288,"data":{"alt":3,"fertility":60,"region":2149,"area":11}},{"x":4,"y":2288,"data":{"alt":3,"fertility":60,"region":2149,"area":11}},{"x":3,"y":2289,"data":{"alt":3,"fertility":60,"forest":40,"region":2149,"area":11}},{"x":4,"y":2289,"data":{"alt":3,"fertility":60,"region":2149,"area":11}},{"x":5,"y":2289,"data":{"alt":3,"fertility":60,"region":2149,"area":11}},{"x":3,"y":2290,"data":{"alt":3,"fertility":60,"region":2149,"area":11}}]