[{"x":1253,"y":679,"data":{"alt":57,"type":1,"area":114}},{"x":1254,"y":679,"data":{"alt":57,"type":1,"area":114}},{"x":1260,"y":679,"data":{"alt":57,"type":2,"area":114}},{"x":1254,"y":680,"data":{"alt":57,"type":1,"area":114}},{"x":1255,"y":680,"data":{"alt":57,"type":1,"area":114}},{"x":1256,"y":680,"data":{"alt":57,"type":1,"area":114}},{"x":1257,"y":680,"data":{"alt":57,"type":2,"area":114}},{"x":1258,"y":680,"data":{"alt":57,"type":2,"area":114}},{"x":1259,"y":680,"data":{"alt":57,"type":2,"area":114}},{"x":1260,"y":680,"data":{"alt":57,"type":2,"area":114}}]