[{"x":168,"y":3872,"data":{"alt":5,"fertility":60,"region":2117,"area":115}},{"x":171,"y":3866,"data":{"alt":4,"fertility":60,"region":2117,"area":115}},{"x":172,"y":3866,"data":{"alt":5,"fertility":60,"region":2117,"area":115}},{"x":173,"y":3866,"data":{"alt":5,"fertility":60,"region":2117,"area":115}},{"x":174,"y":3866,"data":{"alt":5,"fertility":60,"region":2117,"area":115}},{"x":175,"y":3866,"data":{"alt":5,"fertility":60,"region":2117,"area":115}},{"x":171,"y":3867,"data":{"alt":5,"fertility":60,"region":2117,"area":115}},{"x":172,"y":3867,"data":{"alt":5,"fertility":60,"region":2117,"area":115}},{"x":173,"y":3867,"data":{"alt":5,"fertility":60,"region":2117,"area":115}},{"x":174,"y":3867,"data":{"alt":5,"fertility":60,"region":2117,"area":115}},{"x":175,"y":3867,"data":{"alt":5,"fertility":60,"region":2117,"area":115}},{"x":176,"y":3867,"data":{"alt":5,"fertility":60,"region":2117,"area":115}},{"x":170,"y":3868,"data":{"alt":4,"fertility":60,"region":2117,"area":115}},{"x":171,"y":3868,"data":{"alt":5,"fertility":60,"region":2117,"area":115}},{"x":172,"y":3868,"data":{"alt":5,"fertility":60,"region":2117,"area":115}},{"x":173,"y":3868,"data":{"alt":5,"fertility":60,"region":2117,"area":115}},{"x":174,"y":3868,"data":{"alt":5,"fertility":60,"region":2117,"area":115}},{"x":168,"y":3869,"data":{"alt":5,"fertility":60,"region":2117,"area":115}},{"x":169,"y":3869,"data":{"alt":5,"fertility":60,"forest":20,"region":2117,"area":115}},{"x":170,"y":3869,"data":{"alt":5,"fertility":60,"region":2117,"area":115}},{"x":171,"y":3869,"data":{"alt":5,"fertility":60,"region":2117,"area":115}},{"x":172,"y":3869,"data":{"alt":5,"fertility":60,"region":2117,"area":115}},{"x":168,"y":3870,"data":{"alt":5,"fertility":60,"region":2117,"area":115}},{"x":169,"y":3870,"data":{"alt":5,"fertility":60,"region":2117,"area":115}},{"x":170,"y":3870,"data":{"alt":5,"fertility":60,"forest":20,"region":2117,"area":115}},{"x":171,"y":3870,"data":{"alt":5,"fertility":60,"region":2117,"area":115}},{"x":172,"y":3870,"data":{"alt":5,"fertility":60,"region":2117,"area":115}},{"x":168,"y":3871,"data":{"alt":5,"fertility":60,"region":2117,"area":115}},{"x":169,"y":3871,"data":{"alt":5,"fertility":60,"region":2117,"area":115}},{"x":170,"y":3871,"data":{"alt":5,"fertility":60,"region":2117,"area":115}},{"x":172,"y":3871,"data":{"alt":5,"fertility":60,"region":2117,"area":115}}]