[{"x":1279,"y":386,"data":{"alt":103,"type":2,"area":116}},{"x":1280,"y":383,"data":{"alt":103,"type":1,"area":116}},{"x":1280,"y":384,"data":{"alt":103,"type":1,"area":116}},{"x":1281,"y":384,"data":{"alt":103,"type":2,"area":116}},{"x":1282,"y":384,"data":{"alt":103,"type":1,"area":116}},{"x":1283,"y":384,"data":{"alt":103,"type":1,"area":116}},{"x":1280,"y":385,"data":{"alt":103,"type":2,"area":116}},{"x":1281,"y":385,"data":{"alt":103,"type":1,"area":116}},{"x":1282,"y":385,"data":{"alt":103,"type":2,"area":116}},{"x":1283,"y":385,"data":{"alt":103,"type":2,"area":116}},{"x":1284,"y":385,"data":{"alt":103,"type":1,"area":116}},{"x":1280,"y":386,"data":{"alt":103,"type":2,"area":116}},{"x":1281,"y":386,"data":{"alt":103,"type":2,"area":116}},{"x":1282,"y":386,"data":{"alt":103,"type":2,"area":116}}]