[{"x":1289,"y":731,"data":{"alt":4,"type":1,"area":118}},{"x":1289,"y":732,"data":{"alt":4,"type":1,"area":118}},{"x":1289,"y":733,"data":{"alt":4,"type":1,"area":118}},{"x":1289,"y":734,"data":{"alt":4,"type":1,"area":118}},{"x":1289,"y":735,"data":{"alt":4,"type":1,"area":118}},{"x":1289,"y":736,"data":{"alt":4,"type":1,"area":118}},{"x":1289,"y":737,"data":{"alt":4,"type":1,"area":118}},{"x":1289,"y":738,"data":{"alt":4,"type":1,"area":118}},{"x":1289,"y":739,"data":{"alt":4,"type":1,"area":118}},{"x":1289,"y":740,"data":{"alt":4,"type":1,"area":118}},{"x":1289,"y":741,"data":{"alt":4,"type":1,"area":118}},{"x":1289,"y":742,"data":{"alt":4,"type":1,"area":118}},{"x":1289,"y":743,"data":{"alt":4,"type":1,"area":118}},{"x":1289,"y":744,"data":{"alt":4,"type":1,"area":118}},{"x":1289,"y":745,"data":{"alt":4,"type":1,"area":118}}]