[{"x":172,"y":3936,"data":{"alt":7,"fertility":40,"region":2117,"area":119}},{"x":175,"y":3936,"data":{"alt":7,"fertility":40,"forest":20,"region":2117,"area":119}},{"x":176,"y":3936,"data":{"alt":8,"fertility":40,"region":2117,"area":119}},{"x":177,"y":3936,"data":{"alt":8,"fertility":40,"region":2117,"area":119}},{"x":178,"y":3936,"data":{"alt":8,"fertility":40,"region":2117,"area":119}},{"x":179,"y":3936,"data":{"alt":8,"fertility":40,"region":2117,"area":119}},{"x":180,"y":3936,"data":{"alt":8,"fertility":40,"region":2117,"area":119}},{"x":181,"y":3936,"data":{"alt":7,"fertility":40,"region":2117,"area":119}},{"x":182,"y":3936,"data":{"alt":7,"fertility":40,"region":2117,"area":119}},{"x":183,"y":3936,"data":{"alt":7,"fertility":40,"region":2117,"area":119}},{"x":184,"y":3936,"data":{"alt":8,"fertility":40,"region":2117,"area":119}},{"x":185,"y":3936,"data":{"alt":7,"fertility":40,"region":2117,"area":119}},{"x":186,"y":3936,"data":{"alt":7,"fertility":40,"region":2117,"area":119}},{"x":187,"y":3936,"data":{"alt":7,"fertility":40,"region":2117,"area":119}},{"x":188,"y":3936,"data":{"alt":9,"fertility":40,"region":2117,"area":119}},{"x":189,"y":3936,"data":{"alt":7,"fertility":40,"region":2117,"area":119}},{"x":190,"y":3936,"data":{"alt":7,"fertility":40,"region":2117,"area":119}},{"x":191,"y":3936,"data":{"alt":7,"fertility":40,"region":2117,"area":119}},{"x":173,"y":3937,"data":{"alt":7,"fertility":40,"region":2117,"area":119}},{"x":174,"y":3937,"data":{"alt":8,"fertility":40,"region":2117,"area":119}},{"x":175,"y":3937,"data":{"alt":7,"fertility":40,"region":2117,"area":119}},{"x":176,"y":3937,"data":{"alt":8,"fertility":40,"region":2117,"area":119}},{"x":177,"y":3937,"data":{"alt":8,"fertility":40,"region":2117,"area":119}},{"x":178,"y":3937,"data":{"alt":8,"fertility":40,"region":2117,"area":119}},{"x":179,"y":3937,"data":{"alt":8,"fertility":40,"region":2117,"area":119}},{"x":180,"y":3937,"data":{"alt":8,"fertility":40,"region":2117,"area":119}},{"x":181,"y":3937,"data":{"alt":8,"fertility":40,"region":2117,"area":119}},{"x":182,"y":3937,"data":{"alt":8,"fertility":40,"region":2117,"area":119}},{"x":183,"y":3937,"data":{"alt":7,"fertility":40,"region":2117,"area":119}},{"x":184,"y":3937,"data":{"alt":7,"fertility":40,"region":2117,"area":119}},{"x":185,"y":3937,"data":{"alt":7,"fertility":40,"region":2117,"area":119}},{"x":186,"y":3937,"data":{"alt":7,"fertility":40,"region":2117,"area":119}},{"x":187,"y":3937,"data":{"alt":7,"fertility":40,"region":2117,"area":119}},{"x":188,"y":3937,"data":{"alt":7,"fertility":40,"region":2117,"area":119}},{"x":189,"y":3937,"data":{"alt":7,"fertility":40,"region":2117,"area":119}},{"x":190,"y":3937,"data":{"alt":7,"fertility":40,"forest":20,"region":2117,"area":119}},{"x":191,"y":3937,"data":{"alt":7,"fertility":40,"region":2117,"area":119}},{"x":173,"y":3938,"data":{"alt":8,"fertility":40,"region":2117,"area":119}},{"x":174,"y":3938,"data":{"alt":8,"fertility":40,"forest":20,"region":2117,"area":119}},{"x":175,"y":3938,"data":{"alt":8,"fertility":40,"forest":20,"region":2117,"area":119}},{"x":176,"y":3938,"data":{"alt":8,"fertility":40,"region":2117,"area":119}},{"x":177,"y":3938,"data":{"alt":8,"fertility":40,"region":2117,"area":119}},{"x":178,"y":3938,"data":{"alt":8,"fertility":40,"region":2117,"area":119}},{"x":179,"y":3938,"data":{"alt":8,"fertility":40,"region":2117,"area":119}},{"x":180,"y":3938,"data":{"alt":8,"fertility":40,"region":2117,"area":119}},{"x":181,"y":3938,"data":{"alt":8,"fertility":40,"region":2117,"area":119}},{"x":182,"y":3938,"data":{"alt":8,"fertility":40,"region":2117,"area":119}},{"x":183,"y":3938,"data":{"alt":8,"fertility":40,"region":2117,"area":119}},{"x":184,"y":3938,"data":{"alt":7,"fertility":40,"region":2117,"area":119}},{"x":185,"y":3938,"data":{"alt":7,"fertility":40,"region":2117,"area":119}},{"x":186,"y":3938,"data":{"alt":7,"fertility":40,"region":2117,"area":119}},{"x":187,"y":3938,"data":{"alt":7,"fertility":40,"region":2117,"area":119}},{"x":188,"y":3938,"data":{"alt":7,"fertility":40,"region":2117,"area":119}},{"x":189,"y":3938,"data":{"alt":7,"fertility":40,"region":2117,"area":119}},{"x":190,"y":3938,"data":{"alt":7,"fertility":40,"region":2117,"area":119}},{"x":191,"y":3938,"data":{"alt":7,"fertility":40,"region":2117,"area":119}},{"x":174,"y":3939,"data":{"alt":8,"fertility":40,"region":2117,"area":119}},{"x":175,"y":3939,"data":{"alt":7,"fertility":40,"region":2117,"area":119}},{"x":176,"y":3939,"data":{"alt":8,"fertility":40,"region":2117,"area":119}},{"x":177,"y":3939,"data":{"alt":8,"fertility":40,"region":2117,"area":119}},{"x":178,"y":3939,"data":{"alt":8,"fertility":40,"region":2117,"area":119}},{"x":179,"y":3939,"data":{"alt":8,"fertility":40,"region":2117,"area":119}},{"x":180,"y":3939,"data":{"alt":7,"fertility":40,"region":2117,"area":119}},{"x":181,"y":3939,"data":{"alt":7,"fertility":40,"region":2117,"area":119}},{"x":182,"y":3939,"data":{"alt":7,"fertility":40,"region":2117,"area":119}},{"x":183,"y":3939,"data":{"alt":8,"fertility":40,"region":2117,"area":119}},{"x":184,"y":3939,"data":{"alt":7,"fertility":40,"region":2117,"area":119}},{"x":185,"y":3939,"data":{"alt":7,"fertility":40,"region":2117,"area":119}},{"x":186,"y":3939,"data":{"alt":7,"fertility":40,"region":2117,"area":119}},{"x":187,"y":3939,"data":{"alt":7,"fertility":40,"region":2117,"area":119}},{"x":188,"y":3939,"data":{"alt":7,"fertility":40,"region":2117,"area":119}},{"x":189,"y":3939,"data":{"alt":7,"fertility":40,"region":2117,"area":119}},{"x":176,"y":3940,"data":{"alt":8,"fertility":40,"region":2117,"area":119}},{"x":177,"y":3940,"data":{"alt":8,"fertility":40,"region":2117,"area":119}},{"x":178,"y":3940,"data":{"alt":7,"fertility":40,"region":2117,"area":119}},{"x":179,"y":3940,"data":{"alt":7,"fertility":40,"region":2117,"area":119}},{"x":180,"y":3940,"data":{"alt":7,"fertility":40,"region":2117,"area":119}},{"x":181,"y":3940,"data":{"alt":7,"fertility":40,"region":2117,"area":119}},{"x":182,"y":3940,"data":{"alt":7,"fertility":40,"region":2117,"area":119}},{"x":183,"y":3940,"data":{"alt":7,"fertility":40,"region":2117,"area":119}},{"x":184,"y":3940,"data":{"alt":8,"fertility":40,"region":2117,"area":119}},{"x":185,"y":3940,"data":{"alt":7,"fertility":40,"region":2117,"area":119}},{"x":186,"y":3940,"data":{"alt":8,"fertility":40,"region":2117,"area":119}},{"x":187,"y":3940,"data":{"alt":8,"fertility":40,"region":2117,"area":119}},{"x":188,"y":3940,"data":{"alt":7,"fertility":40,"region":2117,"area":119}},{"x":189,"y":3940,"data":{"alt":7,"fertility":40,"region":2117,"area":119}},{"x":191,"y":3940,"data":{"alt":7,"fertility":40,"forest":20,"region":2117,"area":119}},{"x":179,"y":3941,"data":{"alt":7,"fertility":40,"region":2117,"area":119}},{"x":180,"y":3941,"data":{"alt":7,"fertility":40,"region":2117,"area":119}},{"x":181,"y":3941,"data":{"alt":7,"fertility":40,"region":2117,"area":119}},{"x":182,"y":3941,"data":{"alt":7,"fertility":40,"region":2117,"area":119}},{"x":183,"y":3941,"data":{"alt":7,"fertility":40,"region":2117,"area":119}},{"x":184,"y":3941,"data":{"alt":7,"fertility":40,"region":2117,"area":119}},{"x":185,"y":3941,"data":{"alt":7,"fertility":40,"region":2117,"area":119}},{"x":186,"y":3941,"data":{"alt":7,"fertility":40,"region":2117,"area":119}},{"x":187,"y":3941,"data":{"alt":7,"fertility":40,"region":2117,"area":119}},{"x":188,"y":3941,"data":{"alt":7,"fertility":40,"region":2117,"area":119}},{"x":189,"y":3941,"data":{"alt":6,"fertility":60,"region":2117,"area":119}},{"x":190,"y":3941,"data":{"alt":6,"fertility":60,"region":2117,"area":119}},{"x":182,"y":3942,"data":{"alt":7,"fertility":40,"region":2117,"area":119}},{"x":183,"y":3942,"data":{"alt":7,"fertility":40,"region":2117,"area":119}},{"x":184,"y":3942,"data":{"alt":6,"fertility":60,"region":2117,"area":119}},{"x":185,"y":3942,"data":{"alt":7,"fertility":40,"region":2117,"area":119}},{"x":186,"y":3942,"data":{"alt":7,"fertility":40,"region":2117,"area":119}},{"x":187,"y":3942,"data":{"alt":7,"fertility":40,"region":2117,"area":119}},{"x":188,"y":3942,"data":{"alt":6,"fertility":60,"region":2117,"area":119}},{"x":189,"y":3942,"data":{"alt":6,"fertility":60,"region":2117,"area":119}},{"x":182,"y":3943,"data":{"alt":6,"fertility":60,"region":2117,"area":119}},{"x":183,"y":3943,"data":{"alt":6,"fertility":60,"region":2117,"area":119}},{"x":184,"y":3943,"data":{"alt":6,"fertility":60,"region":2117,"area":119}},{"x":185,"y":3943,"data":{"alt":6,"fertility":60,"region":2117,"area":119}},{"x":184,"y":3944,"data":{"alt":6,"fertility":60,"region":2117,"area":119}},{"x":185,"y":3944,"data":{"alt":6,"fertility":60,"region":2117,"area":119}},{"x":187,"y":3929,"data":{"alt":6,"fertility":60,"region":2117,"area":119}},{"x":188,"y":3930,"data":{"alt":6,"fertility":60,"region":2117,"area":119}},{"x":189,"y":3930,"data":{"alt":6,"fertility":60,"region":2117,"area":119}},{"x":191,"y":3930,"data":{"alt":6,"fertility":60,"region":2117,"area":119}},{"x":187,"y":3931,"data":{"alt":6,"fertility":60,"forest":40,"region":2117,"area":119}},{"x":188,"y":3931,"data":{"alt":6,"fertility":60,"region":2117,"area":119}},{"x":189,"y":3931,"data":{"alt":6,"fertility":60,"forest":40,"region":2117,"area":119}},{"x":190,"y":3931,"data":{"alt":6,"fertility":60,"region":2117,"area":119}},{"x":191,"y":3931,"data":{"alt":6,"fertility":60,"region":2117,"area":119}},{"x":186,"y":3932,"data":{"alt":7,"fertility":40,"forest":20,"region":2117,"area":119}},{"x":187,"y":3932,"data":{"alt":6,"fertility":60,"region":2117,"area":119}},{"x":188,"y":3932,"data":{"alt":6,"fertility":60,"region":2117,"area":119}},{"x":189,"y":3932,"data":{"alt":6,"fertility":60,"region":2117,"area":119}},{"x":190,"y":3932,"data":{"alt":6,"fertility":60,"forest":40,"region":2117,"area":119}},{"x":191,"y":3932,"data":{"alt":6,"fertility":60,"region":2117,"area":119}},{"x":185,"y":3933,"data":{"alt":7,"fertility":40,"region":2117,"area":119}},{"x":186,"y":3933,"data":{"alt":7,"fertility":40,"region":2117,"area":119}},{"x":187,"y":3933,"data":{"alt":7,"fertility":40,"forest":20,"region":2117,"area":119}},{"x":188,"y":3933,"data":{"alt":7,"fertility":40,"region":2117,"area":119}},{"x":189,"y":3933,"data":{"alt":7,"fertility":40,"region":2117,"area":119}},{"x":190,"y":3933,"data":{"alt":7,"fertility":40,"region":2117,"area":119}},{"x":191,"y":3933,"data":{"alt":7,"fertility":40,"forest":40,"region":2117,"area":119}},{"x":176,"y":3934,"data":{"alt":7,"fertility":40,"region":2117,"area":119}},{"x":177,"y":3934,"data":{"alt":7,"fertility":40,"region":2117,"area":119}},{"x":178,"y":3934,"data":{"alt":7,"fertility":40,"region":2117,"area":119}},{"x":179,"y":3934,"data":{"alt":8,"fertility":40,"region":2117,"area":119}},{"x":183,"y":3934,"data":{"alt":7,"fertility":40,"region":2117,"area":119}},{"x":185,"y":3934,"data":{"alt":7,"fertility":40,"region":2117,"area":119}},{"x":186,"y":3934,"data":{"alt":7,"fertility":40,"region":2117,"area":119}},{"x":187,"y":3934,"data":{"alt":7,"fertility":40,"forest":20,"region":2117,"area":119}},{"x":188,"y":3934,"data":{"alt":7,"fertility":40,"region":2117,"area":119}},{"x":189,"y":3934,"data":{"alt":7,"fertility":40,"forest":40,"region":2117,"area":119}},{"x":190,"y":3934,"data":{"alt":7,"fertility":40,"region":2117,"area":119}},{"x":191,"y":3934,"data":{"alt":7,"fertility":40,"forest":40,"region":2117,"area":119}},{"x":176,"y":3935,"data":{"alt":7,"fertility":40,"region":2117,"area":119}},{"x":177,"y":3935,"data":{"alt":8,"fertility":40,"region":2117,"area":119}},{"x":178,"y":3935,"data":{"alt":8,"fertility":40,"region":2117,"area":119}},{"x":179,"y":3935,"data":{"alt":8,"fertility":40,"region":2117,"area":119}},{"x":180,"y":3935,"data":{"alt":8,"fertility":40,"region":2117,"area":119}},{"x":181,"y":3935,"data":{"alt":7,"fertility":40,"region":2117,"area":119}},{"x":182,"y":3935,"data":{"alt":7,"fertility":40,"region":2117,"area":119}},{"x":183,"y":3935,"data":{"alt":7,"fertility":40,"region":2117,"area":119}},{"x":184,"y":3935,"data":{"alt":7,"fertility":40,"region":2117,"area":119}},{"x":185,"y":3935,"data":{"alt":7,"fertility":40,"region":2117,"area":119}},{"x":186,"y":3935,"data":{"alt":7,"fertility":40,"region":2117,"area":119}},{"x":187,"y":3935,"data":{"alt":7,"fertility":40,"region":2117,"area":119}},{"x":188,"y":3935,"data":{"alt":9,"fertility":40,"region":2117,"area":119}},{"x":189,"y":3935,"data":{"alt":7,"fertility":40,"region":2117,"area":119}},{"x":190,"y":3935,"data":{"alt":7,"fertility":40,"region":2117,"area":119}},{"x":191,"y":3935,"data":{"alt":7,"fertility":40,"region":2117,"area":119}},{"x":192,"y":3936,"data":{"alt":8,"fertility":40,"region":2117,"area":119}},{"x":193,"y":3936,"data":{"alt":7,"fertility":40,"region":2117,"area":119}},{"x":194,"y":3936,"data":{"alt":7,"fertility":40,"forest":20,"region":2117,"area":119}},{"x":192,"y":3937,"data":{"alt":7,"fertility":40,"region":2117,"area":119}},{"x":193,"y":3937,"data":{"alt":7,"fertility":40,"region":2117,"area":119}},{"x":192,"y":3938,"data":{"alt":7,"fertility":40,"region":2117,"area":119}},{"x":192,"y":3928,"data":{"alt":4,"fertility":60,"region":2117,"area":119}},{"x":193,"y":3928,"data":{"alt":5,"fertility":60,"region":2117,"area":119}},{"x":192,"y":3929,"data":{"alt":5,"fertility":60,"region":2117,"area":119}},{"x":193,"y":3929,"data":{"alt":5,"fertility":60,"region":2117,"area":119}},{"x":192,"y":3930,"data":{"alt":6,"fertility":60,"region":2117,"area":119}},{"x":193,"y":3930,"data":{"alt":6,"fertility":60,"forest":40,"region":2117,"area":119}},{"x":194,"y":3930,"data":{"alt":6,"fertility":60,"region":2117,"area":119}},{"x":195,"y":3930,"data":{"alt":6,"fertility":60,"region":2117,"area":119}},{"x":192,"y":3931,"data":{"alt":6,"fertility":60,"region":2117,"area":119}},{"x":193,"y":3931,"data":{"alt":6,"fertility":60,"region":2117,"area":119}},{"x":194,"y":3931,"data":{"alt":6,"fertility":60,"region":2117,"area":119}},{"x":195,"y":3931,"data":{"alt":6,"fertility":60,"region":2117,"area":119}},{"x":196,"y":3931,"data":{"alt":6,"fertility":60,"region":2117,"area":119}},{"x":192,"y":3932,"data":{"alt":6,"fertility":60,"region":2117,"area":119}},{"x":193,"y":3932,"data":{"alt":6,"fertility":60,"forest":40,"region":2117,"area":119}},{"x":194,"y":3932,"data":{"alt":7,"fertility":40,"region":2117,"area":119}},{"x":195,"y":3932,"data":{"alt":6,"fertility":60,"region":2117,"area":119}},{"x":196,"y":3932,"data":{"alt":7,"fertility":40,"region":2117,"area":119}},{"x":192,"y":3933,"data":{"alt":7,"fertility":40,"region":2117,"area":119}},{"x":193,"y":3933,"data":{"alt":7,"fertility":40,"region":2117,"area":119}},{"x":194,"y":3933,"data":{"alt":7,"fertility":40,"forest":40,"region":2117,"area":119}},{"x":195,"y":3933,"data":{"alt":7,"fertility":40,"forest":40,"region":2117,"area":119}},{"x":196,"y":3933,"data":{"alt":6,"fertility":60,"region":2117,"area":119}},{"x":192,"y":3934,"data":{"alt":7,"fertility":40,"region":2117,"area":119}},{"x":193,"y":3934,"data":{"alt":7,"fertility":40,"region":2117,"area":119}},{"x":194,"y":3934,"data":{"alt":7,"fertility":40,"region":2117,"area":119}},{"x":192,"y":3935,"data":{"alt":7,"fertility":40,"region":2117,"area":119}},{"x":193,"y":3935,"data":{"alt":7,"fertility":40,"region":2117,"area":119}},{"x":194,"y":3935,"data":{"alt":7,"fertility":40,"forest":20,"region":2117,"area":119}}]