[{"x":1394,"y":0,"data":{"alt":4,"type":1,"area":120}},{"x":1395,"y":0,"data":{"alt":4,"type":1,"area":120}},{"x":1393,"y":1,"data":{"alt":4,"type":1,"area":120}},{"x":1394,"y":1,"data":{"alt":4,"type":1,"area":120}},{"x":1395,"y":1,"data":{"alt":4,"type":1,"area":120}},{"x":1393,"y":2,"data":{"alt":4,"type":1,"area":120}},{"x":1394,"y":2,"data":{"alt":4,"type":1,"area":120}},{"x":1393,"y":3,"data":{"alt":4,"type":1,"area":120}},{"x":1394,"y":3,"data":{"alt":4,"type":1,"area":120}},{"x":1392,"y":4,"data":{"alt":4,"type":1,"area":120}},{"x":1393,"y":4,"data":{"alt":4,"type":1,"area":120}},{"x":1394,"y":4,"data":{"alt":4,"type":1,"area":120}},{"x":1391,"y":5,"data":{"alt":4,"type":1,"area":120}},{"x":1392,"y":5,"data":{"alt":4,"type":1,"area":120}},{"x":1393,"y":5,"data":{"alt":4,"type":1,"area":120}},{"x":1391,"y":6,"data":{"alt":4,"type":1,"area":120}},{"x":1392,"y":6,"data":{"alt":4,"type":1,"area":120}},{"x":1390,"y":7,"data":{"alt":4,"type":1,"area":120}},{"x":1391,"y":7,"data":{"alt":4,"type":1,"area":120}},{"x":1392,"y":7,"data":{"alt":4,"type":1,"area":120}},{"x":1388,"y":8,"data":{"alt":4,"type":1,"area":120}},{"x":1389,"y":8,"data":{"alt":4,"type":1,"area":120}},{"x":1390,"y":8,"data":{"alt":4,"type":1,"area":120}},{"x":1391,"y":8,"data":{"alt":4,"type":1,"area":120}},{"x":1387,"y":9,"data":{"alt":4,"type":1,"area":120}},{"x":1388,"y":9,"data":{"alt":4,"type":1,"area":120}},{"x":1389,"y":9,"data":{"alt":4,"type":1,"area":120}},{"x":1390,"y":9,"data":{"alt":4,"type":1,"area":120}},{"x":1387,"y":10,"data":{"alt":4,"type":1,"area":120}},{"x":1388,"y":10,"data":{"alt":4,"type":1,"area":120}},{"x":1387,"y":11,"data":{"alt":4,"type":1,"area":120}},{"x":1388,"y":11,"data":{"alt":4,"type":1,"area":120}},{"x":1387,"y":12,"data":{"alt":4,"type":1,"area":120}},{"x":1388,"y":12,"data":{"alt":4,"type":1,"area":120}},{"x":1389,"y":12,"data":{"alt":4,"type":1,"area":120}},{"x":1388,"y":13,"data":{"alt":4,"type":1,"area":120}},{"x":1389,"y":13,"data":{"alt":4,"type":1,"area":120}},{"x":1390,"y":13,"data":{"alt":4,"type":1,"area":120}},{"x":1389,"y":14,"data":{"alt":4,"type":1,"area":120}},{"x":1390,"y":14,"data":{"alt":4,"type":1,"area":120}},{"x":1391,"y":14,"data":{"alt":4,"type":1,"area":120}},{"x":1390,"y":15,"data":{"alt":4,"type":1,"area":120}},{"x":1391,"y":15,"data":{"alt":4,"type":1,"area":120}},{"x":1392,"y":15,"data":{"alt":4,"type":1,"area":120}},{"x":1391,"y":16,"data":{"alt":4,"type":1,"area":120}},{"x":1392,"y":16,"data":{"alt":4,"type":1,"area":120}},{"x":1393,"y":16,"data":{"alt":4,"type":1,"area":120}},{"x":1391,"y":17,"data":{"alt":4,"type":1,"area":120}},{"x":1392,"y":17,"data":{"alt":4,"type":1,"area":120}},{"x":1393,"y":17,"data":{"alt":4,"type":1,"area":120}},{"x":1391,"y":18,"data":{"alt":4,"type":1,"area":120}},{"x":1392,"y":18,"data":{"alt":4,"type":1,"area":120}},{"x":1391,"y":19,"data":{"alt":4,"type":1,"area":120}},{"x":1392,"y":19,"data":{"alt":4,"type":1,"area":120}},{"x":1393,"y":19,"data":{"alt":4,"type":1,"area":120}},{"x":1392,"y":20,"data":{"alt":4,"type":1,"area":120}},{"x":1393,"y":20,"data":{"alt":4,"type":1,"area":120}},{"x":1394,"y":20,"data":{"alt":4,"type":1,"area":120}},{"x":1395,"y":20,"data":{"alt":4,"type":1,"area":120}},{"x":1396,"y":20,"data":{"alt":4,"type":1,"area":120}},{"x":1392,"y":21,"data":{"alt":4,"type":1,"area":120}},{"x":1393,"y":21,"data":{"alt":4,"type":1,"area":120}},{"x":1394,"y":21,"data":{"alt":4,"type":1,"area":120}},{"x":1395,"y":21,"data":{"alt":4,"type":1,"area":120}},{"x":1393,"y":22,"data":{"alt":4,"type":1,"area":120}},{"x":1394,"y":22,"data":{"alt":4,"type":1,"area":120}}]