[{"x":1391,"y":39,"data":{"alt":5,"type":1,"area":122}},{"x":1391,"y":40,"data":{"alt":5,"type":1,"area":122}},{"x":1391,"y":41,"data":{"alt":5,"type":1,"area":122}},{"x":1391,"y":42,"data":{"alt":5,"type":1,"area":122}},{"x":1391,"y":43,"data":{"alt":5,"type":1,"area":122}},{"x":1391,"y":44,"data":{"alt":5,"type":1,"area":122}},{"x":1391,"y":45,"data":{"alt":5,"type":1,"area":122}},{"x":1391,"y":46,"data":{"alt":5,"type":1,"area":122}},{"x":1391,"y":47,"data":{"alt":5,"type":1,"area":122}},{"x":1391,"y":48,"data":{"alt":5,"type":1,"area":122}},{"x":1391,"y":49,"data":{"alt":5,"type":1,"area":122}},{"x":1391,"y":50,"data":{"alt":5,"type":1,"area":122}},{"x":1391,"y":51,"data":{"alt":5,"type":1,"area":122}}]