[{"x":1407,"y":154,"data":{"alt":8,"type":2,"area":124}},{"x":1407,"y":155,"data":{"alt":8,"type":2,"area":124}},{"x":1407,"y":156,"data":{"alt":8,"type":2,"area":124}},{"x":1407,"y":157,"data":{"alt":8,"type":2,"area":124}},{"x":1406,"y":158,"data":{"alt":8,"type":2,"area":124}},{"x":1407,"y":158,"data":{"alt":8,"type":2,"area":124}},{"x":1406,"y":159,"data":{"alt":8,"type":2,"area":124}},{"x":1407,"y":159,"data":{"alt":8,"type":2,"area":124}},{"x":1406,"y":160,"data":{"alt":8,"type":2,"area":124}},{"x":1407,"y":160,"data":{"alt":8,"type":2,"area":124}},{"x":1407,"y":161,"data":{"alt":8,"type":2,"area":124}},{"x":1406,"y":162,"data":{"alt":8,"type":2,"area":124}},{"x":1407,"y":162,"data":{"alt":8,"type":2,"area":124}},{"x":1406,"y":163,"data":{"alt":8,"type":2,"area":124}},{"x":1407,"y":163,"data":{"alt":8,"type":2,"area":124}},{"x":1406,"y":164,"data":{"alt":8,"type":2,"area":124}},{"x":1407,"y":164,"data":{"alt":8,"type":2,"area":124}},{"x":1406,"y":167,"data":{"alt":8,"type":2,"area":124}},{"x":1407,"y":167,"data":{"alt":8,"type":2,"area":124}},{"x":1408,"y":160,"data":{"alt":8,"type":2,"area":124}},{"x":1409,"y":160,"data":{"alt":8,"type":2,"area":124}},{"x":1410,"y":160,"data":{"alt":8,"type":2,"area":124}},{"x":1411,"y":160,"data":{"alt":8,"type":2,"area":124}},{"x":1417,"y":160,"data":{"alt":8,"type":2,"area":124}},{"x":1418,"y":160,"data":{"alt":8,"type":1,"area":124}},{"x":1419,"y":160,"data":{"alt":8,"type":2,"area":124}},{"x":1420,"y":160,"data":{"alt":8,"type":2,"area":124}},{"x":1421,"y":160,"data":{"alt":8,"type":2,"area":124}},{"x":1422,"y":160,"data":{"alt":8,"type":2,"area":124}},{"x":1423,"y":160,"data":{"alt":8,"type":2,"area":124}},{"x":1424,"y":160,"data":{"alt":8,"type":2,"area":124}},{"x":1425,"y":160,"data":{"alt":8,"type":2,"area":124}},{"x":1426,"y":160,"data":{"alt":8,"type":2,"area":124}},{"x":1427,"y":160,"data":{"alt":8,"type":2,"area":124}},{"x":1428,"y":160,"data":{"alt":8,"type":2,"area":124}},{"x":1429,"y":160,"data":{"alt":8,"type":2,"area":124}},{"x":1408,"y":161,"data":{"alt":8,"type":2,"area":124}},{"x":1409,"y":161,"data":{"alt":8,"type":2,"area":124}},{"x":1410,"y":161,"data":{"alt":8,"type":2,"area":124}},{"x":1411,"y":161,"data":{"alt":8,"type":2,"area":124}},{"x":1417,"y":161,"data":{"alt":8,"type":2,"area":124}},{"x":1418,"y":161,"data":{"alt":8,"type":1,"area":124}},{"x":1419,"y":161,"data":{"alt":8,"type":2,"area":124}},{"x":1420,"y":161,"data":{"alt":8,"type":2,"area":124}},{"x":1421,"y":161,"data":{"alt":8,"type":2,"area":124}},{"x":1422,"y":161,"data":{"alt":8,"type":2,"area":124}},{"x":1423,"y":161,"data":{"alt":8,"type":2,"area":124}},{"x":1424,"y":161,"data":{"alt":8,"type":2,"area":124}},{"x":1425,"y":161,"data":{"alt":8,"type":2,"area":124}},{"x":1426,"y":161,"data":{"alt":8,"type":2,"area":124}},{"x":1427,"y":161,"data":{"alt":8,"type":2,"area":124}},{"x":1428,"y":161,"data":{"alt":8,"type":2,"area":124}},{"x":1429,"y":161,"data":{"alt":8,"type":2,"area":124}},{"x":1408,"y":162,"data":{"alt":8,"type":2,"area":124}},{"x":1409,"y":162,"data":{"alt":8,"type":2,"area":124}},{"x":1410,"y":162,"data":{"alt":8,"type":2,"area":124}},{"x":1411,"y":162,"data":{"alt":8,"type":2,"area":124}},{"x":1412,"y":162,"data":{"alt":8,"type":2,"area":124}},{"x":1418,"y":162,"data":{"alt":8,"type":1,"area":124}},{"x":1419,"y":162,"data":{"alt":8,"type":2,"area":124}},{"x":1420,"y":162,"data":{"alt":8,"type":2,"area":124}},{"x":1421,"y":162,"data":{"alt":8,"type":2,"area":124}},{"x":1422,"y":162,"data":{"alt":8,"type":2,"area":124}},{"x":1423,"y":162,"data":{"alt":8,"type":2,"area":124}},{"x":1424,"y":162,"data":{"alt":8,"type":2,"area":124}},{"x":1425,"y":162,"data":{"alt":8,"type":2,"area":124}},{"x":1426,"y":162,"data":{"alt":8,"type":2,"area":124}},{"x":1427,"y":162,"data":{"alt":8,"type":2,"area":124}},{"x":1428,"y":162,"data":{"alt":8,"type":2,"area":124}},{"x":1429,"y":162,"data":{"alt":8,"type":2,"area":124}},{"x":1430,"y":162,"data":{"alt":8,"type":2,"area":124}},{"x":1408,"y":163,"data":{"alt":8,"type":2,"area":124}},{"x":1409,"y":163,"data":{"alt":8,"type":2,"area":124}},{"x":1410,"y":163,"data":{"alt":8,"type":2,"area":124}},{"x":1411,"y":163,"data":{"alt":8,"type":2,"area":124}},{"x":1419,"y":163,"data":{"alt":8,"type":1,"area":124}},{"x":1420,"y":163,"data":{"alt":8,"type":2,"area":124}},{"x":1421,"y":163,"data":{"alt":8,"type":2,"area":124}},{"x":1422,"y":163,"data":{"alt":8,"type":2,"area":124}},{"x":1423,"y":163,"data":{"alt":8,"type":2,"area":124}},{"x":1424,"y":163,"data":{"alt":8,"type":2,"area":124}},{"x":1425,"y":163,"data":{"alt":8,"type":2,"area":124}},{"x":1426,"y":163,"data":{"alt":8,"type":2,"area":124}},{"x":1427,"y":163,"data":{"alt":8,"type":2,"area":124}},{"x":1428,"y":163,"data":{"alt":8,"type":2,"area":124}},{"x":1429,"y":163,"data":{"alt":8,"type":2,"area":124}},{"x":1408,"y":164,"data":{"alt":8,"type":2,"area":124}},{"x":1409,"y":164,"data":{"alt":8,"type":2,"area":124}},{"x":1410,"y":164,"data":{"alt":8,"type":2,"area":124}},{"x":1411,"y":164,"data":{"alt":8,"type":2,"area":124}},{"x":1419,"y":164,"data":{"alt":8,"type":1,"area":124}},{"x":1420,"y":164,"data":{"alt":8,"type":2,"area":124}},{"x":1421,"y":164,"data":{"alt":8,"type":2,"area":124}},{"x":1422,"y":164,"data":{"alt":8,"type":2,"area":124}},{"x":1423,"y":164,"data":{"alt":8,"type":2,"area":124}},{"x":1424,"y":164,"data":{"alt":8,"type":2,"area":124}},{"x":1425,"y":164,"data":{"alt":8,"type":2,"area":124}},{"x":1426,"y":164,"data":{"alt":8,"type":2,"area":124}},{"x":1427,"y":164,"data":{"alt":8,"type":2,"area":124}},{"x":1428,"y":164,"data":{"alt":8,"type":2,"area":124}},{"x":1429,"y":164,"data":{"alt":8,"type":2,"area":124}},{"x":1430,"y":164,"data":{"alt":8,"type":2,"area":124}},{"x":1409,"y":165,"data":{"alt":8,"type":2,"area":124}},{"x":1410,"y":165,"data":{"alt":8,"type":2,"area":124}},{"x":1411,"y":165,"data":{"alt":8,"type":2,"area":124}},{"x":1418,"y":165,"data":{"alt":8,"type":2,"area":124}},{"x":1419,"y":165,"data":{"alt":8,"type":1,"area":124}},{"x":1420,"y":165,"data":{"alt":8,"type":2,"area":124}},{"x":1421,"y":165,"data":{"alt":8,"type":2,"area":124}},{"x":1422,"y":165,"data":{"alt":8,"type":2,"area":124}},{"x":1423,"y":165,"data":{"alt":8,"type":2,"area":124}},{"x":1424,"y":165,"data":{"alt":8,"type":2,"area":124}},{"x":1425,"y":165,"data":{"alt":8,"type":2,"area":124}},{"x":1426,"y":165,"data":{"alt":8,"type":2,"area":124}},{"x":1427,"y":165,"data":{"alt":8,"type":2,"area":124}},{"x":1428,"y":165,"data":{"alt":8,"type":2,"area":124}},{"x":1429,"y":165,"data":{"alt":8,"type":2,"area":124}},{"x":1410,"y":166,"data":{"alt":8,"type":2,"area":124}},{"x":1411,"y":166,"data":{"alt":8,"type":2,"area":124}},{"x":1418,"y":166,"data":{"alt":8,"type":2,"area":124}},{"x":1419,"y":166,"data":{"alt":8,"type":2,"area":124}},{"x":1420,"y":166,"data":{"alt":8,"type":1,"area":124}},{"x":1421,"y":166,"data":{"alt":8,"type":2,"area":124}},{"x":1422,"y":166,"data":{"alt":8,"type":2,"area":124}},{"x":1423,"y":166,"data":{"alt":8,"type":2,"area":124}},{"x":1424,"y":166,"data":{"alt":8,"type":2,"area":124}},{"x":1425,"y":166,"data":{"alt":8,"type":2,"area":124}},{"x":1426,"y":166,"data":{"alt":8,"type":2,"area":124}},{"x":1427,"y":166,"data":{"alt":8,"type":2,"area":124}},{"x":1428,"y":166,"data":{"alt":8,"type":2,"area":124}},{"x":1429,"y":166,"data":{"alt":8,"type":2,"area":124}},{"x":1408,"y":167,"data":{"alt":8,"type":2,"area":124}},{"x":1409,"y":167,"data":{"alt":8,"type":2,"area":124}},{"x":1410,"y":167,"data":{"alt":8,"type":2,"area":124}},{"x":1418,"y":167,"data":{"alt":8,"type":2,"area":124}},{"x":1419,"y":167,"data":{"alt":8,"type":2,"area":124}},{"x":1420,"y":167,"data":{"alt":8,"type":1,"area":124}},{"x":1421,"y":167,"data":{"alt":8,"type":2,"area":124}},{"x":1422,"y":167,"data":{"alt":8,"type":2,"area":124}},{"x":1423,"y":167,"data":{"alt":8,"type":2,"area":124}},{"x":1424,"y":167,"data":{"alt":8,"type":2,"area":124}},{"x":1425,"y":167,"data":{"alt":8,"type":2,"area":124}},{"x":1426,"y":167,"data":{"alt":8,"type":2,"area":124}},{"x":1427,"y":167,"data":{"alt":8,"type":2,"area":124}},{"x":1428,"y":167,"data":{"alt":8,"type":2,"area":124}},{"x":1429,"y":167,"data":{"alt":8,"type":2,"area":124}},{"x":1430,"y":167,"data":{"alt":8,"type":2,"area":124}},{"x":1417,"y":168,"data":{"alt":8,"type":2,"area":124}},{"x":1418,"y":168,"data":{"alt":8,"type":2,"area":124}},{"x":1419,"y":168,"data":{"alt":8,"type":2,"area":124}},{"x":1420,"y":168,"data":{"alt":8,"type":2,"area":124}},{"x":1421,"y":168,"data":{"alt":8,"type":1,"area":124}},{"x":1422,"y":168,"data":{"alt":8,"type":2,"area":124}},{"x":1423,"y":168,"data":{"alt":8,"type":2,"area":124}},{"x":1424,"y":168,"data":{"alt":8,"type":2,"area":124}},{"x":1425,"y":168,"data":{"alt":8,"type":2,"area":124}},{"x":1426,"y":168,"data":{"alt":8,"type":2,"area":124}},{"x":1427,"y":168,"data":{"alt":8,"type":2,"area":124}},{"x":1428,"y":168,"data":{"alt":8,"type":2,"area":124}},{"x":1429,"y":168,"data":{"alt":8,"type":2,"area":124}},{"x":1417,"y":169,"data":{"alt":8,"type":2,"area":124}},{"x":1418,"y":169,"data":{"alt":8,"type":2,"area":124}},{"x":1419,"y":169,"data":{"alt":8,"type":2,"area":124}},{"x":1420,"y":169,"data":{"alt":8,"type":2,"area":124}},{"x":1421,"y":169,"data":{"alt":8,"type":2,"area":124}},{"x":1422,"y":169,"data":{"alt":8,"type":1,"area":124}},{"x":1423,"y":169,"data":{"alt":8,"type":2,"area":124}},{"x":1424,"y":169,"data":{"alt":8,"type":2,"area":124}},{"x":1425,"y":169,"data":{"alt":8,"type":2,"area":124}},{"x":1426,"y":169,"data":{"alt":8,"type":2,"area":124}},{"x":1427,"y":169,"data":{"alt":8,"type":2,"area":124}},{"x":1428,"y":169,"data":{"alt":8,"type":2,"area":124}},{"x":1429,"y":169,"data":{"alt":8,"type":2,"area":124}},{"x":1430,"y":169,"data":{"alt":8,"type":2,"area":124}},{"x":1415,"y":170,"data":{"alt":8,"type":2,"area":124}},{"x":1417,"y":170,"data":{"alt":8,"type":2,"area":124}},{"x":1418,"y":170,"data":{"alt":8,"type":2,"area":124}},{"x":1419,"y":170,"data":{"alt":8,"type":2,"area":124}},{"x":1420,"y":170,"data":{"alt":8,"type":2,"area":124}},{"x":1421,"y":170,"data":{"alt":8,"type":2,"area":124}},{"x":1422,"y":170,"data":{"alt":8,"type":2,"area":124}},{"x":1423,"y":170,"data":{"alt":8,"type":1,"area":124}},{"x":1424,"y":170,"data":{"alt":8,"type":2,"area":124}},{"x":1425,"y":170,"data":{"alt":8,"type":2,"res":1,"resAmount":80,"area":124}},{"x":1426,"y":170,"data":{"alt":8,"type":2,"area":124}},{"x":1427,"y":170,"data":{"alt":8,"type":2,"area":124}},{"x":1428,"y":170,"data":{"alt":8,"type":2,"area":124}},{"x":1429,"y":170,"data":{"alt":8,"type":2,"area":124}},{"x":1430,"y":170,"data":{"alt":8,"type":2,"area":124}},{"x":1431,"y":170,"data":{"alt":8,"type":2,"area":124}},{"x":1432,"y":170,"data":{"alt":8,"type":2,"area":124}},{"x":1414,"y":171,"data":{"alt":8,"type":2,"area":124}},{"x":1415,"y":171,"data":{"alt":8,"type":2,"area":124}},{"x":1416,"y":171,"data":{"alt":8,"type":2,"area":124}},{"x":1417,"y":171,"data":{"alt":8,"type":2,"area":124}},{"x":1418,"y":171,"data":{"alt":8,"type":2,"area":124}},{"x":1419,"y":171,"data":{"alt":8,"type":2,"area":124}},{"x":1420,"y":171,"data":{"alt":8,"type":2,"area":124}},{"x":1421,"y":171,"data":{"alt":8,"type":2,"area":124}},{"x":1422,"y":171,"data":{"alt":8,"type":2,"area":124}},{"x":1423,"y":171,"data":{"alt":8,"type":1,"area":124}},{"x":1424,"y":171,"data":{"alt":8,"type":2,"area":124}},{"x":1425,"y":171,"data":{"alt":8,"type":2,"area":124}},{"x":1426,"y":171,"data":{"alt":8,"type":2,"area":124}},{"x":1427,"y":171,"data":{"alt":8,"type":2,"area":124}},{"x":1428,"y":171,"data":{"alt":8,"type":2,"area":124}},{"x":1429,"y":171,"data":{"alt":8,"type":2,"area":124}},{"x":1430,"y":171,"data":{"alt":8,"type":2,"area":124}},{"x":1431,"y":171,"data":{"alt":8,"type":2,"area":124}},{"x":1414,"y":172,"data":{"alt":8,"type":2,"area":124}},{"x":1415,"y":172,"data":{"alt":8,"type":2,"area":124}},{"x":1416,"y":172,"data":{"alt":8,"type":2,"area":124}},{"x":1417,"y":172,"data":{"alt":8,"type":2,"area":124}},{"x":1418,"y":172,"data":{"alt":8,"type":2,"area":124}},{"x":1419,"y":172,"data":{"alt":8,"type":2,"area":124}},{"x":1420,"y":172,"data":{"alt":8,"type":2,"area":124}},{"x":1421,"y":172,"data":{"alt":8,"type":2,"area":124}},{"x":1422,"y":172,"data":{"alt":8,"type":2,"area":124}},{"x":1423,"y":172,"data":{"alt":8,"type":1,"area":124}},{"x":1424,"y":172,"data":{"alt":8,"type":2,"area":124}},{"x":1425,"y":172,"data":{"alt":8,"type":2,"area":124}},{"x":1426,"y":172,"data":{"alt":8,"type":2,"area":124}},{"x":1427,"y":172,"data":{"alt":8,"type":2,"area":124}},{"x":1428,"y":172,"data":{"alt":8,"type":2,"area":124}},{"x":1429,"y":172,"data":{"alt":8,"type":2,"area":124}},{"x":1430,"y":172,"data":{"alt":8,"type":2,"area":124}},{"x":1431,"y":172,"data":{"alt":8,"type":2,"area":124}},{"x":1432,"y":172,"data":{"alt":8,"type":2,"area":124}},{"x":1416,"y":173,"data":{"alt":8,"type":2,"area":124}},{"x":1417,"y":173,"data":{"alt":8,"type":2,"area":124}},{"x":1418,"y":173,"data":{"alt":8,"type":2,"area":124}},{"x":1419,"y":173,"data":{"alt":8,"type":2,"area":124}},{"x":1420,"y":173,"data":{"alt":8,"type":2,"area":124}},{"x":1421,"y":173,"data":{"alt":8,"type":2,"area":124}},{"x":1422,"y":173,"data":{"alt":8,"type":1,"area":124}},{"x":1425,"y":173,"data":{"alt":8,"type":2,"area":124}},{"x":1426,"y":173,"data":{"alt":8,"type":2,"area":124}},{"x":1427,"y":173,"data":{"alt":8,"type":2,"area":124}},{"x":1428,"y":173,"data":{"alt":8,"type":2,"area":124}},{"x":1429,"y":173,"data":{"alt":8,"type":2,"area":124}},{"x":1430,"y":173,"data":{"alt":8,"type":2,"area":124}},{"x":1431,"y":173,"data":{"alt":8,"type":2,"area":124}},{"x":1432,"y":173,"data":{"alt":8,"type":2,"area":124}},{"x":1418,"y":174,"data":{"alt":8,"type":2,"area":124}},{"x":1419,"y":174,"data":{"alt":8,"type":2,"area":124}},{"x":1420,"y":174,"data":{"alt":8,"type":2,"area":124}},{"x":1421,"y":174,"data":{"alt":8,"type":2,"area":124}},{"x":1422,"y":174,"data":{"alt":8,"type":2,"area":124}},{"x":1423,"y":174,"data":{"alt":8,"type":1,"area":124}},{"x":1426,"y":174,"data":{"alt":8,"type":2,"area":124}},{"x":1427,"y":174,"data":{"alt":8,"type":2,"area":124}},{"x":1428,"y":174,"data":{"alt":8,"type":2,"area":124}},{"x":1429,"y":174,"data":{"alt":8,"type":1,"area":124}},{"x":1430,"y":174,"data":{"alt":8,"type":2,"area":124}},{"x":1431,"y":174,"data":{"alt":8,"type":2,"area":124}},{"x":1432,"y":174,"data":{"alt":8,"type":2,"area":124}},{"x":1422,"y":175,"data":{"alt":8,"type":2,"area":124}},{"x":1423,"y":175,"data":{"alt":8,"type":2,"area":124}},{"x":1424,"y":175,"data":{"alt":8,"type":1,"area":124}},{"x":1427,"y":175,"data":{"alt":8,"type":2,"area":124}},{"x":1428,"y":175,"data":{"alt":8,"type":1,"area":124}},{"x":1429,"y":175,"data":{"alt":8,"type":2,"area":124}},{"x":1430,"y":175,"data":{"alt":8,"type":1,"area":124}},{"x":1431,"y":175,"data":{"alt":8,"type":1,"area":124}},{"x":1432,"y":175,"data":{"alt":8,"type":2,"area":124}},{"x":1433,"y":175,"data":{"alt":8,"type":2,"area":124}},{"x":1422,"y":176,"data":{"alt":8,"type":2,"area":124}},{"x":1423,"y":176,"data":{"alt":8,"type":2,"area":124}},{"x":1424,"y":176,"data":{"alt":8,"type":2,"area":124}},{"x":1425,"y":176,"data":{"alt":8,"type":1,"area":124}},{"x":1426,"y":176,"data":{"alt":8,"type":1,"area":124}},{"x":1427,"y":176,"data":{"alt":8,"type":1,"area":124}},{"x":1430,"y":176,"data":{"alt":8,"type":2,"area":124}},{"x":1431,"y":176,"data":{"alt":8,"type":2,"area":124}},{"x":1432,"y":176,"data":{"alt":8,"type":1,"area":124}},{"x":1433,"y":176,"data":{"alt":8,"type":1,"area":124}},{"x":1421,"y":177,"data":{"alt":8,"type":2,"area":124}},{"x":1422,"y":177,"data":{"alt":8,"type":2,"area":124}},{"x":1423,"y":177,"data":{"alt":8,"type":2,"area":124}},{"x":1424,"y":177,"data":{"alt":8,"type":2,"area":124}},{"x":1433,"y":177,"data":{"alt":8,"type":2,"area":124}},{"x":1434,"y":177,"data":{"alt":8,"type":1,"area":124}},{"x":1422,"y":178,"data":{"alt":8,"type":2,"area":124}},{"x":1422,"y":136,"data":{"alt":8,"type":1,"area":124}},{"x":1419,"y":137,"data":{"alt":8,"type":2,"area":124}},{"x":1422,"y":137,"data":{"alt":8,"type":1,"area":124}},{"x":1414,"y":138,"data":{"alt":8,"type":2,"area":124}},{"x":1417,"y":138,"data":{"alt":8,"type":2,"area":124}},{"x":1418,"y":138,"data":{"alt":8,"type":2,"area":124}},{"x":1419,"y":138,"data":{"alt":8,"type":2,"area":124}},{"x":1420,"y":138,"data":{"alt":8,"type":2,"area":124}},{"x":1422,"y":138,"data":{"alt":8,"type":1,"area":124}},{"x":1414,"y":139,"data":{"alt":8,"type":2,"area":124}},{"x":1417,"y":139,"data":{"alt":8,"type":2,"area":124}},{"x":1418,"y":139,"data":{"alt":8,"type":2,"area":124}},{"x":1419,"y":139,"data":{"alt":8,"type":2,"area":124}},{"x":1422,"y":139,"data":{"alt":8,"type":1,"area":124}},{"x":1412,"y":140,"data":{"alt":8,"type":2,"area":124}},{"x":1413,"y":140,"data":{"alt":8,"type":2,"area":124}},{"x":1414,"y":140,"data":{"alt":8,"type":2,"area":124}},{"x":1415,"y":140,"data":{"alt":8,"type":2,"area":124}},{"x":1416,"y":140,"data":{"alt":8,"type":2,"area":124}},{"x":1417,"y":140,"data":{"alt":8,"type":2,"area":124}},{"x":1418,"y":140,"data":{"alt":8,"type":2,"area":124}},{"x":1419,"y":140,"data":{"alt":8,"type":2,"area":124}},{"x":1420,"y":140,"data":{"alt":8,"type":2,"area":124}},{"x":1421,"y":140,"data":{"alt":8,"type":2,"area":124}},{"x":1422,"y":140,"data":{"alt":8,"type":1,"area":124}},{"x":1423,"y":140,"data":{"alt":8,"type":2,"area":124}},{"x":1413,"y":141,"data":{"alt":8,"type":2,"area":124}},{"x":1414,"y":141,"data":{"alt":8,"type":2,"area":124}},{"x":1415,"y":141,"data":{"alt":8,"type":2,"area":124}},{"x":1416,"y":141,"data":{"alt":8,"type":2,"area":124}},{"x":1417,"y":141,"data":{"alt":8,"type":2,"area":124}},{"x":1418,"y":141,"data":{"alt":8,"type":2,"area":124}},{"x":1419,"y":141,"data":{"alt":8,"type":2,"area":124}},{"x":1420,"y":141,"data":{"alt":8,"type":2,"area":124}},{"x":1421,"y":141,"data":{"alt":8,"type":1,"area":124}},{"x":1422,"y":141,"data":{"alt":8,"type":2,"area":124}},{"x":1423,"y":141,"data":{"alt":8,"type":2,"area":124}},{"x":1413,"y":142,"data":{"alt":8,"type":2,"area":124}},{"x":1414,"y":142,"data":{"alt":8,"type":2,"area":124}},{"x":1415,"y":142,"data":{"alt":8,"type":2,"area":124}},{"x":1416,"y":142,"data":{"alt":8,"type":2,"area":124}},{"x":1417,"y":142,"data":{"alt":8,"type":2,"area":124}},{"x":1418,"y":142,"data":{"alt":8,"type":2,"area":124}},{"x":1419,"y":142,"data":{"alt":8,"type":2,"area":124}},{"x":1420,"y":142,"data":{"alt":8,"type":1,"area":124}},{"x":1421,"y":142,"data":{"alt":8,"type":2,"area":124}},{"x":1422,"y":142,"data":{"alt":8,"type":2,"area":124}},{"x":1423,"y":142,"data":{"alt":8,"type":2,"area":124}},{"x":1424,"y":142,"data":{"alt":8,"type":2,"area":124}},{"x":1415,"y":143,"data":{"alt":8,"type":2,"area":124}},{"x":1416,"y":143,"data":{"alt":8,"type":2,"area":124}},{"x":1417,"y":143,"data":{"alt":8,"type":2,"area":124}},{"x":1418,"y":143,"data":{"alt":8,"type":2,"area":124}},{"x":1419,"y":143,"data":{"alt":8,"type":2,"area":124}},{"x":1420,"y":143,"data":{"alt":8,"type":1,"area":124}},{"x":1421,"y":143,"data":{"alt":8,"type":2,"area":124}},{"x":1422,"y":143,"data":{"alt":8,"type":2,"area":124}},{"x":1423,"y":143,"data":{"alt":8,"type":2,"area":124}},{"x":1424,"y":143,"data":{"alt":8,"type":2,"area":124}},{"x":1414,"y":144,"data":{"alt":8,"type":2,"area":124}},{"x":1415,"y":144,"data":{"alt":8,"type":2,"area":124}},{"x":1416,"y":144,"data":{"alt":8,"type":2,"area":124}},{"x":1417,"y":144,"data":{"alt":8,"type":2,"area":124}},{"x":1418,"y":144,"data":{"alt":8,"type":2,"area":124}},{"x":1419,"y":144,"data":{"alt":8,"type":2,"area":124}},{"x":1420,"y":144,"data":{"alt":8,"type":2,"area":124}},{"x":1421,"y":144,"data":{"alt":8,"type":1,"area":124}},{"x":1422,"y":144,"data":{"alt":8,"type":2,"area":124}},{"x":1423,"y":144,"data":{"alt":8,"type":2,"area":124}},{"x":1424,"y":144,"data":{"alt":8,"type":2,"area":124}},{"x":1415,"y":145,"data":{"alt":8,"type":2,"area":124}},{"x":1416,"y":145,"data":{"alt":8,"type":2,"area":124}},{"x":1417,"y":145,"data":{"alt":8,"type":2,"area":124}},{"x":1418,"y":145,"data":{"alt":8,"type":2,"area":124}},{"x":1419,"y":145,"data":{"alt":8,"type":2,"area":124}},{"x":1420,"y":145,"data":{"alt":8,"type":1,"area":124}},{"x":1421,"y":145,"data":{"alt":8,"type":2,"area":124}},{"x":1422,"y":145,"data":{"alt":8,"type":2,"area":124}},{"x":1414,"y":146,"data":{"alt":8,"type":2,"area":124}},{"x":1415,"y":146,"data":{"alt":8,"type":2,"area":124}},{"x":1416,"y":146,"data":{"alt":8,"type":2,"area":124}},{"x":1417,"y":146,"data":{"alt":8,"type":2,"area":124}},{"x":1418,"y":146,"data":{"alt":8,"type":2,"area":124}},{"x":1419,"y":146,"data":{"alt":8,"type":2,"area":124}},{"x":1420,"y":146,"data":{"alt":8,"type":1,"area":124}},{"x":1421,"y":146,"data":{"alt":8,"type":2,"area":124}},{"x":1422,"y":146,"data":{"alt":8,"type":2,"area":124}},{"x":1427,"y":146,"data":{"alt":8,"type":2,"area":124}},{"x":1414,"y":147,"data":{"alt":8,"type":2,"area":124}},{"x":1415,"y":147,"data":{"alt":8,"type":2,"area":124}},{"x":1416,"y":147,"data":{"alt":8,"type":2,"area":124}},{"x":1417,"y":147,"data":{"alt":8,"type":2,"area":124}},{"x":1418,"y":147,"data":{"alt":8,"type":2,"area":124}},{"x":1419,"y":147,"data":{"alt":8,"type":1,"area":124}},{"x":1420,"y":147,"data":{"alt":8,"type":2,"area":124}},{"x":1426,"y":147,"data":{"alt":8,"type":2,"area":124}},{"x":1427,"y":147,"data":{"alt":8,"type":2,"area":124}},{"x":1413,"y":148,"data":{"alt":8,"type":2,"area":124}},{"x":1414,"y":148,"data":{"alt":8,"type":2,"area":124}},{"x":1415,"y":148,"data":{"alt":8,"type":2,"area":124}},{"x":1416,"y":148,"data":{"alt":8,"type":2,"area":124}},{"x":1417,"y":148,"data":{"alt":8,"type":2,"area":124}},{"x":1418,"y":148,"data":{"alt":8,"type":2,"area":124}},{"x":1419,"y":148,"data":{"alt":8,"type":1,"area":124}},{"x":1426,"y":148,"data":{"alt":8,"type":2,"area":124}},{"x":1427,"y":148,"data":{"alt":8,"type":2,"area":124}},{"x":1428,"y":148,"data":{"alt":8,"type":2,"area":124}},{"x":1429,"y":148,"data":{"alt":8,"type":2,"area":124}},{"x":1413,"y":149,"data":{"alt":8,"type":2,"area":124}},{"x":1414,"y":149,"data":{"alt":8,"type":2,"area":124}},{"x":1415,"y":149,"data":{"alt":8,"type":2,"area":124}},{"x":1416,"y":149,"data":{"alt":8,"type":2,"area":124}},{"x":1417,"y":149,"data":{"alt":8,"type":2,"area":124}},{"x":1418,"y":149,"data":{"alt":8,"type":2,"area":124}},{"x":1419,"y":149,"data":{"alt":8,"type":1,"area":124}},{"x":1425,"y":149,"data":{"alt":8,"type":2,"area":124}},{"x":1426,"y":149,"data":{"alt":8,"type":2,"area":124}},{"x":1427,"y":149,"data":{"alt":8,"type":2,"area":124}},{"x":1413,"y":150,"data":{"alt":8,"type":2,"area":124}},{"x":1414,"y":150,"data":{"alt":8,"type":2,"area":124}},{"x":1415,"y":150,"data":{"alt":8,"type":2,"area":124}},{"x":1416,"y":150,"data":{"alt":8,"type":2,"area":124}},{"x":1417,"y":150,"data":{"alt":8,"type":2,"area":124}},{"x":1418,"y":150,"data":{"alt":8,"type":2,"area":124}},{"x":1419,"y":150,"data":{"alt":8,"type":1,"area":124}},{"x":1425,"y":150,"data":{"alt":8,"type":2,"area":124}},{"x":1414,"y":151,"data":{"alt":8,"type":2,"area":124}},{"x":1415,"y":151,"data":{"alt":8,"type":2,"area":124}},{"x":1416,"y":151,"data":{"alt":8,"type":2,"area":124}},{"x":1417,"y":151,"data":{"alt":8,"type":2,"area":124}},{"x":1418,"y":151,"data":{"alt":8,"type":2,"area":124}},{"x":1419,"y":151,"data":{"alt":8,"type":1,"area":124}},{"x":1425,"y":151,"data":{"alt":8,"type":2,"area":124}},{"x":1412,"y":152,"data":{"alt":8,"type":2,"area":124}},{"x":1413,"y":152,"data":{"alt":8,"type":2,"area":124}},{"x":1414,"y":152,"data":{"alt":8,"type":2,"area":124}},{"x":1415,"y":152,"data":{"alt":8,"type":2,"area":124}},{"x":1416,"y":152,"data":{"alt":8,"type":2,"area":124}},{"x":1417,"y":152,"data":{"alt":8,"type":2,"area":124}},{"x":1418,"y":152,"data":{"alt":8,"type":1,"area":124}},{"x":1425,"y":152,"data":{"alt":8,"type":2,"area":124}},{"x":1426,"y":152,"data":{"alt":8,"type":2,"area":124}},{"x":1410,"y":153,"data":{"alt":8,"type":2,"area":124}},{"x":1411,"y":153,"data":{"alt":8,"type":2,"area":124}},{"x":1412,"y":153,"data":{"alt":8,"type":2,"area":124}},{"x":1413,"y":153,"data":{"alt":8,"type":2,"area":124}},{"x":1414,"y":153,"data":{"alt":8,"type":2,"area":124}},{"x":1415,"y":153,"data":{"alt":8,"type":2,"area":124}},{"x":1416,"y":153,"data":{"alt":8,"type":2,"area":124}},{"x":1417,"y":153,"data":{"alt":8,"type":2,"area":124}},{"x":1418,"y":153,"data":{"alt":8,"type":1,"area":124}},{"x":1424,"y":153,"data":{"alt":8,"type":2,"area":124}},{"x":1425,"y":153,"data":{"alt":8,"type":2,"area":124}},{"x":1410,"y":154,"data":{"alt":8,"type":2,"area":124}},{"x":1411,"y":154,"data":{"alt":8,"type":2,"area":124}},{"x":1412,"y":154,"data":{"alt":8,"type":2,"area":124}},{"x":1413,"y":154,"data":{"alt":8,"type":2,"area":124}},{"x":1414,"y":154,"data":{"alt":8,"type":2,"area":124}},{"x":1415,"y":154,"data":{"alt":8,"type":2,"area":124}},{"x":1416,"y":154,"data":{"alt":8,"type":2,"area":124}},{"x":1417,"y":154,"data":{"alt":8,"type":2,"area":124}},{"x":1418,"y":154,"data":{"alt":8,"type":2,"area":124}},{"x":1419,"y":154,"data":{"alt":8,"type":1,"area":124}},{"x":1420,"y":154,"data":{"alt":8,"type":2,"area":124}},{"x":1421,"y":154,"data":{"alt":8,"type":2,"area":124}},{"x":1422,"y":154,"data":{"alt":8,"type":2,"area":124}},{"x":1423,"y":154,"data":{"alt":8,"type":2,"area":124}},{"x":1424,"y":154,"data":{"alt":8,"type":2,"area":124}},{"x":1425,"y":154,"data":{"alt":8,"type":2,"area":124}},{"x":1408,"y":155,"data":{"alt":8,"type":2,"area":124}},{"x":1411,"y":155,"data":{"alt":8,"type":2,"area":124}},{"x":1412,"y":155,"data":{"alt":8,"type":2,"area":124}},{"x":1413,"y":155,"data":{"alt":8,"type":2,"area":124}},{"x":1414,"y":155,"data":{"alt":8,"type":2,"area":124}},{"x":1415,"y":155,"data":{"alt":8,"type":2,"area":124}},{"x":1416,"y":155,"data":{"alt":8,"type":2,"area":124}},{"x":1417,"y":155,"data":{"alt":8,"type":2,"area":124}},{"x":1418,"y":155,"data":{"alt":8,"type":1,"area":124}},{"x":1419,"y":155,"data":{"alt":8,"type":2,"area":124}},{"x":1420,"y":155,"data":{"alt":8,"type":2,"area":124}},{"x":1421,"y":155,"data":{"alt":8,"type":2,"area":124}},{"x":1422,"y":155,"data":{"alt":8,"type":2,"area":124}},{"x":1423,"y":155,"data":{"alt":8,"type":2,"area":124}},{"x":1424,"y":155,"data":{"alt":8,"type":2,"area":124}},{"x":1425,"y":155,"data":{"alt":8,"type":2,"area":124}},{"x":1426,"y":155,"data":{"alt":8,"type":2,"area":124}},{"x":1408,"y":156,"data":{"alt":8,"type":2,"area":124}},{"x":1409,"y":156,"data":{"alt":8,"type":2,"area":124}},{"x":1410,"y":156,"data":{"alt":8,"type":2,"area":124}},{"x":1411,"y":156,"data":{"alt":8,"type":2,"area":124}},{"x":1412,"y":156,"data":{"alt":8,"type":2,"area":124}},{"x":1413,"y":156,"data":{"alt":8,"type":2,"area":124}},{"x":1414,"y":156,"data":{"alt":8,"type":2,"area":124}},{"x":1415,"y":156,"data":{"alt":8,"type":2,"area":124}},{"x":1416,"y":156,"data":{"alt":8,"type":2,"area":124}},{"x":1417,"y":156,"data":{"alt":8,"type":2,"area":124}},{"x":1418,"y":156,"data":{"alt":8,"type":1,"area":124}},{"x":1419,"y":156,"data":{"alt":8,"type":2,"area":124}},{"x":1420,"y":156,"data":{"alt":8,"type":2,"area":124}},{"x":1421,"y":156,"data":{"alt":8,"type":2,"area":124}},{"x":1422,"y":156,"data":{"alt":8,"type":2,"area":124}},{"x":1423,"y":156,"data":{"alt":8,"type":2,"area":124}},{"x":1424,"y":156,"data":{"alt":8,"type":2,"area":124}},{"x":1425,"y":156,"data":{"alt":8,"type":2,"area":124}},{"x":1426,"y":156,"data":{"alt":8,"type":2,"area":124}},{"x":1408,"y":157,"data":{"alt":8,"type":2,"area":124}},{"x":1409,"y":157,"data":{"alt":8,"type":2,"area":124}},{"x":1410,"y":157,"data":{"alt":8,"type":2,"area":124}},{"x":1411,"y":157,"data":{"alt":8,"type":2,"area":124}},{"x":1412,"y":157,"data":{"alt":8,"type":2,"area":124}},{"x":1413,"y":157,"data":{"alt":8,"type":2,"area":124}},{"x":1414,"y":157,"data":{"alt":8,"type":2,"area":124}},{"x":1417,"y":157,"data":{"alt":8,"type":1,"area":124}},{"x":1418,"y":157,"data":{"alt":8,"type":2,"area":124}},{"x":1419,"y":157,"data":{"alt":8,"type":2,"area":124}},{"x":1420,"y":157,"data":{"alt":8,"type":2,"area":124}},{"x":1421,"y":157,"data":{"alt":8,"type":2,"area":124}},{"x":1422,"y":157,"data":{"alt":8,"type":2,"area":124}},{"x":1423,"y":157,"data":{"alt":8,"type":2,"area":124}},{"x":1424,"y":157,"data":{"alt":8,"type":2,"area":124}},{"x":1425,"y":157,"data":{"alt":8,"type":2,"area":124}},{"x":1426,"y":157,"data":{"alt":8,"type":2,"area":124}},{"x":1427,"y":157,"data":{"alt":8,"type":2,"area":124}},{"x":1408,"y":158,"data":{"alt":8,"type":2,"area":124}},{"x":1409,"y":158,"data":{"alt":8,"type":2,"area":124}},{"x":1410,"y":158,"data":{"alt":8,"type":2,"area":124}},{"x":1411,"y":158,"data":{"alt":8,"type":2,"area":124}},{"x":1417,"y":158,"data":{"alt":8,"type":1,"area":124}},{"x":1418,"y":158,"data":{"alt":8,"type":2,"area":124}},{"x":1419,"y":158,"data":{"alt":8,"type":2,"area":124}},{"x":1420,"y":158,"data":{"alt":8,"type":2,"area":124}},{"x":1421,"y":158,"data":{"alt":8,"type":2,"area":124}},{"x":1422,"y":158,"data":{"alt":8,"type":2,"area":124}},{"x":1423,"y":158,"data":{"alt":8,"type":2,"area":124}},{"x":1424,"y":158,"data":{"alt":8,"type":2,"area":124}},{"x":1425,"y":158,"data":{"alt":8,"type":2,"area":124}},{"x":1426,"y":158,"data":{"alt":8,"type":2,"area":124}},{"x":1427,"y":158,"data":{"alt":8,"type":2,"area":124}},{"x":1408,"y":159,"data":{"alt":8,"type":2,"area":124}},{"x":1410,"y":159,"data":{"alt":8,"type":2,"area":124}},{"x":1411,"y":159,"data":{"alt":8,"type":2,"area":124}},{"x":1412,"y":159,"data":{"alt":8,"type":2,"area":124}},{"x":1418,"y":159,"data":{"alt":8,"type":1,"area":124}},{"x":1419,"y":159,"data":{"alt":8,"type":2,"area":124}},{"x":1420,"y":159,"data":{"alt":8,"type":2,"area":124}},{"x":1421,"y":159,"data":{"alt":8,"type":2,"area":124}},{"x":1422,"y":159,"data":{"alt":8,"type":2,"area":124}},{"x":1423,"y":159,"data":{"alt":8,"type":2,"area":124}},{"x":1424,"y":159,"data":{"alt":8,"type":2,"area":124}},{"x":1425,"y":159,"data":{"alt":8,"type":2,"area":124}},{"x":1426,"y":159,"data":{"alt":8,"type":2,"area":124}},{"x":1427,"y":159,"data":{"alt":8,"type":2,"area":124}}]