[{"x":1427,"y":108,"data":{"alt":7,"type":1,"area":126}},{"x":1427,"y":109,"data":{"alt":8,"type":1,"area":126}},{"x":1427,"y":110,"data":{"alt":8,"type":1,"area":126}},{"x":1427,"y":111,"data":{"alt":8,"type":1,"area":126}},{"x":1427,"y":112,"data":{"alt":8,"type":1,"area":126}},{"x":1427,"y":113,"data":{"alt":8,"type":1,"area":126}},{"x":1427,"y":114,"data":{"alt":8,"type":1,"area":126}},{"x":1427,"y":115,"data":{"alt":8,"type":1,"area":126}},{"x":1427,"y":116,"data":{"alt":8,"type":1,"area":126}},{"x":1427,"y":117,"data":{"alt":8,"type":1,"area":126}},{"x":1427,"y":118,"data":{"alt":8,"type":1,"area":126}},{"x":1427,"y":119,"data":{"alt":8,"type":1,"area":126}}]