[{"x":0,"y":2368,"data":{"alt":4,"fertility":60,"region":2149,"area":13}},{"x":1,"y":2368,"data":{"alt":4,"fertility":60,"region":2149,"area":13}},{"x":2,"y":2368,"data":{"alt":4,"fertility":60,"region":2149,"area":13}},{"x":3,"y":2368,"data":{"alt":4,"fertility":60,"region":2149,"area":13}},{"x":4,"y":2368,"data":{"alt":4,"fertility":60,"region":2149,"area":13}},{"x":5,"y":2368,"data":{"alt":4,"fertility":60,"region":2149,"area":13}},{"x":6,"y":2368,"data":{"alt":4,"fertility":60,"region":2149,"area":13}},{"x":7,"y":2368,"data":{"alt":4,"fertility":60,"region":2149,"area":13}},{"x":8,"y":2368,"data":{"alt":3,"fertility":60,"region":2149,"area":13}},{"x":9,"y":2368,"data":{"alt":4,"fertility":60,"region":2149,"area":13}},{"x":10,"y":2368,"data":{"alt":5,"fertility":60,"forest":40,"region":2149,"area":13}},{"x":11,"y":2368,"data":{"alt":4,"fertility":60,"region":2149,"area":13}},{"x":12,"y":2368,"data":{"alt":4,"fertility":60,"region":2149,"area":13}},{"x":13,"y":2368,"data":{"alt":4,"fertility":60,"region":2149,"area":13}},{"x":14,"y":2368,"data":{"alt":5,"fertility":60,"region":2149,"area":13}},{"x":15,"y":2368,"data":{"alt":5,"fertility":60,"region":2149,"area":13}},{"x":16,"y":2368,"data":{"alt":5,"fertility":60,"region":2149,"area":13}},{"x":17,"y":2368,"data":{"alt":5,"fertility":60,"region":2149,"area":13}},{"x":18,"y":2368,"data":{"alt":4,"fertility":60,"forest":40,"region":2149,"area":13}},{"x":19,"y":2368,"data":{"alt":4,"fertility":60,"forest":40,"region":2149,"area":13}},{"x":20,"y":2368,"data":{"alt":4,"fertility":60,"region":2149,"area":13}},{"x":21,"y":2368,"data":{"alt":4,"fertility":60,"forest":40,"region":2149,"area":13}},{"x":22,"y":2368,"data":{"alt":4,"fertility":60,"forest":40,"region":2149,"area":13}},{"x":23,"y":2368,"data":{"alt":4,"fertility":60,"region":2149,"area":13}},{"x":24,"y":2368,"data":{"alt":3,"fertility":60,"region":2149,"area":13}},{"x":25,"y":2368,"data":{"alt":3,"fertility":60,"region":2149,"area":13}},{"x":26,"y":2368,"data":{"alt":3,"fertility":60,"region":2149,"area":13}},{"x":27,"y":2368,"data":{"alt":2,"fertility":60,"region":2149,"area":13}},{"x":0,"y":2369,"data":{"alt":4,"fertility":60,"region":2149,"area":13}},{"x":1,"y":2369,"data":{"alt":4,"fertility":60,"region":2149,"area":13}},{"x":2,"y":2369,"data":{"alt":4,"fertility":60,"region":2149,"area":13}},{"x":3,"y":2369,"data":{"alt":4,"fertility":60,"region":2149,"area":13}},{"x":4,"y":2369,"data":{"alt":4,"fertility":60,"forest":40,"region":2149,"area":13}},{"x":5,"y":2369,"data":{"alt":4,"fertility":60,"region":2149,"area":13}},{"x":6,"y":2369,"data":{"alt":4,"fertility":60,"forest":20,"region":2149,"area":13}},{"x":7,"y":2369,"data":{"alt":4,"fertility":60,"region":2149,"area":13}},{"x":8,"y":2369,"data":{"alt":4,"fertility":60,"region":2149,"area":13}},{"x":9,"y":2369,"data":{"alt":4,"fertility":60,"region":2149,"area":13}},{"x":10,"y":2369,"data":{"alt":4,"fertility":60,"region":2149,"area":13}},{"x":11,"y":2369,"data":{"alt":4,"fertility":60,"region":2149,"area":13}},{"x":12,"y":2369,"data":{"alt":4,"fertility":60,"region":2149,"area":13}},{"x":13,"y":2369,"data":{"alt":4,"fertility":60,"forest":40,"region":2149,"area":13}},{"x":14,"y":2369,"data":{"alt":5,"fertility":60,"forest":40,"region":2149,"area":13}},{"x":15,"y":2369,"data":{"alt":5,"fertility":60,"region":2149,"area":13}},{"x":16,"y":2369,"data":{"alt":4,"fertility":60,"region":2149,"area":13}},{"x":17,"y":2369,"data":{"alt":4,"fertility":60,"region":2149,"area":13}},{"x":18,"y":2369,"data":{"alt":4,"fertility":60,"region":2149,"area":13}},{"x":19,"y":2369,"data":{"alt":4,"fertility":60,"region":2149,"area":13}},{"x":20,"y":2369,"data":{"alt":4,"fertility":60,"forest":40,"region":2149,"area":13}},{"x":21,"y":2369,"data":{"alt":4,"fertility":60,"region":2149,"area":13}},{"x":22,"y":2369,"data":{"alt":4,"fertility":60,"region":2149,"area":13}},{"x":23,"y":2369,"data":{"alt":3,"fertility":60,"region":2149,"area":13}},{"x":24,"y":2369,"data":{"alt":3,"fertility":60,"region":2149,"area":13}},{"x":25,"y":2369,"data":{"alt":3,"fertility":60,"region":2149,"area":13}},{"x":26,"y":2369,"data":{"alt":2,"fertility":60,"region":2149,"area":13}},{"x":27,"y":2369,"data":{"alt":2,"fertility":60,"region":2149,"area":13}},{"x":0,"y":2370,"data":{"alt":3,"fertility":60,"region":2149,"area":13}},{"x":1,"y":2370,"data":{"alt":4,"fertility":60,"region":2149,"area":13}},{"x":2,"y":2370,"data":{"alt":4,"fertility":60,"region":2149,"area":13}},{"x":3,"y":2370,"data":{"alt":4,"fertility":60,"forest":40,"region":2149,"area":13}},{"x":4,"y":2370,"data":{"alt":4,"fertility":60,"forest":40,"region":2149,"area":13}},{"x":5,"y":2370,"data":{"alt":4,"fertility":60,"region":2149,"area":13}},{"x":6,"y":2370,"data":{"alt":4,"fertility":60,"forest":20,"region":2149,"area":13}},{"x":7,"y":2370,"data":{"alt":4,"fertility":60,"region":2149,"area":13}},{"x":8,"y":2370,"data":{"alt":4,"fertility":60,"region":2149,"area":13}},{"x":9,"y":2370,"data":{"alt":4,"fertility":60,"region":2149,"area":13}},{"x":10,"y":2370,"data":{"alt":3,"fertility":60,"region":2149,"area":13}},{"x":11,"y":2370,"data":{"alt":4,"fertility":60,"region":2149,"area":13}},{"x":12,"y":2370,"data":{"alt":4,"fertility":60,"region":2149,"area":13}},{"x":13,"y":2370,"data":{"alt":4,"fertility":60,"region":2149,"area":13}},{"x":14,"y":2370,"data":{"alt":4,"fertility":60,"region":2149,"area":13}},{"x":15,"y":2370,"data":{"alt":4,"fertility":60,"region":2149,"area":13}},{"x":16,"y":2370,"data":{"alt":4,"fertility":60,"forest":40,"region":2149,"area":13}},{"x":17,"y":2370,"data":{"alt":4,"fertility":60,"region":2149,"area":13}},{"x":18,"y":2370,"data":{"alt":4,"fertility":60,"region":2149,"area":13}},{"x":19,"y":2370,"data":{"alt":4,"fertility":60,"region":2149,"area":13}},{"x":20,"y":2370,"data":{"alt":4,"fertility":60,"region":2149,"area":13}},{"x":21,"y":2370,"data":{"alt":4,"fertility":60,"region":2149,"area":13}},{"x":22,"y":2370,"data":{"alt":3,"fertility":60,"forest":40,"region":2149,"area":13}},{"x":23,"y":2370,"data":{"alt":3,"fertility":60,"region":2149,"area":13}},{"x":24,"y":2370,"data":{"alt":3,"fertility":60,"region":2149,"area":13}},{"x":25,"y":2370,"data":{"alt":2,"fertility":60,"region":2149,"area":13}},{"x":26,"y":2370,"data":{"alt":2,"fertility":60,"region":2149,"area":13}},{"x":27,"y":2370,"data":{"alt":2,"fertility":60,"region":2149,"area":13}},{"x":0,"y":2371,"data":{"alt":4,"fertility":60,"forest":40,"region":2149,"area":13}},{"x":1,"y":2371,"data":{"alt":4,"fertility":60,"forest":40,"region":2149,"area":13}},{"x":2,"y":2371,"data":{"alt":4,"fertility":60,"region":2149,"area":13}},{"x":3,"y":2371,"data":{"alt":4,"fertility":60,"forest":40,"region":2149,"area":13}},{"x":4,"y":2371,"data":{"alt":4,"fertility":60,"forest":40,"region":2149,"area":13}},{"x":5,"y":2371,"data":{"alt":4,"fertility":60,"forest":40,"region":2149,"area":13}},{"x":6,"y":2371,"data":{"alt":4,"fertility":60,"region":2149,"area":13}},{"x":7,"y":2371,"data":{"alt":4,"fertility":60,"region":2149,"area":13}},{"x":8,"y":2371,"data":{"alt":3,"fertility":60,"region":2149,"area":13}},{"x":9,"y":2371,"data":{"alt":3,"fertility":60,"region":2149,"area":13}},{"x":10,"y":2371,"data":{"alt":3,"fertility":60,"region":2149,"area":13}},{"x":11,"y":2371,"data":{"alt":3,"fertility":60,"region":2149,"area":13}},{"x":12,"y":2371,"data":{"alt":4,"fertility":60,"region":2149,"area":13}},{"x":13,"y":2371,"data":{"alt":4,"fertility":60,"region":2149,"area":13}},{"x":14,"y":2371,"data":{"alt":4,"fertility":60,"region":2149,"area":13}},{"x":15,"y":2371,"data":{"alt":4,"fertility":60,"region":2149,"area":13}},{"x":16,"y":2371,"data":{"alt":4,"fertility":60,"forest":40,"region":2149,"area":13}},{"x":17,"y":2371,"data":{"alt":4,"fertility":60,"region":2149,"area":13}},{"x":18,"y":2371,"data":{"alt":4,"fertility":60,"region":2149,"area":13}},{"x":19,"y":2371,"data":{"alt":4,"fertility":60,"region":2149,"area":13}},{"x":20,"y":2371,"data":{"alt":4,"fertility":60,"region":2149,"area":13}},{"x":21,"y":2371,"data":{"alt":3,"fertility":60,"region":2149,"area":13}},{"x":22,"y":2371,"data":{"alt":3,"fertility":60,"region":2149,"area":13}},{"x":23,"y":2371,"data":{"alt":3,"fertility":60,"region":2149,"area":13}},{"x":24,"y":2371,"data":{"alt":3,"fertility":60,"region":2149,"area":13}},{"x":25,"y":2371,"data":{"alt":2,"fertility":60,"region":2149,"area":13}},{"x":26,"y":2371,"data":{"alt":2,"fertility":60,"region":2149,"area":13}},{"x":27,"y":2371,"data":{"alt":2,"fertility":60,"region":2149,"area":13}},{"x":28,"y":2371,"data":{"alt":2,"fertility":60,"region":2149,"area":13}},{"x":0,"y":2372,"data":{"alt":4,"fertility":60,"region":2149,"area":13}},{"x":1,"y":2372,"data":{"alt":4,"fertility":60,"region":2149,"area":13}},{"x":2,"y":2372,"data":{"alt":4,"fertility":60,"forest":40,"region":2149,"area":13}},{"x":3,"y":2372,"data":{"alt":4,"fertility":60,"region":2149,"area":13}},{"x":4,"y":2372,"data":{"alt":4,"fertility":60,"region":2149,"area":13}},{"x":5,"y":2372,"data":{"alt":4,"fertility":60,"region":2149,"area":13}},{"x":6,"y":2372,"data":{"alt":4,"fertility":60,"region":2149,"area":13}},{"x":7,"y":2372,"data":{"alt":3,"fertility":60,"region":2149,"area":13}},{"x":8,"y":2372,"data":{"alt":3,"fertility":60,"region":2149,"area":13}},{"x":9,"y":2372,"data":{"alt":3,"fertility":60,"region":2149,"area":13}},{"x":10,"y":2372,"data":{"alt":3,"fertility":60,"forest":20,"region":2149,"area":13}},{"x":11,"y":2372,"data":{"alt":3,"fertility":60,"region":2149,"area":13}},{"x":12,"y":2372,"data":{"alt":3,"fertility":60,"region":2149,"area":13}},{"x":13,"y":2372,"data":{"alt":4,"fertility":60,"region":2149,"area":13}},{"x":14,"y":2372,"data":{"alt":4,"fertility":60,"forest":20,"region":2149,"area":13}},{"x":15,"y":2372,"data":{"alt":4,"fertility":60,"region":2149,"area":13}},{"x":16,"y":2372,"data":{"alt":4,"fertility":60,"region":2149,"area":13}},{"x":17,"y":2372,"data":{"alt":4,"fertility":60,"region":2149,"area":13}},{"x":18,"y":2372,"data":{"alt":4,"fertility":60,"region":2149,"area":13}},{"x":19,"y":2372,"data":{"alt":3,"fertility":60,"region":2149,"area":13}},{"x":20,"y":2372,"data":{"alt":3,"fertility":60,"region":2149,"area":13}},{"x":21,"y":2372,"data":{"alt":4,"fertility":60,"region":2149,"area":13}},{"x":22,"y":2372,"data":{"alt":3,"fertility":60,"region":2149,"area":13}},{"x":23,"y":2372,"data":{"alt":3,"fertility":60,"region":2149,"area":13}},{"x":24,"y":2372,"data":{"alt":2,"fertility":60,"region":2149,"area":13}},{"x":25,"y":2372,"data":{"alt":2,"fertility":60,"region":2149,"area":13}},{"x":26,"y":2372,"data":{"alt":2,"fertility":60,"region":2149,"area":13}},{"x":27,"y":2372,"data":{"alt":2,"fertility":60,"region":2149,"area":13}},{"x":28,"y":2372,"data":{"alt":2,"fertility":60,"region":2149,"area":13}},{"x":0,"y":2373,"data":{"alt":4,"fertility":60,"forest":20,"region":2149,"area":13}},{"x":1,"y":2373,"data":{"alt":4,"fertility":60,"region":2149,"area":13}},{"x":2,"y":2373,"data":{"alt":4,"fertility":60,"region":2149,"area":13}},{"x":3,"y":2373,"data":{"alt":4,"fertility":60,"region":2149,"area":13}},{"x":4,"y":2373,"data":{"alt":3,"fertility":60,"region":2149,"area":13}},{"x":5,"y":2373,"data":{"alt":4,"fertility":60,"forest":40,"region":2149,"area":13}},{"x":6,"y":2373,"data":{"alt":4,"fertility":60,"region":2149,"area":13}},{"x":7,"y":2373,"data":{"alt":3,"fertility":60,"region":2149,"area":13}},{"x":8,"y":2373,"data":{"alt":3,"fertility":60,"region":2149,"area":13}},{"x":9,"y":2373,"data":{"alt":3,"fertility":60,"region":2149,"area":13}},{"x":10,"y":2373,"data":{"alt":3,"fertility":60,"region":2149,"area":13}},{"x":11,"y":2373,"data":{"alt":3,"fertility":60,"region":2149,"area":13}},{"x":12,"y":2373,"data":{"alt":3,"fertility":60,"forest":20,"region":2149,"area":13}},{"x":13,"y":2373,"data":{"alt":3,"fertility":60,"forest":20,"region":2149,"area":13}},{"x":14,"y":2373,"data":{"alt":4,"fertility":60,"region":2149,"area":13}},{"x":15,"y":2373,"data":{"alt":4,"fertility":60,"region":2149,"area":13}},{"x":16,"y":2373,"data":{"alt":4,"fertility":60,"region":2149,"area":13}},{"x":17,"y":2373,"data":{"alt":4,"fertility":60,"region":2149,"area":13}},{"x":18,"y":2373,"data":{"alt":4,"fertility":60,"region":2149,"area":13}},{"x":19,"y":2373,"data":{"alt":4,"fertility":60,"region":2149,"area":13}},{"x":20,"y":2373,"data":{"alt":3,"fertility":60,"region":2149,"area":13}},{"x":21,"y":2373,"data":{"alt":3,"fertility":60,"region":2149,"area":13}},{"x":22,"y":2373,"data":{"alt":3,"fertility":60,"region":2149,"area":13}},{"x":23,"y":2373,"data":{"alt":3,"fertility":60,"region":2149,"area":13}},{"x":24,"y":2373,"data":{"alt":3,"fertility":60,"region":2149,"area":13}},{"x":25,"y":2373,"data":{"alt":2,"fertility":60,"region":2149,"area":13}},{"x":27,"y":2373,"data":{"alt":2,"fertility":60,"region":2149,"area":13}},{"x":0,"y":2374,"data":{"alt":4,"fertility":60,"region":2149,"area":13}},{"x":1,"y":2374,"data":{"alt":4,"fertility":60,"forest":20,"region":2149,"area":13}},{"x":2,"y":2374,"data":{"alt":4,"fertility":60,"region":2149,"area":13}},{"x":3,"y":2374,"data":{"alt":4,"fertility":60,"region":2149,"area":13}},{"x":4,"y":2374,"data":{"alt":4,"fertility":60,"region":2149,"area":13}},{"x":5,"y":2374,"data":{"alt":4,"fertility":60,"forest":40,"region":2149,"area":13}},{"x":6,"y":2374,"data":{"alt":4,"fertility":60,"region":2149,"area":13}},{"x":7,"y":2374,"data":{"alt":3,"fertility":60,"region":2149,"area":13}},{"x":8,"y":2374,"data":{"alt":3,"fertility":60,"region":2149,"area":13}},{"x":9,"y":2374,"data":{"alt":3,"fertility":60,"region":2149,"area":13}},{"x":10,"y":2374,"data":{"alt":3,"fertility":60,"region":2149,"area":13}},{"x":11,"y":2374,"data":{"alt":3,"fertility":60,"region":2149,"area":13}},{"x":12,"y":2374,"data":{"alt":3,"fertility":60,"region":2149,"area":13}},{"x":13,"y":2374,"data":{"alt":3,"fertility":60,"region":2149,"area":13}},{"x":14,"y":2374,"data":{"alt":3,"fertility":60,"region":2149,"area":13}},{"x":15,"y":2374,"data":{"alt":4,"fertility":60,"region":2149,"area":13}},{"x":16,"y":2374,"data":{"alt":4,"fertility":60,"region":2149,"area":13}},{"x":17,"y":2374,"data":{"alt":4,"fertility":60,"region":2149,"area":13}},{"x":18,"y":2374,"data":{"alt":3,"fertility":60,"region":2149,"area":13}},{"x":19,"y":2374,"data":{"alt":4,"fertility":60,"region":2149,"area":13}},{"x":20,"y":2374,"data":{"alt":3,"fertility":60,"region":2149,"area":13}},{"x":21,"y":2374,"data":{"alt":3,"fertility":60,"region":2149,"area":13}},{"x":22,"y":2374,"data":{"alt":3,"fertility":60,"region":2149,"area":13}},{"x":23,"y":2374,"data":{"alt":3,"fertility":60,"region":2149,"area":13}},{"x":24,"y":2374,"data":{"alt":2,"fertility":60,"region":2149,"area":13}},{"x":0,"y":2375,"data":{"alt":4,"fertility":60,"region":2149,"area":13}},{"x":1,"y":2375,"data":{"alt":4,"fertility":60,"forest":20,"region":2149,"area":13}},{"x":2,"y":2375,"data":{"alt":4,"fertility":60,"region":2149,"area":13}},{"x":3,"y":2375,"data":{"alt":3,"fertility":60,"region":2149,"area":13}},{"x":4,"y":2375,"data":{"alt":3,"fertility":60,"region":2149,"area":13}},{"x":5,"y":2375,"data":{"alt":4,"fertility":60,"forest":40,"region":2149,"area":13}},{"x":6,"y":2375,"data":{"alt":4,"fertility":60,"region":2149,"area":13}},{"x":7,"y":2375,"data":{"alt":3,"fertility":60,"region":2149,"area":13}},{"x":8,"y":2375,"data":{"alt":3,"fertility":60,"region":2149,"area":13}},{"x":9,"y":2375,"data":{"alt":3,"fertility":60,"region":2149,"area":13}},{"x":10,"y":2375,"data":{"alt":3,"fertility":60,"region":2149,"area":13}},{"x":11,"y":2375,"data":{"alt":3,"fertility":60,"region":2149,"area":13}},{"x":12,"y":2375,"data":{"alt":3,"fertility":60,"region":2149,"area":13}},{"x":13,"y":2375,"data":{"alt":3,"fertility":60,"region":2149,"area":13}},{"x":14,"y":2375,"data":{"alt":3,"fertility":60,"region":2149,"area":13}},{"x":15,"y":2375,"data":{"alt":3,"fertility":60,"region":2149,"area":13}},{"x":16,"y":2375,"data":{"alt":3,"fertility":60,"region":2149,"area":13}},{"x":17,"y":2375,"data":{"alt":4,"fertility":60,"region":2149,"area":13}},{"x":18,"y":2375,"data":{"alt":4,"fertility":60,"region":2149,"area":13}},{"x":19,"y":2375,"data":{"alt":3,"fertility":60,"region":2149,"area":13}},{"x":20,"y":2375,"data":{"alt":3,"fertility":60,"region":2149,"area":13}},{"x":21,"y":2375,"data":{"alt":3,"fertility":60,"region":2149,"area":13}},{"x":22,"y":2375,"data":{"alt":3,"fertility":60,"region":2149,"area":13}},{"x":23,"y":2375,"data":{"alt":5,"fertility":60,"region":2149,"area":13}},{"x":24,"y":2375,"data":{"alt":2,"fertility":60,"region":2149,"area":13}},{"x":25,"y":2375,"data":{"alt":2,"fertility":60,"region":2149,"area":13}},{"x":26,"y":2375,"data":{"alt":2,"fertility":60,"region":2149,"area":13}},{"x":27,"y":2375,"data":{"alt":1,"fertility":60,"region":2149,"area":13}},{"x":28,"y":2375,"data":{"alt":2,"fertility":60,"region":2149,"area":13}},{"x":0,"y":2376,"data":{"alt":4,"fertility":60,"region":2149,"area":13}},{"x":1,"y":2376,"data":{"alt":4,"fertility":60,"forest":20,"region":2149,"area":13}},{"x":2,"y":2376,"data":{"alt":4,"fertility":60,"region":2149,"area":13}},{"x":3,"y":2376,"data":{"alt":3,"fertility":60,"region":2149,"area":13}},{"x":4,"y":2376,"data":{"alt":3,"fertility":60,"region":2149,"area":13}},{"x":5,"y":2376,"data":{"alt":3,"fertility":60,"forest":40,"region":2149,"area":13}},{"x":6,"y":2376,"data":{"alt":4,"fertility":60,"region":2149,"area":13}},{"x":7,"y":2376,"data":{"alt":3,"fertility":60,"region":2149,"area":13}},{"x":8,"y":2376,"data":{"alt":3,"fertility":60,"region":2149,"area":13}},{"x":9,"y":2376,"data":{"alt":3,"fertility":60,"region":2149,"area":13}},{"x":10,"y":2376,"data":{"alt":3,"fertility":60,"region":2149,"area":13}},{"x":11,"y":2376,"data":{"alt":3,"fertility":60,"region":2149,"area":13}},{"x":12,"y":2376,"data":{"alt":3,"fertility":60,"region":2149,"area":13}},{"x":13,"y":2376,"data":{"alt":3,"fertility":60,"region":2149,"area":13}},{"x":14,"y":2376,"data":{"alt":3,"fertility":60,"region":2149,"area":13}},{"x":15,"y":2376,"data":{"alt":3,"fertility":60,"region":2149,"area":13}},{"x":16,"y":2376,"data":{"alt":3,"fertility":60,"forest":40,"region":2149,"area":13}},{"x":17,"y":2376,"data":{"alt":3,"fertility":60,"region":2149,"area":13}},{"x":18,"y":2376,"data":{"alt":4,"fertility":60,"region":2149,"area":13}},{"x":19,"y":2376,"data":{"alt":3,"fertility":60,"region":2149,"area":13}},{"x":20,"y":2376,"data":{"alt":4,"fertility":60,"forest":40,"region":2149,"area":13}},{"x":21,"y":2376,"data":{"alt":3,"fertility":60,"region":2149,"area":13}},{"x":22,"y":2376,"data":{"alt":3,"fertility":60,"region":2149,"area":13}},{"x":23,"y":2376,"data":{"alt":3,"fertility":60,"region":2149,"area":13}},{"x":26,"y":2376,"data":{"alt":2,"fertility":60,"region":2149,"area":13}},{"x":28,"y":2376,"data":{"alt":1,"fertility":60,"region":2149,"area":13}},{"x":0,"y":2377,"data":{"alt":4,"fertility":60,"region":2149,"area":13}},{"x":1,"y":2377,"data":{"alt":4,"fertility":60,"region":2149,"area":13}},{"x":2,"y":2377,"data":{"alt":4,"fertility":60,"region":2149,"area":13}},{"x":3,"y":2377,"data":{"alt":3,"fertility":60,"region":2149,"area":13}},{"x":4,"y":2377,"data":{"alt":3,"fertility":60,"region":2149,"area":13}},{"x":5,"y":2377,"data":{"alt":3,"fertility":60,"region":2149,"area":13}},{"x":6,"y":2377,"data":{"alt":3,"fertility":60,"region":2149,"area":13}},{"x":7,"y":2377,"data":{"alt":3,"fertility":60,"region":2149,"area":13}},{"x":8,"y":2377,"data":{"alt":4,"fertility":60,"region":2149,"area":13}},{"x":9,"y":2377,"data":{"alt":3,"fertility":60,"region":2149,"area":13}},{"x":10,"y":2377,"data":{"alt":3,"fertility":60,"region":2149,"area":13}},{"x":11,"y":2377,"data":{"alt":3,"fertility":60,"region":2149,"area":13}},{"x":12,"y":2377,"data":{"alt":3,"fertility":60,"forest":40,"region":2149,"area":13}},{"x":13,"y":2377,"data":{"alt":3,"fertility":60,"region":2149,"area":13}},{"x":14,"y":2377,"data":{"alt":3,"fertility":60,"region":2149,"area":13}},{"x":15,"y":2377,"data":{"alt":3,"fertility":60,"forest":40,"region":2149,"area":13}},{"x":16,"y":2377,"data":{"alt":3,"fertility":60,"region":2149,"area":13}},{"x":17,"y":2377,"data":{"alt":3,"fertility":60,"region":2149,"area":13}},{"x":18,"y":2377,"data":{"alt":4,"fertility":60,"region":2149,"area":13}},{"x":19,"y":2377,"data":{"alt":3,"fertility":60,"region":2149,"area":13}},{"x":20,"y":2377,"data":{"alt":3,"fertility":60,"region":2149,"area":13}},{"x":21,"y":2377,"data":{"alt":3,"fertility":60,"region":2149,"area":13}},{"x":22,"y":2377,"data":{"alt":2,"fertility":60,"region":2149,"area":13}},{"x":23,"y":2377,"data":{"alt":2,"fertility":60,"region":2149,"area":13}},{"x":0,"y":2378,"data":{"alt":3,"fertility":60,"region":2149,"area":13}},{"x":1,"y":2378,"data":{"alt":3,"fertility":60,"region":2149,"area":13}},{"x":2,"y":2378,"data":{"alt":3,"fertility":60,"region":2149,"area":13}},{"x":3,"y":2378,"data":{"alt":3,"fertility":60,"region":2149,"area":13}},{"x":4,"y":2378,"data":{"alt":3,"fertility":60,"region":2149,"area":13}},{"x":5,"y":2378,"data":{"alt":3,"fertility":60,"region":2149,"area":13}},{"x":6,"y":2378,"data":{"alt":2,"fertility":60,"forest":40,"region":2149,"area":13}},{"x":7,"y":2378,"data":{"alt":3,"fertility":60,"region":2149,"area":13}},{"x":8,"y":2378,"data":{"alt":3,"fertility":60,"region":2149,"area":13}},{"x":9,"y":2378,"data":{"alt":2,"fertility":60,"region":2149,"area":13}},{"x":10,"y":2378,"data":{"alt":3,"fertility":60,"forest":40,"region":2149,"area":13}},{"x":11,"y":2378,"data":{"alt":3,"fertility":60,"region":2149,"area":13}},{"x":12,"y":2378,"data":{"alt":3,"fertility":60,"region":2149,"area":13}},{"x":13,"y":2378,"data":{"alt":3,"fertility":60,"region":2149,"area":13}},{"x":14,"y":2378,"data":{"alt":2,"fertility":60,"region":2149,"area":13}},{"x":15,"y":2378,"data":{"alt":3,"fertility":60,"region":2149,"area":13}},{"x":16,"y":2378,"data":{"alt":4,"fertility":60,"region":2149,"area":13}},{"x":17,"y":2378,"data":{"alt":3,"fertility":60,"forest":40,"region":2149,"area":13}},{"x":18,"y":2378,"data":{"alt":3,"fertility":60,"region":2149,"area":13}},{"x":19,"y":2378,"data":{"alt":3,"fertility":60,"region":2149,"area":13}},{"x":20,"y":2378,"data":{"alt":2,"fertility":60,"region":2149,"area":13}},{"x":21,"y":2378,"data":{"alt":2,"fertility":60,"region":2149,"area":13}},{"x":22,"y":2378,"data":{"alt":2,"fertility":60,"region":2149,"area":13}},{"x":23,"y":2378,"data":{"alt":1,"fertility":60,"region":2149,"area":13}},{"x":0,"y":2379,"data":{"alt":3,"fertility":60,"forest":40,"region":2149,"area":13}},{"x":1,"y":2379,"data":{"alt":2,"fertility":60,"region":2149,"area":13}},{"x":2,"y":2379,"data":{"alt":2,"fertility":60,"region":2149,"area":13}},{"x":3,"y":2379,"data":{"alt":3,"fertility":60,"region":2149,"area":13}},{"x":4,"y":2379,"data":{"alt":3,"fertility":60,"region":2149,"area":13}},{"x":5,"y":2379,"data":{"alt":2,"fertility":60,"forest":40,"region":2149,"area":13}},{"x":6,"y":2379,"data":{"alt":2,"fertility":60,"region":2149,"area":13}},{"x":7,"y":2379,"data":{"alt":2,"fertility":60,"region":2149,"area":13}},{"x":8,"y":2379,"data":{"alt":3,"fertility":60,"region":2149,"area":13}},{"x":9,"y":2379,"data":{"alt":2,"fertility":60,"region":2149,"area":13}},{"x":10,"y":2379,"data":{"alt":2,"fertility":60,"region":2149,"area":13}},{"x":11,"y":2379,"data":{"alt":3,"fertility":60,"region":2149,"area":13}},{"x":12,"y":2379,"data":{"alt":2,"fertility":60,"region":2149,"area":13}},{"x":13,"y":2379,"data":{"alt":2,"fertility":60,"region":2149,"area":13}},{"x":14,"y":2379,"data":{"alt":3,"fertility":60,"region":2149,"area":13}},{"x":15,"y":2379,"data":{"alt":2,"fertility":60,"region":2149,"area":13}},{"x":16,"y":2379,"data":{"alt":3,"fertility":60,"region":2149,"area":13}},{"x":17,"y":2379,"data":{"alt":3,"fertility":60,"region":2149,"area":13}},{"x":18,"y":2379,"data":{"alt":3,"fertility":60,"region":2149,"area":13}},{"x":19,"y":2379,"data":{"alt":2,"fertility":60,"region":2149,"area":13}},{"x":20,"y":2379,"data":{"alt":2,"fertility":60,"region":2149,"area":13}},{"x":21,"y":2379,"data":{"alt":2,"fertility":60,"region":2149,"area":13}},{"x":22,"y":2379,"data":{"alt":1,"fertility":60,"region":2149,"area":13}},{"x":23,"y":2379,"data":{"alt":1,"fertility":60,"region":2149,"area":13}},{"x":24,"y":2379,"data":{"alt":1,"fertility":60,"region":2149,"area":13}},{"x":0,"y":2380,"data":{"alt":2,"fertility":60,"region":2149,"area":13}},{"x":1,"y":2380,"data":{"alt":2,"fertility":60,"region":2149,"area":13}},{"x":2,"y":2380,"data":{"alt":2,"fertility":60,"region":2149,"area":13}},{"x":3,"y":2380,"data":{"alt":2,"fertility":60,"region":2149,"area":13}},{"x":4,"y":2380,"data":{"alt":2,"fertility":60,"region":2149,"area":13}},{"x":5,"y":2380,"data":{"alt":2,"fertility":60,"region":2149,"area":13}},{"x":6,"y":2380,"data":{"alt":2,"fertility":60,"region":2149,"area":13}},{"x":7,"y":2380,"data":{"alt":2,"fertility":60,"region":2149,"area":13}},{"x":8,"y":2380,"data":{"alt":2,"fertility":60,"forest":20,"region":2149,"area":13}},{"x":9,"y":2380,"data":{"alt":2,"fertility":60,"region":2149,"area":13}},{"x":10,"y":2380,"data":{"alt":2,"fertility":60,"region":2149,"area":13}},{"x":11,"y":2380,"data":{"alt":2,"fertility":60,"region":2149,"area":13}},{"x":12,"y":2380,"data":{"alt":2,"fertility":60,"region":2149,"area":13}},{"x":13,"y":2380,"data":{"alt":2,"fertility":60,"region":2149,"area":13}},{"x":14,"y":2380,"data":{"alt":2,"fertility":60,"region":2149,"area":13}},{"x":15,"y":2380,"data":{"alt":3,"fertility":60,"region":2149,"area":13}},{"x":16,"y":2380,"data":{"alt":2,"fertility":60,"forest":20,"region":2149,"area":13}},{"x":17,"y":2380,"data":{"alt":2,"fertility":60,"region":2149,"area":13}},{"x":18,"y":2380,"data":{"alt":2,"fertility":60,"region":2149,"area":13}},{"x":19,"y":2380,"data":{"alt":2,"fertility":60,"region":2149,"area":13}},{"x":20,"y":2380,"data":{"alt":2,"fertility":60,"region":2149,"area":13}},{"x":21,"y":2380,"data":{"alt":2,"fertility":60,"region":2149,"area":13}},{"x":22,"y":2380,"data":{"alt":1,"fertility":60,"region":2149,"area":13}},{"x":23,"y":2380,"data":{"alt":1,"fertility":60,"region":2149,"area":13}},{"x":0,"y":2381,"data":{"alt":2,"fertility":60,"region":2149,"area":13}},{"x":1,"y":2381,"data":{"alt":2,"fertility":60,"region":2149,"area":13}},{"x":2,"y":2381,"data":{"alt":2,"fertility":60,"region":2149,"area":13}},{"x":3,"y":2381,"data":{"alt":2,"fertility":60,"region":2149,"area":13}},{"x":4,"y":2381,"data":{"alt":2,"fertility":60,"region":2149,"area":13}},{"x":5,"y":2381,"data":{"alt":2,"fertility":60,"region":2149,"area":13}},{"x":6,"y":2381,"data":{"alt":2,"fertility":60,"forest":20,"region":2149,"area":13}},{"x":7,"y":2381,"data":{"alt":2,"fertility":60,"region":2149,"area":13}},{"x":8,"y":2381,"data":{"alt":2,"fertility":60,"region":2149,"area":13}},{"x":9,"y":2381,"data":{"alt":2,"fertility":60,"region":2149,"area":13}},{"x":10,"y":2381,"data":{"alt":2,"fertility":60,"region":2149,"area":13}},{"x":11,"y":2381,"data":{"alt":2,"fertility":60,"region":2149,"area":13}},{"x":12,"y":2381,"data":{"alt":2,"fertility":60,"region":2149,"area":13}},{"x":13,"y":2381,"data":{"alt":2,"fertility":60,"region":2149,"area":13}},{"x":14,"y":2381,"data":{"alt":2,"fertility":60,"region":2149,"area":13}},{"x":15,"y":2381,"data":{"alt":2,"fertility":60,"region":2149,"area":13}},{"x":16,"y":2381,"data":{"alt":2,"fertility":60,"region":2149,"area":13}},{"x":17,"y":2381,"data":{"alt":2,"fertility":60,"region":2149,"area":13}},{"x":18,"y":2381,"data":{"alt":2,"fertility":60,"region":2149,"area":13}},{"x":19,"y":2381,"data":{"alt":2,"fertility":60,"region":2149,"area":13}},{"x":20,"y":2381,"data":{"alt":2,"fertility":60,"region":2149,"area":13}},{"x":21,"y":2381,"data":{"alt":2,"fertility":60,"region":2149,"area":13}},{"x":22,"y":2381,"data":{"alt":1,"fertility":60,"region":2149,"area":13}},{"x":23,"y":2381,"data":{"alt":1,"fertility":60,"region":2149,"area":13}},{"x":0,"y":2382,"data":{"alt":2,"fertility":60,"region":2149,"area":13}},{"x":1,"y":2382,"data":{"alt":2,"fertility":60,"region":2149,"area":13}},{"x":2,"y":2382,"data":{"alt":1,"fertility":60,"region":2149,"area":13}},{"x":3,"y":2382,"data":{"alt":2,"fertility":60,"region":2149,"area":13}},{"x":4,"y":2382,"data":{"alt":2,"fertility":60,"region":2149,"area":13}},{"x":5,"y":2382,"data":{"alt":2,"fertility":60,"region":2149,"area":13}},{"x":6,"y":2382,"data":{"alt":2,"fertility":60,"region":2149,"area":13}},{"x":7,"y":2382,"data":{"alt":2,"fertility":60,"region":2149,"area":13}},{"x":8,"y":2382,"data":{"alt":2,"fertility":60,"forest":20,"region":2149,"area":13}},{"x":9,"y":2382,"data":{"alt":2,"fertility":60,"region":2149,"area":13}},{"x":10,"y":2382,"data":{"alt":2,"fertility":60,"region":2149,"area":13}},{"x":11,"y":2382,"data":{"alt":2,"fertility":60,"region":2149,"area":13}},{"x":12,"y":2382,"data":{"alt":2,"fertility":60,"region":2149,"area":13}},{"x":13,"y":2382,"data":{"alt":2,"fertility":60,"region":2149,"area":13}},{"x":14,"y":2382,"data":{"alt":2,"fertility":60,"region":2149,"area":13}},{"x":15,"y":2382,"data":{"alt":2,"fertility":60,"region":2149,"area":13}},{"x":16,"y":2382,"data":{"alt":2,"fertility":60,"region":2149,"area":13}},{"x":17,"y":2382,"data":{"alt":2,"fertility":60,"region":2149,"area":13}},{"x":18,"y":2382,"data":{"alt":1,"fertility":60,"region":2149,"area":13}},{"x":19,"y":2382,"data":{"alt":1,"fertility":60,"region":2149,"area":13}},{"x":20,"y":2382,"data":{"alt":1,"fertility":60,"region":2149,"area":13}},{"x":21,"y":2382,"data":{"alt":1,"fertility":60,"region":2149,"area":13}},{"x":22,"y":2382,"data":{"alt":1,"fertility":60,"region":2149,"area":13}},{"x":23,"y":2382,"data":{"alt":1,"fertility":60,"region":2149,"area":13}},{"x":0,"y":2383,"data":{"alt":2,"fertility":60,"region":2149,"area":13}},{"x":1,"y":2383,"data":{"alt":2,"fertility":60,"region":2149,"area":13}},{"x":2,"y":2383,"data":{"alt":1,"fertility":60,"region":2149,"area":13}},{"x":3,"y":2383,"data":{"alt":2,"fertility":60,"region":2149,"area":13}},{"x":4,"y":2383,"data":{"alt":1,"fertility":60,"region":2149,"area":13}},{"x":5,"y":2383,"data":{"alt":2,"fertility":60,"region":2149,"area":13}},{"x":6,"y":2383,"data":{"alt":2,"fertility":60,"region":2149,"area":13}},{"x":7,"y":2383,"data":{"alt":2,"fertility":60,"region":2149,"area":13}},{"x":8,"y":2383,"data":{"alt":2,"fertility":60,"region":2149,"area":13}},{"x":9,"y":2383,"data":{"alt":2,"fertility":60,"region":2149,"area":13}},{"x":10,"y":2383,"data":{"alt":2,"fertility":60,"region":2149,"area":13}},{"x":11,"y":2383,"data":{"alt":2,"fertility":60,"region":2149,"area":13}},{"x":12,"y":2383,"data":{"alt":2,"fertility":60,"region":2149,"area":13}},{"x":13,"y":2383,"data":{"alt":2,"fertility":60,"region":2149,"area":13}},{"x":14,"y":2383,"data":{"alt":2,"fertility":60,"region":2149,"area":13}},{"x":15,"y":2383,"data":{"alt":2,"fertility":60,"region":2149,"area":13}},{"x":16,"y":2383,"data":{"alt":1,"fertility":60,"region":2149,"area":13}},{"x":17,"y":2383,"data":{"alt":1,"fertility":60,"region":2149,"area":13}},{"x":18,"y":2383,"data":{"alt":1,"fertility":60,"region":2149,"area":13}},{"x":19,"y":2383,"data":{"alt":1,"fertility":60,"region":2149,"area":13}},{"x":0,"y":2384,"data":{"alt":1,"fertility":60,"region":2149,"area":13}},{"x":1,"y":2384,"data":{"alt":1,"fertility":60,"region":2149,"area":13}},{"x":2,"y":2384,"data":{"alt":1,"fertility":60,"region":2149,"area":13}},{"x":3,"y":2384,"data":{"alt":1,"fertility":60,"region":2149,"area":13}},{"x":4,"y":2384,"data":{"alt":1,"fertility":60,"region":2149,"area":13}},{"x":5,"y":2384,"data":{"alt":1,"fertility":60,"region":2149,"area":13}},{"x":6,"y":2384,"data":{"alt":2,"fertility":60,"region":2149,"area":13}},{"x":7,"y":2384,"data":{"alt":2,"fertility":60,"region":2149,"area":13}},{"x":8,"y":2384,"data":{"alt":2,"fertility":60,"region":2149,"area":13}},{"x":9,"y":2384,"data":{"alt":2,"fertility":60,"region":2149,"area":13}},{"x":10,"y":2384,"data":{"alt":1,"fertility":60,"region":2149,"area":13}},{"x":11,"y":2384,"data":{"alt":2,"fertility":60,"forest":40,"region":2149,"area":13}},{"x":12,"y":2384,"data":{"alt":2,"fertility":60,"region":2149,"area":13}},{"x":13,"y":2384,"data":{"alt":2,"fertility":60,"region":2149,"area":13}},{"x":14,"y":2384,"data":{"alt":1,"fertility":60,"region":2149,"area":13}},{"x":15,"y":2384,"data":{"alt":1,"fertility":60,"region":2149,"area":13}},{"x":1,"y":2385,"data":{"alt":1,"fertility":60,"region":2149,"area":13}},{"x":2,"y":2385,"data":{"alt":1,"fertility":60,"region":2149,"area":13}},{"x":3,"y":2385,"data":{"alt":1,"fertility":60,"region":2149,"area":13}},{"x":4,"y":2385,"data":{"alt":1,"fertility":60,"region":2149,"area":13}},{"x":5,"y":2385,"data":{"alt":1,"fertility":60,"region":2149,"area":13}},{"x":6,"y":2385,"data":{"alt":1,"fertility":60,"region":2149,"area":13}},{"x":7,"y":2385,"data":{"alt":1,"fertility":60,"region":2149,"area":13}},{"x":8,"y":2385,"data":{"alt":1,"fertility":60,"region":2149,"area":13}},{"x":9,"y":2385,"data":{"alt":1,"fertility":60,"region":2149,"area":13}},{"x":10,"y":2385,"data":{"alt":1,"fertility":60,"region":2149,"area":13}},{"x":11,"y":2385,"data":{"alt":2,"fertility":60,"region":2149,"area":13}},{"x":12,"y":2385,"data":{"alt":1,"fertility":60,"region":2149,"area":13}},{"x":13,"y":2385,"data":{"alt":1,"fertility":60,"region":2149,"area":13}},{"x":14,"y":2385,"data":{"alt":1,"fertility":60,"region":2149,"area":13}},{"x":15,"y":2385,"data":{"alt":1,"fertility":60,"region":2149,"area":13}},{"x":1,"y":2386,"data":{"alt":1,"fertility":60,"region":2149,"area":13}},{"x":2,"y":2386,"data":{"alt":1,"fertility":60,"forest":20,"region":2149,"area":13}},{"x":3,"y":2386,"data":{"alt":1,"fertility":60,"region":2149,"area":13}},{"x":5,"y":2386,"data":{"alt":1,"fertility":60,"region":2149,"area":13}},{"x":6,"y":2386,"data":{"alt":1,"fertility":60,"region":2149,"area":13}},{"x":7,"y":2386,"data":{"alt":1,"fertility":60,"forest":20,"region":2149,"area":13}},{"x":8,"y":2386,"data":{"alt":1,"fertility":60,"region":2149,"area":13}},{"x":9,"y":2386,"data":{"alt":1,"fertility":60,"region":2149,"area":13}},{"x":10,"y":2386,"data":{"alt":1,"fertility":60,"region":2149,"area":13}},{"x":11,"y":2386,"data":{"alt":1,"fertility":60,"region":2149,"area":13}},{"x":12,"y":2386,"data":{"alt":1,"fertility":60,"region":2149,"area":13}},{"x":13,"y":2386,"data":{"alt":1,"fertility":60,"region":2149,"area":13}},{"x":14,"y":2386,"data":{"alt":1,"fertility":60,"region":2149,"area":13}},{"x":3,"y":2387,"data":{"alt":1,"fertility":60,"region":2149,"area":13}},{"x":5,"y":2387,"data":{"alt":1,"fertility":60,"region":2149,"area":13}},{"x":6,"y":2387,"data":{"alt":1,"fertility":60,"region":2149,"area":13}},{"x":7,"y":2387,"data":{"alt":1,"fertility":60,"region":2149,"area":13}},{"x":8,"y":2387,"data":{"alt":1,"fertility":60,"region":2149,"area":13}},{"x":9,"y":2387,"data":{"alt":1,"fertility":60,"region":2149,"area":13}},{"x":10,"y":2387,"data":{"alt":1,"fertility":60,"region":2149,"area":13}},{"x":11,"y":2387,"data":{"alt":1,"fertility":60,"region":2149,"area":13}},{"x":12,"y":2387,"data":{"alt":1,"fertility":60,"region":2149,"area":13}},{"x":13,"y":2387,"data":{"alt":1,"fertility":60,"region":2149,"area":13}},{"x":14,"y":2387,"data":{"alt":1,"fertility":60,"region":2149,"area":13}},{"x":8,"y":2388,"data":{"alt":1,"fertility":60,"region":2149,"area":13}},{"x":9,"y":2388,"data":{"alt":1,"fertility":60,"region":2149,"area":13}},{"x":10,"y":2388,"data":{"alt":1,"fertility":60,"region":2149,"area":13}},{"x":11,"y":2388,"data":{"alt":1,"fertility":60,"region":2149,"area":13}},{"x":12,"y":2388,"data":{"alt":1,"fertility":60,"region":2149,"area":13}},{"x":13,"y":2388,"data":{"alt":1,"fertility":60,"region":2149,"area":13}},{"x":14,"y":2388,"data":{"alt":1,"fertility":60,"region":2149,"area":13}},{"x":15,"y":2388,"data":{"alt":1,"fertility":60,"region":2149,"area":13}},{"x":9,"y":2389,"data":{"alt":1,"fertility":60,"region":2149,"area":13}},{"x":10,"y":2389,"data":{"alt":1,"fertility":60,"region":2149,"area":13}},{"x":11,"y":2389,"data":{"alt":1,"fertility":60,"region":2149,"area":13}},{"x":12,"y":2389,"data":{"alt":1,"fertility":60,"region":2149,"area":13}},{"x":13,"y":2389,"data":{"alt":1,"fertility":60,"region":2149,"area":13}},{"x":14,"y":2389,"data":{"alt":1,"fertility":60,"region":2149,"area":13}},{"x":9,"y":2390,"data":{"alt":1,"fertility":60,"region":2149,"area":13}},{"x":10,"y":2390,"data":{"alt":1,"fertility":60,"region":2149,"area":13}},{"x":11,"y":2390,"data":{"alt":1,"fertility":60,"region":2149,"area":13}},{"x":12,"y":2390,"data":{"alt":1,"fertility":60,"region":2149,"area":13}},{"x":13,"y":2390,"data":{"alt":1,"fertility":60,"region":2149,"area":13}},{"x":0,"y":2323,"data":{"alt":5,"fertility":60,"region":2149,"area":13}},{"x":1,"y":2323,"data":{"alt":4,"fertility":60,"region":2149,"area":13}},{"x":0,"y":2324,"data":{"alt":5,"fertility":60,"region":2149,"area":13}},{"x":1,"y":2324,"data":{"alt":4,"fertility":60,"forest":20,"region":2149,"area":13}},{"x":0,"y":2325,"data":{"alt":5,"fertility":60,"region":2149,"area":13}},{"x":1,"y":2325,"data":{"alt":5,"fertility":60,"forest":20,"region":2149,"area":13}},{"x":2,"y":2325,"data":{"alt":5,"fertility":60,"forest":20,"region":2149,"area":13}},{"x":0,"y":2326,"data":{"alt":6,"fertility":60,"region":2149,"area":13}},{"x":1,"y":2326,"data":{"alt":5,"fertility":60,"region":2149,"area":13}},{"x":2,"y":2326,"data":{"alt":5,"fertility":60,"region":2149,"area":13}},{"x":3,"y":2326,"data":{"alt":5,"fertility":60,"region":2149,"area":13}},{"x":0,"y":2327,"data":{"alt":6,"fertility":60,"region":2149,"area":13}},{"x":1,"y":2327,"data":{"alt":6,"fertility":60,"region":2149,"area":13}},{"x":2,"y":2327,"data":{"alt":5,"fertility":60,"forest":20,"region":2149,"area":13}},{"x":0,"y":2328,"data":{"alt":7,"fertility":40,"region":2149,"area":13}},{"x":1,"y":2328,"data":{"alt":6,"fertility":60,"region":2149,"area":13}},{"x":2,"y":2328,"data":{"alt":6,"fertility":60,"region":2149,"area":13}},{"x":3,"y":2328,"data":{"alt":4,"fertility":60,"forest":20,"region":2149,"area":13}},{"x":0,"y":2329,"data":{"alt":7,"fertility":40,"region":2149,"area":13}},{"x":1,"y":2329,"data":{"alt":6,"fertility":60,"region":2149,"area":13}},{"x":2,"y":2329,"data":{"alt":6,"fertility":60,"region":2149,"area":13}},{"x":3,"y":2329,"data":{"alt":5,"fertility":60,"region":2149,"area":13}},{"x":0,"y":2330,"data":{"alt":7,"fertility":40,"region":2149,"area":13}},{"x":1,"y":2330,"data":{"alt":7,"fertility":40,"region":2149,"area":13}},{"x":2,"y":2330,"data":{"alt":6,"fertility":60,"region":2149,"area":13}},{"x":3,"y":2330,"data":{"alt":5,"fertility":60,"region":2149,"area":13}},{"x":4,"y":2330,"data":{"alt":4,"fertility":60,"region":2149,"area":13}},{"x":0,"y":2331,"data":{"alt":8,"fertility":40,"forest":20,"region":2149,"area":13}},{"x":1,"y":2331,"data":{"alt":7,"fertility":40,"forest":20,"region":2149,"area":13}},{"x":2,"y":2331,"data":{"alt":6,"fertility":60,"forest":20,"region":2149,"area":13}},{"x":3,"y":2331,"data":{"alt":6,"fertility":60,"region":2149,"area":13}},{"x":4,"y":2331,"data":{"alt":5,"fertility":60,"region":2149,"area":13}},{"x":0,"y":2332,"data":{"alt":8,"fertility":40,"region":2149,"area":13}},{"x":1,"y":2332,"data":{"alt":7,"fertility":40,"region":2149,"area":13}},{"x":2,"y":2332,"data":{"alt":7,"fertility":40,"region":2149,"area":13}},{"x":3,"y":2332,"data":{"alt":6,"fertility":60,"region":2149,"area":13}},{"x":4,"y":2332,"data":{"alt":5,"fertility":60,"region":2149,"area":13}},{"x":5,"y":2332,"data":{"alt":4,"fertility":60,"region":2149,"area":13}},{"x":0,"y":2333,"data":{"alt":7,"fertility":40,"region":2149,"area":13}},{"x":1,"y":2333,"data":{"alt":7,"fertility":40,"region":2149,"area":13}},{"x":2,"y":2333,"data":{"alt":7,"fertility":40,"forest":20,"region":2149,"area":13}},{"x":3,"y":2333,"data":{"alt":6,"fertility":60,"region":2149,"area":13}},{"x":4,"y":2333,"data":{"alt":5,"fertility":60,"forest":40,"region":2149,"area":13}},{"x":5,"y":2333,"data":{"alt":4,"fertility":60,"region":2149,"area":13}},{"x":0,"y":2334,"data":{"alt":7,"fertility":40,"region":2149,"area":13}},{"x":1,"y":2334,"data":{"alt":7,"fertility":40,"forest":40,"region":2149,"area":13}},{"x":2,"y":2334,"data":{"alt":6,"fertility":60,"region":2149,"area":13}},{"x":3,"y":2334,"data":{"alt":6,"fertility":60,"region":2149,"area":13}},{"x":4,"y":2334,"data":{"alt":5,"fertility":60,"region":2149,"area":13}},{"x":5,"y":2334,"data":{"alt":4,"fertility":100,"region":2149,"area":13}},{"x":0,"y":2335,"data":{"alt":7,"fertility":40,"region":2149,"area":13}},{"x":1,"y":2335,"data":{"alt":7,"fertility":40,"region":2149,"area":13}},{"x":2,"y":2335,"data":{"alt":7,"fertility":40,"region":2149,"area":13}},{"x":3,"y":2335,"data":{"alt":6,"fertility":60,"region":2149,"area":13}},{"x":4,"y":2335,"data":{"alt":5,"fertility":60,"region":2149,"area":13}},{"x":5,"y":2335,"data":{"alt":4,"fertility":60,"forest":40,"region":2149,"area":13}},{"x":0,"y":2336,"data":{"alt":8,"fertility":40,"forest":40,"region":2149,"area":13}},{"x":1,"y":2336,"data":{"alt":7,"fertility":40,"forest":40,"region":2149,"area":13}},{"x":2,"y":2336,"data":{"alt":6,"fertility":60,"forest":40,"region":2149,"area":13}},{"x":3,"y":2336,"data":{"alt":6,"fertility":60,"forest":40,"region":2149,"area":13}},{"x":4,"y":2336,"data":{"alt":5,"fertility":60,"region":2149,"area":13}},{"x":5,"y":2336,"data":{"alt":4,"fertility":60,"region":2149,"area":13}},{"x":0,"y":2337,"data":{"alt":7,"fertility":40,"region":2149,"area":13}},{"x":1,"y":2337,"data":{"alt":7,"fertility":40,"forest":40,"region":2149,"area":13}},{"x":2,"y":2337,"data":{"alt":6,"fertility":60,"forest":40,"region":2149,"area":13}},{"x":3,"y":2337,"data":{"alt":6,"fertility":60,"region":2149,"area":13}},{"x":4,"y":2337,"data":{"alt":5,"fertility":60,"region":2149,"area":13}},{"x":5,"y":2337,"data":{"alt":5,"fertility":60,"region":2149,"area":13}},{"x":0,"y":2338,"data":{"alt":7,"fertility":40,"region":2149,"area":13}},{"x":1,"y":2338,"data":{"alt":7,"fertility":40,"forest":40,"region":2149,"area":13}},{"x":2,"y":2338,"data":{"alt":6,"fertility":60,"region":2149,"area":13}},{"x":3,"y":2338,"data":{"alt":6,"fertility":60,"region":2149,"area":13}},{"x":4,"y":2338,"data":{"alt":6,"fertility":60,"region":2149,"area":13}},{"x":5,"y":2338,"data":{"alt":5,"fertility":60,"region":2149,"area":13}},{"x":0,"y":2339,"data":{"alt":7,"fertility":40,"region":2149,"area":13}},{"x":1,"y":2339,"data":{"alt":7,"fertility":40,"forest":20,"region":2149,"area":13}},{"x":2,"y":2339,"data":{"alt":6,"fertility":60,"forest":40,"region":2149,"area":13}},{"x":3,"y":2339,"data":{"alt":6,"fertility":60,"region":2149,"area":13}},{"x":4,"y":2339,"data":{"alt":5,"fertility":60,"forest":40,"region":2149,"area":13}},{"x":5,"y":2339,"data":{"alt":5,"fertility":60,"region":2149,"area":13}},{"x":0,"y":2340,"data":{"alt":7,"fertility":40,"region":2149,"area":13}},{"x":1,"y":2340,"data":{"alt":7,"fertility":40,"region":2149,"area":13}},{"x":2,"y":2340,"data":{"alt":6,"fertility":60,"forest":20,"region":2149,"area":13}},{"x":3,"y":2340,"data":{"alt":6,"fertility":60,"region":2149,"area":13}},{"x":4,"y":2340,"data":{"alt":5,"fertility":60,"region":2149,"area":13}},{"x":0,"y":2341,"data":{"alt":7,"fertility":40,"region":2149,"area":13}},{"x":1,"y":2341,"data":{"alt":7,"fertility":40,"region":2149,"area":13}},{"x":2,"y":2341,"data":{"alt":6,"fertility":60,"forest":20,"region":2149,"area":13}},{"x":3,"y":2341,"data":{"alt":5,"fertility":60,"forest":20,"region":2149,"area":13}},{"x":4,"y":2341,"data":{"alt":6,"fertility":60,"forest":20,"region":2149,"area":13}},{"x":0,"y":2342,"data":{"alt":7,"fertility":40,"region":2149,"area":13}},{"x":1,"y":2342,"data":{"alt":7,"fertility":40,"region":2149,"area":13}},{"x":2,"y":2342,"data":{"alt":6,"fertility":60,"region":2149,"area":13}},{"x":3,"y":2342,"data":{"alt":5,"fertility":60,"region":2149,"area":13}},{"x":4,"y":2342,"data":{"alt":5,"fertility":60,"region":2149,"area":13}},{"x":0,"y":2343,"data":{"alt":8,"fertility":40,"region":2149,"area":13}},{"x":1,"y":2343,"data":{"alt":7,"fertility":40,"region":2149,"area":13}},{"x":2,"y":2343,"data":{"alt":6,"fertility":60,"region":2149,"area":13}},{"x":3,"y":2343,"data":{"alt":6,"fertility":60,"region":2149,"area":13}},{"x":4,"y":2343,"data":{"alt":5,"fertility":60,"region":2149,"area":13}},{"x":0,"y":2344,"data":{"alt":8,"fertility":40,"region":2149,"area":13}},{"x":1,"y":2344,"data":{"alt":7,"fertility":40,"region":2149,"area":13}},{"x":2,"y":2344,"data":{"alt":6,"fertility":60,"region":2149,"area":13}},{"x":3,"y":2344,"data":{"alt":5,"fertility":60,"region":2149,"area":13}},{"x":0,"y":2345,"data":{"alt":7,"fertility":40,"region":2149,"area":13}},{"x":1,"y":2345,"data":{"alt":6,"fertility":60,"region":2149,"area":13}},{"x":2,"y":2345,"data":{"alt":6,"fertility":60,"forest":20,"region":2149,"area":13}},{"x":3,"y":2345,"data":{"alt":5,"fertility":60,"region":2149,"area":13}},{"x":0,"y":2346,"data":{"alt":7,"fertility":40,"region":2149,"area":13}},{"x":1,"y":2346,"data":{"alt":6,"fertility":60,"region":2149,"area":13}},{"x":2,"y":2346,"data":{"alt":6,"fertility":60,"forest":20,"region":2149,"area":13}},{"x":3,"y":2346,"data":{"alt":5,"fertility":60,"region":2149,"area":13}},{"x":4,"y":2346,"data":{"alt":5,"fertility":60,"region":2149,"area":13}},{"x":0,"y":2347,"data":{"alt":7,"fertility":40,"region":2149,"area":13}},{"x":1,"y":2347,"data":{"alt":6,"fertility":60,"region":2149,"area":13}},{"x":2,"y":2347,"data":{"alt":6,"fertility":60,"region":2149,"area":13}},{"x":3,"y":2347,"data":{"alt":5,"fertility":60,"region":2149,"area":13}},{"x":0,"y":2348,"data":{"alt":7,"fertility":40,"region":2149,"area":13}},{"x":1,"y":2348,"data":{"alt":7,"fertility":40,"region":2149,"area":13}},{"x":2,"y":2348,"data":{"alt":6,"fertility":60,"region":2149,"area":13}},{"x":3,"y":2348,"data":{"alt":5,"fertility":60,"forest":20,"region":2149,"area":13}},{"x":0,"y":2349,"data":{"alt":6,"fertility":60,"forest":20,"region":2149,"area":13}},{"x":1,"y":2349,"data":{"alt":6,"fertility":60,"region":2149,"area":13}},{"x":2,"y":2349,"data":{"alt":5,"fertility":60,"region":2149,"area":13}},{"x":3,"y":2349,"data":{"alt":5,"fertility":60,"forest":40,"region":2149,"area":13}},{"x":0,"y":2350,"data":{"alt":6,"fertility":60,"region":2149,"area":13}},{"x":1,"y":2350,"data":{"alt":6,"fertility":60,"region":2149,"area":13}},{"x":2,"y":2350,"data":{"alt":5,"fertility":60,"region":2149,"area":13}},{"x":3,"y":2350,"data":{"alt":5,"fertility":60,"region":2149,"area":13}},{"x":0,"y":2351,"data":{"alt":6,"fertility":60,"region":2149,"area":13}},{"x":1,"y":2351,"data":{"alt":6,"fertility":60,"region":2149,"area":13}},{"x":2,"y":2351,"data":{"alt":5,"fertility":60,"region":2149,"area":13}},{"x":0,"y":2352,"data":{"alt":6,"fertility":60,"forest":40,"region":2149,"area":13}},{"x":1,"y":2352,"data":{"alt":5,"fertility":60,"region":2149,"area":13}},{"x":2,"y":2352,"data":{"alt":5,"fertility":60,"region":2149,"area":13}},{"x":3,"y":2352,"data":{"alt":5,"fertility":60,"forest":80,"region":2149,"area":13}},{"x":0,"y":2353,"data":{"alt":6,"fertility":60,"forest":40,"region":2149,"area":13}},{"x":1,"y":2353,"data":{"alt":5,"fertility":60,"region":2149,"area":13}},{"x":2,"y":2353,"data":{"alt":5,"fertility":60,"region":2149,"area":13}},{"x":3,"y":2353,"data":{"alt":5,"fertility":60,"region":2149,"area":13}},{"x":0,"y":2354,"data":{"alt":6,"fertility":60,"region":2149,"area":13}},{"x":1,"y":2354,"data":{"alt":6,"fertility":60,"forest":40,"region":2149,"area":13}},{"x":2,"y":2354,"data":{"alt":5,"fertility":60,"region":2149,"area":13}},{"x":3,"y":2354,"data":{"alt":5,"fertility":60,"region":2149,"area":13}},{"x":4,"y":2354,"data":{"alt":4,"fertility":60,"region":2149,"area":13}},{"x":0,"y":2355,"data":{"alt":5,"fertility":60,"forest":40,"region":2149,"area":13}},{"x":1,"y":2355,"data":{"alt":5,"fertility":60,"region":2149,"area":13}},{"x":2,"y":2355,"data":{"alt":5,"fertility":60,"region":2149,"area":13}},{"x":3,"y":2355,"data":{"alt":5,"fertility":60,"region":2149,"area":13}},{"x":4,"y":2355,"data":{"alt":5,"fertility":60,"region":2149,"area":13}},{"x":0,"y":2356,"data":{"alt":5,"fertility":60,"forest":40,"region":2149,"area":13}},{"x":1,"y":2356,"data":{"alt":5,"fertility":60,"region":2149,"area":13}},{"x":2,"y":2356,"data":{"alt":5,"fertility":60,"region":2149,"area":13}},{"x":3,"y":2356,"data":{"alt":5,"fertility":60,"region":2149,"area":13}},{"x":4,"y":2356,"data":{"alt":5,"fertility":60,"region":2149,"area":13}},{"x":5,"y":2356,"data":{"alt":5,"fertility":60,"forest":80,"region":2149,"area":13}},{"x":6,"y":2356,"data":{"alt":4,"fertility":60,"region":2149,"area":13}},{"x":0,"y":2357,"data":{"alt":5,"fertility":60,"region":2149,"area":13}},{"x":1,"y":2357,"data":{"alt":5,"fertility":60,"region":2149,"area":13}},{"x":2,"y":2357,"data":{"alt":5,"fertility":60,"region":2149,"area":13}},{"x":3,"y":2357,"data":{"alt":5,"fertility":60,"region":2149,"area":13}},{"x":4,"y":2357,"data":{"alt":5,"fertility":60,"region":2149,"area":13}},{"x":5,"y":2357,"data":{"alt":4,"fertility":60,"forest":80,"region":2149,"area":13}},{"x":6,"y":2357,"data":{"alt":4,"fertility":60,"region":2149,"area":13}},{"x":0,"y":2358,"data":{"alt":5,"fertility":60,"region":2149,"area":13}},{"x":1,"y":2358,"data":{"alt":5,"fertility":60,"region":2149,"area":13}},{"x":2,"y":2358,"data":{"alt":5,"fertility":60,"forest":80,"region":2149,"area":13}},{"x":3,"y":2358,"data":{"alt":5,"fertility":60,"region":2149,"area":13}},{"x":4,"y":2358,"data":{"alt":4,"fertility":60,"forest":80,"region":2149,"area":13}},{"x":5,"y":2358,"data":{"alt":4,"fertility":60,"forest":80,"region":2149,"area":13}},{"x":6,"y":2358,"data":{"alt":4,"fertility":60,"region":2149,"area":13}},{"x":7,"y":2358,"data":{"alt":4,"fertility":60,"region":2149,"area":13}},{"x":0,"y":2359,"data":{"alt":4,"fertility":60,"region":2149,"area":13}},{"x":1,"y":2359,"data":{"alt":4,"fertility":60,"region":2149,"area":13}},{"x":2,"y":2359,"data":{"alt":5,"fertility":60,"region":2149,"area":13}},{"x":3,"y":2359,"data":{"alt":5,"fertility":60,"region":2149,"area":13}},{"x":4,"y":2359,"data":{"alt":5,"fertility":60,"region":2149,"area":13}},{"x":5,"y":2359,"data":{"alt":5,"fertility":60,"region":2149,"area":13}},{"x":6,"y":2359,"data":{"alt":4,"fertility":60,"region":2149,"area":13}},{"x":7,"y":2359,"data":{"alt":4,"fertility":60,"region":2149,"area":13}},{"x":8,"y":2359,"data":{"alt":4,"fertility":60,"region":2149,"area":13}},{"x":9,"y":2359,"data":{"alt":4,"fertility":60,"res":5,"resAmount":20,"region":2149,"area":13}},{"x":0,"y":2360,"data":{"alt":3,"fertility":60,"region":2149,"area":13}},{"x":1,"y":2360,"data":{"alt":5,"fertility":60,"region":2149,"area":13}},{"x":2,"y":2360,"data":{"alt":5,"fertility":60,"forest":40,"region":2149,"area":13}},{"x":3,"y":2360,"data":{"alt":5,"fertility":60,"region":2149,"area":13}},{"x":4,"y":2360,"data":{"alt":4,"fertility":60,"region":2149,"area":13}},{"x":5,"y":2360,"data":{"alt":5,"fertility":60,"region":2149,"area":13}},{"x":6,"y":2360,"data":{"alt":4,"fertility":60,"region":2149,"area":13}},{"x":7,"y":2360,"data":{"alt":5,"fertility":60,"region":2149,"area":13}},{"x":8,"y":2360,"data":{"alt":5,"fertility":60,"region":2149,"area":13}},{"x":9,"y":2360,"data":{"alt":4,"fertility":60,"region":2149,"area":13}},{"x":10,"y":2360,"data":{"alt":4,"fertility":60,"region":2149,"area":13}},{"x":11,"y":2360,"data":{"alt":3,"fertility":60,"region":2149,"area":13}},{"x":24,"y":2360,"data":{"alt":3,"fertility":60,"region":2149,"area":13}},{"x":0,"y":2361,"data":{"alt":4,"fertility":60,"region":2149,"area":13}},{"x":1,"y":2361,"data":{"alt":4,"fertility":60,"forest":40,"region":2149,"area":13}},{"x":2,"y":2361,"data":{"alt":4,"fertility":60,"region":2149,"area":13}},{"x":3,"y":2361,"data":{"alt":5,"fertility":60,"region":2149,"area":13}},{"x":4,"y":2361,"data":{"alt":4,"fertility":60,"region":2149,"area":13}},{"x":5,"y":2361,"data":{"alt":4,"fertility":60,"region":2149,"area":13}},{"x":6,"y":2361,"data":{"alt":5,"fertility":60,"region":2149,"area":13}},{"x":7,"y":2361,"data":{"alt":4,"fertility":60,"region":2149,"area":13}},{"x":8,"y":2361,"data":{"alt":5,"fertility":60,"region":2149,"area":13}},{"x":9,"y":2361,"data":{"alt":4,"fertility":60,"region":2149,"area":13}},{"x":10,"y":2361,"data":{"alt":4,"fertility":60,"region":2149,"area":13}},{"x":11,"y":2361,"data":{"alt":4,"fertility":60,"region":2149,"area":13}},{"x":12,"y":2361,"data":{"alt":4,"fertility":60,"region":2149,"area":13}},{"x":13,"y":2361,"data":{"alt":4,"fertility":60,"region":2149,"area":13}},{"x":22,"y":2361,"data":{"alt":2,"fertility":60,"region":2149,"area":13}},{"x":23,"y":2361,"data":{"alt":2,"fertility":60,"region":2149,"area":13}},{"x":24,"y":2361,"data":{"alt":2,"fertility":60,"region":2149,"area":13}},{"x":25,"y":2361,"data":{"alt":2,"fertility":60,"region":2149,"area":13}},{"x":0,"y":2362,"data":{"alt":4,"fertility":60,"region":2149,"area":13}},{"x":1,"y":2362,"data":{"alt":4,"fertility":60,"region":2149,"area":13}},{"x":2,"y":2362,"data":{"alt":4,"fertility":60,"forest":40,"region":2149,"area":13}},{"x":3,"y":2362,"data":{"alt":5,"fertility":60,"forest":40,"region":2149,"area":13}},{"x":4,"y":2362,"data":{"alt":5,"fertility":60,"forest":80,"region":2149,"area":13}},{"x":5,"y":2362,"data":{"alt":5,"fertility":60,"forest":80,"region":2149,"area":13}},{"x":6,"y":2362,"data":{"alt":5,"fertility":60,"region":2149,"area":13}},{"x":7,"y":2362,"data":{"alt":4,"fertility":60,"region":2149,"area":13}},{"x":8,"y":2362,"data":{"alt":5,"fertility":60,"region":2149,"area":13}},{"x":9,"y":2362,"data":{"alt":4,"fertility":60,"region":2149,"area":13}},{"x":10,"y":2362,"data":{"alt":4,"fertility":60,"region":2149,"area":13}},{"x":11,"y":2362,"data":{"alt":4,"fertility":60,"region":2149,"area":13}},{"x":12,"y":2362,"data":{"alt":4,"fertility":60,"region":2149,"area":13}},{"x":13,"y":2362,"data":{"alt":4,"fertility":60,"region":2149,"area":13}},{"x":14,"y":2362,"data":{"alt":3,"fertility":60,"region":2149,"area":13}},{"x":15,"y":2362,"data":{"alt":3,"fertility":60,"region":2149,"area":13}},{"x":21,"y":2362,"data":{"alt":3,"fertility":100,"region":2149,"area":13}},{"x":22,"y":2362,"data":{"alt":2,"fertility":60,"region":2149,"area":13}},{"x":23,"y":2362,"data":{"alt":2,"fertility":60,"region":2149,"area":13}},{"x":24,"y":2362,"data":{"alt":2,"fertility":60,"forest":40,"region":2149,"area":13}},{"x":25,"y":2362,"data":{"alt":2,"fertility":60,"region":2149,"area":13}},{"x":0,"y":2363,"data":{"alt":4,"fertility":60,"region":2149,"area":13}},{"x":1,"y":2363,"data":{"alt":4,"fertility":60,"region":2149,"area":13}},{"x":2,"y":2363,"data":{"alt":4,"fertility":60,"forest":40,"region":2149,"area":13}},{"x":3,"y":2363,"data":{"alt":4,"fertility":60,"region":2149,"area":13}},{"x":4,"y":2363,"data":{"alt":4,"fertility":60,"region":2149,"area":13}},{"x":5,"y":2363,"data":{"alt":4,"fertility":60,"region":2149,"area":13}},{"x":6,"y":2363,"data":{"alt":4,"fertility":60,"region":2149,"area":13}},{"x":7,"y":2363,"data":{"alt":4,"fertility":60,"region":2149,"area":13}},{"x":8,"y":2363,"data":{"alt":4,"fertility":60,"forest":80,"region":2149,"area":13}},{"x":9,"y":2363,"data":{"alt":4,"fertility":60,"region":2149,"area":13}},{"x":10,"y":2363,"data":{"alt":4,"fertility":60,"region":2149,"area":13}},{"x":11,"y":2363,"data":{"alt":4,"fertility":60,"region":2149,"area":13}},{"x":12,"y":2363,"data":{"alt":4,"fertility":60,"forest":80,"region":2149,"area":13}},{"x":13,"y":2363,"data":{"alt":3,"fertility":60,"region":2149,"area":13}},{"x":14,"y":2363,"data":{"alt":3,"fertility":60,"region":2149,"area":13}},{"x":15,"y":2363,"data":{"alt":3,"fertility":60,"region":2149,"area":13}},{"x":16,"y":2363,"data":{"alt":3,"fertility":60,"region":2149,"area":13}},{"x":18,"y":2363,"data":{"alt":3,"fertility":60,"region":2149,"area":13}},{"x":19,"y":2363,"data":{"alt":3,"fertility":60,"region":2149,"area":13}},{"x":21,"y":2363,"data":{"alt":3,"fertility":60,"region":2149,"area":13}},{"x":22,"y":2363,"data":{"alt":2,"fertility":60,"region":2149,"area":13}},{"x":23,"y":2363,"data":{"alt":2,"fertility":60,"region":2149,"area":13}},{"x":24,"y":2363,"data":{"alt":2,"fertility":60,"region":2149,"area":13}},{"x":25,"y":2363,"data":{"alt":2,"fertility":60,"region":2149,"area":13}},{"x":26,"y":2363,"data":{"alt":2,"fertility":60,"region":2149,"area":13}},{"x":0,"y":2364,"data":{"alt":3,"fertility":60,"region":2149,"area":13}},{"x":1,"y":2364,"data":{"alt":4,"fertility":60,"forest":40,"region":2149,"area":13}},{"x":2,"y":2364,"data":{"alt":4,"fertility":60,"region":2149,"area":13}},{"x":3,"y":2364,"data":{"alt":4,"fertility":60,"forest":40,"region":2149,"area":13}},{"x":4,"y":2364,"data":{"alt":4,"fertility":60,"region":2149,"area":13}},{"x":5,"y":2364,"data":{"alt":4,"fertility":60,"forest":40,"region":2149,"area":13}},{"x":6,"y":2364,"data":{"alt":4,"fertility":60,"region":2149,"area":13}},{"x":7,"y":2364,"data":{"alt":3,"fertility":60,"forest":40,"region":2149,"area":13}},{"x":8,"y":2364,"data":{"alt":3,"fertility":60,"region":2149,"area":13}},{"x":9,"y":2364,"data":{"alt":4,"fertility":60,"forest":40,"region":2149,"area":13}},{"x":10,"y":2364,"data":{"alt":4,"fertility":60,"region":2149,"area":13}},{"x":11,"y":2364,"data":{"alt":4,"fertility":60,"region":2149,"area":13}},{"x":12,"y":2364,"data":{"alt":4,"fertility":60,"region":2149,"area":13}},{"x":13,"y":2364,"data":{"alt":4,"fertility":60,"region":2149,"area":13}},{"x":14,"y":2364,"data":{"alt":3,"fertility":60,"region":2149,"area":13}},{"x":15,"y":2364,"data":{"alt":3,"fertility":60,"region":2149,"area":13}},{"x":16,"y":2364,"data":{"alt":3,"fertility":60,"region":2149,"area":13}},{"x":17,"y":2364,"data":{"alt":3,"fertility":60,"region":2149,"area":13}},{"x":18,"y":2364,"data":{"alt":3,"fertility":60,"region":2149,"area":13}},{"x":19,"y":2364,"data":{"alt":3,"fertility":60,"region":2149,"area":13}},{"x":20,"y":2364,"data":{"alt":3,"fertility":60,"region":2149,"area":13}},{"x":21,"y":2364,"data":{"alt":3,"fertility":60,"forest":40,"region":2149,"area":13}},{"x":22,"y":2364,"data":{"alt":3,"fertility":60,"region":2149,"area":13}},{"x":23,"y":2364,"data":{"alt":3,"fertility":60,"region":2149,"area":13}},{"x":24,"y":2364,"data":{"alt":2,"fertility":60,"region":2149,"area":13}},{"x":25,"y":2364,"data":{"alt":2,"fertility":60,"region":2149,"area":13}},{"x":26,"y":2364,"data":{"alt":2,"fertility":60,"region":2149,"area":13}},{"x":0,"y":2365,"data":{"alt":4,"fertility":60,"region":2149,"area":13}},{"x":1,"y":2365,"data":{"alt":4,"fertility":60,"region":2149,"area":13}},{"x":2,"y":2365,"data":{"alt":4,"fertility":60,"forest":40,"region":2149,"area":13}},{"x":3,"y":2365,"data":{"alt":4,"fertility":60,"region":2149,"area":13}},{"x":4,"y":2365,"data":{"alt":4,"fertility":60,"region":2149,"area":13}},{"x":5,"y":2365,"data":{"alt":4,"fertility":60,"region":2149,"area":13}},{"x":6,"y":2365,"data":{"alt":3,"fertility":60,"region":2149,"area":13}},{"x":7,"y":2365,"data":{"alt":4,"fertility":60,"region":2149,"area":13}},{"x":8,"y":2365,"data":{"alt":4,"fertility":60,"region":2149,"area":13}},{"x":9,"y":2365,"data":{"alt":4,"fertility":60,"forest":40,"region":2149,"area":13}},{"x":10,"y":2365,"data":{"alt":4,"fertility":60,"forest":40,"region":2149,"area":13}},{"x":11,"y":2365,"data":{"alt":4,"fertility":60,"region":2149,"area":13}},{"x":12,"y":2365,"data":{"alt":4,"fertility":60,"region":2149,"area":13}},{"x":13,"y":2365,"data":{"alt":4,"fertility":60,"region":2149,"area":13}},{"x":14,"y":2365,"data":{"alt":4,"fertility":60,"region":2149,"area":13}},{"x":15,"y":2365,"data":{"alt":4,"fertility":60,"region":2149,"area":13}},{"x":16,"y":2365,"data":{"alt":3,"fertility":60,"region":2149,"area":13}},{"x":17,"y":2365,"data":{"alt":3,"fertility":60,"region":2149,"area":13}},{"x":18,"y":2365,"data":{"alt":3,"fertility":60,"region":2149,"area":13}},{"x":19,"y":2365,"data":{"alt":3,"fertility":60,"region":2149,"area":13}},{"x":20,"y":2365,"data":{"alt":3,"fertility":60,"region":2149,"area":13}},{"x":21,"y":2365,"data":{"alt":3,"fertility":60,"region":2149,"area":13}},{"x":22,"y":2365,"data":{"alt":2,"fertility":60,"region":2149,"area":13}},{"x":23,"y":2365,"data":{"alt":2,"fertility":60,"region":2149,"area":13}},{"x":24,"y":2365,"data":{"alt":2,"fertility":60,"region":2149,"area":13}},{"x":25,"y":2365,"data":{"alt":2,"fertility":60,"region":2149,"area":13}},{"x":26,"y":2365,"data":{"alt":2,"fertility":60,"region":2149,"area":13}},{"x":0,"y":2366,"data":{"alt":4,"fertility":60,"forest":40,"region":2149,"area":13}},{"x":1,"y":2366,"data":{"alt":4,"fertility":60,"region":2149,"area":13}},{"x":2,"y":2366,"data":{"alt":4,"fertility":60,"region":2149,"area":13}},{"x":3,"y":2366,"data":{"alt":5,"fertility":60,"forest":40,"region":2149,"area":13}},{"x":4,"y":2366,"data":{"alt":4,"fertility":60,"region":2149,"area":13}},{"x":5,"y":2366,"data":{"alt":4,"fertility":60,"region":2149,"area":13}},{"x":6,"y":2366,"data":{"alt":4,"fertility":60,"region":2149,"area":13}},{"x":7,"y":2366,"data":{"alt":4,"fertility":60,"region":2149,"area":13}},{"x":8,"y":2366,"data":{"alt":4,"fertility":60,"region":2149,"area":13}},{"x":9,"y":2366,"data":{"alt":4,"fertility":60,"region":2149,"area":13}},{"x":10,"y":2366,"data":{"alt":4,"fertility":60,"region":2149,"area":13}},{"x":11,"y":2366,"data":{"alt":4,"fertility":60,"region":2149,"area":13}},{"x":12,"y":2366,"data":{"alt":4,"fertility":60,"region":2149,"area":13}},{"x":13,"y":2366,"data":{"alt":4,"fertility":60,"region":2149,"area":13}},{"x":14,"y":2366,"data":{"alt":4,"fertility":60,"region":2149,"area":13}},{"x":15,"y":2366,"data":{"alt":4,"fertility":60,"region":2149,"area":13}},{"x":16,"y":2366,"data":{"alt":4,"fertility":60,"region":2149,"area":13}},{"x":17,"y":2366,"data":{"alt":4,"fertility":60,"region":2149,"area":13}},{"x":18,"y":2366,"data":{"alt":3,"fertility":60,"region":2149,"area":13}},{"x":19,"y":2366,"data":{"alt":3,"fertility":60,"region":2149,"area":13}},{"x":20,"y":2366,"data":{"alt":3,"fertility":60,"region":2149,"area":13}},{"x":21,"y":2366,"data":{"alt":3,"fertility":60,"region":2149,"area":13}},{"x":22,"y":2366,"data":{"alt":3,"fertility":60,"forest":40,"region":2149,"area":13}},{"x":23,"y":2366,"data":{"alt":3,"fertility":60,"region":2149,"area":13}},{"x":24,"y":2366,"data":{"alt":2,"fertility":60,"region":2149,"area":13}},{"x":25,"y":2366,"data":{"alt":2,"fertility":60,"region":2149,"area":13}},{"x":26,"y":2366,"data":{"alt":2,"fertility":60,"region":2149,"area":13}},{"x":0,"y":2367,"data":{"alt":4,"fertility":60,"region":2149,"area":13}},{"x":1,"y":2367,"data":{"alt":4,"fertility":60,"region":2149,"area":13}},{"x":2,"y":2367,"data":{"alt":4,"fertility":60,"forest":40,"region":2149,"area":13}},{"x":3,"y":2367,"data":{"alt":4,"fertility":60,"region":2149,"area":13}},{"x":4,"y":2367,"data":{"alt":4,"fertility":60,"res":5,"resAmount":40,"region":2149,"area":13}},{"x":5,"y":2367,"data":{"alt":4,"fertility":60,"region":2149,"area":13}},{"x":6,"y":2367,"data":{"alt":4,"fertility":60,"region":2149,"area":13}},{"x":7,"y":2367,"data":{"alt":4,"fertility":60,"region":2149,"area":13}},{"x":8,"y":2367,"data":{"alt":4,"fertility":60,"forest":40,"region":2149,"area":13}},{"x":9,"y":2367,"data":{"alt":4,"fertility":60,"region":2149,"area":13}},{"x":10,"y":2367,"data":{"alt":4,"fertility":60,"region":2149,"area":13}},{"x":11,"y":2367,"data":{"alt":4,"fertility":60,"forest":40,"region":2149,"area":13}},{"x":12,"y":2367,"data":{"alt":5,"fertility":60,"region":2149,"area":13}},{"x":13,"y":2367,"data":{"alt":5,"fertility":60,"region":2149,"area":13}},{"x":14,"y":2367,"data":{"alt":4,"fertility":60,"region":2149,"area":13}},{"x":15,"y":2367,"data":{"alt":4,"fertility":60,"region":2149,"area":13}},{"x":16,"y":2367,"data":{"alt":4,"fertility":60,"forest":40,"region":2149,"area":13}},{"x":17,"y":2367,"data":{"alt":4,"fertility":60,"region":2149,"area":13}},{"x":18,"y":2367,"data":{"alt":4,"fertility":60,"forest":40,"region":2149,"area":13}},{"x":19,"y":2367,"data":{"alt":4,"fertility":60,"region":2149,"area":13}},{"x":20,"y":2367,"data":{"alt":4,"fertility":60,"region":2149,"area":13}},{"x":21,"y":2367,"data":{"alt":4,"fertility":60,"region":2149,"area":13}},{"x":22,"y":2367,"data":{"alt":4,"fertility":60,"region":2149,"area":13}},{"x":23,"y":2367,"data":{"alt":3,"fertility":60,"region":2149,"area":13}},{"x":24,"y":2367,"data":{"alt":3,"fertility":60,"region":2149,"area":13}},{"x":25,"y":2367,"data":{"alt":2,"fertility":60,"region":2149,"area":13}},{"x":26,"y":2367,"data":{"alt":2,"fertility":60,"region":2149,"area":13}},{"x":27,"y":2367,"data":{"alt":2,"fertility":60,"region":2149,"area":13}}]