[{"x":1489,"y":3759,"data":{"alt":1,"type":2,"area":130}},{"x":1491,"y":3759,"data":{"alt":1,"type":1,"area":130}},{"x":1488,"y":3760,"data":{"alt":1,"type":2,"area":130}},{"x":1489,"y":3760,"data":{"alt":1,"type":2,"area":130}},{"x":1490,"y":3760,"data":{"alt":1,"type":1,"area":130}},{"x":1491,"y":3760,"data":{"alt":1,"type":2,"area":130}},{"x":1492,"y":3760,"data":{"alt":1,"type":2,"area":130}},{"x":1488,"y":3761,"data":{"alt":1,"type":2,"area":130}},{"x":1489,"y":3761,"data":{"alt":1,"type":2,"area":130}},{"x":1490,"y":3761,"data":{"alt":1,"type":1,"area":130}},{"x":1491,"y":3761,"data":{"alt":1,"type":2,"area":130}},{"x":1492,"y":3761,"data":{"alt":1,"type":2,"area":130}},{"x":1488,"y":3762,"data":{"alt":1,"type":2,"area":130}},{"x":1489,"y":3762,"data":{"alt":1,"type":2,"area":130}},{"x":1490,"y":3762,"data":{"alt":1,"type":1,"area":130}},{"x":1491,"y":3762,"data":{"alt":1,"type":2,"area":130}},{"x":1492,"y":3762,"data":{"alt":1,"type":2,"area":130}},{"x":1493,"y":3762,"data":{"alt":1,"type":2,"area":130}},{"x":1491,"y":3763,"data":{"alt":1,"type":1,"area":130}}]