[{"x":1505,"y":3733,"data":{"alt":52,"type":2,"area":132}},{"x":1507,"y":3733,"data":{"alt":52,"type":1,"area":132}},{"x":1505,"y":3734,"data":{"alt":52,"type":1,"area":132}},{"x":1506,"y":3734,"data":{"alt":52,"type":1,"area":132}},{"x":1507,"y":3734,"data":{"alt":52,"type":1,"area":132}},{"x":1508,"y":3734,"data":{"alt":52,"type":2,"area":132}},{"x":1509,"y":3734,"data":{"alt":52,"type":2,"area":132}},{"x":1510,"y":3734,"data":{"alt":52,"type":2,"area":132}},{"x":1508,"y":3735,"data":{"alt":52,"type":1,"area":132}},{"x":1509,"y":3735,"data":{"alt":52,"type":2,"area":132}},{"x":1510,"y":3735,"data":{"alt":52,"type":2,"area":132}},{"x":1511,"y":3735,"data":{"alt":52,"type":2,"area":132}},{"x":1512,"y":3735,"data":{"alt":52,"type":2,"area":132}},{"x":1507,"y":3736,"data":{"alt":52,"type":2,"area":132}},{"x":1508,"y":3736,"data":{"alt":52,"type":1,"area":132}},{"x":1509,"y":3736,"data":{"alt":52,"type":2,"area":132}},{"x":1510,"y":3736,"data":{"alt":52,"type":2,"area":132}},{"x":1511,"y":3736,"data":{"alt":52,"type":2,"area":132}},{"x":1512,"y":3736,"data":{"alt":52,"type":2,"area":132}},{"x":1513,"y":3736,"data":{"alt":52,"type":2,"area":132}},{"x":1514,"y":3736,"data":{"alt":52,"type":2,"area":132}},{"x":1509,"y":3737,"data":{"alt":52,"type":2,"area":132}},{"x":1510,"y":3737,"data":{"alt":52,"type":2,"area":132}},{"x":1511,"y":3737,"data":{"alt":52,"type":2,"area":132}},{"x":1512,"y":3737,"data":{"alt":52,"type":2,"area":132}},{"x":1513,"y":3737,"data":{"alt":52,"type":2,"area":132}},{"x":1510,"y":3738,"data":{"alt":52,"type":2,"area":132}}]