[{"x":183,"y":816,"data":{"alt":1,"fertility":60,"forest":20,"region":2121,"area":137}},{"x":184,"y":816,"data":{"alt":1,"fertility":60,"region":2121,"area":137}},{"x":185,"y":816,"data":{"alt":1,"fertility":60,"region":2121,"area":137}},{"x":183,"y":817,"data":{"alt":1,"fertility":60,"region":2121,"area":137}},{"x":184,"y":817,"data":{"alt":1,"fertility":60,"region":2121,"area":137}},{"x":185,"y":817,"data":{"alt":1,"fertility":60,"region":2121,"area":137}},{"x":187,"y":817,"data":{"alt":1,"fertility":60,"region":2121,"area":137}},{"x":186,"y":818,"data":{"alt":1,"fertility":60,"region":2121,"area":137}},{"x":187,"y":819,"data":{"alt":1,"fertility":60,"region":2121,"area":137}}]