[{"x":1628,"y":4032,"data":{"alt":4,"type":1,"area":138}},{"x":1629,"y":4032,"data":{"alt":4,"type":2,"area":138}},{"x":1630,"y":4032,"data":{"alt":4,"type":2,"area":138}},{"x":1631,"y":4032,"data":{"alt":4,"type":2,"area":138}},{"x":1628,"y":4033,"data":{"alt":4,"type":2,"area":138}},{"x":1629,"y":4033,"data":{"alt":4,"type":1,"area":138}},{"x":1630,"y":4033,"data":{"alt":4,"type":1,"area":138}},{"x":1631,"y":4033,"data":{"alt":4,"type":1,"area":138}},{"x":1631,"y":4034,"data":{"alt":4,"type":2,"area":138}},{"x":1625,"y":4010,"data":{"alt":4,"type":1,"area":138}},{"x":1625,"y":4011,"data":{"alt":4,"type":1,"area":138}},{"x":1622,"y":4012,"data":{"alt":4,"type":2,"area":138}},{"x":1624,"y":4012,"data":{"alt":4,"type":2,"area":138}},{"x":1625,"y":4012,"data":{"alt":4,"type":1,"area":138}},{"x":1626,"y":4012,"data":{"alt":4,"type":2,"area":138}},{"x":1627,"y":4012,"data":{"alt":4,"type":2,"area":138}},{"x":1620,"y":4013,"data":{"alt":4,"type":2,"area":138}},{"x":1621,"y":4013,"data":{"alt":4,"type":2,"area":138}},{"x":1622,"y":4013,"data":{"alt":4,"type":2,"area":138}},{"x":1623,"y":4013,"data":{"alt":4,"type":2,"area":138}},{"x":1624,"y":4013,"data":{"alt":4,"type":2,"area":138}},{"x":1625,"y":4013,"data":{"alt":4,"type":1,"area":138}},{"x":1626,"y":4013,"data":{"alt":4,"type":2,"area":138}},{"x":1627,"y":4013,"data":{"alt":4,"type":2,"area":138}},{"x":1620,"y":4014,"data":{"alt":4,"type":2,"area":138}},{"x":1621,"y":4014,"data":{"alt":4,"type":2,"area":138}},{"x":1622,"y":4014,"data":{"alt":4,"type":2,"area":138}},{"x":1623,"y":4014,"data":{"alt":4,"type":2,"area":138}},{"x":1624,"y":4014,"data":{"alt":4,"type":1,"area":138}},{"x":1625,"y":4014,"data":{"alt":4,"type":2,"area":138}},{"x":1626,"y":4014,"data":{"alt":4,"type":2,"area":138}},{"x":1627,"y":4014,"data":{"alt":4,"type":2,"area":138}},{"x":1628,"y":4014,"data":{"alt":4,"type":2,"area":138}},{"x":1629,"y":4014,"data":{"alt":4,"type":2,"area":138}},{"x":1630,"y":4014,"data":{"alt":4,"type":2,"area":138}},{"x":1631,"y":4014,"data":{"alt":4,"type":2,"area":138}},{"x":1616,"y":4015,"data":{"alt":4,"type":2,"area":138}},{"x":1617,"y":4015,"data":{"alt":4,"type":2,"area":138}},{"x":1618,"y":4015,"data":{"alt":4,"type":2,"area":138}},{"x":1619,"y":4015,"data":{"alt":4,"type":2,"area":138}},{"x":1620,"y":4015,"data":{"alt":4,"type":2,"area":138}},{"x":1621,"y":4015,"data":{"alt":4,"type":2,"area":138}},{"x":1622,"y":4015,"data":{"alt":4,"type":2,"area":138}},{"x":1623,"y":4015,"data":{"alt":4,"type":1,"area":138}},{"x":1624,"y":4015,"data":{"alt":4,"type":2,"area":138}},{"x":1625,"y":4015,"data":{"alt":4,"type":2,"area":138}},{"x":1626,"y":4015,"data":{"alt":4,"type":2,"area":138}},{"x":1627,"y":4015,"data":{"alt":4,"type":2,"area":138}},{"x":1628,"y":4015,"data":{"alt":4,"type":2,"area":138}},{"x":1629,"y":4015,"data":{"alt":4,"type":2,"area":138}},{"x":1630,"y":4015,"data":{"alt":4,"type":2,"area":138}},{"x":1631,"y":4015,"data":{"alt":4,"type":2,"area":138}},{"x":1614,"y":4016,"data":{"alt":4,"type":2,"area":138}},{"x":1615,"y":4016,"data":{"alt":4,"type":2,"area":138}},{"x":1616,"y":4016,"data":{"alt":4,"type":1,"area":138}},{"x":1617,"y":4016,"data":{"alt":4,"type":2,"area":138}},{"x":1618,"y":4016,"data":{"alt":4,"type":2,"area":138}},{"x":1619,"y":4016,"data":{"alt":4,"type":2,"area":138}},{"x":1620,"y":4016,"data":{"alt":4,"type":1,"area":138}},{"x":1621,"y":4016,"data":{"alt":4,"type":2,"area":138}},{"x":1622,"y":4016,"data":{"alt":4,"type":1,"area":138}},{"x":1623,"y":4016,"data":{"alt":4,"type":2,"area":138}},{"x":1624,"y":4016,"data":{"alt":4,"type":2,"area":138}},{"x":1625,"y":4016,"data":{"alt":4,"type":2,"area":138}},{"x":1626,"y":4016,"data":{"alt":4,"type":2,"area":138}},{"x":1627,"y":4016,"data":{"alt":4,"type":2,"area":138}},{"x":1628,"y":4016,"data":{"alt":4,"type":2,"area":138}},{"x":1629,"y":4016,"data":{"alt":4,"type":2,"area":138}},{"x":1630,"y":4016,"data":{"alt":4,"type":2,"area":138}},{"x":1631,"y":4016,"data":{"alt":4,"type":2,"area":138}},{"x":1614,"y":4017,"data":{"alt":4,"type":2,"area":138}},{"x":1615,"y":4017,"data":{"alt":4,"type":1,"area":138}},{"x":1616,"y":4017,"data":{"alt":4,"type":2,"area":138}},{"x":1617,"y":4017,"data":{"alt":4,"type":1,"area":138}},{"x":1618,"y":4017,"data":{"alt":4,"type":1,"area":138}},{"x":1619,"y":4017,"data":{"alt":4,"type":2,"area":138}},{"x":1620,"y":4017,"data":{"alt":4,"type":1,"area":138}},{"x":1621,"y":4017,"data":{"alt":4,"type":1,"area":138}},{"x":1622,"y":4017,"data":{"alt":4,"type":2,"area":138}},{"x":1623,"y":4017,"data":{"alt":4,"type":2,"area":138}},{"x":1624,"y":4017,"data":{"alt":4,"type":2,"area":138}},{"x":1625,"y":4017,"data":{"alt":4,"type":2,"area":138}},{"x":1626,"y":4017,"data":{"alt":4,"type":2,"area":138}},{"x":1627,"y":4017,"data":{"alt":4,"type":2,"area":138}},{"x":1628,"y":4017,"data":{"alt":4,"type":2,"area":138}},{"x":1629,"y":4017,"data":{"alt":4,"type":2,"area":138}},{"x":1630,"y":4017,"data":{"alt":4,"type":2,"area":138}},{"x":1631,"y":4017,"data":{"alt":4,"type":2,"area":138}},{"x":1615,"y":4018,"data":{"alt":4,"type":1,"area":138}},{"x":1616,"y":4018,"data":{"alt":4,"type":2,"area":138}},{"x":1617,"y":4018,"data":{"alt":4,"type":2,"area":138}},{"x":1618,"y":4018,"data":{"alt":4,"type":2,"area":138}},{"x":1619,"y":4018,"data":{"alt":4,"type":1,"area":138}},{"x":1620,"y":4018,"data":{"alt":4,"type":2,"area":138}},{"x":1621,"y":4018,"data":{"alt":4,"type":2,"area":138}},{"x":1622,"y":4018,"data":{"alt":4,"type":2,"area":138}},{"x":1623,"y":4018,"data":{"alt":4,"type":2,"area":138}},{"x":1624,"y":4018,"data":{"alt":4,"type":2,"area":138}},{"x":1625,"y":4018,"data":{"alt":4,"type":2,"area":138}},{"x":1626,"y":4018,"data":{"alt":4,"type":2,"area":138}},{"x":1627,"y":4018,"data":{"alt":4,"type":2,"area":138}},{"x":1628,"y":4018,"data":{"alt":4,"type":2,"area":138}},{"x":1629,"y":4018,"data":{"alt":4,"type":2,"area":138}},{"x":1630,"y":4018,"data":{"alt":4,"type":2,"area":138}},{"x":1631,"y":4018,"data":{"alt":4,"type":2,"area":138}},{"x":1615,"y":4019,"data":{"alt":4,"type":1,"area":138}},{"x":1616,"y":4019,"data":{"alt":4,"type":1,"area":138}},{"x":1617,"y":4019,"data":{"alt":4,"type":1,"area":138}},{"x":1618,"y":4019,"data":{"alt":4,"type":2,"area":138}},{"x":1619,"y":4019,"data":{"alt":4,"type":2,"area":138}},{"x":1620,"y":4019,"data":{"alt":4,"type":2,"area":138}},{"x":1621,"y":4019,"data":{"alt":4,"type":2,"area":138}},{"x":1622,"y":4019,"data":{"alt":4,"type":2,"area":138}},{"x":1623,"y":4019,"data":{"alt":4,"type":2,"area":138}},{"x":1624,"y":4019,"data":{"alt":4,"type":2,"area":138}},{"x":1625,"y":4019,"data":{"alt":4,"type":2,"area":138}},{"x":1626,"y":4019,"data":{"alt":4,"type":2,"area":138}},{"x":1627,"y":4019,"data":{"alt":4,"type":2,"area":138}},{"x":1628,"y":4019,"data":{"alt":4,"type":2,"area":138}},{"x":1629,"y":4019,"data":{"alt":4,"type":2,"area":138}},{"x":1630,"y":4019,"data":{"alt":4,"type":2,"area":138}},{"x":1631,"y":4019,"data":{"alt":4,"type":2,"area":138}},{"x":1617,"y":4020,"data":{"alt":4,"type":2,"area":138}},{"x":1618,"y":4020,"data":{"alt":4,"type":1,"area":138}},{"x":1619,"y":4020,"data":{"alt":4,"type":2,"area":138}},{"x":1620,"y":4020,"data":{"alt":4,"type":2,"area":138}},{"x":1621,"y":4020,"data":{"alt":4,"type":2,"area":138}},{"x":1622,"y":4020,"data":{"alt":4,"type":2,"area":138}},{"x":1623,"y":4020,"data":{"alt":4,"type":2,"area":138}},{"x":1624,"y":4020,"data":{"alt":4,"type":2,"area":138}},{"x":1625,"y":4020,"data":{"alt":4,"type":2,"area":138}},{"x":1626,"y":4020,"data":{"alt":4,"type":2,"area":138}},{"x":1627,"y":4020,"data":{"alt":4,"type":2,"area":138}},{"x":1628,"y":4020,"data":{"alt":4,"type":2,"area":138}},{"x":1629,"y":4020,"data":{"alt":4,"type":2,"area":138}},{"x":1630,"y":4020,"data":{"alt":4,"type":2,"area":138}},{"x":1631,"y":4020,"data":{"alt":4,"type":2,"area":138}},{"x":1619,"y":4021,"data":{"alt":4,"type":1,"area":138}},{"x":1620,"y":4021,"data":{"alt":4,"type":2,"area":138}},{"x":1621,"y":4021,"data":{"alt":4,"type":2,"area":138}},{"x":1622,"y":4021,"data":{"alt":4,"type":2,"area":138}},{"x":1623,"y":4021,"data":{"alt":4,"type":2,"area":138}},{"x":1624,"y":4021,"data":{"alt":4,"type":2,"area":138}},{"x":1625,"y":4021,"data":{"alt":4,"type":2,"area":138}},{"x":1626,"y":4021,"data":{"alt":4,"type":2,"area":138}},{"x":1627,"y":4021,"data":{"alt":4,"type":2,"area":138}},{"x":1628,"y":4021,"data":{"alt":4,"type":2,"area":138}},{"x":1629,"y":4021,"data":{"alt":4,"type":2,"area":138}},{"x":1630,"y":4021,"data":{"alt":4,"type":1,"area":138}},{"x":1631,"y":4021,"data":{"alt":4,"type":1,"area":138}},{"x":1620,"y":4022,"data":{"alt":4,"type":1,"area":138}},{"x":1621,"y":4022,"data":{"alt":4,"type":1,"area":138}},{"x":1622,"y":4022,"data":{"alt":4,"type":2,"area":138}},{"x":1623,"y":4022,"data":{"alt":4,"type":2,"area":138}},{"x":1624,"y":4022,"data":{"alt":4,"type":2,"area":138}},{"x":1625,"y":4022,"data":{"alt":4,"type":2,"area":138}},{"x":1626,"y":4022,"data":{"alt":4,"type":2,"area":138}},{"x":1627,"y":4022,"data":{"alt":4,"type":2,"area":138}},{"x":1628,"y":4022,"data":{"alt":4,"type":2,"area":138}},{"x":1629,"y":4022,"data":{"alt":4,"type":1,"area":138}},{"x":1630,"y":4022,"data":{"alt":4,"type":2,"area":138}},{"x":1631,"y":4022,"data":{"alt":4,"type":2,"area":138}},{"x":1622,"y":4023,"data":{"alt":4,"type":1,"area":138}},{"x":1623,"y":4023,"data":{"alt":4,"type":1,"area":138}},{"x":1624,"y":4023,"data":{"alt":4,"type":1,"area":138}},{"x":1625,"y":4023,"data":{"alt":4,"type":2,"area":138}},{"x":1626,"y":4023,"data":{"alt":4,"type":2,"area":138}},{"x":1627,"y":4023,"data":{"alt":4,"type":2,"area":138}},{"x":1628,"y":4023,"data":{"alt":4,"type":1,"area":138}},{"x":1629,"y":4023,"data":{"alt":4,"type":2,"area":138}},{"x":1630,"y":4023,"data":{"alt":4,"type":2,"area":138}},{"x":1631,"y":4023,"data":{"alt":4,"type":2,"area":138}},{"x":1623,"y":4024,"data":{"alt":4,"type":2,"area":138}},{"x":1624,"y":4024,"data":{"alt":4,"type":2,"area":138}},{"x":1625,"y":4024,"data":{"alt":4,"type":1,"area":138}},{"x":1626,"y":4024,"data":{"alt":4,"type":2,"area":138}},{"x":1627,"y":4024,"data":{"alt":4,"type":1,"area":138}},{"x":1628,"y":4024,"data":{"alt":4,"type":2,"area":138}},{"x":1629,"y":4024,"data":{"alt":4,"type":2,"area":138}},{"x":1630,"y":4024,"data":{"alt":4,"type":2,"area":138}},{"x":1631,"y":4024,"data":{"alt":4,"type":2,"area":138}},{"x":1624,"y":4025,"data":{"alt":4,"type":2,"area":138}},{"x":1625,"y":4025,"data":{"alt":4,"type":1,"area":138}},{"x":1626,"y":4025,"data":{"alt":4,"type":1,"area":138}},{"x":1627,"y":4025,"data":{"alt":4,"type":2,"area":138}},{"x":1628,"y":4025,"data":{"alt":4,"type":2,"area":138}},{"x":1629,"y":4025,"data":{"alt":4,"type":2,"area":138}},{"x":1630,"y":4025,"data":{"alt":4,"type":2,"area":138}},{"x":1631,"y":4025,"data":{"alt":4,"type":2,"area":138}},{"x":1625,"y":4026,"data":{"alt":4,"type":1,"area":138}},{"x":1626,"y":4026,"data":{"alt":4,"type":1,"area":138}},{"x":1627,"y":4026,"data":{"alt":4,"type":2,"area":138}},{"x":1628,"y":4026,"data":{"alt":4,"type":2,"area":138}},{"x":1629,"y":4026,"data":{"alt":4,"type":2,"area":138}},{"x":1630,"y":4026,"data":{"alt":4,"type":2,"area":138}},{"x":1631,"y":4026,"data":{"alt":4,"type":2,"area":138}},{"x":1624,"y":4027,"data":{"alt":4,"type":1,"area":138}},{"x":1625,"y":4027,"data":{"alt":4,"type":2,"area":138}},{"x":1626,"y":4027,"data":{"alt":4,"type":1,"area":138}},{"x":1627,"y":4027,"data":{"alt":4,"type":2,"area":138}},{"x":1628,"y":4027,"data":{"alt":4,"type":2,"area":138}},{"x":1629,"y":4027,"data":{"alt":4,"type":2,"area":138}},{"x":1630,"y":4027,"data":{"alt":4,"type":2,"area":138}},{"x":1631,"y":4027,"data":{"alt":4,"type":2,"area":138}},{"x":1624,"y":4028,"data":{"alt":4,"type":1,"area":138}},{"x":1626,"y":4028,"data":{"alt":4,"type":1,"area":138}},{"x":1627,"y":4028,"data":{"alt":4,"type":2,"area":138}},{"x":1628,"y":4028,"data":{"alt":4,"type":2,"area":138}},{"x":1629,"y":4028,"data":{"alt":4,"type":2,"area":138}},{"x":1630,"y":4028,"data":{"alt":4,"type":2,"area":138}},{"x":1631,"y":4028,"data":{"alt":4,"type":2,"area":138}},{"x":1626,"y":4029,"data":{"alt":4,"type":1,"area":138}},{"x":1627,"y":4029,"data":{"alt":4,"type":2,"area":138}},{"x":1628,"y":4029,"data":{"alt":4,"type":2,"area":138}},{"x":1629,"y":4029,"data":{"alt":4,"type":2,"area":138}},{"x":1630,"y":4029,"data":{"alt":4,"type":2,"area":138}},{"x":1631,"y":4029,"data":{"alt":4,"type":2,"area":138}},{"x":1626,"y":4030,"data":{"alt":4,"type":1,"area":138}},{"x":1627,"y":4030,"data":{"alt":4,"type":2,"area":138}},{"x":1628,"y":4030,"data":{"alt":4,"type":2,"area":138}},{"x":1629,"y":4030,"data":{"alt":4,"type":2,"area":138}},{"x":1630,"y":4030,"data":{"alt":4,"type":2,"area":138}},{"x":1631,"y":4030,"data":{"alt":4,"type":2,"area":138}},{"x":1627,"y":4031,"data":{"alt":4,"type":1,"area":138}},{"x":1628,"y":4031,"data":{"alt":4,"type":2,"area":138}},{"x":1629,"y":4031,"data":{"alt":4,"type":2,"area":138}},{"x":1630,"y":4031,"data":{"alt":4,"type":2,"area":138}},{"x":1631,"y":4031,"data":{"alt":4,"type":2,"area":138}},{"x":1635,"y":4012,"data":{"alt":4,"type":2,"area":138}},{"x":1636,"y":4012,"data":{"alt":4,"type":2,"area":138}},{"x":1635,"y":4013,"data":{"alt":4,"type":2,"area":138}},{"x":1636,"y":4013,"data":{"alt":4,"type":2,"area":138}},{"x":1637,"y":4013,"data":{"alt":4,"type":2,"area":138}},{"x":1635,"y":4014,"data":{"alt":4,"type":2,"area":138}},{"x":1636,"y":4014,"data":{"alt":4,"type":2,"area":138}},{"x":1637,"y":4014,"data":{"alt":4,"type":2,"area":138}},{"x":1638,"y":4014,"data":{"alt":4,"type":2,"area":138}},{"x":1639,"y":4014,"data":{"alt":4,"type":2,"area":138}},{"x":1633,"y":4015,"data":{"alt":4,"type":2,"area":138}},{"x":1635,"y":4015,"data":{"alt":4,"type":2,"area":138}},{"x":1636,"y":4015,"data":{"alt":4,"type":2,"area":138}},{"x":1637,"y":4015,"data":{"alt":4,"type":2,"area":138}},{"x":1638,"y":4015,"data":{"alt":4,"type":2,"area":138}},{"x":1639,"y":4015,"data":{"alt":4,"type":2,"area":138}},{"x":1640,"y":4015,"data":{"alt":4,"type":2,"area":138}},{"x":1632,"y":4016,"data":{"alt":4,"type":2,"area":138}},{"x":1633,"y":4016,"data":{"alt":4,"type":2,"area":138}},{"x":1635,"y":4016,"data":{"alt":4,"type":2,"area":138}},{"x":1636,"y":4016,"data":{"alt":4,"type":2,"area":138}},{"x":1637,"y":4016,"data":{"alt":4,"type":2,"area":138}},{"x":1638,"y":4016,"data":{"alt":4,"type":1,"area":138}},{"x":1639,"y":4016,"data":{"alt":4,"type":1,"area":138}},{"x":1640,"y":4016,"data":{"alt":4,"type":1,"area":138}},{"x":1641,"y":4016,"data":{"alt":4,"type":1,"area":138}},{"x":1632,"y":4017,"data":{"alt":4,"type":2,"area":138}},{"x":1633,"y":4017,"data":{"alt":4,"type":2,"area":138}},{"x":1635,"y":4017,"data":{"alt":4,"type":2,"area":138}},{"x":1636,"y":4017,"data":{"alt":4,"type":2,"area":138}},{"x":1637,"y":4017,"data":{"alt":4,"type":1,"area":138}},{"x":1638,"y":4017,"data":{"alt":4,"type":2,"area":138}},{"x":1639,"y":4017,"data":{"alt":4,"type":2,"area":138}},{"x":1640,"y":4017,"data":{"alt":4,"type":1,"area":138}},{"x":1641,"y":4017,"data":{"alt":4,"type":2,"area":138}},{"x":1632,"y":4018,"data":{"alt":4,"type":2,"area":138}},{"x":1636,"y":4018,"data":{"alt":4,"type":1,"area":138}},{"x":1637,"y":4018,"data":{"alt":4,"type":2,"area":138}},{"x":1638,"y":4018,"data":{"alt":4,"type":2,"area":138}},{"x":1639,"y":4018,"data":{"alt":4,"type":1,"area":138}},{"x":1640,"y":4018,"data":{"alt":4,"type":2,"area":138}},{"x":1641,"y":4018,"data":{"alt":4,"type":2,"area":138}},{"x":1632,"y":4019,"data":{"alt":4,"type":2,"area":138}},{"x":1633,"y":4019,"data":{"alt":4,"type":1,"area":138}},{"x":1634,"y":4019,"data":{"alt":4,"type":1,"area":138}},{"x":1635,"y":4019,"data":{"alt":4,"type":1,"area":138}},{"x":1636,"y":4019,"data":{"alt":4,"type":2,"area":138}},{"x":1637,"y":4019,"data":{"alt":4,"type":2,"area":138}},{"x":1638,"y":4019,"data":{"alt":4,"type":1,"area":138}},{"x":1639,"y":4019,"data":{"alt":4,"type":2,"area":138}},{"x":1640,"y":4019,"data":{"alt":4,"type":2,"area":138}},{"x":1641,"y":4019,"data":{"alt":4,"type":2,"area":138}},{"x":1642,"y":4019,"data":{"alt":4,"type":2,"area":138}},{"x":1643,"y":4019,"data":{"alt":4,"type":2,"area":138}},{"x":1632,"y":4020,"data":{"alt":4,"type":1,"area":138}},{"x":1633,"y":4020,"data":{"alt":4,"type":2,"area":138}},{"x":1634,"y":4020,"data":{"alt":4,"type":2,"area":138}},{"x":1635,"y":4020,"data":{"alt":4,"type":2,"area":138}},{"x":1636,"y":4020,"data":{"alt":4,"type":2,"area":138}},{"x":1637,"y":4020,"data":{"alt":4,"type":1,"area":138}},{"x":1638,"y":4020,"data":{"alt":4,"type":2,"area":138}},{"x":1639,"y":4020,"data":{"alt":4,"type":2,"area":138}},{"x":1640,"y":4020,"data":{"alt":4,"type":2,"area":138}},{"x":1641,"y":4020,"data":{"alt":4,"type":2,"area":138}},{"x":1642,"y":4020,"data":{"alt":4,"type":2,"area":138}},{"x":1632,"y":4021,"data":{"alt":4,"type":2,"area":138}},{"x":1633,"y":4021,"data":{"alt":4,"type":2,"area":138}},{"x":1634,"y":4021,"data":{"alt":4,"type":2,"area":138}},{"x":1635,"y":4021,"data":{"alt":4,"type":2,"area":138}},{"x":1636,"y":4021,"data":{"alt":4,"type":1,"area":138}},{"x":1637,"y":4021,"data":{"alt":4,"type":2,"area":138}},{"x":1638,"y":4021,"data":{"alt":4,"type":2,"area":138}},{"x":1639,"y":4021,"data":{"alt":4,"type":2,"area":138}},{"x":1642,"y":4021,"data":{"alt":4,"type":2,"area":138}},{"x":1632,"y":4022,"data":{"alt":4,"type":2,"area":138}},{"x":1633,"y":4022,"data":{"alt":4,"type":2,"area":138}},{"x":1634,"y":4022,"data":{"alt":4,"type":2,"area":138}},{"x":1635,"y":4022,"data":{"alt":4,"type":1,"area":138}},{"x":1636,"y":4022,"data":{"alt":4,"type":2,"area":138}},{"x":1637,"y":4022,"data":{"alt":4,"type":2,"area":138}},{"x":1638,"y":4022,"data":{"alt":4,"type":2,"area":138}},{"x":1639,"y":4022,"data":{"alt":4,"type":2,"area":138}},{"x":1632,"y":4023,"data":{"alt":4,"type":2,"area":138}},{"x":1633,"y":4023,"data":{"alt":4,"type":2,"area":138}},{"x":1634,"y":4023,"data":{"alt":4,"type":2,"area":138}},{"x":1635,"y":4023,"data":{"alt":4,"type":1,"area":138}},{"x":1636,"y":4023,"data":{"alt":4,"type":2,"area":138}},{"x":1637,"y":4023,"data":{"alt":4,"type":2,"area":138}},{"x":1638,"y":4023,"data":{"alt":4,"type":2,"area":138}},{"x":1632,"y":4024,"data":{"alt":4,"type":2,"area":138}},{"x":1633,"y":4024,"data":{"alt":4,"type":2,"area":138}},{"x":1634,"y":4024,"data":{"alt":4,"type":2,"area":138}},{"x":1635,"y":4024,"data":{"alt":4,"type":1,"area":138}},{"x":1636,"y":4024,"data":{"alt":4,"type":2,"area":138}},{"x":1637,"y":4024,"data":{"alt":4,"type":2,"area":138}},{"x":1632,"y":4025,"data":{"alt":4,"type":2,"area":138}},{"x":1633,"y":4025,"data":{"alt":4,"type":2,"area":138}},{"x":1634,"y":4025,"data":{"alt":4,"type":2,"area":138}},{"x":1635,"y":4025,"data":{"alt":4,"type":1,"area":138}},{"x":1636,"y":4025,"data":{"alt":4,"type":2,"area":138}},{"x":1637,"y":4025,"data":{"alt":4,"type":2,"area":138}},{"x":1632,"y":4026,"data":{"alt":4,"type":2,"area":138}},{"x":1633,"y":4026,"data":{"alt":4,"type":2,"area":138}},{"x":1634,"y":4026,"data":{"alt":4,"type":2,"area":138}},{"x":1635,"y":4026,"data":{"alt":4,"type":1,"area":138}},{"x":1636,"y":4026,"data":{"alt":4,"type":2,"area":138}},{"x":1632,"y":4027,"data":{"alt":4,"type":2,"area":138}},{"x":1633,"y":4027,"data":{"alt":4,"type":2,"area":138}},{"x":1634,"y":4027,"data":{"alt":4,"type":2,"area":138}},{"x":1635,"y":4027,"data":{"alt":4,"type":1,"area":138}},{"x":1636,"y":4027,"data":{"alt":4,"type":2,"area":138}},{"x":1632,"y":4028,"data":{"alt":4,"type":2,"area":138}},{"x":1633,"y":4028,"data":{"alt":4,"type":2,"area":138}},{"x":1634,"y":4028,"data":{"alt":4,"type":2,"area":138}},{"x":1635,"y":4028,"data":{"alt":4,"type":1,"area":138}},{"x":1636,"y":4028,"data":{"alt":4,"type":2,"area":138}},{"x":1632,"y":4029,"data":{"alt":4,"type":2,"area":138}},{"x":1633,"y":4029,"data":{"alt":4,"type":2,"area":138}},{"x":1634,"y":4029,"data":{"alt":4,"type":2,"area":138}},{"x":1635,"y":4029,"data":{"alt":4,"type":1,"area":138}},{"x":1636,"y":4029,"data":{"alt":4,"type":2,"area":138}},{"x":1632,"y":4030,"data":{"alt":4,"type":2,"area":138}},{"x":1633,"y":4030,"data":{"alt":4,"type":2,"area":138}},{"x":1634,"y":4030,"data":{"alt":4,"type":2,"area":138}},{"x":1635,"y":4030,"data":{"alt":4,"type":1,"area":138}},{"x":1636,"y":4030,"data":{"alt":4,"type":2,"area":138}},{"x":1632,"y":4031,"data":{"alt":4,"type":2,"area":138}},{"x":1633,"y":4031,"data":{"alt":4,"type":2,"area":138}},{"x":1634,"y":4031,"data":{"alt":4,"type":2,"area":138}},{"x":1635,"y":4031,"data":{"alt":4,"type":1,"area":138}},{"x":1632,"y":4032,"data":{"alt":4,"type":2,"area":138}},{"x":1633,"y":4032,"data":{"alt":4,"type":2,"area":138}},{"x":1634,"y":4032,"data":{"alt":4,"type":1,"area":138}},{"x":1632,"y":4033,"data":{"alt":4,"type":2,"area":138}},{"x":1633,"y":4033,"data":{"alt":4,"type":1,"area":138}},{"x":1632,"y":4034,"data":{"alt":4,"type":1,"area":138}}]