[{"x":183,"y":2373,"data":{"alt":3,"fertility":60,"region":2149,"area":139}},{"x":184,"y":2373,"data":{"alt":3,"fertility":60,"region":2149,"area":139}},{"x":185,"y":2373,"data":{"alt":2,"fertility":60,"region":2149,"area":139}},{"x":183,"y":2374,"data":{"alt":2,"fertility":60,"region":2149,"area":139}},{"x":184,"y":2374,"data":{"alt":3,"fertility":60,"region":2149,"area":139}},{"x":185,"y":2374,"data":{"alt":2,"fertility":60,"region":2149,"area":139}},{"x":186,"y":2374,"data":{"alt":2,"fertility":60,"region":2149,"area":139}},{"x":183,"y":2375,"data":{"alt":2,"fertility":60,"region":2149,"area":139}},{"x":184,"y":2375,"data":{"alt":2,"fertility":60,"region":2149,"area":139}},{"x":185,"y":2375,"data":{"alt":2,"fertility":60,"region":2149,"area":139}},{"x":188,"y":2375,"data":{"alt":2,"fertility":60,"region":2149,"area":139}},{"x":185,"y":2376,"data":{"alt":1,"fertility":60,"region":2149,"area":139}},{"x":187,"y":2376,"data":{"alt":1,"fertility":60,"region":2149,"area":139}},{"x":188,"y":2376,"data":{"alt":1,"fertility":60,"region":2149,"area":139}},{"x":185,"y":2377,"data":{"alt":1,"fertility":60,"region":2149,"area":139}},{"x":186,"y":2377,"data":{"alt":1,"fertility":60,"region":2149,"area":139}},{"x":187,"y":2377,"data":{"alt":1,"fertility":60,"region":2149,"area":139}},{"x":188,"y":2377,"data":{"alt":1,"fertility":60,"region":2149,"area":139}},{"x":185,"y":2378,"data":{"alt":1,"fertility":60,"region":2149,"area":139}},{"x":186,"y":2378,"data":{"alt":1,"fertility":60,"region":2149,"area":139}},{"x":189,"y":2378,"data":{"alt":1,"fertility":60,"region":2149,"area":139}},{"x":185,"y":2379,"data":{"alt":1,"fertility":60,"region":2149,"area":139}}]