[{"x":79,"y":960,"data":{"alt":1,"type":2,"area":14}},{"x":80,"y":960,"data":{"alt":1,"type":1,"area":14}},{"x":81,"y":960,"data":{"alt":1,"type":2,"area":14}},{"x":82,"y":960,"data":{"alt":1,"type":2,"area":14}},{"x":83,"y":960,"data":{"alt":1,"type":2,"area":14}},{"x":79,"y":961,"data":{"alt":1,"type":2,"area":14}},{"x":80,"y":961,"data":{"alt":1,"type":1,"area":14}},{"x":81,"y":961,"data":{"alt":1,"type":2,"area":14}},{"x":82,"y":961,"data":{"alt":1,"type":2,"area":14}},{"x":83,"y":961,"data":{"alt":1,"type":2,"area":14}},{"x":79,"y":962,"data":{"alt":1,"type":2,"area":14}},{"x":80,"y":962,"data":{"alt":1,"type":2,"area":14}},{"x":81,"y":962,"data":{"alt":1,"type":1,"area":14}},{"x":82,"y":962,"data":{"alt":1,"type":2,"area":14}},{"x":83,"y":962,"data":{"alt":1,"type":2,"area":14}},{"x":84,"y":962,"data":{"alt":1,"type":2,"area":14}},{"x":82,"y":963,"data":{"alt":1,"type":1,"area":14}},{"x":81,"y":955,"data":{"alt":1,"type":1,"area":14}},{"x":81,"y":956,"data":{"alt":1,"type":1,"area":14}},{"x":79,"y":957,"data":{"alt":1,"type":2,"area":14}},{"x":80,"y":957,"data":{"alt":1,"type":2,"area":14}},{"x":81,"y":957,"data":{"alt":1,"type":1,"area":14}},{"x":82,"y":957,"data":{"alt":1,"type":2,"area":14}},{"x":83,"y":957,"data":{"alt":1,"type":2,"area":14}},{"x":79,"y":958,"data":{"alt":1,"type":2,"area":14}},{"x":80,"y":958,"data":{"alt":1,"type":2,"area":14}},{"x":81,"y":958,"data":{"alt":1,"type":1,"area":14}},{"x":82,"y":958,"data":{"alt":1,"type":2,"area":14}},{"x":83,"y":958,"data":{"alt":1,"type":2,"area":14}},{"x":84,"y":958,"data":{"alt":1,"type":2,"area":14}},{"x":80,"y":959,"data":{"alt":1,"type":2,"area":14}},{"x":81,"y":959,"data":{"alt":1,"type":1,"area":14}},{"x":82,"y":959,"data":{"alt":1,"type":2,"area":14}},{"x":83,"y":959,"data":{"alt":1,"type":2,"area":14}},{"x":84,"y":959,"data":{"alt":1,"type":2,"area":14}},{"x":85,"y":959,"data":{"alt":1,"type":2,"area":14}}]