[{"x":1617,"y":4069,"data":{"alt":2,"type":1,"area":140}},{"x":1618,"y":4069,"data":{"alt":2,"type":1,"area":140}},{"x":1619,"y":4069,"data":{"alt":2,"type":1,"area":140}},{"x":1620,"y":4069,"data":{"alt":2,"type":1,"area":140}},{"x":1621,"y":4069,"data":{"alt":2,"type":1,"area":140}},{"x":1622,"y":4069,"data":{"alt":2,"type":1,"area":140}},{"x":1623,"y":4069,"data":{"alt":2,"type":1,"area":140}},{"x":1624,"y":4069,"data":{"alt":2,"type":1,"area":140}},{"x":1625,"y":4069,"data":{"alt":2,"type":1,"area":140}},{"x":1626,"y":4069,"data":{"alt":2,"type":1,"area":140}},{"x":1627,"y":4069,"data":{"alt":2,"type":1,"area":140}},{"x":1628,"y":4069,"data":{"alt":2,"type":1,"area":140}},{"x":1629,"y":4069,"data":{"alt":2,"type":1,"area":140}},{"x":1630,"y":4069,"data":{"alt":2,"type":1,"area":140}}]