[{"x":1654,"y":4003,"data":{"alt":4,"type":2,"area":144}},{"x":1653,"y":4004,"data":{"alt":4,"type":2,"area":144}},{"x":1654,"y":4004,"data":{"alt":4,"type":2,"area":144}},{"x":1655,"y":4004,"data":{"alt":4,"type":2,"area":144}},{"x":1657,"y":4004,"data":{"alt":4,"type":2,"area":144}},{"x":1653,"y":4005,"data":{"alt":4,"type":2,"area":144}},{"x":1654,"y":4005,"data":{"alt":4,"type":2,"area":144}},{"x":1655,"y":4005,"data":{"alt":4,"type":2,"area":144}},{"x":1656,"y":4005,"data":{"alt":4,"type":2,"area":144}},{"x":1657,"y":4005,"data":{"alt":4,"type":2,"area":144}},{"x":1653,"y":4006,"data":{"alt":4,"type":2,"area":144}},{"x":1654,"y":4006,"data":{"alt":4,"type":2,"area":144}},{"x":1654,"y":4007,"data":{"alt":4,"type":2,"area":144}},{"x":1655,"y":4007,"data":{"alt":4,"type":2,"area":144}},{"x":1656,"y":4007,"data":{"alt":4,"type":2,"area":144}},{"x":1651,"y":4008,"data":{"alt":4,"type":2,"area":144}},{"x":1652,"y":4008,"data":{"alt":4,"type":2,"area":144}},{"x":1653,"y":4008,"data":{"alt":4,"type":2,"area":144}},{"x":1654,"y":4008,"data":{"alt":4,"type":2,"area":144}},{"x":1655,"y":4008,"data":{"alt":4,"type":2,"area":144}},{"x":1656,"y":4008,"data":{"alt":4,"type":2,"area":144}},{"x":1657,"y":4008,"data":{"alt":4,"type":2,"area":144}},{"x":1651,"y":4009,"data":{"alt":4,"type":2,"area":144}},{"x":1652,"y":4009,"data":{"alt":4,"type":2,"area":144}},{"x":1653,"y":4009,"data":{"alt":4,"type":2,"area":144}},{"x":1654,"y":4009,"data":{"alt":4,"type":2,"area":144}},{"x":1655,"y":4009,"data":{"alt":4,"type":2,"area":144}},{"x":1656,"y":4009,"data":{"alt":4,"type":2,"area":144}},{"x":1642,"y":4010,"data":{"alt":4,"type":2,"area":144}},{"x":1645,"y":4010,"data":{"alt":4,"type":2,"area":144}},{"x":1646,"y":4010,"data":{"alt":4,"type":2,"area":144}},{"x":1647,"y":4010,"data":{"alt":4,"type":2,"area":144}},{"x":1648,"y":4010,"data":{"alt":4,"type":2,"area":144}},{"x":1650,"y":4010,"data":{"alt":4,"type":2,"area":144}},{"x":1651,"y":4010,"data":{"alt":4,"type":2,"area":144}},{"x":1652,"y":4010,"data":{"alt":4,"type":2,"area":144}},{"x":1653,"y":4010,"data":{"alt":4,"type":2,"area":144}},{"x":1654,"y":4010,"data":{"alt":4,"type":2,"area":144}},{"x":1655,"y":4010,"data":{"alt":4,"type":2,"area":144}},{"x":1656,"y":4010,"data":{"alt":4,"type":2,"area":144}},{"x":1642,"y":4011,"data":{"alt":4,"type":2,"area":144}},{"x":1643,"y":4011,"data":{"alt":4,"type":2,"area":144}},{"x":1644,"y":4011,"data":{"alt":4,"type":2,"area":144}},{"x":1645,"y":4011,"data":{"alt":4,"type":2,"area":144}},{"x":1646,"y":4011,"data":{"alt":4,"type":2,"area":144}},{"x":1647,"y":4011,"data":{"alt":4,"type":2,"area":144}},{"x":1648,"y":4011,"data":{"alt":4,"type":2,"area":144}},{"x":1649,"y":4011,"data":{"alt":4,"type":2,"area":144}},{"x":1650,"y":4011,"data":{"alt":4,"type":2,"area":144}},{"x":1651,"y":4011,"data":{"alt":4,"type":2,"area":144}},{"x":1652,"y":4011,"data":{"alt":4,"type":2,"area":144}},{"x":1653,"y":4011,"data":{"alt":4,"type":2,"area":144}},{"x":1654,"y":4011,"data":{"alt":4,"type":2,"area":144}},{"x":1655,"y":4011,"data":{"alt":4,"type":2,"area":144}},{"x":1656,"y":4011,"data":{"alt":4,"type":2,"area":144}},{"x":1657,"y":4011,"data":{"alt":4,"type":2,"area":144}},{"x":1642,"y":4012,"data":{"alt":4,"type":2,"area":144}},{"x":1643,"y":4012,"data":{"alt":4,"type":1,"area":144}},{"x":1644,"y":4012,"data":{"alt":4,"type":1,"area":144}},{"x":1645,"y":4012,"data":{"alt":4,"type":1,"area":144}},{"x":1646,"y":4012,"data":{"alt":4,"type":1,"area":144}},{"x":1647,"y":4012,"data":{"alt":4,"type":1,"area":144}},{"x":1648,"y":4012,"data":{"alt":4,"type":1,"area":144}},{"x":1649,"y":4012,"data":{"alt":4,"type":1,"area":144}},{"x":1650,"y":4012,"data":{"alt":4,"type":1,"area":144}},{"x":1651,"y":4012,"data":{"alt":4,"type":2,"area":144}},{"x":1652,"y":4012,"data":{"alt":4,"type":2,"area":144}},{"x":1653,"y":4012,"data":{"alt":4,"type":2,"area":144}},{"x":1654,"y":4012,"data":{"alt":4,"type":2,"area":144}},{"x":1655,"y":4012,"data":{"alt":4,"type":2,"area":144}},{"x":1656,"y":4012,"data":{"alt":4,"type":2,"area":144}},{"x":1657,"y":4012,"data":{"alt":4,"type":2,"area":144}},{"x":1658,"y":4012,"data":{"alt":4,"type":2,"area":144}},{"x":1642,"y":4013,"data":{"alt":4,"type":1,"area":144}},{"x":1644,"y":4013,"data":{"alt":4,"type":1,"area":144}},{"x":1645,"y":4013,"data":{"alt":4,"type":1,"area":144}},{"x":1646,"y":4013,"data":{"alt":4,"type":1,"area":144}},{"x":1647,"y":4013,"data":{"alt":4,"type":1,"area":144}},{"x":1648,"y":4013,"data":{"alt":4,"type":2,"area":144}},{"x":1649,"y":4013,"data":{"alt":4,"type":2,"area":144}},{"x":1650,"y":4013,"data":{"alt":4,"type":2,"area":144}},{"x":1651,"y":4013,"data":{"alt":4,"type":2,"area":144}},{"x":1652,"y":4013,"data":{"alt":4,"type":2,"area":144}},{"x":1653,"y":4013,"data":{"alt":4,"type":2,"area":144}},{"x":1654,"y":4013,"data":{"alt":4,"type":2,"area":144}},{"x":1655,"y":4013,"data":{"alt":4,"type":2,"area":144}},{"x":1656,"y":4013,"data":{"alt":4,"type":2,"area":144}},{"x":1657,"y":4013,"data":{"alt":4,"type":2,"area":144}},{"x":1642,"y":4014,"data":{"alt":4,"type":1,"area":144}},{"x":1648,"y":4014,"data":{"alt":4,"type":1,"area":144}},{"x":1649,"y":4014,"data":{"alt":4,"type":2,"area":144}},{"x":1650,"y":4014,"data":{"alt":4,"type":2,"area":144}},{"x":1651,"y":4014,"data":{"alt":4,"type":2,"area":144}},{"x":1652,"y":4014,"data":{"alt":4,"type":2,"area":144}},{"x":1653,"y":4014,"data":{"alt":4,"type":2,"area":144}},{"x":1654,"y":4014,"data":{"alt":4,"type":2,"area":144}},{"x":1655,"y":4014,"data":{"alt":4,"type":2,"area":144}},{"x":1656,"y":4014,"data":{"alt":4,"type":2,"area":144}},{"x":1642,"y":4015,"data":{"alt":4,"type":1,"area":144}},{"x":1649,"y":4015,"data":{"alt":4,"type":2,"area":144}},{"x":1650,"y":4015,"data":{"alt":4,"type":2,"area":144}},{"x":1651,"y":4015,"data":{"alt":4,"type":2,"area":144}},{"x":1652,"y":4015,"data":{"alt":4,"type":2,"area":144}},{"x":1653,"y":4015,"data":{"alt":4,"type":2,"area":144}},{"x":1654,"y":4015,"data":{"alt":4,"type":2,"area":144}},{"x":1655,"y":4015,"data":{"alt":4,"type":2,"area":144}},{"x":1649,"y":4016,"data":{"alt":4,"type":2,"area":144}},{"x":1650,"y":4016,"data":{"alt":4,"type":2,"area":144}},{"x":1651,"y":4016,"data":{"alt":4,"type":2,"area":144}},{"x":1652,"y":4016,"data":{"alt":4,"type":2,"area":144}},{"x":1653,"y":4016,"data":{"alt":4,"type":2,"area":144}},{"x":1654,"y":4016,"data":{"alt":4,"type":2,"area":144}},{"x":1649,"y":4017,"data":{"alt":4,"type":2,"area":144}},{"x":1650,"y":4017,"data":{"alt":4,"type":2,"area":144}},{"x":1651,"y":4017,"data":{"alt":4,"type":2,"area":144}},{"x":1652,"y":4017,"data":{"alt":4,"type":2,"area":144}},{"x":1653,"y":4017,"data":{"alt":4,"type":2,"area":144}},{"x":1654,"y":4017,"data":{"alt":4,"type":2,"area":144}},{"x":1655,"y":4017,"data":{"alt":4,"type":2,"area":144}},{"x":1650,"y":4018,"data":{"alt":4,"type":2,"area":144}},{"x":1651,"y":4018,"data":{"alt":4,"type":2,"area":144}},{"x":1652,"y":4018,"data":{"alt":4,"type":2,"area":144}},{"x":1653,"y":4018,"data":{"alt":4,"type":2,"area":144}},{"x":1654,"y":4018,"data":{"alt":4,"type":2,"area":144}},{"x":1655,"y":4018,"data":{"alt":4,"type":2,"area":144}},{"x":1650,"y":4019,"data":{"alt":4,"type":2,"area":144}},{"x":1651,"y":4019,"data":{"alt":4,"type":2,"area":144}},{"x":1652,"y":4019,"data":{"alt":4,"type":2,"res":1,"resAmount":80,"area":144}},{"x":1653,"y":4019,"data":{"alt":4,"type":2,"area":144}},{"x":1654,"y":4019,"data":{"alt":4,"type":2,"area":144}},{"x":1655,"y":4019,"data":{"alt":4,"type":2,"area":144}},{"x":1656,"y":4019,"data":{"alt":4,"type":2,"area":144}},{"x":1651,"y":4020,"data":{"alt":4,"type":2,"area":144}},{"x":1652,"y":4020,"data":{"alt":4,"type":2,"area":144}},{"x":1653,"y":4020,"data":{"alt":4,"type":2,"area":144}},{"x":1654,"y":4020,"data":{"alt":4,"type":2,"area":144}},{"x":1655,"y":4020,"data":{"alt":4,"type":2,"area":144}},{"x":1652,"y":4021,"data":{"alt":4,"type":2,"area":144}},{"x":1653,"y":4021,"data":{"alt":4,"type":2,"area":144}},{"x":1654,"y":4021,"data":{"alt":4,"type":2,"area":144}},{"x":1655,"y":4021,"data":{"alt":4,"type":2,"area":144}},{"x":1656,"y":4021,"data":{"alt":4,"type":2,"area":144}},{"x":1657,"y":4021,"data":{"alt":4,"type":2,"area":144}},{"x":1653,"y":4022,"data":{"alt":4,"type":2,"area":144}},{"x":1654,"y":4022,"data":{"alt":4,"type":2,"area":144}},{"x":1655,"y":4022,"data":{"alt":4,"type":2,"area":144}},{"x":1656,"y":4022,"data":{"alt":4,"type":2,"area":144}},{"x":1657,"y":4022,"data":{"alt":4,"type":2,"area":144}},{"x":1658,"y":4022,"data":{"alt":4,"type":2,"area":144}},{"x":1659,"y":4022,"data":{"alt":4,"type":2,"area":144}},{"x":1656,"y":4023,"data":{"alt":4,"type":2,"area":144}},{"x":1657,"y":4023,"data":{"alt":4,"type":2,"area":144}},{"x":1658,"y":4023,"data":{"alt":4,"type":2,"area":144}},{"x":1655,"y":4024,"data":{"alt":4,"type":2,"area":144}},{"x":1656,"y":4024,"data":{"alt":4,"type":2,"area":144}},{"x":1657,"y":4024,"data":{"alt":4,"type":2,"area":144}},{"x":1658,"y":4024,"data":{"alt":4,"type":2,"area":144}},{"x":1654,"y":4025,"data":{"alt":4,"type":2,"area":144}},{"x":1655,"y":4025,"data":{"alt":4,"type":2,"area":144}},{"x":1656,"y":4025,"data":{"alt":4,"type":2,"area":144}},{"x":1657,"y":4025,"data":{"alt":4,"type":2,"area":144}},{"x":1658,"y":4025,"data":{"alt":4,"type":2,"area":144}},{"x":1658,"y":4026,"data":{"alt":4,"type":2,"area":144}}]