[{"x":188,"y":2380,"data":{"alt":1,"fertility":60,"region":2149,"area":145}},{"x":188,"y":2381,"data":{"alt":1,"fertility":60,"region":2149,"area":145}},{"x":189,"y":2382,"data":{"alt":1,"fertility":60,"region":2149,"area":145}},{"x":188,"y":2383,"data":{"alt":1,"fertility":60,"region":2149,"area":145}},{"x":189,"y":2383,"data":{"alt":1,"fertility":60,"region":2149,"area":145}},{"x":190,"y":2383,"data":{"alt":1,"fertility":60,"region":2149,"area":145}},{"x":189,"y":2384,"data":{"alt":1,"fertility":60,"region":2149,"area":145}},{"x":190,"y":2384,"data":{"alt":1,"fertility":60,"region":2149,"area":145}},{"x":191,"y":2384,"data":{"alt":1,"fertility":60,"region":2149,"area":145}},{"x":189,"y":2385,"data":{"alt":1,"fertility":60,"region":2149,"area":145}},{"x":192,"y":2384,"data":{"alt":1,"fertility":60,"region":2149,"area":145}},{"x":193,"y":2384,"data":{"alt":1,"fertility":60,"region":2149,"area":145}}]