[{"x":1652,"y":4026,"data":{"alt":4,"type":2,"area":146}},{"x":1653,"y":4026,"data":{"alt":4,"type":2,"area":146}},{"x":1652,"y":4027,"data":{"alt":4,"type":2,"area":146}},{"x":1653,"y":4027,"data":{"alt":4,"type":2,"area":146}},{"x":1654,"y":4027,"data":{"alt":4,"type":2,"area":146}},{"x":1655,"y":4027,"data":{"alt":4,"type":2,"area":146}},{"x":1651,"y":4028,"data":{"alt":4,"type":2,"area":146}},{"x":1652,"y":4028,"data":{"alt":4,"type":2,"area":146}},{"x":1653,"y":4028,"data":{"alt":4,"type":2,"area":146}},{"x":1654,"y":4028,"data":{"alt":4,"type":2,"area":146}},{"x":1650,"y":4029,"data":{"alt":4,"type":2,"area":146}},{"x":1651,"y":4029,"data":{"alt":4,"type":2,"area":146}},{"x":1652,"y":4029,"data":{"alt":4,"type":2,"area":146}},{"x":1653,"y":4029,"data":{"alt":4,"type":2,"area":146}},{"x":1647,"y":4030,"data":{"alt":4,"type":2,"area":146}},{"x":1648,"y":4030,"data":{"alt":4,"type":2,"area":146}},{"x":1649,"y":4030,"data":{"alt":4,"type":2,"area":146}},{"x":1650,"y":4030,"data":{"alt":4,"type":2,"area":146}},{"x":1651,"y":4030,"data":{"alt":4,"type":2,"area":146}},{"x":1652,"y":4030,"data":{"alt":4,"type":2,"area":146}},{"x":1646,"y":4031,"data":{"alt":4,"type":2,"area":146}},{"x":1647,"y":4031,"data":{"alt":4,"type":2,"area":146}},{"x":1648,"y":4031,"data":{"alt":4,"type":2,"area":146}},{"x":1649,"y":4031,"data":{"alt":4,"type":2,"area":146}},{"x":1650,"y":4031,"data":{"alt":4,"type":2,"area":146}},{"x":1651,"y":4031,"data":{"alt":4,"type":2,"area":146}},{"x":1652,"y":4031,"data":{"alt":4,"type":2,"area":146}},{"x":1653,"y":4031,"data":{"alt":4,"type":2,"area":146}},{"x":1645,"y":4032,"data":{"alt":4,"type":2,"area":146}},{"x":1646,"y":4032,"data":{"alt":4,"type":2,"area":146}},{"x":1647,"y":4032,"data":{"alt":4,"type":2,"area":146}},{"x":1648,"y":4032,"data":{"alt":4,"type":2,"area":146}},{"x":1649,"y":4032,"data":{"alt":4,"type":2,"area":146}},{"x":1650,"y":4032,"data":{"alt":4,"type":2,"area":146}},{"x":1651,"y":4032,"data":{"alt":4,"type":2,"area":146}},{"x":1644,"y":4033,"data":{"alt":4,"type":2,"area":146}},{"x":1645,"y":4033,"data":{"alt":4,"type":2,"area":146}},{"x":1646,"y":4033,"data":{"alt":4,"type":2,"area":146}},{"x":1647,"y":4033,"data":{"alt":4,"type":2,"area":146}},{"x":1648,"y":4033,"data":{"alt":4,"type":2,"area":146}},{"x":1649,"y":4033,"data":{"alt":4,"type":2,"area":146}},{"x":1650,"y":4033,"data":{"alt":4,"type":2,"area":146}},{"x":1651,"y":4033,"data":{"alt":4,"type":2,"area":146}},{"x":1645,"y":4034,"data":{"alt":4,"type":2,"area":146}},{"x":1646,"y":4034,"data":{"alt":4,"type":2,"area":146}},{"x":1647,"y":4034,"data":{"alt":4,"type":2,"area":146}},{"x":1649,"y":4034,"data":{"alt":4,"type":2,"area":146}},{"x":1650,"y":4034,"data":{"alt":4,"type":2,"area":146}},{"x":1651,"y":4034,"data":{"alt":4,"type":2,"area":146}},{"x":1645,"y":4035,"data":{"alt":4,"type":2,"area":146}},{"x":1646,"y":4035,"data":{"alt":4,"type":2,"area":146}},{"x":1647,"y":4035,"data":{"alt":4,"type":2,"area":146}},{"x":1648,"y":4035,"data":{"alt":4,"type":2,"area":146}},{"x":1649,"y":4035,"data":{"alt":4,"type":2,"area":146}},{"x":1650,"y":4035,"data":{"alt":4,"type":2,"area":146}},{"x":1651,"y":4035,"data":{"alt":4,"type":2,"area":146}},{"x":1646,"y":4036,"data":{"alt":4,"type":2,"area":146}},{"x":1648,"y":4036,"data":{"alt":4,"type":2,"area":146}},{"x":1649,"y":4036,"data":{"alt":4,"type":2,"area":146}},{"x":1650,"y":4036,"data":{"alt":4,"type":2,"area":146}},{"x":1651,"y":4036,"data":{"alt":4,"type":2,"area":146}},{"x":1652,"y":4036,"data":{"alt":4,"type":2,"area":146}},{"x":1646,"y":4037,"data":{"alt":4,"type":2,"area":146}},{"x":1652,"y":4037,"data":{"alt":4,"type":2,"area":146}},{"x":1653,"y":4037,"data":{"alt":4,"type":2,"area":146}}]