[{"x":1645,"y":1,"data":{"alt":2,"type":1,"area":148}},{"x":1645,"y":2,"data":{"alt":2,"type":1,"area":148}},{"x":1646,"y":2,"data":{"alt":2,"type":2,"area":148}},{"x":1646,"y":3,"data":{"alt":2,"type":1,"area":148}},{"x":1646,"y":4,"data":{"alt":2,"type":1,"area":148}},{"x":1647,"y":4,"data":{"alt":2,"type":2,"area":148}},{"x":1647,"y":5,"data":{"alt":2,"type":1,"area":148}},{"x":1648,"y":5,"data":{"alt":2,"type":2,"area":148}},{"x":1646,"y":6,"data":{"alt":2,"type":2,"area":148}},{"x":1647,"y":6,"data":{"alt":2,"type":1,"area":148}},{"x":1648,"y":6,"data":{"alt":2,"type":2,"area":148}},{"x":1647,"y":7,"data":{"alt":2,"type":1,"area":148}},{"x":1648,"y":7,"data":{"alt":2,"type":2,"area":148}},{"x":1646,"y":8,"data":{"alt":2,"type":2,"area":148}},{"x":1647,"y":8,"data":{"alt":2,"type":2,"area":148}},{"x":1648,"y":8,"data":{"alt":2,"type":1,"area":148}},{"x":1647,"y":9,"data":{"alt":2,"type":1,"area":148}},{"x":1647,"y":10,"data":{"alt":2,"type":1,"area":148}}]