[{"x":195,"y":714,"data":{"alt":1,"fertility":60,"region":2121,"area":149}},{"x":198,"y":714,"data":{"alt":1,"fertility":60,"region":2121,"area":149}},{"x":196,"y":715,"data":{"alt":1,"fertility":60,"region":2121,"area":149}},{"x":197,"y":715,"data":{"alt":1,"fertility":60,"region":2121,"area":149}},{"x":198,"y":715,"data":{"alt":1,"fertility":60,"region":2121,"area":149}},{"x":195,"y":716,"data":{"alt":1,"fertility":60,"region":2121,"area":149}},{"x":196,"y":716,"data":{"alt":1,"fertility":60,"region":2121,"area":149}},{"x":197,"y":716,"data":{"alt":1,"fertility":60,"region":2121,"area":149}},{"x":198,"y":716,"data":{"alt":1,"fertility":60,"region":2121,"area":149}},{"x":195,"y":717,"data":{"alt":1,"fertility":60,"region":2121,"area":149}},{"x":196,"y":717,"data":{"alt":1,"fertility":60,"region":2121,"area":149}},{"x":197,"y":717,"data":{"alt":1,"fertility":60,"region":2121,"area":149}},{"x":198,"y":717,"data":{"alt":1,"fertility":60,"region":2121,"area":149}},{"x":199,"y":717,"data":{"alt":1,"fertility":60,"region":2121,"area":149}},{"x":195,"y":718,"data":{"alt":1,"fertility":60,"region":2121,"area":149}},{"x":196,"y":718,"data":{"alt":1,"fertility":60,"region":2121,"area":149}},{"x":197,"y":718,"data":{"alt":1,"fertility":60,"region":2121,"area":149}},{"x":195,"y":719,"data":{"alt":1,"fertility":60,"region":2121,"area":149}},{"x":196,"y":719,"data":{"alt":1,"fertility":60,"region":2121,"area":149}},{"x":197,"y":719,"data":{"alt":1,"fertility":60,"region":2121,"area":149}},{"x":196,"y":720,"data":{"alt":1,"fertility":60,"region":2121,"area":149}},{"x":198,"y":720,"data":{"alt":2,"fertility":60,"region":2121,"area":149}}]