[{"x":1650,"y":14,"data":{"alt":2,"type":1,"area":150}},{"x":1651,"y":14,"data":{"alt":2,"type":2,"area":150}},{"x":1654,"y":14,"data":{"alt":2,"type":2,"area":150}},{"x":1655,"y":14,"data":{"alt":2,"type":1,"area":150}},{"x":1656,"y":14,"data":{"alt":2,"type":1,"area":150}},{"x":1651,"y":15,"data":{"alt":2,"type":1,"area":150}},{"x":1652,"y":15,"data":{"alt":2,"type":1,"area":150}},{"x":1653,"y":15,"data":{"alt":2,"type":1,"area":150}},{"x":1654,"y":15,"data":{"alt":2,"type":1,"area":150}},{"x":1652,"y":16,"data":{"alt":2,"type":2,"area":150}},{"x":1653,"y":16,"data":{"alt":2,"type":2,"area":150}}]