[{"x":198,"y":707,"data":{"alt":1,"fertility":60,"region":2121,"area":153}},{"x":196,"y":708,"data":{"alt":1,"fertility":60,"region":2121,"area":153}},{"x":197,"y":708,"data":{"alt":1,"fertility":60,"region":2121,"area":153}},{"x":198,"y":708,"data":{"alt":1,"fertility":60,"region":2121,"area":153}},{"x":199,"y":708,"data":{"alt":1,"fertility":60,"region":2121,"area":153}},{"x":200,"y":708,"data":{"alt":1,"fertility":60,"region":2121,"area":153}},{"x":197,"y":709,"data":{"alt":1,"fertility":60,"region":2121,"area":153}},{"x":200,"y":709,"data":{"alt":1,"fertility":60,"region":2121,"area":153}},{"x":200,"y":710,"data":{"alt":1,"fertility":60,"region":2121,"area":153}},{"x":199,"y":711,"data":{"alt":1,"fertility":60,"region":2121,"area":153}},{"x":200,"y":711,"data":{"alt":1,"fertility":60,"region":2121,"area":153}},{"x":200,"y":712,"data":{"alt":1,"fertility":60,"region":2121,"area":153}}]