[{"x":1663,"y":388,"data":{"alt":5,"type":1,"area":154}},{"x":1664,"y":388,"data":{"alt":5,"type":1,"area":154}},{"x":1665,"y":388,"data":{"alt":5,"type":1,"area":154}},{"x":1666,"y":388,"data":{"alt":5,"type":1,"area":154}},{"x":1667,"y":388,"data":{"alt":5,"type":1,"area":154}},{"x":1668,"y":388,"data":{"alt":5,"type":1,"area":154}},{"x":1669,"y":388,"data":{"alt":5,"type":1,"area":154}},{"x":1670,"y":388,"data":{"alt":5,"type":1,"area":154}},{"x":1671,"y":388,"data":{"alt":5,"type":1,"area":154}},{"x":1672,"y":388,"data":{"alt":5,"type":1,"area":154}}]