[{"x":201,"y":2123,"data":{"alt":8,"fertility":100,"forest":20,"region":2149,"area":155}},{"x":202,"y":2123,"data":{"alt":8,"fertility":100,"region":2149,"area":155}},{"x":203,"y":2123,"data":{"alt":8,"fertility":100,"region":2149,"area":155}},{"x":204,"y":2123,"data":{"alt":8,"fertility":100,"region":2149,"area":155}},{"x":205,"y":2123,"data":{"alt":8,"fertility":100,"forest":20,"region":2149,"area":155}},{"x":199,"y":2124,"data":{"alt":8,"fertility":100,"region":2149,"area":155}},{"x":200,"y":2124,"data":{"alt":8,"fertility":100,"forest":40,"region":2149,"area":155}},{"x":201,"y":2124,"data":{"alt":8,"fertility":100,"forest":40,"region":2149,"area":155}},{"x":202,"y":2124,"data":{"alt":8,"fertility":100,"region":2149,"area":155}},{"x":203,"y":2124,"data":{"alt":8,"fertility":100,"region":2149,"area":155}},{"x":205,"y":2124,"data":{"alt":8,"fertility":100,"forest":20,"region":2149,"area":155}},{"x":201,"y":2125,"data":{"alt":8,"fertility":100,"region":2149,"area":155}}]