[{"x":1689,"y":1893,"data":{"alt":57,"type":2,"area":156}},{"x":1689,"y":1894,"data":{"alt":57,"type":2,"area":156}},{"x":1690,"y":1894,"data":{"alt":57,"type":2,"area":156}},{"x":1691,"y":1894,"data":{"alt":57,"type":2,"area":156}},{"x":1688,"y":1895,"data":{"alt":57,"type":2,"area":156}},{"x":1689,"y":1895,"data":{"alt":57,"type":2,"area":156}},{"x":1690,"y":1895,"data":{"alt":57,"type":2,"area":156}},{"x":1691,"y":1895,"data":{"alt":57,"type":2,"area":156}},{"x":1692,"y":1895,"data":{"alt":57,"type":2,"area":156}},{"x":1693,"y":1895,"data":{"alt":57,"type":2,"area":156}},{"x":1687,"y":1896,"data":{"alt":57,"type":1,"area":156}},{"x":1688,"y":1896,"data":{"alt":57,"type":1,"area":156}},{"x":1689,"y":1896,"data":{"alt":57,"type":1,"area":156}},{"x":1690,"y":1896,"data":{"alt":57,"type":2,"area":156}},{"x":1691,"y":1896,"data":{"alt":57,"type":2,"area":156}},{"x":1692,"y":1896,"data":{"alt":57,"type":2,"area":156}},{"x":1693,"y":1896,"data":{"alt":57,"type":2,"area":156}},{"x":1694,"y":1896,"data":{"alt":57,"type":2,"area":156}},{"x":1695,"y":1896,"data":{"alt":57,"type":2,"area":156}},{"x":1687,"y":1897,"data":{"alt":57,"type":2,"area":156}},{"x":1688,"y":1897,"data":{"alt":57,"type":2,"area":156}},{"x":1689,"y":1897,"data":{"alt":57,"type":2,"area":156}},{"x":1690,"y":1897,"data":{"alt":57,"type":1,"area":156}},{"x":1691,"y":1897,"data":{"alt":57,"type":2,"area":156}},{"x":1692,"y":1897,"data":{"alt":57,"type":2,"area":156}},{"x":1693,"y":1897,"data":{"alt":57,"type":2,"area":156}},{"x":1694,"y":1897,"data":{"alt":57,"type":2,"area":156}},{"x":1695,"y":1897,"data":{"alt":57,"type":2,"area":156}},{"x":1687,"y":1898,"data":{"alt":57,"type":2,"area":156}},{"x":1688,"y":1898,"data":{"alt":57,"type":2,"area":156}},{"x":1690,"y":1898,"data":{"alt":57,"type":2,"area":156}},{"x":1691,"y":1898,"data":{"alt":57,"type":1,"area":156}},{"x":1692,"y":1898,"data":{"alt":57,"type":2,"area":156}},{"x":1693,"y":1898,"data":{"alt":57,"type":2,"area":156}},{"x":1694,"y":1898,"data":{"alt":57,"type":2,"area":156}},{"x":1690,"y":1899,"data":{"alt":57,"type":2,"area":156}},{"x":1691,"y":1899,"data":{"alt":57,"type":1,"area":156}},{"x":1692,"y":1899,"data":{"alt":57,"type":2,"area":156}},{"x":1693,"y":1899,"data":{"alt":57,"type":2,"area":156}},{"x":1690,"y":1900,"data":{"alt":57,"type":2,"area":156}},{"x":1691,"y":1900,"data":{"alt":57,"type":1,"area":156}},{"x":1692,"y":1900,"data":{"alt":57,"type":2,"area":156}},{"x":1693,"y":1900,"data":{"alt":57,"type":2,"area":156}},{"x":1691,"y":1901,"data":{"alt":57,"type":1,"area":156}},{"x":1692,"y":1901,"data":{"alt":57,"type":2,"area":156}},{"x":1693,"y":1901,"data":{"alt":57,"type":2,"area":156}},{"x":1690,"y":1902,"data":{"alt":57,"type":2,"area":156}},{"x":1691,"y":1902,"data":{"alt":57,"type":1,"area":156}},{"x":1691,"y":1903,"data":{"alt":57,"type":1,"area":156}},{"x":1691,"y":1904,"data":{"alt":57,"type":1,"area":156}},{"x":1691,"y":1905,"data":{"alt":57,"type":2,"area":156}},{"x":1692,"y":1905,"data":{"alt":57,"type":1,"area":156}},{"x":1692,"y":1906,"data":{"alt":57,"type":1,"area":156}}]