[{"x":1695,"y":1930,"data":{"alt":50,"type":1,"area":158}},{"x":1694,"y":1931,"data":{"alt":50,"type":2,"area":158}},{"x":1695,"y":1931,"data":{"alt":50,"type":1,"area":158}},{"x":1695,"y":1932,"data":{"alt":50,"type":1,"area":158}},{"x":1695,"y":1933,"data":{"alt":50,"type":1,"area":158}},{"x":1695,"y":1934,"data":{"alt":50,"type":1,"area":158}},{"x":1695,"y":1935,"data":{"alt":50,"type":1,"area":158}},{"x":1695,"y":1936,"data":{"alt":50,"type":1,"area":158}},{"x":1695,"y":1937,"data":{"alt":50,"type":1,"area":158}},{"x":1694,"y":1938,"data":{"alt":50,"type":2,"area":158}},{"x":1695,"y":1938,"data":{"alt":50,"type":1,"area":158}},{"x":1695,"y":1939,"data":{"alt":50,"type":1,"area":158}},{"x":1695,"y":1940,"data":{"alt":50,"type":1,"area":158}},{"x":1695,"y":1941,"data":{"alt":50,"type":1,"area":158}},{"x":1695,"y":1942,"data":{"alt":50,"type":1,"area":158}},{"x":1696,"y":1938,"data":{"alt":50,"type":2,"area":158}},{"x":1696,"y":1939,"data":{"alt":50,"type":2,"area":158}},{"x":1697,"y":1939,"data":{"alt":50,"type":2,"area":158}},{"x":1696,"y":1940,"data":{"alt":50,"type":2,"area":158}}]