[{"x":87,"y":935,"data":{"alt":1,"type":1,"area":16}},{"x":89,"y":935,"data":{"alt":1,"type":2,"area":16}},{"x":90,"y":935,"data":{"alt":1,"type":2,"area":16}},{"x":91,"y":935,"data":{"alt":1,"type":2,"area":16}},{"x":92,"y":935,"data":{"alt":1,"type":2,"area":16}},{"x":86,"y":936,"data":{"alt":1,"type":1,"area":16}},{"x":87,"y":936,"data":{"alt":1,"type":2,"area":16}},{"x":88,"y":936,"data":{"alt":1,"type":2,"area":16}},{"x":89,"y":936,"data":{"alt":1,"type":2,"area":16}},{"x":90,"y":936,"data":{"alt":1,"type":1,"area":16}},{"x":91,"y":936,"data":{"alt":1,"type":2,"area":16}},{"x":92,"y":936,"data":{"alt":1,"type":2,"area":16}},{"x":86,"y":937,"data":{"alt":1,"type":1,"area":16}},{"x":87,"y":937,"data":{"alt":1,"type":2,"area":16}},{"x":88,"y":937,"data":{"alt":1,"type":1,"area":16}},{"x":89,"y":937,"data":{"alt":1,"type":1,"area":16}},{"x":90,"y":937,"data":{"alt":1,"type":2,"area":16}},{"x":91,"y":937,"data":{"alt":1,"type":1,"area":16}},{"x":92,"y":937,"data":{"alt":1,"type":2,"area":16}},{"x":93,"y":937,"data":{"alt":1,"type":2,"area":16}},{"x":86,"y":938,"data":{"alt":1,"type":2,"area":16}},{"x":87,"y":938,"data":{"alt":1,"type":1,"area":16}},{"x":88,"y":938,"data":{"alt":1,"type":2,"area":16}},{"x":89,"y":938,"data":{"alt":1,"type":2,"area":16}},{"x":90,"y":938,"data":{"alt":1,"type":2,"area":16}},{"x":91,"y":938,"data":{"alt":1,"type":1,"area":16}},{"x":92,"y":938,"data":{"alt":1,"type":2,"area":16}},{"x":88,"y":939,"data":{"alt":1,"type":2,"area":16}},{"x":89,"y":939,"data":{"alt":1,"type":2,"area":16}},{"x":90,"y":939,"data":{"alt":1,"type":1,"area":16}},{"x":91,"y":939,"data":{"alt":1,"type":2,"area":16}},{"x":92,"y":939,"data":{"alt":1,"type":2,"area":16}},{"x":89,"y":940,"data":{"alt":1,"type":1,"area":16}},{"x":91,"y":940,"data":{"alt":1,"type":2,"area":16}},{"x":88,"y":941,"data":{"alt":1,"type":1,"area":16}},{"x":89,"y":941,"data":{"alt":1,"type":2,"area":16}},{"x":89,"y":942,"data":{"alt":1,"type":1,"area":16}},{"x":90,"y":942,"data":{"alt":1,"type":2,"area":16}},{"x":88,"y":943,"data":{"alt":1,"type":2,"area":16}},{"x":89,"y":943,"data":{"alt":1,"type":2,"area":16}},{"x":90,"y":943,"data":{"alt":1,"type":1,"area":16}},{"x":88,"y":944,"data":{"alt":1,"type":1,"area":16}},{"x":89,"y":944,"data":{"alt":1,"type":1,"area":16}},{"x":90,"y":944,"data":{"alt":1,"type":2,"area":16}},{"x":91,"y":944,"data":{"alt":1,"type":2,"area":16}},{"x":92,"y":944,"data":{"alt":1,"type":2,"area":16}},{"x":89,"y":945,"data":{"alt":1,"type":1,"area":16}},{"x":90,"y":945,"data":{"alt":1,"type":2,"area":16}},{"x":91,"y":945,"data":{"alt":1,"type":2,"area":16}}]