[{"x":207,"y":2428,"data":{"alt":1,"fertility":60,"region":2149,"area":161}},{"x":208,"y":2428,"data":{"alt":1,"fertility":60,"region":2149,"area":161}},{"x":208,"y":2429,"data":{"alt":1,"fertility":60,"region":2149,"area":161}},{"x":209,"y":2429,"data":{"alt":1,"fertility":60,"region":2149,"area":161}},{"x":207,"y":2430,"data":{"alt":1,"fertility":60,"region":2149,"area":161}},{"x":208,"y":2430,"data":{"alt":1,"fertility":60,"region":2149,"area":161}},{"x":208,"y":2431,"data":{"alt":1,"fertility":60,"region":2149,"area":161}}]