[{"x":1771,"y":1920,"data":{"alt":4,"type":1,"area":162}},{"x":1772,"y":1920,"data":{"alt":4,"type":1,"area":162}},{"x":1773,"y":1920,"data":{"alt":4,"type":1,"area":162}},{"x":1774,"y":1920,"data":{"alt":4,"type":1,"area":162}},{"x":1775,"y":1920,"data":{"alt":4,"type":1,"area":162}},{"x":1776,"y":1920,"data":{"alt":4,"type":1,"area":162}},{"x":1777,"y":1920,"data":{"alt":4,"type":1,"area":162}},{"x":1778,"y":1920,"data":{"alt":4,"type":1,"area":162}},{"x":1779,"y":1920,"data":{"alt":4,"type":1,"area":162}},{"x":1780,"y":1920,"data":{"alt":4,"type":1,"area":162}}]