[{"x":218,"y":3276,"data":{"alt":2,"fertility":60,"region":2153,"area":167}},{"x":215,"y":3277,"data":{"alt":2,"fertility":60,"region":2153,"area":167}},{"x":216,"y":3277,"data":{"alt":2,"fertility":60,"region":2153,"area":167}},{"x":217,"y":3277,"data":{"alt":2,"fertility":60,"region":2153,"area":167}},{"x":218,"y":3277,"data":{"alt":2,"fertility":60,"region":2153,"area":167}},{"x":219,"y":3277,"data":{"alt":2,"fertility":60,"region":2153,"area":167}},{"x":220,"y":3277,"data":{"alt":2,"fertility":60,"region":2153,"area":167}},{"x":214,"y":3278,"data":{"alt":2,"fertility":60,"region":2153,"area":167}},{"x":215,"y":3278,"data":{"alt":2,"fertility":60,"region":2153,"area":167}},{"x":216,"y":3278,"data":{"alt":2,"fertility":60,"region":2153,"area":167}},{"x":217,"y":3278,"data":{"alt":2,"fertility":60,"region":2153,"area":167}},{"x":218,"y":3278,"data":{"alt":2,"fertility":60,"region":2153,"area":167}},{"x":219,"y":3278,"data":{"alt":2,"fertility":60,"region":2153,"area":167}},{"x":220,"y":3278,"data":{"alt":2,"fertility":60,"region":2153,"area":167}},{"x":221,"y":3278,"data":{"alt":2,"fertility":60,"region":2153,"area":167}},{"x":222,"y":3278,"data":{"alt":2,"fertility":60,"region":2153,"area":167}},{"x":213,"y":3279,"data":{"alt":2,"fertility":60,"region":2153,"area":167}},{"x":214,"y":3279,"data":{"alt":2,"fertility":60,"region":2153,"area":167}},{"x":215,"y":3279,"data":{"alt":2,"fertility":60,"region":2153,"area":167}},{"x":216,"y":3279,"data":{"alt":2,"fertility":60,"region":2153,"area":167}},{"x":217,"y":3279,"data":{"alt":2,"fertility":60,"region":2153,"area":167}},{"x":218,"y":3279,"data":{"alt":2,"fertility":60,"region":2153,"area":167}},{"x":219,"y":3279,"data":{"alt":2,"fertility":60,"region":2153,"area":167}},{"x":220,"y":3279,"data":{"alt":2,"fertility":60,"region":2153,"area":167}},{"x":221,"y":3279,"data":{"alt":2,"fertility":60,"region":2153,"area":167}},{"x":222,"y":3279,"data":{"alt":2,"fertility":60,"region":2153,"area":167}},{"x":223,"y":3279,"data":{"alt":2,"fertility":60,"region":2153,"area":167}},{"x":213,"y":3280,"data":{"alt":2,"fertility":60,"region":2153,"area":167}},{"x":214,"y":3280,"data":{"alt":2,"fertility":60,"forest":20,"region":2153,"area":167}},{"x":215,"y":3280,"data":{"alt":2,"fertility":60,"region":2153,"area":167}},{"x":216,"y":3280,"data":{"alt":2,"fertility":60,"region":2153,"area":167}},{"x":217,"y":3280,"data":{"alt":2,"fertility":60,"region":2153,"area":167}},{"x":218,"y":3280,"data":{"alt":2,"fertility":60,"region":2153,"area":167}},{"x":219,"y":3280,"data":{"alt":2,"fertility":60,"region":2153,"area":167}},{"x":220,"y":3280,"data":{"alt":2,"fertility":60,"region":2153,"area":167}},{"x":221,"y":3280,"data":{"alt":2,"fertility":60,"region":2153,"area":167}},{"x":222,"y":3280,"data":{"alt":2,"fertility":60,"region":2153,"area":167}},{"x":223,"y":3280,"data":{"alt":1,"fertility":60,"region":2153,"area":167}},{"x":214,"y":3281,"data":{"alt":2,"fertility":60,"region":2153,"area":167}},{"x":215,"y":3281,"data":{"alt":2,"fertility":60,"region":2153,"area":167}},{"x":216,"y":3281,"data":{"alt":2,"fertility":60,"region":2153,"area":167}},{"x":217,"y":3281,"data":{"alt":2,"fertility":60,"region":2153,"area":167}},{"x":218,"y":3281,"data":{"alt":2,"fertility":60,"region":2153,"area":167}},{"x":219,"y":3281,"data":{"alt":2,"fertility":60,"region":2153,"area":167}},{"x":220,"y":3281,"data":{"alt":2,"fertility":60,"region":2153,"area":167}},{"x":221,"y":3281,"data":{"alt":1,"fertility":60,"region":2153,"area":167}},{"x":222,"y":3281,"data":{"alt":1,"fertility":60,"region":2153,"area":167}},{"x":223,"y":3281,"data":{"alt":1,"fertility":60,"region":2153,"area":167}},{"x":215,"y":3282,"data":{"alt":2,"fertility":60,"region":2153,"area":167}},{"x":216,"y":3282,"data":{"alt":2,"fertility":60,"region":2153,"area":167}},{"x":217,"y":3282,"data":{"alt":2,"fertility":60,"region":2153,"area":167}},{"x":218,"y":3282,"data":{"alt":2,"fertility":60,"region":2153,"area":167}},{"x":219,"y":3282,"data":{"alt":2,"fertility":60,"region":2153,"area":167}},{"x":221,"y":3282,"data":{"alt":1,"fertility":60,"region":2153,"area":167}},{"x":222,"y":3282,"data":{"alt":1,"fertility":60,"region":2153,"area":167}},{"x":216,"y":3283,"data":{"alt":2,"fertility":60,"region":2153,"area":167}},{"x":218,"y":3283,"data":{"alt":2,"fertility":60,"region":2153,"area":167}},{"x":219,"y":3283,"data":{"alt":2,"fertility":60,"region":2153,"area":167}},{"x":216,"y":3284,"data":{"alt":2,"fertility":60,"region":2153,"area":167}},{"x":224,"y":3279,"data":{"alt":2,"fertility":60,"region":2153,"area":167}},{"x":225,"y":3279,"data":{"alt":2,"fertility":60,"region":2153,"area":167}},{"x":224,"y":3280,"data":{"alt":1,"fertility":60,"region":2153,"area":167}},{"x":225,"y":3280,"data":{"alt":2,"fertility":60,"region":2153,"area":167}},{"x":226,"y":3280,"data":{"alt":2,"fertility":60,"region":2153,"area":167}},{"x":224,"y":3281,"data":{"alt":2,"fertility":60,"region":2153,"area":167}},{"x":225,"y":3281,"data":{"alt":2,"fertility":60,"region":2153,"area":167}},{"x":226,"y":3281,"data":{"alt":2,"fertility":60,"region":2153,"area":167}},{"x":225,"y":3282,"data":{"alt":2,"fertility":60,"region":2153,"area":167}},{"x":226,"y":3282,"data":{"alt":2,"fertility":60,"region":2153,"area":167}},{"x":226,"y":3283,"data":{"alt":2,"fertility":60,"region":2153,"area":167}},{"x":225,"y":3284,"data":{"alt":2,"fertility":60,"region":2153,"area":167}},{"x":226,"y":3284,"data":{"alt":1,"fertility":60,"region":2153,"area":167}}]