[{"x":1932,"y":275,"data":{"alt":1,"type":1,"area":168}},{"x":1932,"y":276,"data":{"alt":1,"type":1,"area":168}},{"x":1933,"y":276,"data":{"alt":1,"type":2,"area":168}},{"x":1933,"y":277,"data":{"alt":1,"type":1,"area":168}},{"x":1934,"y":277,"data":{"alt":1,"type":2,"area":168}},{"x":1931,"y":278,"data":{"alt":1,"type":1,"area":168}},{"x":1932,"y":278,"data":{"alt":1,"type":1,"area":168}},{"x":1933,"y":278,"data":{"alt":1,"type":2,"area":168}},{"x":1934,"y":278,"data":{"alt":1,"type":2,"area":168}},{"x":1933,"y":279,"data":{"alt":1,"type":2,"area":168}}]