[{"x":223,"y":2848,"data":{"alt":1,"fertility":60,"region":2149,"area":169}},{"x":223,"y":2849,"data":{"alt":1,"fertility":60,"region":2149,"area":169}},{"x":223,"y":2846,"data":{"alt":1,"fertility":60,"region":2149,"area":169}},{"x":223,"y":2847,"data":{"alt":1,"fertility":60,"region":2149,"area":169}},{"x":224,"y":2847,"data":{"alt":1,"fertility":60,"region":2149,"area":169}},{"x":225,"y":2847,"data":{"alt":1,"fertility":60,"region":2149,"area":169}},{"x":224,"y":2848,"data":{"alt":1,"fertility":60,"region":2149,"area":169}},{"x":225,"y":2848,"data":{"alt":1,"fertility":60,"region":2149,"area":169}},{"x":226,"y":2848,"data":{"alt":1,"fertility":60,"region":2149,"area":169}},{"x":227,"y":2848,"data":{"alt":1,"fertility":60,"region":2149,"area":169}},{"x":224,"y":2849,"data":{"alt":1,"fertility":60,"region":2149,"area":169}},{"x":225,"y":2849,"data":{"alt":1,"fertility":60,"region":2149,"area":169}},{"x":226,"y":2849,"data":{"alt":1,"fertility":60,"region":2149,"area":169}},{"x":224,"y":2850,"data":{"alt":1,"fertility":60,"region":2149,"area":169}},{"x":225,"y":2850,"data":{"alt":1,"fertility":60,"region":2149,"area":169}}]