[{"x":2008,"y":22,"data":{"alt":1,"type":2,"area":170}},{"x":2009,"y":22,"data":{"alt":1,"type":2,"area":170}},{"x":2007,"y":23,"data":{"alt":1,"type":2,"area":170}},{"x":2008,"y":23,"data":{"alt":1,"type":2,"area":170}},{"x":2009,"y":23,"data":{"alt":1,"type":2,"area":170}},{"x":2010,"y":23,"data":{"alt":1,"type":2,"area":170}},{"x":2008,"y":24,"data":{"alt":1,"type":1,"area":170}},{"x":2009,"y":24,"data":{"alt":1,"type":2,"area":170}},{"x":2010,"y":24,"data":{"alt":1,"type":2,"area":170}},{"x":2011,"y":24,"data":{"alt":1,"type":2,"area":170}},{"x":2006,"y":25,"data":{"alt":1,"type":1,"area":170}},{"x":2007,"y":25,"data":{"alt":1,"type":1,"area":170}},{"x":2008,"y":25,"data":{"alt":1,"type":1,"area":170}},{"x":2009,"y":25,"data":{"alt":1,"type":2,"area":170}},{"x":2008,"y":26,"data":{"alt":1,"type":1,"area":170}},{"x":2008,"y":27,"data":{"alt":1,"type":2,"area":170}},{"x":2009,"y":27,"data":{"alt":1,"type":1,"area":170}},{"x":2010,"y":27,"data":{"alt":1,"type":1,"area":170}},{"x":2011,"y":27,"data":{"alt":1,"type":1,"area":170}}]