[{"x":231,"y":3285,"data":{"alt":2,"fertility":60,"region":2153,"area":171}},{"x":230,"y":3286,"data":{"alt":1,"fertility":60,"forest":40,"region":2153,"area":171}},{"x":231,"y":3286,"data":{"alt":1,"fertility":60,"region":2153,"area":171}},{"x":232,"y":3286,"data":{"alt":1,"fertility":60,"region":2153,"area":171}},{"x":231,"y":3287,"data":{"alt":1,"fertility":60,"region":2153,"area":171}},{"x":232,"y":3287,"data":{"alt":1,"fertility":60,"region":2153,"area":171}},{"x":229,"y":3288,"data":{"alt":1,"fertility":60,"region":2153,"area":171}},{"x":230,"y":3288,"data":{"alt":1,"fertility":60,"region":2153,"area":171}},{"x":231,"y":3288,"data":{"alt":1,"fertility":60,"region":2153,"area":171}},{"x":232,"y":3288,"data":{"alt":1,"fertility":60,"region":2153,"area":171}},{"x":233,"y":3288,"data":{"alt":1,"fertility":60,"region":2153,"area":171}},{"x":234,"y":3288,"data":{"alt":1,"fertility":60,"region":2153,"area":171}},{"x":228,"y":3289,"data":{"alt":1,"fertility":60,"region":2153,"area":171}},{"x":229,"y":3289,"data":{"alt":1,"fertility":60,"region":2153,"area":171}},{"x":230,"y":3289,"data":{"alt":1,"fertility":60,"region":2153,"area":171}},{"x":231,"y":3289,"data":{"alt":1,"fertility":60,"region":2153,"area":171}},{"x":228,"y":3290,"data":{"alt":1,"fertility":60,"region":2153,"area":171}},{"x":230,"y":3290,"data":{"alt":1,"fertility":60,"region":2153,"area":171}}]