[{"x":2014,"y":28,"data":{"alt":1,"type":2,"area":172}},{"x":2013,"y":29,"data":{"alt":1,"type":1,"area":172}},{"x":2014,"y":29,"data":{"alt":1,"type":2,"area":172}},{"x":2011,"y":30,"data":{"alt":1,"type":2,"area":172}},{"x":2012,"y":30,"data":{"alt":1,"type":1,"area":172}},{"x":2013,"y":30,"data":{"alt":1,"type":2,"area":172}},{"x":2014,"y":30,"data":{"alt":1,"type":2,"area":172}},{"x":2015,"y":30,"data":{"alt":1,"type":2,"area":172}},{"x":2012,"y":31,"data":{"alt":1,"type":2,"area":172}},{"x":2013,"y":31,"data":{"alt":1,"type":1,"area":172}},{"x":2014,"y":31,"data":{"alt":1,"type":2,"area":172}},{"x":2015,"y":31,"data":{"alt":1,"type":2,"area":172}},{"x":2010,"y":32,"data":{"alt":1,"type":2,"area":172}},{"x":2011,"y":32,"data":{"alt":1,"type":2,"area":172}},{"x":2012,"y":32,"data":{"alt":1,"type":2,"area":172}},{"x":2013,"y":32,"data":{"alt":1,"type":1,"area":172}},{"x":2014,"y":32,"data":{"alt":1,"type":2,"area":172}},{"x":2015,"y":32,"data":{"alt":1,"type":2,"area":172}},{"x":2013,"y":33,"data":{"alt":1,"type":2,"area":172}},{"x":2014,"y":33,"data":{"alt":1,"type":1,"area":172}},{"x":2015,"y":33,"data":{"alt":1,"type":1,"area":172}},{"x":2012,"y":34,"data":{"alt":1,"type":2,"area":172}},{"x":2013,"y":34,"data":{"alt":1,"type":2,"area":172}},{"x":2014,"y":34,"data":{"alt":1,"type":1,"area":172}},{"x":2015,"y":34,"data":{"alt":1,"type":2,"area":172}},{"x":2014,"y":35,"data":{"alt":1,"type":2,"area":172}},{"x":2015,"y":35,"data":{"alt":1,"type":2,"area":172}},{"x":2014,"y":36,"data":{"alt":1,"type":2,"area":172}},{"x":2015,"y":36,"data":{"alt":1,"type":2,"area":172}},{"x":2014,"y":37,"data":{"alt":1,"type":2,"area":172}},{"x":2015,"y":37,"data":{"alt":1,"type":2,"area":172}},{"x":2014,"y":38,"data":{"alt":1,"type":2,"area":172}},{"x":2015,"y":38,"data":{"alt":1,"type":2,"area":172}},{"x":2015,"y":39,"data":{"alt":1,"type":2,"area":172}},{"x":2017,"y":30,"data":{"alt":1,"type":2,"area":172}},{"x":2018,"y":30,"data":{"alt":1,"type":1,"area":172}},{"x":2016,"y":31,"data":{"alt":1,"type":2,"area":172}},{"x":2017,"y":31,"data":{"alt":1,"type":1,"area":172}},{"x":2018,"y":31,"data":{"alt":1,"type":2,"area":172}},{"x":2019,"y":31,"data":{"alt":1,"type":2,"area":172}},{"x":2016,"y":32,"data":{"alt":1,"type":1,"area":172}},{"x":2017,"y":32,"data":{"alt":1,"type":2,"area":172}},{"x":2018,"y":32,"data":{"alt":1,"type":2,"area":172}},{"x":2019,"y":32,"data":{"alt":1,"type":2,"area":172}},{"x":2016,"y":33,"data":{"alt":1,"type":2,"area":172}},{"x":2017,"y":33,"data":{"alt":1,"type":2,"area":172}},{"x":2018,"y":33,"data":{"alt":1,"type":2,"area":172}},{"x":2016,"y":34,"data":{"alt":1,"type":2,"area":172}},{"x":2017,"y":34,"data":{"alt":1,"type":2,"area":172}},{"x":2018,"y":34,"data":{"alt":1,"type":2,"area":172}},{"x":2016,"y":35,"data":{"alt":1,"type":2,"area":172}},{"x":2017,"y":35,"data":{"alt":1,"type":2,"area":172}},{"x":2018,"y":35,"data":{"alt":1,"type":2,"area":172}},{"x":2019,"y":35,"data":{"alt":1,"type":2,"area":172}},{"x":2016,"y":36,"data":{"alt":1,"type":2,"area":172}},{"x":2017,"y":36,"data":{"alt":1,"type":2,"area":172}},{"x":2018,"y":36,"data":{"alt":1,"type":2,"area":172}},{"x":2019,"y":36,"data":{"alt":1,"type":2,"area":172}},{"x":2020,"y":36,"data":{"alt":1,"type":2,"area":172}},{"x":2016,"y":37,"data":{"alt":1,"type":2,"area":172}},{"x":2017,"y":37,"data":{"alt":1,"type":2,"area":172}},{"x":2018,"y":37,"data":{"alt":1,"type":2,"area":172}},{"x":2019,"y":37,"data":{"alt":1,"type":2,"area":172}},{"x":2016,"y":38,"data":{"alt":1,"type":2,"area":172}},{"x":2017,"y":38,"data":{"alt":1,"type":2,"area":172}},{"x":2018,"y":38,"data":{"alt":1,"type":2,"area":172}},{"x":2019,"y":38,"data":{"alt":1,"type":2,"area":172}},{"x":2020,"y":38,"data":{"alt":1,"type":2,"area":172}},{"x":2016,"y":39,"data":{"alt":1,"type":2,"area":172}},{"x":2017,"y":39,"data":{"alt":1,"type":2,"area":172}},{"x":2018,"y":39,"data":{"alt":1,"type":2,"area":172}},{"x":2019,"y":39,"data":{"alt":1,"type":2,"area":172}},{"x":2016,"y":40,"data":{"alt":1,"type":2,"area":172}},{"x":2017,"y":40,"data":{"alt":1,"type":2,"area":172}},{"x":2018,"y":40,"data":{"alt":1,"type":2,"area":172}},{"x":2019,"y":40,"data":{"alt":1,"type":2,"area":172}}]