[{"x":238,"y":2503,"data":{"alt":1,"fertility":60,"region":2149,"area":173}},{"x":237,"y":2504,"data":{"alt":1,"fertility":60,"region":2149,"area":173}},{"x":237,"y":2505,"data":{"alt":1,"fertility":60,"region":2149,"area":173}},{"x":238,"y":2505,"data":{"alt":1,"fertility":60,"region":2149,"area":173}},{"x":236,"y":2506,"data":{"alt":1,"fertility":60,"region":2149,"area":173}},{"x":237,"y":2506,"data":{"alt":1,"fertility":60,"region":2149,"area":173}},{"x":238,"y":2506,"data":{"alt":1,"fertility":60,"region":2149,"area":173}},{"x":236,"y":2507,"data":{"alt":1,"fertility":60,"region":2149,"area":173}},{"x":237,"y":2507,"data":{"alt":1,"fertility":60,"region":2149,"area":173}},{"x":238,"y":2507,"data":{"alt":1,"fertility":60,"forest":20,"region":2149,"area":173}},{"x":236,"y":2508,"data":{"alt":1,"fertility":60,"region":2149,"area":173}},{"x":237,"y":2508,"data":{"alt":1,"fertility":60,"region":2149,"area":173}},{"x":238,"y":2508,"data":{"alt":1,"fertility":60,"region":2149,"area":173}},{"x":234,"y":2509,"data":{"alt":1,"fertility":60,"region":2149,"area":173}},{"x":236,"y":2509,"data":{"alt":1,"fertility":60,"region":2149,"area":173}},{"x":237,"y":2509,"data":{"alt":1,"fertility":60,"region":2149,"area":173}},{"x":233,"y":2510,"data":{"alt":1,"fertility":60,"region":2149,"area":173}},{"x":234,"y":2510,"data":{"alt":1,"fertility":60,"region":2149,"area":173}},{"x":235,"y":2510,"data":{"alt":1,"fertility":60,"region":2149,"area":173}},{"x":236,"y":2510,"data":{"alt":1,"fertility":60,"region":2149,"area":173}},{"x":232,"y":2511,"data":{"alt":1,"fertility":60,"region":2149,"area":173}},{"x":233,"y":2511,"data":{"alt":1,"fertility":60,"forest":20,"region":2149,"area":173}},{"x":234,"y":2511,"data":{"alt":1,"fertility":60,"region":2149,"area":173}},{"x":235,"y":2511,"data":{"alt":1,"fertility":60,"region":2149,"area":173}},{"x":236,"y":2511,"data":{"alt":1,"fertility":60,"region":2149,"area":173}},{"x":237,"y":2511,"data":{"alt":1,"fertility":60,"region":2149,"area":173}},{"x":231,"y":2512,"data":{"alt":1,"fertility":60,"region":2149,"area":173}},{"x":232,"y":2512,"data":{"alt":1,"fertility":60,"region":2149,"area":173}},{"x":234,"y":2512,"data":{"alt":1,"fertility":60,"region":2149,"area":173}},{"x":232,"y":2513,"data":{"alt":1,"fertility":60,"region":2149,"area":173}}]