[{"x":2064,"y":4073,"data":{"alt":3,"type":2,"area":174}},{"x":2065,"y":4073,"data":{"alt":3,"type":1,"area":174}},{"x":2063,"y":4074,"data":{"alt":3,"type":2,"area":174}},{"x":2064,"y":4074,"data":{"alt":3,"type":1,"area":174}},{"x":2061,"y":4075,"data":{"alt":3,"type":2,"area":174}},{"x":2062,"y":4075,"data":{"alt":3,"type":2,"area":174}},{"x":2063,"y":4075,"data":{"alt":3,"type":1,"area":174}},{"x":2062,"y":4076,"data":{"alt":3,"type":2,"area":174}},{"x":2063,"y":4076,"data":{"alt":3,"type":1,"area":174}},{"x":2061,"y":4077,"data":{"alt":3,"type":2,"area":174}},{"x":2062,"y":4077,"data":{"alt":3,"type":2,"area":174}}]