[{"x":2074,"y":4064,"data":{"alt":3,"type":1,"area":176}},{"x":2073,"y":4065,"data":{"alt":3,"type":1,"area":176}},{"x":2074,"y":4065,"data":{"alt":3,"type":2,"area":176}},{"x":2073,"y":4066,"data":{"alt":3,"type":1,"area":176}},{"x":2074,"y":4066,"data":{"alt":3,"type":2,"area":176}},{"x":2072,"y":4067,"data":{"alt":3,"type":1,"area":176}},{"x":2073,"y":4067,"data":{"alt":3,"type":2,"area":176}},{"x":2074,"y":4067,"data":{"alt":3,"type":2,"area":176}},{"x":2075,"y":4067,"data":{"alt":3,"type":2,"area":176}},{"x":2071,"y":4068,"data":{"alt":3,"type":1,"area":176}},{"x":2072,"y":4068,"data":{"alt":3,"type":2,"area":176}},{"x":2073,"y":4068,"data":{"alt":3,"type":2,"area":176}},{"x":2074,"y":4068,"data":{"alt":3,"type":2,"area":176}},{"x":2070,"y":4069,"data":{"alt":3,"type":1,"area":176}},{"x":2071,"y":4069,"data":{"alt":3,"type":2,"area":176}},{"x":2072,"y":4069,"data":{"alt":3,"type":2,"area":176}},{"x":2069,"y":4070,"data":{"alt":3,"type":1,"area":176}},{"x":2070,"y":4070,"data":{"alt":3,"type":2,"area":176}},{"x":2071,"y":4070,"data":{"alt":3,"type":2,"area":176}},{"x":2067,"y":4071,"data":{"alt":3,"type":1,"area":176}},{"x":2068,"y":4071,"data":{"alt":3,"type":1,"area":176}},{"x":2069,"y":4071,"data":{"alt":3,"type":2,"area":176}},{"x":2066,"y":4072,"data":{"alt":3,"type":1,"area":176}},{"x":2067,"y":4072,"data":{"alt":3,"type":2,"area":176}},{"x":2079,"y":4059,"data":{"alt":3,"type":2,"area":176}},{"x":2076,"y":4060,"data":{"alt":3,"type":2,"area":176}},{"x":2077,"y":4060,"data":{"alt":3,"type":2,"area":176}},{"x":2078,"y":4060,"data":{"alt":3,"type":1,"area":176}},{"x":2079,"y":4060,"data":{"alt":3,"type":1,"area":176}},{"x":2076,"y":4061,"data":{"alt":3,"type":2,"area":176}},{"x":2077,"y":4061,"data":{"alt":3,"type":1,"area":176}},{"x":2078,"y":4061,"data":{"alt":3,"type":2,"area":176}},{"x":2076,"y":4062,"data":{"alt":3,"type":1,"area":176}},{"x":2074,"y":4063,"data":{"alt":3,"type":2,"area":176}},{"x":2075,"y":4063,"data":{"alt":3,"type":1,"area":176}},{"x":2076,"y":4063,"data":{"alt":3,"type":2,"area":176}},{"x":2088,"y":4052,"data":{"alt":3,"type":2,"area":176}},{"x":2088,"y":4053,"data":{"alt":3,"type":2,"area":176}},{"x":2089,"y":4053,"data":{"alt":3,"type":2,"area":176}},{"x":2090,"y":4053,"data":{"alt":3,"type":2,"area":176}},{"x":2091,"y":4053,"data":{"alt":3,"type":2,"area":176}},{"x":2085,"y":4054,"data":{"alt":3,"type":2,"area":176}},{"x":2086,"y":4054,"data":{"alt":3,"type":2,"area":176}},{"x":2087,"y":4054,"data":{"alt":3,"type":2,"area":176}},{"x":2088,"y":4054,"data":{"alt":3,"type":2,"area":176}},{"x":2089,"y":4054,"data":{"alt":3,"type":2,"area":176}},{"x":2090,"y":4054,"data":{"alt":3,"type":2,"area":176}},{"x":2091,"y":4054,"data":{"alt":3,"type":2,"area":176}},{"x":2092,"y":4054,"data":{"alt":3,"type":2,"area":176}},{"x":2093,"y":4054,"data":{"alt":3,"type":2,"area":176}},{"x":2084,"y":4055,"data":{"alt":3,"type":2,"area":176}},{"x":2085,"y":4055,"data":{"alt":3,"type":2,"area":176}},{"x":2086,"y":4055,"data":{"alt":3,"type":1,"area":176}},{"x":2087,"y":4055,"data":{"alt":3,"type":1,"area":176}},{"x":2088,"y":4055,"data":{"alt":3,"type":1,"area":176}},{"x":2089,"y":4055,"data":{"alt":3,"type":1,"area":176}},{"x":2090,"y":4055,"data":{"alt":3,"type":1,"area":176}},{"x":2091,"y":4055,"data":{"alt":3,"type":1,"area":176}},{"x":2092,"y":4055,"data":{"alt":3,"type":1,"area":176}},{"x":2093,"y":4055,"data":{"alt":3,"type":1,"area":176}},{"x":2094,"y":4055,"data":{"alt":3,"type":1,"area":176}},{"x":2083,"y":4056,"data":{"alt":3,"type":2,"area":176}},{"x":2084,"y":4056,"data":{"alt":3,"type":2,"area":176}},{"x":2085,"y":4056,"data":{"alt":3,"type":1,"area":176}},{"x":2086,"y":4056,"data":{"alt":3,"type":1,"area":176}},{"x":2088,"y":4056,"data":{"alt":3,"type":2,"area":176}},{"x":2094,"y":4056,"data":{"alt":3,"type":1,"area":176}},{"x":2095,"y":4056,"data":{"alt":3,"type":2,"area":176}},{"x":2096,"y":4056,"data":{"alt":3,"type":2,"area":176}},{"x":2097,"y":4056,"data":{"alt":3,"type":2,"area":176}},{"x":2081,"y":4057,"data":{"alt":3,"type":2,"area":176}},{"x":2083,"y":4057,"data":{"alt":3,"type":2,"area":176}},{"x":2084,"y":4057,"data":{"alt":3,"type":2,"area":176}},{"x":2085,"y":4057,"data":{"alt":3,"type":1,"area":176}},{"x":2093,"y":4057,"data":{"alt":3,"type":1,"area":176}},{"x":2094,"y":4057,"data":{"alt":3,"type":2,"area":176}},{"x":2095,"y":4057,"data":{"alt":3,"type":1,"area":176}},{"x":2080,"y":4058,"data":{"alt":3,"type":2,"area":176}},{"x":2081,"y":4058,"data":{"alt":3,"type":2,"area":176}},{"x":2082,"y":4058,"data":{"alt":3,"type":2,"area":176}},{"x":2083,"y":4058,"data":{"alt":3,"type":1,"area":176}},{"x":2084,"y":4058,"data":{"alt":3,"type":1,"area":176}},{"x":2093,"y":4058,"data":{"alt":3,"type":2,"area":176}},{"x":2094,"y":4058,"data":{"alt":3,"type":1,"area":176}},{"x":2095,"y":4058,"data":{"alt":3,"type":1,"area":176}},{"x":2080,"y":4059,"data":{"alt":3,"type":1,"area":176}},{"x":2081,"y":4059,"data":{"alt":3,"type":1,"area":176}},{"x":2082,"y":4059,"data":{"alt":3,"type":1,"area":176}},{"x":2080,"y":4060,"data":{"alt":3,"type":2,"area":176}}]