[{"x":235,"y":3280,"data":{"alt":2,"fertility":60,"forest":20,"region":2153,"area":177}},{"x":236,"y":3280,"data":{"alt":1,"fertility":60,"region":2153,"area":177}},{"x":237,"y":3280,"data":{"alt":1,"fertility":60,"region":2153,"area":177}},{"x":238,"y":3280,"data":{"alt":1,"fertility":60,"region":2153,"area":177}},{"x":236,"y":3281,"data":{"alt":2,"fertility":60,"region":2153,"area":177}},{"x":237,"y":3281,"data":{"alt":2,"fertility":60,"region":2153,"area":177}},{"x":237,"y":3282,"data":{"alt":2,"fertility":60,"region":2153,"area":177}}]