[{"x":2112,"y":3200,"data":{"alt":5,"type":1,"area":178}},{"x":2113,"y":3200,"data":{"alt":5,"type":1,"area":178}},{"x":2114,"y":3200,"data":{"alt":5,"type":1,"area":178}},{"x":2115,"y":3200,"data":{"alt":5,"type":2,"area":178}},{"x":2120,"y":3200,"data":{"alt":5,"type":2,"area":178}},{"x":2112,"y":3201,"data":{"alt":5,"type":2,"area":178}},{"x":2115,"y":3201,"data":{"alt":5,"type":1,"area":178}},{"x":2115,"y":3202,"data":{"alt":5,"type":1,"area":178}},{"x":2115,"y":3203,"data":{"alt":5,"type":1,"area":178}},{"x":2119,"y":3197,"data":{"alt":5,"type":1,"area":178}},{"x":2120,"y":3197,"data":{"alt":5,"type":1,"area":178}},{"x":2121,"y":3197,"data":{"alt":5,"type":1,"area":178}},{"x":2122,"y":3197,"data":{"alt":5,"type":1,"area":178}},{"x":2123,"y":3197,"data":{"alt":5,"type":1,"area":178}},{"x":2116,"y":3198,"data":{"alt":5,"type":1,"area":178}},{"x":2117,"y":3198,"data":{"alt":5,"type":1,"area":178}},{"x":2118,"y":3198,"data":{"alt":5,"type":1,"area":178}},{"x":2119,"y":3198,"data":{"alt":5,"type":2,"area":178}},{"x":2120,"y":3198,"data":{"alt":5,"type":2,"area":178}},{"x":2121,"y":3198,"data":{"alt":5,"type":2,"area":178}},{"x":2122,"y":3198,"data":{"alt":5,"type":2,"area":178}},{"x":2115,"y":3199,"data":{"alt":5,"type":1,"area":178}},{"x":2116,"y":3199,"data":{"alt":5,"type":2,"area":178}},{"x":2119,"y":3199,"data":{"alt":5,"type":2,"area":178}},{"x":2120,"y":3199,"data":{"alt":5,"type":2,"area":178}},{"x":2121,"y":3199,"data":{"alt":5,"type":2,"area":178}}]