[{"x":95,"y":736,"data":{"alt":57,"type":2,"area":18}},{"x":95,"y":737,"data":{"alt":57,"type":2,"area":18}},{"x":96,"y":736,"data":{"alt":57,"type":1,"area":18}},{"x":97,"y":736,"data":{"alt":57,"type":1,"area":18}},{"x":96,"y":737,"data":{"alt":57,"type":2,"area":18}},{"x":97,"y":737,"data":{"alt":57,"type":1,"area":18}},{"x":98,"y":737,"data":{"alt":57,"type":1,"area":18}},{"x":99,"y":737,"data":{"alt":57,"type":1,"area":18}},{"x":100,"y":737,"data":{"alt":57,"type":1,"area":18}},{"x":96,"y":738,"data":{"alt":57,"type":2,"area":18}},{"x":97,"y":738,"data":{"alt":57,"type":2,"area":18}},{"x":98,"y":738,"data":{"alt":57,"type":1,"area":18}}]