[{"x":2136,"y":3166,"data":{"alt":2,"type":1,"area":180}},{"x":2135,"y":3167,"data":{"alt":2,"type":1,"area":180}},{"x":2136,"y":3167,"data":{"alt":2,"type":2,"area":180}},{"x":2137,"y":3167,"data":{"alt":2,"type":2,"area":180}},{"x":2134,"y":3168,"data":{"alt":2,"type":1,"area":180}},{"x":2135,"y":3168,"data":{"alt":2,"type":2,"area":180}},{"x":2136,"y":3168,"data":{"alt":2,"type":2,"area":180}},{"x":2137,"y":3168,"data":{"alt":2,"type":2,"area":180}},{"x":2138,"y":3168,"data":{"alt":2,"type":2,"area":180}},{"x":2135,"y":3169,"data":{"alt":2,"type":1,"area":180}},{"x":2136,"y":3169,"data":{"alt":2,"type":1,"area":180}},{"x":2137,"y":3169,"data":{"alt":2,"type":2,"area":180}},{"x":2135,"y":3170,"data":{"alt":2,"type":2,"area":180}},{"x":2136,"y":3170,"data":{"alt":2,"type":1,"area":180}},{"x":2135,"y":3171,"data":{"alt":2,"type":1,"res":1,"resAmount":40,"area":180}},{"x":2135,"y":3172,"data":{"alt":2,"type":1,"area":180}}]