[{"x":2143,"y":3149,"data":{"alt":1,"type":2,"area":182}},{"x":2143,"y":3152,"data":{"alt":1,"type":2,"area":182}},{"x":2144,"y":3148,"data":{"alt":1,"type":2,"area":182}},{"x":2145,"y":3148,"data":{"alt":1,"type":1,"area":182}},{"x":2144,"y":3149,"data":{"alt":1,"type":2,"area":182}},{"x":2145,"y":3149,"data":{"alt":1,"type":1,"area":182}},{"x":2144,"y":3150,"data":{"alt":1,"type":1,"area":182}},{"x":2145,"y":3150,"data":{"alt":1,"type":2,"area":182}},{"x":2146,"y":3150,"data":{"alt":1,"type":2,"area":182}},{"x":2144,"y":3151,"data":{"alt":1,"type":1,"area":182}},{"x":2145,"y":3151,"data":{"alt":1,"type":2,"area":182}},{"x":2146,"y":3151,"data":{"alt":1,"type":2,"area":182}},{"x":2144,"y":3152,"data":{"alt":1,"type":1,"area":182}},{"x":2145,"y":3152,"data":{"alt":1,"type":1,"area":182}},{"x":2146,"y":3152,"data":{"alt":1,"type":2,"area":182}},{"x":2144,"y":3153,"data":{"alt":1,"type":2,"area":182}},{"x":2146,"y":3153,"data":{"alt":1,"type":1,"area":182}}]