[{"x":240,"y":3287,"data":{"alt":1,"fertility":60,"region":2153,"area":183}},{"x":238,"y":3288,"data":{"alt":1,"fertility":60,"region":2153,"area":183}},{"x":239,"y":3288,"data":{"alt":1,"fertility":60,"region":2153,"area":183}},{"x":240,"y":3288,"data":{"alt":1,"fertility":60,"region":2153,"area":183}},{"x":238,"y":3289,"data":{"alt":1,"fertility":60,"region":2153,"area":183}},{"x":239,"y":3289,"data":{"alt":1,"fertility":60,"region":2153,"area":183}},{"x":240,"y":3289,"data":{"alt":1,"fertility":60,"region":2153,"area":183}}]