[{"x":2175,"y":3488,"data":{"alt":152,"type":2,"area":184}},{"x":2175,"y":3489,"data":{"alt":152,"type":2,"area":184}},{"x":2177,"y":3480,"data":{"alt":152,"type":1,"area":184}},{"x":2177,"y":3481,"data":{"alt":152,"type":1,"area":184}},{"x":2177,"y":3482,"data":{"alt":152,"type":1,"area":184}},{"x":2177,"y":3483,"data":{"alt":152,"type":1,"area":184}},{"x":2177,"y":3484,"data":{"alt":152,"type":1,"area":184}},{"x":2177,"y":3485,"data":{"alt":152,"type":1,"area":184}},{"x":2177,"y":3486,"data":{"alt":152,"type":1,"area":184}},{"x":2177,"y":3487,"data":{"alt":152,"type":1,"area":184}},{"x":2176,"y":3488,"data":{"alt":152,"type":1,"area":184}},{"x":2177,"y":3488,"data":{"alt":152,"type":2,"area":184}},{"x":2178,"y":3488,"data":{"alt":152,"type":2,"area":184}},{"x":2176,"y":3489,"data":{"alt":152,"type":1,"area":184}},{"x":2177,"y":3489,"data":{"alt":152,"type":2,"area":184}},{"x":2178,"y":3489,"data":{"alt":152,"type":2,"area":184}},{"x":2179,"y":3489,"data":{"alt":152,"type":2,"area":184}},{"x":2176,"y":3490,"data":{"alt":152,"type":1,"area":184}},{"x":2177,"y":3490,"data":{"alt":152,"type":2,"area":184}}]