[{"x":2175,"y":3491,"data":{"alt":152,"type":1,"area":186}},{"x":2175,"y":3492,"data":{"alt":152,"type":1,"area":186}},{"x":2175,"y":3493,"data":{"alt":152,"type":1,"area":186}},{"x":2175,"y":3494,"data":{"alt":152,"type":1,"area":186}},{"x":2175,"y":3495,"data":{"alt":152,"type":1,"area":186}},{"x":2175,"y":3496,"data":{"alt":152,"type":1,"area":186}},{"x":2175,"y":3497,"data":{"alt":152,"type":1,"area":186}},{"x":2175,"y":3498,"data":{"alt":152,"type":1,"area":186}},{"x":2175,"y":3499,"data":{"alt":152,"type":1,"area":186}},{"x":2175,"y":3500,"data":{"alt":152,"type":1,"area":186}},{"x":2175,"y":3501,"data":{"alt":152,"type":1,"area":186}},{"x":2175,"y":3502,"data":{"alt":152,"type":1,"area":186}},{"x":2175,"y":3503,"data":{"alt":152,"type":1,"area":186}}]