[{"x":245,"y":914,"data":{"alt":1,"fertility":60,"region":2121,"area":187}},{"x":246,"y":914,"data":{"alt":1,"fertility":60,"region":2121,"area":187}},{"x":246,"y":915,"data":{"alt":1,"fertility":60,"region":2121,"area":187}},{"x":247,"y":915,"data":{"alt":1,"fertility":60,"region":2121,"area":187}},{"x":248,"y":915,"data":{"alt":1,"fertility":60,"region":2121,"area":187}},{"x":249,"y":915,"data":{"alt":1,"fertility":60,"region":2121,"area":187}},{"x":248,"y":916,"data":{"alt":1,"fertility":60,"region":2121,"area":187}}]