[{"x":2197,"y":1045,"data":{"alt":1,"type":2,"area":190}},{"x":2198,"y":1045,"data":{"alt":1,"type":2,"area":190}},{"x":2199,"y":1045,"data":{"alt":1,"type":1,"area":190}},{"x":2200,"y":1045,"data":{"alt":1,"type":1,"area":190}},{"x":2195,"y":1046,"data":{"alt":1,"type":1,"area":190}},{"x":2196,"y":1046,"data":{"alt":1,"type":2,"area":190}},{"x":2197,"y":1046,"data":{"alt":1,"type":2,"area":190}},{"x":2198,"y":1046,"data":{"alt":1,"type":1,"area":190}},{"x":2194,"y":1047,"data":{"alt":1,"type":2,"area":190}},{"x":2195,"y":1047,"data":{"alt":1,"type":2,"area":190}},{"x":2196,"y":1047,"data":{"alt":1,"type":1,"area":190}},{"x":2197,"y":1047,"data":{"alt":1,"type":1,"area":190}},{"x":2198,"y":1047,"data":{"alt":1,"type":1,"area":190}},{"x":2199,"y":1047,"data":{"alt":1,"type":1,"area":190}},{"x":2196,"y":1048,"data":{"alt":1,"type":2,"area":190}},{"x":2197,"y":1048,"data":{"alt":1,"type":2,"area":190}},{"x":2198,"y":1048,"data":{"alt":1,"type":2,"area":190}},{"x":2199,"y":1048,"data":{"alt":1,"type":1,"area":190}},{"x":2200,"y":1048,"data":{"alt":1,"type":1,"area":190}},{"x":2195,"y":1049,"data":{"alt":1,"type":2,"area":190}},{"x":2196,"y":1049,"data":{"alt":1,"type":2,"area":190}},{"x":2197,"y":1049,"data":{"alt":1,"type":2,"area":190}},{"x":2198,"y":1049,"data":{"alt":1,"type":2,"area":190}}]