[{"x":252,"y":2784,"data":{"alt":4,"fertility":60,"forest":40,"region":2149,"area":191}},{"x":253,"y":2784,"data":{"alt":4,"fertility":60,"region":2149,"area":191}},{"x":254,"y":2784,"data":{"alt":4,"fertility":60,"region":2149,"area":191}},{"x":255,"y":2784,"data":{"alt":4,"fertility":60,"region":2149,"area":191}},{"x":251,"y":2785,"data":{"alt":3,"fertility":60,"region":2149,"area":191}},{"x":252,"y":2785,"data":{"alt":4,"fertility":60,"region":2149,"area":191}},{"x":253,"y":2785,"data":{"alt":4,"fertility":60,"forest":40,"region":2149,"area":191}},{"x":254,"y":2785,"data":{"alt":4,"fertility":60,"forest":40,"region":2149,"area":191}},{"x":255,"y":2785,"data":{"alt":5,"fertility":60,"region":2149,"area":191}},{"x":251,"y":2786,"data":{"alt":3,"fertility":60,"region":2149,"area":191}},{"x":252,"y":2786,"data":{"alt":4,"fertility":60,"region":2149,"area":191}},{"x":253,"y":2786,"data":{"alt":4,"fertility":60,"region":2149,"area":191}},{"x":254,"y":2786,"data":{"alt":4,"fertility":60,"forest":20,"region":2149,"area":191}},{"x":255,"y":2786,"data":{"alt":4,"fertility":60,"region":2149,"area":191}},{"x":252,"y":2787,"data":{"alt":3,"fertility":60,"forest":40,"region":2149,"area":191}},{"x":253,"y":2787,"data":{"alt":3,"fertility":60,"region":2149,"area":191}},{"x":254,"y":2787,"data":{"alt":4,"fertility":60,"region":2149,"area":191}},{"x":255,"y":2787,"data":{"alt":4,"fertility":60,"forest":20,"region":2149,"area":191}},{"x":253,"y":2788,"data":{"alt":3,"fertility":60,"region":2149,"area":191}},{"x":254,"y":2788,"data":{"alt":4,"fertility":60,"region":2149,"area":191}},{"x":255,"y":2788,"data":{"alt":4,"fertility":60,"region":2149,"area":191}},{"x":253,"y":2789,"data":{"alt":3,"fertility":60,"forest":40,"region":2149,"area":191}},{"x":254,"y":2789,"data":{"alt":3,"fertility":60,"region":2149,"area":191}},{"x":255,"y":2789,"data":{"alt":4,"fertility":60,"region":2149,"area":191}},{"x":255,"y":2781,"data":{"alt":4,"fertility":60,"region":2149,"area":191}},{"x":255,"y":2782,"data":{"alt":4,"fertility":60,"region":2149,"area":191}},{"x":254,"y":2783,"data":{"alt":4,"fertility":60,"forest":40,"region":2149,"area":191}},{"x":255,"y":2783,"data":{"alt":4,"fertility":60,"region":2149,"area":191}},{"x":256,"y":2784,"data":{"alt":4,"fertility":60,"region":2149,"area":191}},{"x":257,"y":2784,"data":{"alt":4,"fertility":60,"region":2149,"area":191}},{"x":258,"y":2784,"data":{"alt":4,"fertility":60,"region":2149,"area":191}},{"x":259,"y":2784,"data":{"alt":6,"fertility":60,"region":2149,"area":191}},{"x":260,"y":2784,"data":{"alt":6,"fertility":60,"region":2149,"area":191}},{"x":261,"y":2784,"data":{"alt":4,"fertility":60,"region":2135,"area":191}},{"x":262,"y":2784,"data":{"alt":4,"fertility":60,"region":2135,"area":191}},{"x":263,"y":2784,"data":{"alt":4,"fertility":60,"region":2135,"area":191}},{"x":264,"y":2784,"data":{"alt":4,"fertility":60,"region":2135,"area":191}},{"x":265,"y":2784,"data":{"alt":4,"fertility":60,"region":2135,"area":191}},{"x":266,"y":2784,"data":{"alt":4,"fertility":60,"region":2135,"area":191}},{"x":267,"y":2784,"data":{"alt":4,"fertility":60,"region":2135,"area":191}},{"x":256,"y":2785,"data":{"alt":4,"fertility":60,"forest":20,"region":2149,"area":191}},{"x":257,"y":2785,"data":{"alt":4,"fertility":60,"region":2149,"area":191}},{"x":258,"y":2785,"data":{"alt":4,"fertility":60,"region":2149,"area":191}},{"x":259,"y":2785,"data":{"alt":6,"fertility":60,"region":2149,"area":191}},{"x":260,"y":2785,"data":{"alt":6,"fertility":60,"region":2149,"area":191}},{"x":261,"y":2785,"data":{"alt":4,"fertility":60,"region":2135,"area":191}},{"x":262,"y":2785,"data":{"alt":4,"fertility":60,"region":2135,"area":191}},{"x":263,"y":2785,"data":{"alt":4,"fertility":60,"region":2135,"area":191}},{"x":264,"y":2785,"data":{"alt":4,"fertility":60,"region":2135,"area":191}},{"x":265,"y":2785,"data":{"alt":4,"fertility":60,"region":2135,"area":191}},{"x":266,"y":2785,"data":{"alt":4,"fertility":60,"region":2135,"area":191}},{"x":267,"y":2785,"data":{"alt":4,"fertility":60,"region":2135,"area":191}},{"x":268,"y":2785,"data":{"alt":4,"fertility":60,"forest":20,"region":2135,"area":191}},{"x":256,"y":2786,"data":{"alt":5,"fertility":60,"region":2149,"area":191}},{"x":257,"y":2786,"data":{"alt":4,"fertility":60,"region":2149,"area":191}},{"x":258,"y":2786,"data":{"alt":6,"fertility":60,"region":2149,"area":191}},{"x":259,"y":2786,"data":{"alt":6,"fertility":60,"region":2149,"area":191}},{"x":260,"y":2786,"data":{"alt":6,"fertility":60,"region":2149,"area":191}},{"x":261,"y":2786,"data":{"alt":4,"fertility":60,"region":2135,"area":191}},{"x":262,"y":2786,"data":{"alt":4,"fertility":60,"region":2135,"area":191}},{"x":263,"y":2786,"data":{"alt":4,"fertility":60,"region":2135,"area":191}},{"x":264,"y":2786,"data":{"alt":6,"fertility":60,"region":2135,"area":191}},{"x":265,"y":2786,"data":{"alt":4,"fertility":60,"region":2135,"area":191}},{"x":266,"y":2786,"data":{"alt":4,"fertility":60,"region":2135,"area":191}},{"x":267,"y":2786,"data":{"alt":4,"fertility":60,"region":2135,"area":191}},{"x":268,"y":2786,"data":{"alt":4,"fertility":60,"region":2135,"area":191}},{"x":270,"y":2786,"data":{"alt":4,"fertility":60,"region":2135,"area":191}},{"x":256,"y":2787,"data":{"alt":4,"fertility":60,"region":2149,"area":191}},{"x":257,"y":2787,"data":{"alt":4,"fertility":60,"region":2149,"area":191}},{"x":258,"y":2787,"data":{"alt":4,"fertility":60,"region":2149,"area":191}},{"x":259,"y":2787,"data":{"alt":4,"fertility":60,"region":2149,"area":191}},{"x":260,"y":2787,"data":{"alt":4,"fertility":60,"region":2149,"area":191}},{"x":261,"y":2787,"data":{"alt":4,"fertility":60,"region":2135,"area":191}},{"x":262,"y":2787,"data":{"alt":4,"fertility":60,"region":2135,"area":191}},{"x":263,"y":2787,"data":{"alt":4,"fertility":60,"region":2135,"area":191}},{"x":264,"y":2787,"data":{"alt":4,"fertility":60,"region":2135,"area":191}},{"x":265,"y":2787,"data":{"alt":4,"fertility":60,"region":2135,"area":191}},{"x":266,"y":2787,"data":{"alt":4,"fertility":60,"region":2135,"area":191}},{"x":268,"y":2787,"data":{"alt":4,"fertility":60,"region":2135,"area":191}},{"x":269,"y":2787,"data":{"alt":4,"fertility":60,"region":2135,"area":191}},{"x":256,"y":2788,"data":{"alt":4,"fertility":60,"region":2149,"area":191}},{"x":257,"y":2788,"data":{"alt":4,"fertility":60,"region":2149,"area":191}},{"x":258,"y":2788,"data":{"alt":4,"fertility":60,"region":2149,"area":191}},{"x":259,"y":2788,"data":{"alt":4,"fertility":60,"region":2149,"area":191}},{"x":262,"y":2788,"data":{"alt":4,"fertility":60,"region":2135,"area":191}},{"x":263,"y":2788,"data":{"alt":4,"fertility":60,"region":2135,"area":191}},{"x":264,"y":2788,"data":{"alt":4,"fertility":60,"region":2135,"area":191}},{"x":269,"y":2788,"data":{"alt":4,"fertility":60,"region":2135,"area":191}},{"x":256,"y":2789,"data":{"alt":4,"fertility":60,"region":2149,"area":191}},{"x":257,"y":2789,"data":{"alt":4,"fertility":60,"region":2149,"area":191}},{"x":258,"y":2789,"data":{"alt":4,"fertility":60,"region":2149,"area":191}},{"x":265,"y":2789,"data":{"alt":4,"fertility":60,"region":2135,"area":191}},{"x":262,"y":2779,"data":{"alt":4,"fertility":60,"forest":20,"region":2135,"area":191}},{"x":265,"y":2779,"data":{"alt":4,"fertility":60,"region":2135,"area":191}},{"x":266,"y":2779,"data":{"alt":4,"fertility":60,"region":2135,"area":191}},{"x":257,"y":2780,"data":{"alt":4,"fertility":60,"region":2149,"area":191}},{"x":262,"y":2780,"data":{"alt":4,"fertility":60,"region":2135,"area":191}},{"x":263,"y":2780,"data":{"alt":4,"fertility":60,"forest":20,"region":2135,"area":191}},{"x":264,"y":2780,"data":{"alt":4,"fertility":60,"region":2135,"area":191}},{"x":265,"y":2780,"data":{"alt":4,"fertility":60,"region":2135,"area":191}},{"x":266,"y":2780,"data":{"alt":4,"fertility":60,"region":2135,"area":191}},{"x":256,"y":2781,"data":{"alt":4,"fertility":60,"region":2149,"area":191}},{"x":257,"y":2781,"data":{"alt":4,"fertility":60,"forest":20,"region":2149,"area":191}},{"x":258,"y":2781,"data":{"alt":4,"fertility":60,"region":2149,"area":191}},{"x":261,"y":2781,"data":{"alt":4,"fertility":60,"region":2135,"area":191}},{"x":262,"y":2781,"data":{"alt":4,"fertility":60,"region":2135,"area":191}},{"x":263,"y":2781,"data":{"alt":4,"fertility":60,"region":2135,"area":191}},{"x":264,"y":2781,"data":{"alt":4,"fertility":60,"forest":20,"region":2135,"area":191}},{"x":265,"y":2781,"data":{"alt":4,"fertility":60,"region":2135,"area":191}},{"x":266,"y":2781,"data":{"alt":4,"fertility":60,"region":2135,"area":191}},{"x":256,"y":2782,"data":{"alt":4,"fertility":60,"region":2149,"area":191}},{"x":257,"y":2782,"data":{"alt":4,"fertility":60,"forest":20,"region":2149,"area":191}},{"x":258,"y":2782,"data":{"alt":4,"fertility":60,"region":2149,"area":191}},{"x":259,"y":2782,"data":{"alt":4,"fertility":60,"region":2149,"area":191}},{"x":260,"y":2782,"data":{"alt":4,"fertility":60,"region":2149,"area":191}},{"x":261,"y":2782,"data":{"alt":6,"fertility":60,"region":2135,"area":191}},{"x":262,"y":2782,"data":{"alt":6,"fertility":60,"region":2135,"area":191}},{"x":263,"y":2782,"data":{"alt":4,"fertility":60,"region":2135,"area":191}},{"x":264,"y":2782,"data":{"alt":4,"fertility":60,"region":2135,"area":191}},{"x":265,"y":2782,"data":{"alt":4,"fertility":60,"region":2135,"area":191}},{"x":266,"y":2782,"data":{"alt":4,"fertility":60,"region":2135,"area":191}},{"x":256,"y":2783,"data":{"alt":4,"fertility":60,"region":2149,"area":191}},{"x":257,"y":2783,"data":{"alt":4,"fertility":60,"region":2149,"area":191}},{"x":258,"y":2783,"data":{"alt":4,"fertility":60,"forest":20,"region":2149,"area":191}},{"x":259,"y":2783,"data":{"alt":4,"fertility":60,"region":2149,"area":191}},{"x":260,"y":2783,"data":{"alt":4,"fertility":60,"forest":20,"region":2149,"area":191}},{"x":261,"y":2783,"data":{"alt":4,"fertility":60,"region":2135,"area":191}},{"x":262,"y":2783,"data":{"alt":4,"fertility":60,"region":2135,"area":191}},{"x":263,"y":2783,"data":{"alt":4,"fertility":60,"region":2135,"area":191}},{"x":264,"y":2783,"data":{"alt":4,"fertility":60,"region":2135,"area":191}},{"x":265,"y":2783,"data":{"alt":4,"fertility":60,"region":2135,"area":191}},{"x":266,"y":2783,"data":{"alt":4,"fertility":60,"region":2135,"area":191}},{"x":267,"y":2783,"data":{"alt":4,"fertility":60,"region":2135,"area":191}}]