[{"x":2290,"y":3575,"data":{"alt":102,"type":1,"area":192}},{"x":2291,"y":3575,"data":{"alt":102,"type":1,"area":192}},{"x":2292,"y":3575,"data":{"alt":102,"type":1,"area":192}},{"x":2293,"y":3575,"data":{"alt":102,"type":1,"area":192}},{"x":2294,"y":3575,"data":{"alt":102,"type":1,"area":192}},{"x":2295,"y":3575,"data":{"alt":102,"type":1,"area":192}},{"x":2296,"y":3575,"data":{"alt":102,"type":1,"area":192}},{"x":2297,"y":3575,"data":{"alt":102,"type":1,"area":192}},{"x":2298,"y":3575,"data":{"alt":102,"type":1,"area":192}},{"x":2299,"y":3575,"data":{"alt":102,"type":1,"area":192}},{"x":2300,"y":3575,"data":{"alt":102,"type":1,"area":192}}]