[{"x":255,"y":3667,"data":{"alt":1,"fertility":60,"region":2153,"area":193}},{"x":254,"y":3668,"data":{"alt":2,"fertility":60,"region":2153,"area":193}},{"x":255,"y":3668,"data":{"alt":1,"fertility":60,"region":2153,"area":193}},{"x":255,"y":3669,"data":{"alt":2,"fertility":60,"region":2153,"area":193}},{"x":257,"y":3667,"data":{"alt":1,"fertility":60,"region":2153,"area":193}},{"x":256,"y":3668,"data":{"alt":1,"fertility":60,"region":2153,"area":193}},{"x":256,"y":3669,"data":{"alt":1,"fertility":60,"region":2153,"area":193}},{"x":257,"y":3669,"data":{"alt":1,"fertility":60,"region":2153,"area":193}},{"x":257,"y":3670,"data":{"alt":1,"fertility":60,"region":2153,"area":193}}]