[{"x":2351,"y":1788,"data":{"alt":1,"type":2,"area":194}},{"x":2352,"y":1788,"data":{"alt":1,"type":2,"area":194}},{"x":2352,"y":1789,"data":{"alt":1,"type":2,"area":194}},{"x":2353,"y":1789,"data":{"alt":1,"type":2,"area":194}},{"x":2351,"y":1790,"data":{"alt":1,"type":2,"area":194}},{"x":2352,"y":1790,"data":{"alt":1,"type":2,"area":194}},{"x":2353,"y":1790,"data":{"alt":1,"type":2,"area":194}},{"x":2351,"y":1791,"data":{"alt":1,"type":2,"area":194}},{"x":2352,"y":1791,"data":{"alt":1,"type":2,"area":194}},{"x":2353,"y":1791,"data":{"alt":1,"type":2,"area":194}},{"x":2367,"y":1791,"data":{"alt":1,"type":1,"area":194}},{"x":2350,"y":1792,"data":{"alt":1,"type":2,"area":194}},{"x":2351,"y":1792,"data":{"alt":1,"type":2,"area":194}},{"x":2352,"y":1792,"data":{"alt":1,"type":2,"area":194}},{"x":2353,"y":1792,"data":{"alt":1,"type":2,"area":194}},{"x":2354,"y":1792,"data":{"alt":1,"type":2,"area":194}},{"x":2366,"y":1792,"data":{"alt":1,"type":2,"area":194}},{"x":2367,"y":1792,"data":{"alt":1,"type":2,"area":194}},{"x":2350,"y":1793,"data":{"alt":1,"type":2,"area":194}},{"x":2351,"y":1793,"data":{"alt":1,"type":2,"area":194}},{"x":2352,"y":1793,"data":{"alt":1,"type":2,"area":194}},{"x":2353,"y":1793,"data":{"alt":1,"type":2,"area":194}},{"x":2354,"y":1793,"data":{"alt":1,"type":2,"area":194}},{"x":2355,"y":1793,"data":{"alt":1,"type":2,"area":194}},{"x":2356,"y":1793,"data":{"alt":1,"type":2,"area":194}},{"x":2363,"y":1793,"data":{"alt":1,"type":2,"area":194}},{"x":2364,"y":1793,"data":{"alt":1,"type":2,"area":194}},{"x":2365,"y":1793,"data":{"alt":1,"type":2,"area":194}},{"x":2366,"y":1793,"data":{"alt":1,"type":2,"area":194}},{"x":2367,"y":1793,"data":{"alt":1,"type":1,"area":194}},{"x":2348,"y":1794,"data":{"alt":1,"type":2,"area":194}},{"x":2349,"y":1794,"data":{"alt":1,"type":2,"area":194}},{"x":2350,"y":1794,"data":{"alt":1,"type":2,"area":194}},{"x":2351,"y":1794,"data":{"alt":1,"type":2,"area":194}},{"x":2352,"y":1794,"data":{"alt":1,"type":2,"area":194}},{"x":2353,"y":1794,"data":{"alt":1,"type":2,"area":194}},{"x":2354,"y":1794,"data":{"alt":1,"type":2,"area":194}},{"x":2355,"y":1794,"data":{"alt":1,"type":2,"area":194}},{"x":2356,"y":1794,"data":{"alt":1,"type":2,"area":194}},{"x":2358,"y":1794,"data":{"alt":1,"type":2,"area":194}},{"x":2359,"y":1794,"data":{"alt":1,"type":2,"area":194}},{"x":2363,"y":1794,"data":{"alt":1,"type":2,"area":194}},{"x":2364,"y":1794,"data":{"alt":1,"type":2,"area":194}},{"x":2365,"y":1794,"data":{"alt":1,"type":2,"area":194}},{"x":2366,"y":1794,"data":{"alt":1,"type":1,"area":194}},{"x":2367,"y":1794,"data":{"alt":1,"type":2,"area":194}},{"x":2349,"y":1795,"data":{"alt":1,"type":2,"area":194}},{"x":2350,"y":1795,"data":{"alt":1,"type":2,"area":194}},{"x":2351,"y":1795,"data":{"alt":1,"type":2,"area":194}},{"x":2352,"y":1795,"data":{"alt":1,"type":2,"area":194}},{"x":2353,"y":1795,"data":{"alt":1,"type":2,"area":194}},{"x":2354,"y":1795,"data":{"alt":1,"type":2,"area":194}},{"x":2355,"y":1795,"data":{"alt":1,"type":2,"area":194}},{"x":2356,"y":1795,"data":{"alt":1,"type":2,"area":194}},{"x":2357,"y":1795,"data":{"alt":1,"type":2,"area":194}},{"x":2358,"y":1795,"data":{"alt":1,"type":2,"area":194}},{"x":2359,"y":1795,"data":{"alt":1,"type":2,"area":194}},{"x":2360,"y":1795,"data":{"alt":1,"type":2,"area":194}},{"x":2361,"y":1795,"data":{"alt":1,"type":2,"area":194}},{"x":2362,"y":1795,"data":{"alt":1,"type":2,"area":194}},{"x":2363,"y":1795,"data":{"alt":1,"type":2,"area":194}},{"x":2364,"y":1795,"data":{"alt":1,"type":2,"area":194}},{"x":2365,"y":1795,"data":{"alt":1,"type":1,"area":194}},{"x":2366,"y":1795,"data":{"alt":1,"type":2,"area":194}},{"x":2348,"y":1796,"data":{"alt":1,"type":2,"area":194}},{"x":2349,"y":1796,"data":{"alt":1,"type":2,"area":194}},{"x":2350,"y":1796,"data":{"alt":1,"type":2,"area":194}},{"x":2351,"y":1796,"data":{"alt":1,"type":2,"area":194}},{"x":2352,"y":1796,"data":{"alt":1,"type":2,"area":194}},{"x":2353,"y":1796,"data":{"alt":1,"type":2,"area":194}},{"x":2354,"y":1796,"data":{"alt":1,"type":2,"res":1,"resAmount":80,"area":194}},{"x":2355,"y":1796,"data":{"alt":1,"type":2,"area":194}},{"x":2356,"y":1796,"data":{"alt":1,"type":2,"area":194}},{"x":2357,"y":1796,"data":{"alt":1,"type":2,"area":194}},{"x":2358,"y":1796,"data":{"alt":1,"type":2,"area":194}},{"x":2359,"y":1796,"data":{"alt":1,"type":2,"area":194}},{"x":2360,"y":1796,"data":{"alt":1,"type":2,"area":194}},{"x":2361,"y":1796,"data":{"alt":1,"type":2,"area":194}},{"x":2362,"y":1796,"data":{"alt":1,"type":2,"area":194}},{"x":2363,"y":1796,"data":{"alt":1,"type":2,"area":194}},{"x":2364,"y":1796,"data":{"alt":1,"type":2,"area":194}},{"x":2365,"y":1796,"data":{"alt":1,"type":1,"area":194}},{"x":2366,"y":1796,"data":{"alt":1,"type":2,"area":194}},{"x":2349,"y":1797,"data":{"alt":1,"type":2,"area":194}},{"x":2350,"y":1797,"data":{"alt":1,"type":2,"area":194}},{"x":2351,"y":1797,"data":{"alt":1,"type":2,"area":194}},{"x":2352,"y":1797,"data":{"alt":1,"type":2,"area":194}},{"x":2353,"y":1797,"data":{"alt":1,"type":2,"area":194}},{"x":2354,"y":1797,"data":{"alt":1,"type":2,"area":194}},{"x":2355,"y":1797,"data":{"alt":1,"type":2,"area":194}},{"x":2356,"y":1797,"data":{"alt":1,"type":2,"area":194}},{"x":2357,"y":1797,"data":{"alt":1,"type":2,"area":194}},{"x":2358,"y":1797,"data":{"alt":1,"type":2,"area":194}},{"x":2359,"y":1797,"data":{"alt":1,"type":2,"area":194}},{"x":2360,"y":1797,"data":{"alt":1,"type":2,"area":194}},{"x":2361,"y":1797,"data":{"alt":1,"type":2,"area":194}},{"x":2362,"y":1797,"data":{"alt":1,"type":2,"area":194}},{"x":2363,"y":1797,"data":{"alt":1,"type":2,"area":194}},{"x":2364,"y":1797,"data":{"alt":1,"type":2,"area":194}},{"x":2365,"y":1797,"data":{"alt":1,"type":1,"area":194}},{"x":2348,"y":1798,"data":{"alt":1,"type":2,"area":194}},{"x":2349,"y":1798,"data":{"alt":1,"type":2,"area":194}},{"x":2350,"y":1798,"data":{"alt":1,"type":2,"area":194}},{"x":2351,"y":1798,"data":{"alt":1,"type":2,"area":194}},{"x":2352,"y":1798,"data":{"alt":1,"type":2,"area":194}},{"x":2353,"y":1798,"data":{"alt":1,"type":2,"area":194}},{"x":2354,"y":1798,"data":{"alt":1,"type":2,"area":194}},{"x":2355,"y":1798,"data":{"alt":1,"type":2,"area":194}},{"x":2356,"y":1798,"data":{"alt":1,"type":2,"area":194}},{"x":2357,"y":1798,"data":{"alt":1,"type":2,"area":194}},{"x":2358,"y":1798,"data":{"alt":1,"type":2,"area":194}},{"x":2359,"y":1798,"data":{"alt":1,"type":2,"area":194}},{"x":2360,"y":1798,"data":{"alt":1,"type":2,"area":194}},{"x":2361,"y":1798,"data":{"alt":1,"type":2,"area":194}},{"x":2362,"y":1798,"data":{"alt":1,"type":1,"area":194}},{"x":2363,"y":1798,"data":{"alt":1,"type":1,"area":194}},{"x":2364,"y":1798,"data":{"alt":1,"type":1,"area":194}},{"x":2365,"y":1798,"data":{"alt":1,"type":2,"area":194}},{"x":2347,"y":1799,"data":{"alt":1,"type":2,"area":194}},{"x":2348,"y":1799,"data":{"alt":1,"type":2,"area":194}},{"x":2349,"y":1799,"data":{"alt":1,"type":2,"area":194}},{"x":2350,"y":1799,"data":{"alt":1,"type":2,"area":194}},{"x":2351,"y":1799,"data":{"alt":1,"type":2,"area":194}},{"x":2352,"y":1799,"data":{"alt":1,"type":2,"area":194}},{"x":2353,"y":1799,"data":{"alt":1,"type":2,"area":194}},{"x":2354,"y":1799,"data":{"alt":1,"type":2,"area":194}},{"x":2355,"y":1799,"data":{"alt":1,"type":2,"area":194}},{"x":2356,"y":1799,"data":{"alt":1,"type":2,"area":194}},{"x":2357,"y":1799,"data":{"alt":1,"type":2,"area":194}},{"x":2358,"y":1799,"data":{"alt":1,"type":2,"area":194}},{"x":2359,"y":1799,"data":{"alt":1,"type":2,"area":194}},{"x":2360,"y":1799,"data":{"alt":1,"type":2,"area":194}},{"x":2361,"y":1799,"data":{"alt":1,"type":1,"area":194}},{"x":2362,"y":1799,"data":{"alt":1,"type":2,"area":194}},{"x":2363,"y":1799,"data":{"alt":1,"type":2,"area":194}},{"x":2364,"y":1799,"data":{"alt":1,"type":2,"area":194}},{"x":2347,"y":1800,"data":{"alt":1,"type":2,"area":194}},{"x":2348,"y":1800,"data":{"alt":1,"type":2,"area":194}},{"x":2349,"y":1800,"data":{"alt":1,"type":2,"area":194}},{"x":2350,"y":1800,"data":{"alt":1,"type":2,"area":194}},{"x":2351,"y":1800,"data":{"alt":1,"type":2,"area":194}},{"x":2352,"y":1800,"data":{"alt":1,"type":2,"area":194}},{"x":2353,"y":1800,"data":{"alt":1,"type":2,"area":194}},{"x":2354,"y":1800,"data":{"alt":1,"type":2,"area":194}},{"x":2355,"y":1800,"data":{"alt":1,"type":2,"area":194}},{"x":2356,"y":1800,"data":{"alt":1,"type":2,"area":194}},{"x":2357,"y":1800,"data":{"alt":1,"type":2,"area":194}},{"x":2358,"y":1800,"data":{"alt":1,"type":2,"area":194}},{"x":2359,"y":1800,"data":{"alt":1,"type":2,"area":194}},{"x":2360,"y":1800,"data":{"alt":1,"type":1,"area":194}},{"x":2361,"y":1800,"data":{"alt":1,"type":2,"area":194}},{"x":2347,"y":1801,"data":{"alt":1,"type":2,"area":194}},{"x":2348,"y":1801,"data":{"alt":1,"type":2,"area":194}},{"x":2349,"y":1801,"data":{"alt":1,"type":2,"area":194}},{"x":2350,"y":1801,"data":{"alt":1,"type":2,"area":194}},{"x":2351,"y":1801,"data":{"alt":1,"type":2,"area":194}},{"x":2352,"y":1801,"data":{"alt":1,"type":2,"area":194}},{"x":2353,"y":1801,"data":{"alt":1,"type":2,"area":194}},{"x":2354,"y":1801,"data":{"alt":1,"type":2,"area":194}},{"x":2355,"y":1801,"data":{"alt":1,"type":2,"area":194}},{"x":2356,"y":1801,"data":{"alt":1,"type":2,"area":194}},{"x":2357,"y":1801,"data":{"alt":1,"type":2,"area":194}},{"x":2358,"y":1801,"data":{"alt":1,"type":2,"area":194}},{"x":2359,"y":1801,"data":{"alt":1,"type":1,"area":194}},{"x":2360,"y":1801,"data":{"alt":1,"type":2,"area":194}},{"x":2361,"y":1801,"data":{"alt":1,"type":2,"area":194}},{"x":2362,"y":1801,"data":{"alt":1,"type":2,"area":194}},{"x":2347,"y":1802,"data":{"alt":1,"type":2,"area":194}},{"x":2348,"y":1802,"data":{"alt":1,"type":2,"area":194}},{"x":2349,"y":1802,"data":{"alt":1,"type":2,"area":194}},{"x":2350,"y":1802,"data":{"alt":1,"type":2,"area":194}},{"x":2351,"y":1802,"data":{"alt":1,"type":2,"area":194}},{"x":2352,"y":1802,"data":{"alt":1,"type":2,"area":194}},{"x":2353,"y":1802,"data":{"alt":1,"type":2,"area":194}},{"x":2354,"y":1802,"data":{"alt":1,"type":2,"area":194}},{"x":2355,"y":1802,"data":{"alt":1,"type":2,"area":194}},{"x":2356,"y":1802,"data":{"alt":1,"type":2,"area":194}},{"x":2357,"y":1802,"data":{"alt":1,"type":2,"area":194}},{"x":2358,"y":1802,"data":{"alt":1,"type":1,"area":194}},{"x":2359,"y":1802,"data":{"alt":1,"type":2,"area":194}},{"x":2360,"y":1802,"data":{"alt":1,"type":2,"area":194}},{"x":2361,"y":1802,"data":{"alt":1,"type":2,"area":194}},{"x":2362,"y":1802,"data":{"alt":1,"type":2,"area":194}},{"x":2347,"y":1803,"data":{"alt":1,"type":2,"area":194}},{"x":2348,"y":1803,"data":{"alt":1,"type":2,"area":194}},{"x":2349,"y":1803,"data":{"alt":1,"type":2,"area":194}},{"x":2350,"y":1803,"data":{"alt":1,"type":2,"area":194}},{"x":2351,"y":1803,"data":{"alt":1,"type":2,"area":194}},{"x":2352,"y":1803,"data":{"alt":1,"type":2,"area":194}},{"x":2353,"y":1803,"data":{"alt":1,"type":2,"area":194}},{"x":2354,"y":1803,"data":{"alt":1,"type":2,"area":194}},{"x":2355,"y":1803,"data":{"alt":1,"type":2,"area":194}},{"x":2356,"y":1803,"data":{"alt":1,"type":2,"area":194}},{"x":2357,"y":1803,"data":{"alt":1,"type":2,"area":194}},{"x":2358,"y":1803,"data":{"alt":1,"type":1,"area":194}},{"x":2359,"y":1803,"data":{"alt":1,"type":2,"area":194}},{"x":2360,"y":1803,"data":{"alt":1,"type":2,"area":194}},{"x":2361,"y":1803,"data":{"alt":1,"type":2,"area":194}},{"x":2362,"y":1803,"data":{"alt":1,"type":2,"area":194}},{"x":2347,"y":1804,"data":{"alt":1,"type":2,"area":194}},{"x":2348,"y":1804,"data":{"alt":1,"type":2,"area":194}},{"x":2349,"y":1804,"data":{"alt":1,"type":2,"area":194}},{"x":2350,"y":1804,"data":{"alt":1,"type":2,"area":194}},{"x":2351,"y":1804,"data":{"alt":1,"type":2,"area":194}},{"x":2352,"y":1804,"data":{"alt":1,"type":2,"area":194}},{"x":2353,"y":1804,"data":{"alt":1,"type":2,"area":194}},{"x":2354,"y":1804,"data":{"alt":1,"type":2,"area":194}},{"x":2355,"y":1804,"data":{"alt":1,"type":2,"area":194}},{"x":2356,"y":1804,"data":{"alt":1,"type":2,"area":194}},{"x":2357,"y":1804,"data":{"alt":1,"type":1,"area":194}},{"x":2358,"y":1804,"data":{"alt":1,"type":2,"area":194}},{"x":2359,"y":1804,"data":{"alt":1,"type":2,"area":194}},{"x":2360,"y":1804,"data":{"alt":1,"type":2,"area":194}},{"x":2361,"y":1804,"data":{"alt":1,"type":2,"area":194}},{"x":2362,"y":1804,"data":{"alt":1,"type":2,"area":194}},{"x":2348,"y":1805,"data":{"alt":1,"type":2,"area":194}},{"x":2349,"y":1805,"data":{"alt":1,"type":2,"area":194}},{"x":2350,"y":1805,"data":{"alt":1,"type":2,"area":194}},{"x":2351,"y":1805,"data":{"alt":1,"type":2,"area":194}},{"x":2352,"y":1805,"data":{"alt":1,"type":2,"area":194}},{"x":2353,"y":1805,"data":{"alt":1,"type":2,"area":194}},{"x":2354,"y":1805,"data":{"alt":1,"type":2,"area":194}},{"x":2355,"y":1805,"data":{"alt":1,"type":2,"area":194}},{"x":2356,"y":1805,"data":{"alt":1,"type":2,"area":194}},{"x":2357,"y":1805,"data":{"alt":1,"type":1,"area":194}},{"x":2358,"y":1805,"data":{"alt":1,"type":2,"area":194}},{"x":2359,"y":1805,"data":{"alt":1,"type":2,"area":194}},{"x":2360,"y":1805,"data":{"alt":1,"type":2,"area":194}},{"x":2361,"y":1805,"data":{"alt":1,"type":2,"area":194}},{"x":2347,"y":1806,"data":{"alt":1,"type":2,"area":194}},{"x":2348,"y":1806,"data":{"alt":1,"type":2,"area":194}},{"x":2349,"y":1806,"data":{"alt":1,"type":2,"area":194}},{"x":2350,"y":1806,"data":{"alt":1,"type":2,"area":194}},{"x":2351,"y":1806,"data":{"alt":1,"type":2,"area":194}},{"x":2352,"y":1806,"data":{"alt":1,"type":2,"area":194}},{"x":2353,"y":1806,"data":{"alt":1,"type":2,"area":194}},{"x":2354,"y":1806,"data":{"alt":1,"type":1,"area":194}},{"x":2355,"y":1806,"data":{"alt":1,"type":1,"area":194}},{"x":2356,"y":1806,"data":{"alt":1,"type":1,"area":194}},{"x":2357,"y":1806,"data":{"alt":1,"type":2,"area":194}},{"x":2358,"y":1806,"data":{"alt":1,"type":2,"area":194}},{"x":2359,"y":1806,"data":{"alt":1,"type":2,"area":194}},{"x":2360,"y":1806,"data":{"alt":1,"type":2,"area":194}},{"x":2346,"y":1807,"data":{"alt":1,"type":2,"area":194}},{"x":2347,"y":1807,"data":{"alt":1,"type":2,"area":194}},{"x":2348,"y":1807,"data":{"alt":1,"type":2,"area":194}},{"x":2349,"y":1807,"data":{"alt":1,"type":2,"area":194}},{"x":2350,"y":1807,"data":{"alt":1,"type":2,"area":194}},{"x":2351,"y":1807,"data":{"alt":1,"type":2,"area":194}},{"x":2352,"y":1807,"data":{"alt":1,"type":2,"area":194}},{"x":2353,"y":1807,"data":{"alt":1,"type":1,"area":194}},{"x":2354,"y":1807,"data":{"alt":1,"type":2,"area":194}},{"x":2355,"y":1807,"data":{"alt":1,"type":2,"area":194}},{"x":2356,"y":1807,"data":{"alt":1,"type":2,"area":194}},{"x":2357,"y":1807,"data":{"alt":1,"type":2,"area":194}},{"x":2358,"y":1807,"data":{"alt":1,"type":2,"area":194}},{"x":2359,"y":1807,"data":{"alt":1,"type":2,"area":194}},{"x":2360,"y":1807,"data":{"alt":1,"type":2,"area":194}},{"x":2345,"y":1808,"data":{"alt":1,"type":2,"area":194}},{"x":2346,"y":1808,"data":{"alt":1,"type":2,"area":194}},{"x":2347,"y":1808,"data":{"alt":1,"type":2,"area":194}},{"x":2348,"y":1808,"data":{"alt":1,"type":2,"area":194}},{"x":2349,"y":1808,"data":{"alt":1,"type":1,"area":194}},{"x":2350,"y":1808,"data":{"alt":1,"type":1,"area":194}},{"x":2351,"y":1808,"data":{"alt":1,"type":1,"area":194}},{"x":2352,"y":1808,"data":{"alt":1,"type":1,"area":194}},{"x":2353,"y":1808,"data":{"alt":1,"type":2,"area":194}},{"x":2354,"y":1808,"data":{"alt":1,"type":2,"area":194}},{"x":2355,"y":1808,"data":{"alt":1,"type":2,"area":194}},{"x":2356,"y":1808,"data":{"alt":1,"type":2,"area":194}},{"x":2357,"y":1808,"data":{"alt":1,"type":2,"area":194}},{"x":2358,"y":1808,"data":{"alt":1,"type":2,"area":194}},{"x":2359,"y":1808,"data":{"alt":1,"type":2,"area":194}},{"x":2360,"y":1808,"data":{"alt":1,"type":2,"area":194}},{"x":2344,"y":1809,"data":{"alt":1,"type":1,"area":194}},{"x":2345,"y":1809,"data":{"alt":1,"type":1,"area":194}},{"x":2346,"y":1809,"data":{"alt":1,"type":1,"area":194}},{"x":2347,"y":1809,"data":{"alt":1,"type":1,"area":194}},{"x":2348,"y":1809,"data":{"alt":1,"type":1,"area":194}},{"x":2349,"y":1809,"data":{"alt":1,"type":2,"area":194}},{"x":2350,"y":1809,"data":{"alt":1,"type":2,"area":194}},{"x":2351,"y":1809,"data":{"alt":1,"type":2,"area":194}},{"x":2352,"y":1809,"data":{"alt":1,"type":2,"area":194}},{"x":2353,"y":1809,"data":{"alt":1,"type":2,"area":194}},{"x":2354,"y":1809,"data":{"alt":1,"type":2,"area":194}},{"x":2355,"y":1809,"data":{"alt":1,"type":2,"area":194}},{"x":2356,"y":1809,"data":{"alt":1,"type":2,"area":194}},{"x":2357,"y":1809,"data":{"alt":1,"type":2,"area":194}},{"x":2358,"y":1809,"data":{"alt":1,"type":2,"area":194}},{"x":2359,"y":1809,"data":{"alt":1,"type":2,"area":194}},{"x":2360,"y":1809,"data":{"alt":1,"type":2,"area":194}},{"x":2343,"y":1810,"data":{"alt":1,"type":1,"area":194}},{"x":2344,"y":1810,"data":{"alt":1,"type":2,"area":194}},{"x":2345,"y":1810,"data":{"alt":1,"type":2,"area":194}},{"x":2346,"y":1810,"data":{"alt":1,"type":2,"area":194}},{"x":2347,"y":1810,"data":{"alt":1,"type":2,"area":194}},{"x":2348,"y":1810,"data":{"alt":1,"type":2,"area":194}},{"x":2349,"y":1810,"data":{"alt":1,"type":2,"area":194}},{"x":2350,"y":1810,"data":{"alt":1,"type":2,"area":194}},{"x":2351,"y":1810,"data":{"alt":1,"type":2,"area":194}},{"x":2352,"y":1810,"data":{"alt":1,"type":2,"area":194}},{"x":2353,"y":1810,"data":{"alt":1,"type":2,"area":194}},{"x":2354,"y":1810,"data":{"alt":1,"type":2,"area":194}},{"x":2355,"y":1810,"data":{"alt":1,"type":2,"area":194}},{"x":2356,"y":1810,"data":{"alt":1,"type":2,"area":194}},{"x":2357,"y":1810,"data":{"alt":1,"type":2,"area":194}},{"x":2358,"y":1810,"data":{"alt":1,"type":2,"area":194}},{"x":2359,"y":1810,"data":{"alt":1,"type":2,"area":194}},{"x":2360,"y":1810,"data":{"alt":1,"type":2,"area":194}},{"x":2343,"y":1811,"data":{"alt":1,"type":2,"area":194}},{"x":2344,"y":1811,"data":{"alt":1,"type":2,"area":194}},{"x":2345,"y":1811,"data":{"alt":1,"type":2,"area":194}},{"x":2346,"y":1811,"data":{"alt":1,"type":2,"area":194}},{"x":2347,"y":1811,"data":{"alt":1,"type":2,"area":194}},{"x":2348,"y":1811,"data":{"alt":1,"type":2,"area":194}},{"x":2349,"y":1811,"data":{"alt":1,"type":2,"area":194}},{"x":2350,"y":1811,"data":{"alt":1,"type":2,"area":194}},{"x":2351,"y":1811,"data":{"alt":1,"type":2,"area":194}},{"x":2352,"y":1811,"data":{"alt":1,"type":2,"area":194}},{"x":2353,"y":1811,"data":{"alt":1,"type":2,"area":194}},{"x":2354,"y":1811,"data":{"alt":1,"type":2,"area":194}},{"x":2355,"y":1811,"data":{"alt":1,"type":2,"area":194}},{"x":2356,"y":1811,"data":{"alt":1,"type":2,"area":194}},{"x":2357,"y":1811,"data":{"alt":1,"type":2,"area":194}},{"x":2358,"y":1811,"data":{"alt":1,"type":2,"area":194}},{"x":2359,"y":1811,"data":{"alt":1,"type":2,"area":194}},{"x":2344,"y":1812,"data":{"alt":1,"type":2,"area":194}},{"x":2345,"y":1812,"data":{"alt":1,"type":2,"area":194}},{"x":2346,"y":1812,"data":{"alt":1,"type":2,"area":194}},{"x":2347,"y":1812,"data":{"alt":1,"type":2,"area":194}},{"x":2348,"y":1812,"data":{"alt":1,"type":2,"area":194}},{"x":2349,"y":1812,"data":{"alt":1,"type":2,"area":194}},{"x":2350,"y":1812,"data":{"alt":1,"type":2,"area":194}},{"x":2351,"y":1812,"data":{"alt":1,"type":2,"area":194}},{"x":2352,"y":1812,"data":{"alt":1,"type":2,"area":194}},{"x":2353,"y":1812,"data":{"alt":1,"type":2,"area":194}},{"x":2354,"y":1812,"data":{"alt":1,"type":2,"area":194}},{"x":2355,"y":1812,"data":{"alt":1,"type":2,"area":194}},{"x":2356,"y":1812,"data":{"alt":1,"type":2,"area":194}},{"x":2358,"y":1812,"data":{"alt":1,"type":2,"area":194}},{"x":2359,"y":1812,"data":{"alt":1,"type":2,"area":194}},{"x":2360,"y":1812,"data":{"alt":1,"type":2,"area":194}},{"x":2345,"y":1813,"data":{"alt":1,"type":2,"area":194}},{"x":2346,"y":1813,"data":{"alt":1,"type":2,"area":194}},{"x":2347,"y":1813,"data":{"alt":1,"type":2,"area":194}},{"x":2348,"y":1813,"data":{"alt":1,"type":2,"area":194}},{"x":2349,"y":1813,"data":{"alt":1,"type":2,"area":194}},{"x":2350,"y":1813,"data":{"alt":1,"type":2,"area":194}},{"x":2352,"y":1813,"data":{"alt":1,"type":2,"area":194}},{"x":2353,"y":1813,"data":{"alt":1,"type":2,"area":194}},{"x":2354,"y":1813,"data":{"alt":1,"type":2,"area":194}},{"x":2355,"y":1813,"data":{"alt":1,"type":2,"area":194}},{"x":2356,"y":1813,"data":{"alt":1,"type":2,"area":194}},{"x":2345,"y":1814,"data":{"alt":1,"type":2,"area":194}},{"x":2346,"y":1814,"data":{"alt":1,"type":2,"area":194}},{"x":2347,"y":1814,"data":{"alt":1,"type":2,"area":194}},{"x":2348,"y":1814,"data":{"alt":1,"type":2,"area":194}},{"x":2349,"y":1814,"data":{"alt":1,"type":2,"area":194}},{"x":2352,"y":1814,"data":{"alt":1,"type":2,"area":194}},{"x":2347,"y":1815,"data":{"alt":1,"type":2,"area":194}},{"x":2368,"y":1790,"data":{"alt":2,"type":1,"area":194}},{"x":2368,"y":1791,"data":{"alt":1,"type":2,"area":194}},{"x":2368,"y":1792,"data":{"alt":1,"type":1,"area":194}},{"x":2369,"y":1792,"data":{"alt":1,"type":2,"area":194}},{"x":2368,"y":1793,"data":{"alt":1,"type":2,"area":194}},{"x":2369,"y":1793,"data":{"alt":1,"type":2,"area":194}},{"x":2368,"y":1794,"data":{"alt":1,"type":2,"area":194}}]