[{"x":2366,"y":3646,"data":{"alt":100,"type":2,"area":196}},{"x":2367,"y":3646,"data":{"alt":100,"type":2,"area":196}},{"x":2364,"y":3647,"data":{"alt":100,"type":2,"area":196}},{"x":2365,"y":3647,"data":{"alt":100,"type":2,"area":196}},{"x":2366,"y":3647,"data":{"alt":100,"type":2,"area":196}},{"x":2367,"y":3647,"data":{"alt":100,"type":2,"area":196}},{"x":2360,"y":3648,"data":{"alt":100,"type":2,"area":196}},{"x":2361,"y":3648,"data":{"alt":100,"type":2,"area":196}},{"x":2363,"y":3648,"data":{"alt":100,"type":2,"area":196}},{"x":2364,"y":3648,"data":{"alt":100,"type":2,"area":196}},{"x":2365,"y":3648,"data":{"alt":100,"type":2,"area":196}},{"x":2366,"y":3648,"data":{"alt":100,"type":2,"area":196}},{"x":2367,"y":3648,"data":{"alt":100,"type":2,"area":196}},{"x":2360,"y":3649,"data":{"alt":100,"type":2,"area":196}},{"x":2361,"y":3649,"data":{"alt":100,"type":2,"area":196}},{"x":2362,"y":3649,"data":{"alt":100,"type":2,"area":196}},{"x":2363,"y":3649,"data":{"alt":100,"type":2,"area":196}},{"x":2364,"y":3649,"data":{"alt":100,"type":2,"area":196}},{"x":2365,"y":3649,"data":{"alt":100,"type":2,"area":196}},{"x":2366,"y":3649,"data":{"alt":100,"type":2,"area":196}},{"x":2367,"y":3649,"data":{"alt":100,"type":2,"area":196}},{"x":2361,"y":3650,"data":{"alt":100,"type":2,"area":196}},{"x":2362,"y":3650,"data":{"alt":100,"type":2,"area":196}},{"x":2363,"y":3650,"data":{"alt":100,"type":2,"area":196}},{"x":2364,"y":3650,"data":{"alt":100,"type":2,"area":196}},{"x":2365,"y":3650,"data":{"alt":100,"type":2,"area":196}},{"x":2366,"y":3650,"data":{"alt":100,"type":2,"area":196}},{"x":2367,"y":3650,"data":{"alt":100,"type":2,"area":196}},{"x":2362,"y":3651,"data":{"alt":100,"type":2,"area":196}},{"x":2363,"y":3651,"data":{"alt":100,"type":2,"area":196}},{"x":2364,"y":3651,"data":{"alt":100,"type":2,"area":196}},{"x":2365,"y":3651,"data":{"alt":100,"type":2,"area":196}},{"x":2366,"y":3651,"data":{"alt":100,"type":2,"area":196}},{"x":2367,"y":3651,"data":{"alt":100,"type":2,"area":196}},{"x":2362,"y":3652,"data":{"alt":100,"type":2,"area":196}},{"x":2363,"y":3652,"data":{"alt":100,"type":2,"area":196}},{"x":2364,"y":3652,"data":{"alt":100,"type":2,"area":196}},{"x":2365,"y":3652,"data":{"alt":100,"type":2,"area":196}},{"x":2366,"y":3652,"data":{"alt":100,"type":2,"area":196}},{"x":2367,"y":3652,"data":{"alt":100,"type":2,"area":196}},{"x":2363,"y":3653,"data":{"alt":100,"type":2,"area":196}},{"x":2364,"y":3653,"data":{"alt":100,"type":2,"area":196}},{"x":2379,"y":3630,"data":{"alt":100,"type":1,"area":196}},{"x":2379,"y":3631,"data":{"alt":100,"type":1,"area":196}},{"x":2379,"y":3632,"data":{"alt":100,"type":1,"area":196}},{"x":2379,"y":3633,"data":{"alt":100,"type":1,"area":196}},{"x":2379,"y":3634,"data":{"alt":100,"type":1,"area":196}},{"x":2379,"y":3635,"data":{"alt":100,"type":1,"area":196}},{"x":2379,"y":3636,"data":{"alt":100,"type":2,"area":196}},{"x":2380,"y":3636,"data":{"alt":100,"type":1,"area":196}},{"x":2379,"y":3637,"data":{"alt":100,"type":2,"area":196}},{"x":2380,"y":3637,"data":{"alt":100,"type":1,"area":196}},{"x":2381,"y":3637,"data":{"alt":100,"type":2,"area":196}},{"x":2374,"y":3638,"data":{"alt":100,"type":2,"area":196}},{"x":2379,"y":3638,"data":{"alt":100,"type":2,"area":196}},{"x":2380,"y":3638,"data":{"alt":100,"type":1,"area":196}},{"x":2374,"y":3639,"data":{"alt":100,"type":2,"area":196}},{"x":2375,"y":3639,"data":{"alt":100,"type":2,"area":196}},{"x":2376,"y":3639,"data":{"alt":100,"type":2,"area":196}},{"x":2379,"y":3639,"data":{"alt":100,"type":1,"area":196}},{"x":2373,"y":3640,"data":{"alt":100,"type":2,"area":196}},{"x":2374,"y":3640,"data":{"alt":100,"type":2,"area":196}},{"x":2375,"y":3640,"data":{"alt":100,"type":2,"area":196}},{"x":2376,"y":3640,"data":{"alt":100,"type":2,"area":196}},{"x":2377,"y":3640,"data":{"alt":100,"type":2,"area":196}},{"x":2379,"y":3640,"data":{"alt":100,"type":1,"area":196}},{"x":2373,"y":3641,"data":{"alt":100,"type":2,"area":196}},{"x":2374,"y":3641,"data":{"alt":100,"type":2,"area":196}},{"x":2375,"y":3641,"data":{"alt":100,"type":2,"area":196}},{"x":2376,"y":3641,"data":{"alt":100,"type":2,"area":196}},{"x":2377,"y":3641,"data":{"alt":100,"type":2,"area":196}},{"x":2379,"y":3641,"data":{"alt":100,"type":1,"area":196}},{"x":2374,"y":3642,"data":{"alt":100,"type":2,"area":196}},{"x":2375,"y":3642,"data":{"alt":100,"type":2,"area":196}},{"x":2376,"y":3642,"data":{"alt":100,"type":2,"area":196}},{"x":2377,"y":3642,"data":{"alt":100,"type":2,"area":196}},{"x":2378,"y":3642,"data":{"alt":100,"type":2,"area":196}},{"x":2379,"y":3642,"data":{"alt":100,"type":1,"area":196}},{"x":2373,"y":3643,"data":{"alt":100,"type":2,"area":196}},{"x":2374,"y":3643,"data":{"alt":100,"type":2,"area":196}},{"x":2375,"y":3643,"data":{"alt":100,"type":2,"area":196}},{"x":2376,"y":3643,"data":{"alt":100,"type":2,"area":196}},{"x":2377,"y":3643,"data":{"alt":100,"type":2,"area":196}},{"x":2378,"y":3643,"data":{"alt":100,"type":2,"area":196}},{"x":2379,"y":3643,"data":{"alt":100,"type":1,"area":196}},{"x":2380,"y":3643,"data":{"alt":100,"type":2,"area":196}},{"x":2373,"y":3644,"data":{"alt":100,"type":2,"area":196}},{"x":2376,"y":3644,"data":{"alt":100,"type":2,"area":196}},{"x":2377,"y":3644,"data":{"alt":100,"type":2,"area":196}},{"x":2378,"y":3644,"data":{"alt":100,"type":2,"area":196}},{"x":2379,"y":3644,"data":{"alt":100,"type":1,"area":196}},{"x":2380,"y":3644,"data":{"alt":100,"type":2,"area":196}},{"x":2368,"y":3645,"data":{"alt":100,"type":2,"area":196}},{"x":2369,"y":3645,"data":{"alt":100,"type":2,"area":196}},{"x":2370,"y":3645,"data":{"alt":100,"type":2,"area":196}},{"x":2376,"y":3645,"data":{"alt":100,"type":2,"area":196}},{"x":2377,"y":3645,"data":{"alt":100,"type":2,"area":196}},{"x":2378,"y":3645,"data":{"alt":100,"type":1,"area":196}},{"x":2379,"y":3645,"data":{"alt":100,"type":2,"area":196}},{"x":2380,"y":3645,"data":{"alt":100,"type":2,"area":196}},{"x":2368,"y":3646,"data":{"alt":100,"type":2,"area":196}},{"x":2370,"y":3646,"data":{"alt":100,"type":2,"area":196}},{"x":2372,"y":3646,"data":{"alt":100,"type":2,"area":196}},{"x":2373,"y":3646,"data":{"alt":100,"type":2,"area":196}},{"x":2374,"y":3646,"data":{"alt":100,"type":2,"area":196}},{"x":2375,"y":3646,"data":{"alt":100,"type":2,"area":196}},{"x":2376,"y":3646,"data":{"alt":100,"type":2,"area":196}},{"x":2377,"y":3646,"data":{"alt":100,"type":1,"area":196}},{"x":2378,"y":3646,"data":{"alt":100,"type":2,"area":196}},{"x":2368,"y":3647,"data":{"alt":100,"type":2,"area":196}},{"x":2372,"y":3647,"data":{"alt":100,"type":2,"area":196}},{"x":2373,"y":3647,"data":{"alt":100,"type":2,"area":196}},{"x":2374,"y":3647,"data":{"alt":100,"type":2,"area":196}},{"x":2375,"y":3647,"data":{"alt":100,"type":2,"area":196}},{"x":2376,"y":3647,"data":{"alt":100,"type":1,"area":196}},{"x":2377,"y":3647,"data":{"alt":100,"type":2,"area":196}},{"x":2378,"y":3647,"data":{"alt":100,"type":2,"area":196}},{"x":2379,"y":3647,"data":{"alt":100,"type":2,"area":196}},{"x":2368,"y":3648,"data":{"alt":100,"type":2,"area":196}},{"x":2369,"y":3648,"data":{"alt":100,"type":2,"area":196}},{"x":2370,"y":3648,"data":{"alt":100,"type":2,"area":196}},{"x":2371,"y":3648,"data":{"alt":100,"type":2,"area":196}},{"x":2372,"y":3648,"data":{"alt":100,"type":2,"area":196}},{"x":2373,"y":3648,"data":{"alt":100,"type":2,"area":196}},{"x":2374,"y":3648,"data":{"alt":100,"type":2,"area":196}},{"x":2375,"y":3648,"data":{"alt":100,"type":1,"area":196}},{"x":2376,"y":3648,"data":{"alt":100,"type":2,"area":196}},{"x":2377,"y":3648,"data":{"alt":100,"type":2,"area":196}},{"x":2368,"y":3649,"data":{"alt":100,"type":2,"area":196}},{"x":2369,"y":3649,"data":{"alt":100,"type":2,"area":196}},{"x":2370,"y":3649,"data":{"alt":100,"type":2,"area":196}},{"x":2371,"y":3649,"data":{"alt":100,"type":2,"area":196}},{"x":2372,"y":3649,"data":{"alt":100,"type":2,"area":196}},{"x":2373,"y":3649,"data":{"alt":100,"type":2,"area":196}},{"x":2374,"y":3649,"data":{"alt":100,"type":1,"area":196}},{"x":2375,"y":3649,"data":{"alt":100,"type":2,"area":196}},{"x":2376,"y":3649,"data":{"alt":100,"type":2,"area":196}},{"x":2368,"y":3650,"data":{"alt":100,"type":2,"area":196}},{"x":2369,"y":3650,"data":{"alt":100,"type":2,"area":196}},{"x":2370,"y":3650,"data":{"alt":100,"type":2,"area":196}},{"x":2371,"y":3650,"data":{"alt":100,"type":2,"area":196}},{"x":2372,"y":3650,"data":{"alt":100,"type":2,"area":196}},{"x":2373,"y":3650,"data":{"alt":100,"type":1,"area":196}},{"x":2376,"y":3650,"data":{"alt":100,"type":2,"area":196}},{"x":2368,"y":3651,"data":{"alt":100,"type":2,"area":196}},{"x":2369,"y":3651,"data":{"alt":100,"type":2,"area":196}},{"x":2370,"y":3651,"data":{"alt":100,"type":2,"area":196}},{"x":2371,"y":3651,"data":{"alt":100,"type":1,"area":196}},{"x":2372,"y":3651,"data":{"alt":100,"type":1,"area":196}},{"x":2368,"y":3652,"data":{"alt":100,"type":2,"area":196}},{"x":2370,"y":3652,"data":{"alt":100,"type":1,"area":196}},{"x":2370,"y":3653,"data":{"alt":100,"type":1,"area":196}},{"x":2370,"y":3654,"data":{"alt":100,"type":1,"area":196}}]