[{"x":262,"y":2931,"data":{"alt":1,"fertility":60,"region":2153,"area":197}},{"x":263,"y":2931,"data":{"alt":1,"fertility":60,"region":2153,"area":197}},{"x":259,"y":2932,"data":{"alt":1,"fertility":60,"region":2153,"area":197}},{"x":260,"y":2932,"data":{"alt":1,"fertility":60,"region":2153,"area":197}},{"x":261,"y":2932,"data":{"alt":1,"fertility":60,"region":2153,"area":197}},{"x":262,"y":2932,"data":{"alt":1,"fertility":60,"region":2153,"area":197}},{"x":263,"y":2932,"data":{"alt":1,"fertility":60,"region":2153,"area":197}},{"x":264,"y":2932,"data":{"alt":1,"fertility":60,"region":2153,"area":197}},{"x":265,"y":2932,"data":{"alt":1,"fertility":60,"region":2153,"area":197}},{"x":260,"y":2933,"data":{"alt":1,"fertility":60,"region":2153,"area":197}},{"x":261,"y":2933,"data":{"alt":1,"fertility":60,"region":2153,"area":197}},{"x":262,"y":2933,"data":{"alt":2,"fertility":60,"region":2153,"area":197}},{"x":263,"y":2933,"data":{"alt":1,"fertility":60,"region":2153,"area":197}},{"x":264,"y":2933,"data":{"alt":2,"fertility":60,"region":2153,"area":197}},{"x":265,"y":2933,"data":{"alt":1,"fertility":60,"region":2153,"area":197}},{"x":259,"y":2934,"data":{"alt":1,"fertility":60,"region":2153,"area":197}},{"x":260,"y":2934,"data":{"alt":2,"fertility":60,"region":2153,"area":197}},{"x":261,"y":2934,"data":{"alt":2,"fertility":60,"region":2153,"area":197}},{"x":262,"y":2934,"data":{"alt":2,"fertility":60,"region":2153,"area":197}},{"x":263,"y":2934,"data":{"alt":1,"fertility":60,"region":2153,"area":197}},{"x":264,"y":2934,"data":{"alt":1,"fertility":60,"region":2153,"area":197}},{"x":265,"y":2934,"data":{"alt":1,"fertility":60,"region":2153,"area":197}},{"x":259,"y":2935,"data":{"alt":1,"fertility":60,"region":2153,"area":197}},{"x":260,"y":2935,"data":{"alt":2,"fertility":60,"region":2153,"area":197}},{"x":261,"y":2935,"data":{"alt":2,"fertility":60,"region":2153,"area":197}},{"x":262,"y":2935,"data":{"alt":2,"fertility":60,"region":2153,"area":197}},{"x":263,"y":2935,"data":{"alt":2,"fertility":60,"region":2153,"area":197}},{"x":264,"y":2935,"data":{"alt":2,"fertility":60,"region":2153,"area":197}},{"x":265,"y":2935,"data":{"alt":2,"fertility":60,"region":2153,"area":197}},{"x":259,"y":2936,"data":{"alt":1,"fertility":60,"region":2153,"area":197}},{"x":260,"y":2936,"data":{"alt":1,"fertility":60,"region":2153,"area":197}},{"x":261,"y":2936,"data":{"alt":1,"fertility":60,"region":2153,"area":197}},{"x":262,"y":2936,"data":{"alt":2,"fertility":60,"region":2153,"area":197}},{"x":263,"y":2936,"data":{"alt":2,"fertility":60,"region":2153,"area":197}},{"x":264,"y":2936,"data":{"alt":2,"fertility":60,"region":2153,"area":197}},{"x":266,"y":2936,"data":{"alt":2,"fertility":60,"region":2153,"area":197}},{"x":259,"y":2937,"data":{"alt":1,"fertility":60,"region":2153,"area":197}},{"x":260,"y":2937,"data":{"alt":1,"fertility":60,"region":2153,"area":197}},{"x":261,"y":2937,"data":{"alt":2,"fertility":60,"region":2153,"area":197}},{"x":262,"y":2937,"data":{"alt":2,"fertility":60,"region":2153,"area":197}},{"x":263,"y":2937,"data":{"alt":2,"fertility":60,"region":2153,"area":197}},{"x":259,"y":2938,"data":{"alt":1,"fertility":60,"region":2153,"area":197}},{"x":260,"y":2938,"data":{"alt":1,"fertility":60,"region":2153,"area":197}},{"x":261,"y":2938,"data":{"alt":1,"fertility":60,"region":2153,"area":197}},{"x":262,"y":2938,"data":{"alt":2,"fertility":60,"region":2153,"area":197}},{"x":263,"y":2938,"data":{"alt":2,"fertility":60,"region":2153,"area":197}},{"x":259,"y":2939,"data":{"alt":1,"fertility":60,"region":2153,"area":197}},{"x":260,"y":2939,"data":{"alt":1,"fertility":60,"region":2153,"area":197}},{"x":261,"y":2939,"data":{"alt":1,"fertility":60,"region":2153,"area":197}},{"x":262,"y":2939,"data":{"alt":1,"fertility":60,"region":2153,"area":197}}]