[{"x":2363,"y":3681,"data":{"alt":100,"type":1,"area":198}},{"x":2363,"y":3682,"data":{"alt":100,"type":1,"area":198}},{"x":2363,"y":3683,"data":{"alt":100,"type":1,"area":198}},{"x":2363,"y":3684,"data":{"alt":100,"type":1,"area":198}},{"x":2363,"y":3685,"data":{"alt":100,"type":1,"area":198}},{"x":2363,"y":3686,"data":{"alt":100,"type":1,"area":198}},{"x":2363,"y":3687,"data":{"alt":100,"type":1,"area":198}},{"x":2363,"y":3688,"data":{"alt":100,"type":1,"area":198}},{"x":2363,"y":3689,"data":{"alt":100,"type":1,"area":198}},{"x":2363,"y":3690,"data":{"alt":100,"type":1,"area":198}},{"x":2363,"y":3691,"data":{"alt":100,"type":1,"area":198}}]