[{"x":270,"y":2942,"data":{"alt":1,"fertility":60,"region":2153,"area":199}},{"x":272,"y":2942,"data":{"alt":1,"fertility":60,"region":2153,"area":199}},{"x":273,"y":2942,"data":{"alt":1,"fertility":60,"region":2153,"area":199}},{"x":274,"y":2942,"data":{"alt":1,"fertility":60,"region":2153,"area":199}},{"x":270,"y":2943,"data":{"alt":1,"fertility":60,"region":2153,"area":199}},{"x":271,"y":2943,"data":{"alt":1,"fertility":60,"region":2153,"area":199}},{"x":272,"y":2943,"data":{"alt":1,"fertility":60,"region":2153,"area":199}},{"x":273,"y":2943,"data":{"alt":1,"fertility":60,"region":2153,"area":199}},{"x":274,"y":2943,"data":{"alt":1,"fertility":60,"region":2153,"area":199}},{"x":270,"y":2944,"data":{"alt":1,"fertility":60,"region":2153,"area":199}},{"x":271,"y":2944,"data":{"alt":1,"fertility":60,"region":2153,"area":199}},{"x":272,"y":2944,"data":{"alt":1,"fertility":60,"region":2153,"area":199}},{"x":273,"y":2944,"data":{"alt":1,"fertility":60,"region":2153,"area":199}},{"x":274,"y":2944,"data":{"alt":1,"fertility":60,"region":2153,"area":199}},{"x":271,"y":2945,"data":{"alt":1,"fertility":60,"region":2153,"area":199}},{"x":272,"y":2945,"data":{"alt":1,"fertility":60,"region":2153,"area":199}},{"x":273,"y":2945,"data":{"alt":1,"fertility":60,"region":2153,"area":199}}]