[{"x":105,"y":735,"data":{"alt":57,"type":1,"area":20}},{"x":106,"y":735,"data":{"alt":57,"type":1,"area":20}},{"x":107,"y":735,"data":{"alt":57,"type":1,"area":20}},{"x":108,"y":735,"data":{"alt":57,"type":1,"area":20}},{"x":109,"y":735,"data":{"alt":57,"type":1,"area":20}},{"x":110,"y":735,"data":{"alt":57,"type":1,"area":20}},{"x":111,"y":735,"data":{"alt":57,"type":1,"area":20}},{"x":108,"y":736,"data":{"alt":57,"type":2,"area":20}},{"x":107,"y":737,"data":{"alt":57,"type":2,"area":20}},{"x":108,"y":737,"data":{"alt":57,"type":2,"area":20}},{"x":109,"y":737,"data":{"alt":57,"type":2,"area":20}},{"x":108,"y":738,"data":{"alt":57,"type":2,"area":20}}]