[{"x":2389,"y":3683,"data":{"alt":104,"type":2,"area":200}},{"x":2389,"y":3684,"data":{"alt":104,"type":2,"area":200}},{"x":2390,"y":3684,"data":{"alt":104,"type":2,"area":200}},{"x":2391,"y":3684,"data":{"alt":104,"type":2,"area":200}},{"x":2389,"y":3685,"data":{"alt":104,"type":2,"area":200}},{"x":2390,"y":3685,"data":{"alt":104,"type":2,"area":200}},{"x":2391,"y":3685,"data":{"alt":104,"type":2,"area":200}},{"x":2392,"y":3685,"data":{"alt":104,"type":2,"area":200}},{"x":2387,"y":3686,"data":{"alt":104,"type":1,"area":200}},{"x":2388,"y":3686,"data":{"alt":104,"type":2,"area":200}},{"x":2389,"y":3686,"data":{"alt":104,"type":2,"area":200}},{"x":2390,"y":3686,"data":{"alt":104,"type":2,"area":200}},{"x":2392,"y":3686,"data":{"alt":104,"type":2,"area":200}},{"x":2393,"y":3686,"data":{"alt":104,"type":2,"area":200}},{"x":2387,"y":3687,"data":{"alt":104,"type":2,"area":200}},{"x":2388,"y":3687,"data":{"alt":104,"type":1,"area":200}},{"x":2389,"y":3687,"data":{"alt":104,"type":2,"area":200}},{"x":2387,"y":3688,"data":{"alt":104,"type":1,"area":200}},{"x":2388,"y":3688,"data":{"alt":104,"type":2,"area":200}},{"x":2389,"y":3688,"data":{"alt":104,"type":2,"area":200}},{"x":2390,"y":3688,"data":{"alt":104,"type":2,"area":200}},{"x":2387,"y":3689,"data":{"alt":104,"type":1,"area":200}},{"x":2388,"y":3689,"data":{"alt":104,"type":2,"area":200}},{"x":2389,"y":3689,"data":{"alt":104,"type":2,"area":200}},{"x":2383,"y":3690,"data":{"alt":104,"type":1,"area":200}},{"x":2384,"y":3690,"data":{"alt":104,"type":1,"area":200}},{"x":2385,"y":3690,"data":{"alt":104,"type":2,"area":200}},{"x":2386,"y":3690,"data":{"alt":104,"type":1,"area":200}},{"x":2387,"y":3690,"data":{"alt":104,"type":2,"area":200}},{"x":2385,"y":3691,"data":{"alt":104,"type":1,"area":200}},{"x":2386,"y":3691,"data":{"alt":104,"type":1,"area":200}}]