[{"x":2398,"y":3428,"data":{"alt":8,"type":2,"area":206}},{"x":2399,"y":3428,"data":{"alt":8,"type":2,"area":206}},{"x":2397,"y":3429,"data":{"alt":8,"type":2,"area":206}},{"x":2398,"y":3429,"data":{"alt":8,"type":2,"area":206}},{"x":2399,"y":3429,"data":{"alt":8,"type":2,"area":206}},{"x":2397,"y":3430,"data":{"alt":8,"type":2,"area":206}},{"x":2398,"y":3430,"data":{"alt":8,"type":2,"area":206}},{"x":2399,"y":3430,"data":{"alt":8,"type":2,"area":206}},{"x":2399,"y":3431,"data":{"alt":8,"type":2,"area":206}},{"x":2397,"y":3432,"data":{"alt":8,"type":2,"area":206}},{"x":2398,"y":3432,"data":{"alt":8,"type":2,"area":206}},{"x":2399,"y":3432,"data":{"alt":8,"type":2,"area":206}},{"x":2396,"y":3433,"data":{"alt":8,"type":2,"area":206}},{"x":2397,"y":3433,"data":{"alt":8,"type":2,"area":206}},{"x":2398,"y":3433,"data":{"alt":8,"type":2,"area":206}},{"x":2399,"y":3433,"data":{"alt":8,"type":2,"area":206}},{"x":2398,"y":3434,"data":{"alt":8,"type":2,"area":206}},{"x":2399,"y":3434,"data":{"alt":8,"type":2,"area":206}},{"x":2399,"y":3435,"data":{"alt":8,"type":1,"area":206}},{"x":2399,"y":3436,"data":{"alt":8,"type":1,"area":206}},{"x":2400,"y":3425,"data":{"alt":9,"type":1,"area":206}},{"x":2400,"y":3426,"data":{"alt":8,"type":1,"area":206}},{"x":2400,"y":3427,"data":{"alt":8,"type":1,"area":206}},{"x":2401,"y":3427,"data":{"alt":8,"type":2,"area":206}},{"x":2400,"y":3428,"data":{"alt":8,"type":1,"area":206}},{"x":2401,"y":3428,"data":{"alt":8,"type":2,"area":206}},{"x":2402,"y":3428,"data":{"alt":8,"type":2,"area":206}},{"x":2400,"y":3429,"data":{"alt":8,"type":2,"area":206}},{"x":2401,"y":3429,"data":{"alt":8,"type":1,"area":206}},{"x":2400,"y":3430,"data":{"alt":8,"type":1,"area":206}},{"x":2400,"y":3431,"data":{"alt":8,"type":2,"area":206}},{"x":2401,"y":3431,"data":{"alt":8,"type":1,"area":206}},{"x":2402,"y":3431,"data":{"alt":8,"type":2,"area":206}},{"x":2400,"y":3432,"data":{"alt":8,"type":1,"area":206}},{"x":2401,"y":3432,"data":{"alt":8,"type":2,"area":206}},{"x":2402,"y":3432,"data":{"alt":8,"type":2,"area":206}},{"x":2400,"y":3433,"data":{"alt":8,"type":1,"area":206}},{"x":2401,"y":3433,"data":{"alt":8,"type":2,"area":206}},{"x":2402,"y":3433,"data":{"alt":8,"type":2,"area":206}},{"x":2400,"y":3434,"data":{"alt":8,"type":1,"area":206}},{"x":2401,"y":3434,"data":{"alt":8,"type":2,"area":206}},{"x":2402,"y":3434,"data":{"alt":8,"type":2,"area":206}},{"x":2400,"y":3435,"data":{"alt":8,"type":2,"area":206}},{"x":2401,"y":3435,"data":{"alt":8,"type":2,"area":206}},{"x":2402,"y":3435,"data":{"alt":8,"type":2,"area":206}},{"x":2400,"y":3436,"data":{"alt":8,"type":2,"area":206}},{"x":2400,"y":3437,"data":{"alt":8,"type":1,"area":206}}]