[{"x":2399,"y":3444,"data":{"alt":8,"type":2,"area":208}},{"x":2399,"y":3448,"data":{"alt":8,"type":2,"area":208}},{"x":2401,"y":3438,"data":{"alt":8,"type":1,"area":208}},{"x":2401,"y":3439,"data":{"alt":8,"type":1,"area":208}},{"x":2401,"y":3440,"data":{"alt":8,"type":1,"area":208}},{"x":2400,"y":3441,"data":{"alt":8,"type":2,"area":208}},{"x":2401,"y":3441,"data":{"alt":8,"type":1,"area":208}},{"x":2400,"y":3442,"data":{"alt":8,"type":2,"area":208}},{"x":2401,"y":3442,"data":{"alt":8,"type":1,"area":208}},{"x":2402,"y":3442,"data":{"alt":8,"type":2,"area":208}},{"x":2400,"y":3443,"data":{"alt":8,"type":2,"area":208}},{"x":2401,"y":3443,"data":{"alt":8,"type":1,"area":208}},{"x":2402,"y":3443,"data":{"alt":8,"type":2,"area":208}},{"x":2403,"y":3443,"data":{"alt":8,"type":2,"area":208}},{"x":2400,"y":3444,"data":{"alt":8,"type":2,"area":208}},{"x":2401,"y":3444,"data":{"alt":8,"type":1,"area":208}},{"x":2402,"y":3444,"data":{"alt":8,"type":2,"area":208}},{"x":2403,"y":3444,"data":{"alt":8,"type":2,"area":208}},{"x":2404,"y":3444,"data":{"alt":8,"type":2,"area":208}},{"x":2400,"y":3445,"data":{"alt":8,"type":2,"area":208}},{"x":2401,"y":3445,"data":{"alt":8,"type":1,"area":208}},{"x":2402,"y":3445,"data":{"alt":8,"type":2,"area":208}},{"x":2403,"y":3445,"data":{"alt":8,"type":2,"area":208}},{"x":2404,"y":3445,"data":{"alt":8,"type":2,"area":208}},{"x":2400,"y":3446,"data":{"alt":8,"type":2,"area":208}},{"x":2401,"y":3446,"data":{"alt":8,"type":1,"area":208}},{"x":2402,"y":3446,"data":{"alt":8,"type":2,"area":208}},{"x":2403,"y":3446,"data":{"alt":8,"type":2,"area":208}},{"x":2404,"y":3446,"data":{"alt":8,"type":2,"area":208}},{"x":2405,"y":3446,"data":{"alt":8,"type":2,"area":208}},{"x":2406,"y":3446,"data":{"alt":8,"type":2,"area":208}},{"x":2400,"y":3447,"data":{"alt":8,"type":2,"area":208}},{"x":2401,"y":3447,"data":{"alt":8,"type":1,"area":208}},{"x":2402,"y":3447,"data":{"alt":8,"type":2,"area":208}},{"x":2403,"y":3447,"data":{"alt":8,"type":2,"area":208}},{"x":2404,"y":3447,"data":{"alt":8,"type":2,"area":208}},{"x":2405,"y":3447,"data":{"alt":8,"type":2,"area":208}},{"x":2406,"y":3447,"data":{"alt":8,"type":2,"area":208}},{"x":2407,"y":3447,"data":{"alt":8,"type":2,"area":208}},{"x":2408,"y":3447,"data":{"alt":8,"type":2,"area":208}},{"x":2409,"y":3447,"data":{"alt":8,"type":2,"area":208}},{"x":2400,"y":3448,"data":{"alt":8,"type":2,"area":208}},{"x":2401,"y":3448,"data":{"alt":8,"type":1,"area":208}},{"x":2402,"y":3448,"data":{"alt":8,"type":2,"area":208}},{"x":2406,"y":3448,"data":{"alt":8,"type":2,"area":208}},{"x":2407,"y":3448,"data":{"alt":8,"type":2,"area":208}},{"x":2408,"y":3448,"data":{"alt":8,"type":2,"area":208}},{"x":2409,"y":3448,"data":{"alt":8,"type":2,"area":208}},{"x":2401,"y":3449,"data":{"alt":8,"type":1,"area":208}},{"x":2402,"y":3449,"data":{"alt":8,"type":2,"area":208}},{"x":2406,"y":3449,"data":{"alt":8,"type":2,"area":208}},{"x":2407,"y":3449,"data":{"alt":8,"type":2,"area":208}},{"x":2408,"y":3449,"data":{"alt":8,"type":2,"area":208}},{"x":2409,"y":3449,"data":{"alt":8,"type":2,"area":208}},{"x":2401,"y":3450,"data":{"alt":8,"type":1,"area":208}},{"x":2402,"y":3450,"data":{"alt":8,"type":2,"area":208}},{"x":2403,"y":3450,"data":{"alt":8,"type":2,"area":208}},{"x":2406,"y":3450,"data":{"alt":8,"type":2,"area":208}},{"x":2407,"y":3450,"data":{"alt":8,"type":2,"area":208}},{"x":2402,"y":3451,"data":{"alt":8,"type":2,"area":208}},{"x":2405,"y":3451,"data":{"alt":8,"type":2,"area":208}},{"x":2406,"y":3451,"data":{"alt":8,"type":2,"area":208}},{"x":2406,"y":3452,"data":{"alt":8,"type":2,"area":208}}]