[{"x":281,"y":2941,"data":{"alt":1,"fertility":60,"region":2135,"area":209}},{"x":282,"y":2941,"data":{"alt":1,"fertility":60,"region":2135,"area":209}},{"x":283,"y":2941,"data":{"alt":1,"fertility":60,"region":2135,"area":209}},{"x":280,"y":2942,"data":{"alt":1,"fertility":60,"region":2135,"area":209}},{"x":281,"y":2942,"data":{"alt":1,"fertility":60,"region":2135,"area":209}},{"x":282,"y":2942,"data":{"alt":1,"fertility":60,"region":2135,"area":209}},{"x":280,"y":2943,"data":{"alt":1,"fertility":60,"region":2153,"area":209}},{"x":281,"y":2943,"data":{"alt":1,"fertility":60,"region":2135,"area":209}},{"x":280,"y":2944,"data":{"alt":1,"fertility":60,"region":2153,"area":209}}]