[{"x":30,"y":2059,"data":{"alt":1,"fertility":60,"region":2143,"area":21}},{"x":30,"y":2060,"data":{"alt":1,"fertility":60,"region":2143,"area":21}},{"x":31,"y":2060,"data":{"alt":1,"fertility":60,"region":2143,"area":21}},{"x":30,"y":2061,"data":{"alt":1,"fertility":60,"region":2143,"area":21}},{"x":31,"y":2061,"data":{"alt":1,"fertility":60,"region":2143,"area":21}},{"x":31,"y":2063,"data":{"alt":1,"fertility":60,"region":2143,"area":21}},{"x":32,"y":2060,"data":{"alt":1,"fertility":60,"region":2143,"area":21}},{"x":32,"y":2061,"data":{"alt":1,"fertility":60,"region":2143,"area":21}},{"x":33,"y":2061,"data":{"alt":1,"fertility":60,"region":2143,"area":21}},{"x":32,"y":2062,"data":{"alt":1,"fertility":60,"region":2143,"area":21}},{"x":33,"y":2062,"data":{"alt":1,"fertility":60,"region":2143,"area":21}},{"x":34,"y":2062,"data":{"alt":1,"fertility":60,"region":2143,"area":21}},{"x":35,"y":2062,"data":{"alt":1,"fertility":60,"region":2143,"area":21}},{"x":33,"y":2063,"data":{"alt":1,"fertility":60,"region":2143,"area":21}},{"x":34,"y":2063,"data":{"alt":1,"fertility":60,"region":2143,"area":21}}]