[{"x":2403,"y":3411,"data":{"alt":53,"type":1,"area":210}},{"x":2403,"y":3412,"data":{"alt":53,"type":1,"area":210}},{"x":2404,"y":3412,"data":{"alt":53,"type":2,"area":210}},{"x":2403,"y":3413,"data":{"alt":53,"type":1,"area":210}},{"x":2403,"y":3414,"data":{"alt":53,"type":1,"area":210}},{"x":2404,"y":3414,"data":{"alt":53,"type":2,"area":210}},{"x":2405,"y":3414,"data":{"alt":53,"type":2,"area":210}},{"x":2404,"y":3415,"data":{"alt":53,"type":1,"area":210}},{"x":2405,"y":3415,"data":{"alt":53,"type":2,"area":210}},{"x":2406,"y":3415,"data":{"alt":53,"type":2,"area":210}},{"x":2403,"y":3416,"data":{"alt":53,"type":1,"area":210}},{"x":2404,"y":3416,"data":{"alt":53,"type":2,"area":210}},{"x":2405,"y":3416,"data":{"alt":53,"type":2,"area":210}},{"x":2406,"y":3416,"data":{"alt":53,"type":2,"area":210}},{"x":2403,"y":3417,"data":{"alt":53,"type":1,"area":210}}]