[{"x":2426,"y":3834,"data":{"alt":103,"type":1,"area":212}},{"x":2427,"y":3834,"data":{"alt":103,"type":1,"area":212}},{"x":2428,"y":3834,"data":{"alt":103,"type":1,"area":212}},{"x":2428,"y":3835,"data":{"alt":103,"type":1,"area":212}},{"x":2429,"y":3835,"data":{"alt":103,"type":1,"area":212}},{"x":2428,"y":3836,"data":{"alt":103,"type":1,"area":212}},{"x":2428,"y":3837,"data":{"alt":103,"type":1,"area":212}},{"x":2428,"y":3838,"data":{"alt":103,"type":1,"area":212}},{"x":2428,"y":3839,"data":{"alt":103,"type":1,"area":212}},{"x":2426,"y":3840,"data":{"alt":106,"type":1,"area":212}},{"x":2427,"y":3840,"data":{"alt":106,"type":1,"area":212}},{"x":2428,"y":3840,"data":{"alt":103,"type":1,"area":212}},{"x":2428,"y":3841,"data":{"alt":103,"type":1,"area":212}}]