[{"x":2428,"y":928,"data":{"alt":100,"type":2,"area":214}},{"x":2429,"y":928,"data":{"alt":100,"type":2,"area":214}},{"x":2430,"y":928,"data":{"alt":100,"type":2,"area":214}},{"x":2431,"y":928,"data":{"alt":100,"type":2,"area":214}},{"x":2429,"y":929,"data":{"alt":100,"type":2,"area":214}},{"x":2430,"y":929,"data":{"alt":100,"type":2,"area":214}},{"x":2431,"y":929,"data":{"alt":100,"type":1,"area":214}},{"x":2429,"y":930,"data":{"alt":100,"type":2,"area":214}},{"x":2430,"y":930,"data":{"alt":100,"type":2,"area":214}},{"x":2431,"y":930,"data":{"alt":100,"type":2,"area":214}},{"x":2431,"y":931,"data":{"alt":100,"type":2,"area":214}},{"x":2427,"y":919,"data":{"alt":100,"type":1,"area":214}},{"x":2431,"y":919,"data":{"alt":100,"type":2,"area":214}},{"x":2427,"y":920,"data":{"alt":100,"type":1,"area":214}},{"x":2428,"y":920,"data":{"alt":100,"type":2,"area":214}},{"x":2429,"y":920,"data":{"alt":100,"type":2,"area":214}},{"x":2430,"y":920,"data":{"alt":100,"type":2,"area":214}},{"x":2431,"y":920,"data":{"alt":100,"type":2,"area":214}},{"x":2428,"y":921,"data":{"alt":100,"type":1,"area":214}},{"x":2429,"y":921,"data":{"alt":100,"type":2,"area":214}},{"x":2430,"y":921,"data":{"alt":100,"type":2,"area":214}},{"x":2431,"y":921,"data":{"alt":100,"type":2,"area":214}},{"x":2428,"y":922,"data":{"alt":100,"type":1,"area":214}},{"x":2429,"y":922,"data":{"alt":100,"type":2,"area":214}},{"x":2430,"y":922,"data":{"alt":100,"type":2,"area":214}},{"x":2431,"y":922,"data":{"alt":100,"type":2,"area":214}},{"x":2429,"y":923,"data":{"alt":100,"type":1,"area":214}},{"x":2430,"y":923,"data":{"alt":100,"type":2,"area":214}},{"x":2431,"y":923,"data":{"alt":100,"type":2,"area":214}},{"x":2429,"y":924,"data":{"alt":100,"type":1,"area":214}},{"x":2430,"y":924,"data":{"alt":100,"type":2,"area":214}},{"x":2431,"y":924,"data":{"alt":100,"type":2,"area":214}},{"x":2429,"y":925,"data":{"alt":100,"type":2,"area":214}},{"x":2430,"y":925,"data":{"alt":100,"type":1,"area":214}},{"x":2431,"y":925,"data":{"alt":100,"type":2,"area":214}},{"x":2428,"y":926,"data":{"alt":100,"type":2,"area":214}},{"x":2429,"y":926,"data":{"alt":100,"type":2,"area":214}},{"x":2430,"y":926,"data":{"alt":100,"type":1,"area":214}},{"x":2431,"y":926,"data":{"alt":100,"type":2,"area":214}},{"x":2428,"y":927,"data":{"alt":100,"type":2,"area":214}},{"x":2429,"y":927,"data":{"alt":100,"type":2,"area":214}},{"x":2430,"y":927,"data":{"alt":100,"type":2,"area":214}},{"x":2431,"y":927,"data":{"alt":100,"type":1,"area":214}},{"x":2432,"y":928,"data":{"alt":100,"type":1,"area":214}},{"x":2433,"y":928,"data":{"alt":100,"type":2,"area":214}},{"x":2432,"y":929,"data":{"alt":100,"type":2,"area":214}},{"x":2433,"y":929,"data":{"alt":100,"type":2,"area":214}},{"x":2432,"y":930,"data":{"alt":100,"type":1,"area":214}},{"x":2433,"y":930,"data":{"alt":100,"type":2,"area":214}},{"x":2432,"y":931,"data":{"alt":100,"type":1,"area":214}},{"x":2432,"y":920,"data":{"alt":100,"type":2,"area":214}},{"x":2432,"y":921,"data":{"alt":100,"type":2,"area":214}},{"x":2433,"y":921,"data":{"alt":100,"type":2,"area":214}},{"x":2432,"y":922,"data":{"alt":100,"type":2,"area":214}},{"x":2433,"y":922,"data":{"alt":100,"type":2,"area":214}},{"x":2432,"y":923,"data":{"alt":100,"type":2,"area":214}},{"x":2433,"y":923,"data":{"alt":100,"type":2,"area":214}},{"x":2434,"y":923,"data":{"alt":100,"type":2,"area":214}},{"x":2432,"y":924,"data":{"alt":100,"type":2,"area":214}},{"x":2433,"y":924,"data":{"alt":100,"type":2,"area":214}},{"x":2434,"y":924,"data":{"alt":100,"type":2,"area":214}},{"x":2432,"y":925,"data":{"alt":100,"type":2,"area":214}},{"x":2433,"y":925,"data":{"alt":100,"type":2,"area":214}},{"x":2434,"y":925,"data":{"alt":100,"type":2,"area":214}},{"x":2432,"y":926,"data":{"alt":100,"type":2,"area":214}},{"x":2433,"y":926,"data":{"alt":100,"type":2,"area":214}},{"x":2434,"y":926,"data":{"alt":100,"type":2,"area":214}},{"x":2432,"y":927,"data":{"alt":100,"type":2,"area":214}},{"x":2433,"y":927,"data":{"alt":100,"type":2,"area":214}},{"x":2434,"y":927,"data":{"alt":100,"type":2,"area":214}}]