[{"x":2456,"y":3468,"data":{"alt":5,"type":2,"area":216}},{"x":2461,"y":3468,"data":{"alt":5,"type":2,"area":216}},{"x":2462,"y":3468,"data":{"alt":5,"type":2,"area":216}},{"x":2463,"y":3468,"data":{"alt":5,"type":2,"area":216}},{"x":2445,"y":3469,"data":{"alt":5,"type":2,"area":216}},{"x":2447,"y":3469,"data":{"alt":5,"type":2,"area":216}},{"x":2449,"y":3469,"data":{"alt":5,"type":2,"area":216}},{"x":2450,"y":3469,"data":{"alt":5,"type":2,"area":216}},{"x":2451,"y":3469,"data":{"alt":5,"type":2,"area":216}},{"x":2452,"y":3469,"data":{"alt":5,"type":2,"area":216}},{"x":2453,"y":3469,"data":{"alt":5,"type":2,"area":216}},{"x":2454,"y":3469,"data":{"alt":5,"type":2,"area":216}},{"x":2455,"y":3469,"data":{"alt":5,"type":2,"area":216}},{"x":2456,"y":3469,"data":{"alt":5,"type":2,"area":216}},{"x":2457,"y":3469,"data":{"alt":5,"type":2,"area":216}},{"x":2458,"y":3469,"data":{"alt":5,"type":2,"area":216}},{"x":2459,"y":3469,"data":{"alt":5,"type":2,"area":216}},{"x":2460,"y":3469,"data":{"alt":5,"type":2,"area":216}},{"x":2461,"y":3469,"data":{"alt":5,"type":2,"area":216}},{"x":2462,"y":3469,"data":{"alt":5,"type":2,"area":216}},{"x":2463,"y":3469,"data":{"alt":5,"type":2,"area":216}},{"x":2444,"y":3470,"data":{"alt":5,"type":2,"area":216}},{"x":2445,"y":3470,"data":{"alt":5,"type":2,"area":216}},{"x":2446,"y":3470,"data":{"alt":5,"type":1,"area":216}},{"x":2447,"y":3470,"data":{"alt":5,"type":2,"area":216}},{"x":2448,"y":3470,"data":{"alt":5,"type":2,"area":216}},{"x":2449,"y":3470,"data":{"alt":5,"type":2,"area":216}},{"x":2450,"y":3470,"data":{"alt":5,"type":2,"area":216}},{"x":2451,"y":3470,"data":{"alt":5,"type":2,"area":216}},{"x":2452,"y":3470,"data":{"alt":5,"type":2,"area":216}},{"x":2453,"y":3470,"data":{"alt":5,"type":2,"area":216}},{"x":2454,"y":3470,"data":{"alt":5,"type":2,"area":216}},{"x":2455,"y":3470,"data":{"alt":5,"type":2,"area":216}},{"x":2456,"y":3470,"data":{"alt":5,"type":2,"area":216}},{"x":2457,"y":3470,"data":{"alt":5,"type":2,"area":216}},{"x":2458,"y":3470,"data":{"alt":5,"type":2,"area":216}},{"x":2459,"y":3470,"data":{"alt":5,"type":2,"area":216}},{"x":2460,"y":3470,"data":{"alt":5,"type":2,"area":216}},{"x":2461,"y":3470,"data":{"alt":5,"type":2,"area":216}},{"x":2462,"y":3470,"data":{"alt":5,"type":2,"area":216}},{"x":2463,"y":3470,"data":{"alt":5,"type":2,"area":216}},{"x":2443,"y":3471,"data":{"alt":5,"type":1,"area":216}},{"x":2444,"y":3471,"data":{"alt":5,"type":2,"area":216}},{"x":2445,"y":3471,"data":{"alt":5,"type":1,"area":216}},{"x":2446,"y":3471,"data":{"alt":5,"type":2,"area":216}},{"x":2447,"y":3471,"data":{"alt":5,"type":1,"area":216}},{"x":2448,"y":3471,"data":{"alt":5,"type":2,"area":216}},{"x":2449,"y":3471,"data":{"alt":5,"type":2,"area":216}},{"x":2450,"y":3471,"data":{"alt":5,"type":2,"area":216}},{"x":2451,"y":3471,"data":{"alt":5,"type":2,"area":216}},{"x":2452,"y":3471,"data":{"alt":5,"type":2,"area":216}},{"x":2453,"y":3471,"data":{"alt":5,"type":2,"area":216}},{"x":2454,"y":3471,"data":{"alt":5,"type":2,"area":216}},{"x":2455,"y":3471,"data":{"alt":5,"type":2,"area":216}},{"x":2456,"y":3471,"data":{"alt":5,"type":2,"area":216}},{"x":2457,"y":3471,"data":{"alt":5,"type":2,"area":216}},{"x":2458,"y":3471,"data":{"alt":5,"type":2,"area":216}},{"x":2459,"y":3471,"data":{"alt":5,"type":2,"area":216}},{"x":2460,"y":3471,"data":{"alt":5,"type":2,"area":216}},{"x":2461,"y":3471,"data":{"alt":5,"type":2,"area":216}},{"x":2462,"y":3471,"data":{"alt":5,"type":2,"area":216}},{"x":2463,"y":3471,"data":{"alt":5,"type":2,"area":216}},{"x":2442,"y":3472,"data":{"alt":6,"type":1,"area":216}},{"x":2443,"y":3472,"data":{"alt":5,"type":2,"area":216}},{"x":2444,"y":3472,"data":{"alt":5,"type":1,"area":216}},{"x":2445,"y":3472,"data":{"alt":5,"type":2,"area":216}},{"x":2446,"y":3472,"data":{"alt":5,"type":2,"area":216}},{"x":2447,"y":3472,"data":{"alt":5,"type":2,"area":216}},{"x":2448,"y":3472,"data":{"alt":5,"type":1,"area":216}},{"x":2449,"y":3472,"data":{"alt":5,"type":1,"area":216}},{"x":2450,"y":3472,"data":{"alt":5,"type":2,"area":216}},{"x":2451,"y":3472,"data":{"alt":5,"type":2,"area":216}},{"x":2452,"y":3472,"data":{"alt":5,"type":2,"area":216}},{"x":2453,"y":3472,"data":{"alt":5,"type":2,"area":216}},{"x":2454,"y":3472,"data":{"alt":5,"type":2,"area":216}},{"x":2455,"y":3472,"data":{"alt":5,"type":2,"area":216}},{"x":2456,"y":3472,"data":{"alt":5,"type":2,"area":216}},{"x":2457,"y":3472,"data":{"alt":5,"type":2,"area":216}},{"x":2458,"y":3472,"data":{"alt":5,"type":2,"area":216}},{"x":2459,"y":3472,"data":{"alt":5,"type":2,"area":216}},{"x":2460,"y":3472,"data":{"alt":5,"type":2,"area":216}},{"x":2461,"y":3472,"data":{"alt":5,"type":2,"area":216}},{"x":2462,"y":3472,"data":{"alt":5,"type":2,"area":216}},{"x":2463,"y":3472,"data":{"alt":5,"type":2,"area":216}},{"x":2444,"y":3473,"data":{"alt":5,"type":2,"area":216}},{"x":2446,"y":3473,"data":{"alt":5,"type":2,"area":216}},{"x":2447,"y":3473,"data":{"alt":5,"type":2,"area":216}},{"x":2448,"y":3473,"data":{"alt":5,"type":2,"area":216}},{"x":2449,"y":3473,"data":{"alt":5,"type":2,"area":216}},{"x":2450,"y":3473,"data":{"alt":5,"type":1,"area":216}},{"x":2451,"y":3473,"data":{"alt":5,"type":1,"area":216}},{"x":2452,"y":3473,"data":{"alt":5,"type":2,"area":216}},{"x":2453,"y":3473,"data":{"alt":5,"type":2,"area":216}},{"x":2454,"y":3473,"data":{"alt":5,"type":2,"area":216}},{"x":2455,"y":3473,"data":{"alt":5,"type":2,"area":216}},{"x":2456,"y":3473,"data":{"alt":5,"type":2,"area":216}},{"x":2457,"y":3473,"data":{"alt":5,"type":2,"area":216}},{"x":2458,"y":3473,"data":{"alt":5,"type":2,"area":216}},{"x":2459,"y":3473,"data":{"alt":5,"type":2,"area":216}},{"x":2460,"y":3473,"data":{"alt":5,"type":2,"area":216}},{"x":2461,"y":3473,"data":{"alt":5,"type":2,"area":216}},{"x":2462,"y":3473,"data":{"alt":5,"type":2,"area":216}},{"x":2463,"y":3473,"data":{"alt":5,"type":2,"area":216}},{"x":2447,"y":3474,"data":{"alt":5,"type":2,"area":216}},{"x":2448,"y":3474,"data":{"alt":5,"type":2,"area":216}},{"x":2449,"y":3474,"data":{"alt":5,"type":2,"area":216}},{"x":2450,"y":3474,"data":{"alt":5,"type":2,"area":216}},{"x":2451,"y":3474,"data":{"alt":5,"type":2,"area":216}},{"x":2452,"y":3474,"data":{"alt":5,"type":1,"area":216}},{"x":2453,"y":3474,"data":{"alt":5,"type":2,"area":216}},{"x":2454,"y":3474,"data":{"alt":5,"type":2,"area":216}},{"x":2455,"y":3474,"data":{"alt":5,"type":2,"area":216}},{"x":2456,"y":3474,"data":{"alt":5,"type":2,"area":216}},{"x":2457,"y":3474,"data":{"alt":5,"type":2,"area":216}},{"x":2458,"y":3474,"data":{"alt":5,"type":2,"area":216}},{"x":2459,"y":3474,"data":{"alt":5,"type":2,"area":216}},{"x":2460,"y":3474,"data":{"alt":5,"type":2,"area":216}},{"x":2461,"y":3474,"data":{"alt":5,"type":2,"area":216}},{"x":2462,"y":3474,"data":{"alt":5,"type":2,"area":216}},{"x":2463,"y":3474,"data":{"alt":5,"type":2,"area":216}},{"x":2448,"y":3475,"data":{"alt":5,"type":2,"area":216}},{"x":2449,"y":3475,"data":{"alt":5,"type":2,"area":216}},{"x":2450,"y":3475,"data":{"alt":5,"type":2,"area":216}},{"x":2451,"y":3475,"data":{"alt":5,"type":2,"area":216}},{"x":2452,"y":3475,"data":{"alt":5,"type":2,"area":216}},{"x":2453,"y":3475,"data":{"alt":5,"type":1,"area":216}},{"x":2454,"y":3475,"data":{"alt":5,"type":2,"area":216}},{"x":2455,"y":3475,"data":{"alt":5,"type":2,"area":216}},{"x":2456,"y":3475,"data":{"alt":5,"type":2,"area":216}},{"x":2457,"y":3475,"data":{"alt":5,"type":2,"area":216}},{"x":2458,"y":3475,"data":{"alt":5,"type":2,"area":216}},{"x":2459,"y":3475,"data":{"alt":5,"type":2,"area":216}},{"x":2460,"y":3475,"data":{"alt":5,"type":2,"area":216}},{"x":2461,"y":3475,"data":{"alt":5,"type":2,"area":216}},{"x":2462,"y":3475,"data":{"alt":5,"type":2,"area":216}},{"x":2463,"y":3475,"data":{"alt":5,"type":2,"area":216}},{"x":2448,"y":3476,"data":{"alt":5,"type":2,"area":216}},{"x":2449,"y":3476,"data":{"alt":5,"type":2,"area":216}},{"x":2450,"y":3476,"data":{"alt":5,"type":2,"area":216}},{"x":2451,"y":3476,"data":{"alt":5,"type":2,"area":216}},{"x":2452,"y":3476,"data":{"alt":5,"type":2,"area":216}},{"x":2453,"y":3476,"data":{"alt":5,"type":2,"area":216}},{"x":2454,"y":3476,"data":{"alt":5,"type":1,"area":216}},{"x":2455,"y":3476,"data":{"alt":5,"type":2,"area":216}},{"x":2456,"y":3476,"data":{"alt":5,"type":2,"area":216}},{"x":2457,"y":3476,"data":{"alt":5,"type":2,"area":216}},{"x":2458,"y":3476,"data":{"alt":5,"type":2,"area":216}},{"x":2459,"y":3476,"data":{"alt":5,"type":2,"area":216}},{"x":2460,"y":3476,"data":{"alt":5,"type":2,"area":216}},{"x":2461,"y":3476,"data":{"alt":5,"type":2,"area":216}},{"x":2462,"y":3476,"data":{"alt":5,"type":2,"area":216}},{"x":2463,"y":3476,"data":{"alt":5,"type":2,"area":216}},{"x":2449,"y":3477,"data":{"alt":5,"type":2,"area":216}},{"x":2450,"y":3477,"data":{"alt":5,"type":2,"area":216}},{"x":2451,"y":3477,"data":{"alt":5,"type":2,"area":216}},{"x":2452,"y":3477,"data":{"alt":5,"type":2,"area":216}},{"x":2453,"y":3477,"data":{"alt":5,"type":2,"area":216}},{"x":2454,"y":3477,"data":{"alt":5,"type":2,"area":216}},{"x":2455,"y":3477,"data":{"alt":5,"type":1,"area":216}},{"x":2456,"y":3477,"data":{"alt":5,"type":2,"area":216}},{"x":2457,"y":3477,"data":{"alt":5,"type":2,"area":216}},{"x":2458,"y":3477,"data":{"alt":5,"type":2,"area":216}},{"x":2459,"y":3477,"data":{"alt":5,"type":2,"area":216}},{"x":2460,"y":3477,"data":{"alt":5,"type":2,"area":216}},{"x":2461,"y":3477,"data":{"alt":5,"type":2,"area":216}},{"x":2462,"y":3477,"data":{"alt":5,"type":2,"area":216}},{"x":2463,"y":3477,"data":{"alt":5,"type":2,"area":216}},{"x":2451,"y":3478,"data":{"alt":5,"type":2,"area":216}},{"x":2452,"y":3478,"data":{"alt":5,"type":2,"area":216}},{"x":2453,"y":3478,"data":{"alt":5,"type":2,"area":216}},{"x":2454,"y":3478,"data":{"alt":5,"type":2,"area":216}},{"x":2455,"y":3478,"data":{"alt":5,"type":2,"area":216}},{"x":2456,"y":3478,"data":{"alt":5,"type":1,"area":216}},{"x":2457,"y":3478,"data":{"alt":5,"type":2,"area":216}},{"x":2458,"y":3478,"data":{"alt":5,"type":2,"area":216}},{"x":2459,"y":3478,"data":{"alt":5,"type":2,"area":216}},{"x":2460,"y":3478,"data":{"alt":5,"type":2,"area":216}},{"x":2461,"y":3478,"data":{"alt":5,"type":2,"area":216}},{"x":2462,"y":3478,"data":{"alt":5,"type":2,"area":216}},{"x":2463,"y":3478,"data":{"alt":5,"type":2,"area":216}},{"x":2450,"y":3479,"data":{"alt":5,"type":2,"area":216}},{"x":2451,"y":3479,"data":{"alt":5,"type":2,"area":216}},{"x":2452,"y":3479,"data":{"alt":5,"type":2,"area":216}},{"x":2453,"y":3479,"data":{"alt":5,"type":2,"area":216}},{"x":2454,"y":3479,"data":{"alt":5,"type":2,"area":216}},{"x":2455,"y":3479,"data":{"alt":5,"type":2,"area":216}},{"x":2456,"y":3479,"data":{"alt":5,"type":1,"area":216}},{"x":2457,"y":3479,"data":{"alt":5,"type":2,"area":216}},{"x":2458,"y":3479,"data":{"alt":5,"type":2,"area":216}},{"x":2459,"y":3479,"data":{"alt":5,"type":2,"area":216}},{"x":2460,"y":3479,"data":{"alt":5,"type":2,"area":216}},{"x":2461,"y":3479,"data":{"alt":5,"type":2,"area":216}},{"x":2462,"y":3479,"data":{"alt":5,"type":2,"area":216}},{"x":2463,"y":3479,"data":{"alt":5,"type":2,"area":216}},{"x":2450,"y":3480,"data":{"alt":5,"type":2,"area":216}},{"x":2451,"y":3480,"data":{"alt":5,"type":2,"area":216}},{"x":2452,"y":3480,"data":{"alt":5,"type":2,"area":216}},{"x":2453,"y":3480,"data":{"alt":5,"type":2,"area":216}},{"x":2454,"y":3480,"data":{"alt":5,"type":2,"area":216}},{"x":2455,"y":3480,"data":{"alt":5,"type":2,"area":216}},{"x":2456,"y":3480,"data":{"alt":5,"type":2,"area":216}},{"x":2457,"y":3480,"data":{"alt":5,"type":1,"area":216}},{"x":2458,"y":3480,"data":{"alt":5,"type":2,"area":216}},{"x":2459,"y":3480,"data":{"alt":5,"type":2,"area":216}},{"x":2460,"y":3480,"data":{"alt":5,"type":2,"area":216}},{"x":2461,"y":3480,"data":{"alt":5,"type":2,"area":216}},{"x":2462,"y":3480,"data":{"alt":5,"type":2,"area":216}},{"x":2463,"y":3480,"data":{"alt":5,"type":2,"area":216}},{"x":2451,"y":3481,"data":{"alt":5,"type":2,"area":216}},{"x":2452,"y":3481,"data":{"alt":5,"type":2,"area":216}},{"x":2453,"y":3481,"data":{"alt":5,"type":2,"area":216}},{"x":2454,"y":3481,"data":{"alt":5,"type":2,"area":216}},{"x":2455,"y":3481,"data":{"alt":5,"type":2,"area":216}},{"x":2456,"y":3481,"data":{"alt":5,"type":2,"area":216}},{"x":2457,"y":3481,"data":{"alt":5,"type":2,"area":216}},{"x":2458,"y":3481,"data":{"alt":5,"type":1,"area":216}},{"x":2459,"y":3481,"data":{"alt":5,"type":2,"area":216}},{"x":2460,"y":3481,"data":{"alt":5,"type":2,"area":216}},{"x":2461,"y":3481,"data":{"alt":5,"type":2,"area":216}},{"x":2462,"y":3481,"data":{"alt":5,"type":2,"area":216}},{"x":2463,"y":3481,"data":{"alt":5,"type":2,"area":216}},{"x":2450,"y":3482,"data":{"alt":5,"type":2,"area":216}},{"x":2451,"y":3482,"data":{"alt":5,"type":2,"area":216}},{"x":2452,"y":3482,"data":{"alt":5,"type":2,"area":216}},{"x":2453,"y":3482,"data":{"alt":5,"type":2,"area":216}},{"x":2454,"y":3482,"data":{"alt":5,"type":2,"area":216}},{"x":2455,"y":3482,"data":{"alt":5,"type":2,"area":216}},{"x":2456,"y":3482,"data":{"alt":5,"type":2,"area":216}},{"x":2457,"y":3482,"data":{"alt":5,"type":2,"area":216}},{"x":2458,"y":3482,"data":{"alt":5,"type":2,"area":216}},{"x":2459,"y":3482,"data":{"alt":5,"type":1,"area":216}},{"x":2460,"y":3482,"data":{"alt":5,"type":2,"area":216}},{"x":2461,"y":3482,"data":{"alt":5,"type":2,"area":216}},{"x":2462,"y":3482,"data":{"alt":5,"type":2,"area":216}},{"x":2463,"y":3482,"data":{"alt":5,"type":2,"area":216}},{"x":2450,"y":3483,"data":{"alt":5,"type":2,"area":216}},{"x":2451,"y":3483,"data":{"alt":5,"type":2,"area":216}},{"x":2452,"y":3483,"data":{"alt":5,"type":2,"area":216}},{"x":2453,"y":3483,"data":{"alt":5,"type":2,"area":216}},{"x":2454,"y":3483,"data":{"alt":5,"type":2,"area":216}},{"x":2455,"y":3483,"data":{"alt":5,"type":2,"area":216}},{"x":2456,"y":3483,"data":{"alt":5,"type":2,"area":216}},{"x":2457,"y":3483,"data":{"alt":5,"type":2,"area":216}},{"x":2458,"y":3483,"data":{"alt":5,"type":2,"area":216}},{"x":2459,"y":3483,"data":{"alt":5,"type":2,"area":216}},{"x":2460,"y":3483,"data":{"alt":5,"type":1,"area":216}},{"x":2461,"y":3483,"data":{"alt":5,"type":2,"area":216}},{"x":2462,"y":3483,"data":{"alt":5,"type":2,"area":216}},{"x":2463,"y":3483,"data":{"alt":5,"type":2,"area":216}},{"x":2450,"y":3484,"data":{"alt":5,"type":2,"area":216}},{"x":2451,"y":3484,"data":{"alt":5,"type":2,"area":216}},{"x":2452,"y":3484,"data":{"alt":5,"type":2,"area":216}},{"x":2453,"y":3484,"data":{"alt":5,"type":2,"area":216}},{"x":2454,"y":3484,"data":{"alt":5,"type":2,"area":216}},{"x":2455,"y":3484,"data":{"alt":5,"type":2,"area":216}},{"x":2456,"y":3484,"data":{"alt":5,"type":2,"area":216}},{"x":2457,"y":3484,"data":{"alt":5,"type":2,"area":216}},{"x":2458,"y":3484,"data":{"alt":5,"type":2,"area":216}},{"x":2459,"y":3484,"data":{"alt":5,"type":2,"area":216}},{"x":2460,"y":3484,"data":{"alt":5,"type":1,"area":216}},{"x":2461,"y":3484,"data":{"alt":5,"type":2,"area":216}},{"x":2462,"y":3484,"data":{"alt":5,"type":2,"area":216}},{"x":2463,"y":3484,"data":{"alt":5,"type":2,"area":216}},{"x":2450,"y":3485,"data":{"alt":5,"type":2,"area":216}},{"x":2451,"y":3485,"data":{"alt":5,"type":2,"area":216}},{"x":2452,"y":3485,"data":{"alt":5,"type":2,"area":216}},{"x":2453,"y":3485,"data":{"alt":5,"type":2,"area":216}},{"x":2454,"y":3485,"data":{"alt":5,"type":2,"area":216}},{"x":2455,"y":3485,"data":{"alt":5,"type":2,"area":216}},{"x":2456,"y":3485,"data":{"alt":5,"type":2,"area":216}},{"x":2457,"y":3485,"data":{"alt":5,"type":2,"area":216}},{"x":2458,"y":3485,"data":{"alt":5,"type":2,"area":216}},{"x":2459,"y":3485,"data":{"alt":5,"type":2,"area":216}},{"x":2460,"y":3485,"data":{"alt":5,"type":2,"area":216}},{"x":2461,"y":3485,"data":{"alt":5,"type":1,"area":216}},{"x":2462,"y":3485,"data":{"alt":5,"type":2,"area":216}},{"x":2463,"y":3485,"data":{"alt":5,"type":2,"area":216}},{"x":2450,"y":3486,"data":{"alt":5,"type":2,"area":216}},{"x":2451,"y":3486,"data":{"alt":5,"type":2,"area":216}},{"x":2452,"y":3486,"data":{"alt":5,"type":2,"area":216}},{"x":2453,"y":3486,"data":{"alt":5,"type":2,"area":216}},{"x":2454,"y":3486,"data":{"alt":5,"type":2,"area":216}},{"x":2455,"y":3486,"data":{"alt":5,"type":2,"area":216}},{"x":2456,"y":3486,"data":{"alt":5,"type":2,"area":216}},{"x":2457,"y":3486,"data":{"alt":5,"type":2,"area":216}},{"x":2458,"y":3486,"data":{"alt":5,"type":2,"area":216}},{"x":2459,"y":3486,"data":{"alt":5,"type":2,"area":216}},{"x":2460,"y":3486,"data":{"alt":5,"type":2,"area":216}},{"x":2461,"y":3486,"data":{"alt":5,"type":2,"area":216}},{"x":2462,"y":3486,"data":{"alt":5,"type":1,"area":216}},{"x":2463,"y":3486,"data":{"alt":5,"type":2,"area":216}},{"x":2450,"y":3487,"data":{"alt":5,"type":2,"area":216}},{"x":2451,"y":3487,"data":{"alt":5,"type":2,"area":216}},{"x":2452,"y":3487,"data":{"alt":5,"type":2,"area":216}},{"x":2453,"y":3487,"data":{"alt":5,"type":2,"area":216}},{"x":2454,"y":3487,"data":{"alt":5,"type":2,"area":216}},{"x":2455,"y":3487,"data":{"alt":5,"type":2,"area":216}},{"x":2456,"y":3487,"data":{"alt":5,"type":2,"area":216}},{"x":2457,"y":3487,"data":{"alt":5,"type":2,"area":216}},{"x":2458,"y":3487,"data":{"alt":5,"type":2,"area":216}},{"x":2459,"y":3487,"data":{"alt":5,"type":2,"area":216}},{"x":2460,"y":3487,"data":{"alt":5,"type":2,"area":216}},{"x":2461,"y":3487,"data":{"alt":5,"type":2,"area":216}},{"x":2462,"y":3487,"data":{"alt":5,"type":2,"area":216}},{"x":2463,"y":3487,"data":{"alt":5,"type":1,"area":216}},{"x":2452,"y":3488,"data":{"alt":5,"type":2,"area":216}},{"x":2453,"y":3488,"data":{"alt":5,"type":2,"area":216}},{"x":2455,"y":3488,"data":{"alt":5,"type":2,"area":216}},{"x":2456,"y":3488,"data":{"alt":5,"type":2,"area":216}},{"x":2457,"y":3488,"data":{"alt":5,"type":2,"area":216}},{"x":2458,"y":3488,"data":{"alt":5,"type":2,"area":216}},{"x":2459,"y":3488,"data":{"alt":5,"type":2,"area":216}},{"x":2460,"y":3488,"data":{"alt":5,"type":2,"area":216}},{"x":2461,"y":3488,"data":{"alt":5,"type":2,"area":216}},{"x":2462,"y":3488,"data":{"alt":5,"type":2,"area":216}},{"x":2463,"y":3488,"data":{"alt":5,"type":2,"area":216}},{"x":2456,"y":3489,"data":{"alt":5,"type":2,"area":216}},{"x":2457,"y":3489,"data":{"alt":5,"type":2,"area":216}},{"x":2458,"y":3489,"data":{"alt":5,"type":2,"area":216}},{"x":2459,"y":3489,"data":{"alt":5,"type":2,"area":216}},{"x":2460,"y":3489,"data":{"alt":5,"type":2,"area":216}},{"x":2461,"y":3489,"data":{"alt":5,"type":2,"area":216}},{"x":2462,"y":3489,"data":{"alt":5,"type":2,"area":216}},{"x":2463,"y":3489,"data":{"alt":5,"type":2,"area":216}},{"x":2457,"y":3490,"data":{"alt":5,"type":2,"area":216}},{"x":2458,"y":3490,"data":{"alt":5,"type":2,"area":216}},{"x":2459,"y":3490,"data":{"alt":5,"type":2,"area":216}},{"x":2460,"y":3490,"data":{"alt":5,"type":2,"area":216}},{"x":2461,"y":3490,"data":{"alt":5,"type":2,"area":216}},{"x":2462,"y":3490,"data":{"alt":5,"type":2,"area":216}},{"x":2463,"y":3490,"data":{"alt":5,"type":2,"area":216}},{"x":2456,"y":3491,"data":{"alt":5,"type":2,"area":216}},{"x":2457,"y":3491,"data":{"alt":5,"type":2,"area":216}},{"x":2458,"y":3491,"data":{"alt":5,"type":2,"area":216}},{"x":2459,"y":3491,"data":{"alt":5,"type":2,"area":216}},{"x":2460,"y":3491,"data":{"alt":5,"type":2,"area":216}},{"x":2461,"y":3491,"data":{"alt":5,"type":2,"area":216}},{"x":2462,"y":3491,"data":{"alt":5,"type":2,"area":216}},{"x":2463,"y":3491,"data":{"alt":5,"type":2,"area":216}},{"x":2457,"y":3492,"data":{"alt":5,"type":2,"area":216}},{"x":2458,"y":3492,"data":{"alt":5,"type":2,"area":216}},{"x":2459,"y":3492,"data":{"alt":5,"type":2,"area":216}},{"x":2460,"y":3492,"data":{"alt":5,"type":2,"area":216}},{"x":2461,"y":3492,"data":{"alt":5,"type":2,"area":216}},{"x":2462,"y":3492,"data":{"alt":5,"type":2,"area":216}},{"x":2463,"y":3492,"data":{"alt":5,"type":2,"area":216}},{"x":2456,"y":3493,"data":{"alt":5,"type":2,"area":216}},{"x":2457,"y":3493,"data":{"alt":5,"type":2,"area":216}},{"x":2458,"y":3493,"data":{"alt":5,"type":2,"area":216}},{"x":2459,"y":3493,"data":{"alt":5,"type":2,"area":216}},{"x":2460,"y":3493,"data":{"alt":5,"type":2,"area":216}},{"x":2461,"y":3493,"data":{"alt":5,"type":2,"area":216}},{"x":2462,"y":3493,"data":{"alt":5,"type":2,"area":216}},{"x":2463,"y":3493,"data":{"alt":5,"type":2,"area":216}},{"x":2456,"y":3494,"data":{"alt":5,"type":2,"area":216}},{"x":2457,"y":3494,"data":{"alt":5,"type":2,"area":216}},{"x":2458,"y":3494,"data":{"alt":5,"type":2,"area":216}},{"x":2459,"y":3494,"data":{"alt":5,"type":2,"area":216}},{"x":2460,"y":3494,"data":{"alt":5,"type":2,"area":216}},{"x":2461,"y":3494,"data":{"alt":5,"type":2,"area":216}},{"x":2462,"y":3494,"data":{"alt":5,"type":2,"area":216}},{"x":2463,"y":3494,"data":{"alt":5,"type":2,"area":216}},{"x":2456,"y":3495,"data":{"alt":5,"type":2,"area":216}},{"x":2457,"y":3495,"data":{"alt":5,"type":2,"area":216}},{"x":2458,"y":3495,"data":{"alt":5,"type":2,"area":216}},{"x":2459,"y":3495,"data":{"alt":5,"type":2,"area":216}},{"x":2460,"y":3495,"data":{"alt":5,"type":2,"area":216}},{"x":2461,"y":3495,"data":{"alt":5,"type":2,"area":216}},{"x":2462,"y":3495,"data":{"alt":5,"type":2,"area":216}},{"x":2463,"y":3495,"data":{"alt":5,"type":2,"area":216}},{"x":2456,"y":3496,"data":{"alt":5,"type":2,"area":216}},{"x":2457,"y":3496,"data":{"alt":5,"type":2,"area":216}},{"x":2458,"y":3496,"data":{"alt":5,"type":2,"area":216}},{"x":2459,"y":3496,"data":{"alt":5,"type":2,"area":216}},{"x":2460,"y":3496,"data":{"alt":5,"type":2,"area":216}},{"x":2461,"y":3496,"data":{"alt":5,"type":2,"area":216}},{"x":2462,"y":3496,"data":{"alt":5,"type":2,"area":216}},{"x":2463,"y":3496,"data":{"alt":5,"type":2,"area":216}},{"x":2457,"y":3497,"data":{"alt":5,"type":2,"area":216}},{"x":2459,"y":3497,"data":{"alt":5,"type":2,"area":216}},{"x":2460,"y":3497,"data":{"alt":5,"type":2,"area":216}},{"x":2461,"y":3497,"data":{"alt":5,"type":2,"area":216}},{"x":2462,"y":3497,"data":{"alt":5,"type":2,"area":216}},{"x":2463,"y":3497,"data":{"alt":5,"type":2,"area":216}},{"x":2460,"y":3498,"data":{"alt":5,"type":2,"area":216}},{"x":2461,"y":3498,"data":{"alt":5,"type":2,"area":216}},{"x":2462,"y":3498,"data":{"alt":5,"type":2,"area":216}},{"x":2463,"y":3498,"data":{"alt":5,"type":2,"area":216}},{"x":2461,"y":3499,"data":{"alt":5,"type":2,"area":216}},{"x":2462,"y":3499,"data":{"alt":5,"type":2,"area":216}},{"x":2461,"y":3500,"data":{"alt":5,"type":2,"area":216}},{"x":2462,"y":3500,"data":{"alt":5,"type":2,"area":216}},{"x":2470,"y":3461,"data":{"alt":5,"type":2,"area":216}},{"x":2471,"y":3461,"data":{"alt":5,"type":2,"area":216}},{"x":2472,"y":3461,"data":{"alt":5,"type":2,"area":216}},{"x":2473,"y":3461,"data":{"alt":5,"type":2,"area":216}},{"x":2474,"y":3461,"data":{"alt":5,"type":2,"area":216}},{"x":2475,"y":3461,"data":{"alt":5,"type":2,"area":216}},{"x":2468,"y":3462,"data":{"alt":5,"type":2,"area":216}},{"x":2469,"y":3462,"data":{"alt":5,"type":2,"area":216}},{"x":2470,"y":3462,"data":{"alt":5,"type":2,"area":216}},{"x":2471,"y":3462,"data":{"alt":5,"type":2,"area":216}},{"x":2472,"y":3462,"data":{"alt":5,"type":2,"area":216}},{"x":2473,"y":3462,"data":{"alt":5,"type":2,"area":216}},{"x":2474,"y":3462,"data":{"alt":5,"type":2,"area":216}},{"x":2475,"y":3462,"data":{"alt":5,"type":2,"area":216}},{"x":2476,"y":3462,"data":{"alt":5,"type":2,"area":216}},{"x":2467,"y":3463,"data":{"alt":5,"type":2,"area":216}},{"x":2468,"y":3463,"data":{"alt":5,"type":2,"area":216}},{"x":2469,"y":3463,"data":{"alt":5,"type":2,"area":216}},{"x":2470,"y":3463,"data":{"alt":5,"type":2,"area":216}},{"x":2471,"y":3463,"data":{"alt":5,"type":2,"area":216}},{"x":2472,"y":3463,"data":{"alt":5,"type":2,"area":216}},{"x":2473,"y":3463,"data":{"alt":5,"type":2,"area":216}},{"x":2474,"y":3463,"data":{"alt":5,"type":2,"area":216}},{"x":2475,"y":3463,"data":{"alt":5,"type":2,"area":216}},{"x":2476,"y":3463,"data":{"alt":5,"type":2,"area":216}},{"x":2466,"y":3464,"data":{"alt":5,"type":2,"area":216}},{"x":2467,"y":3464,"data":{"alt":5,"type":2,"area":216}},{"x":2468,"y":3464,"data":{"alt":5,"type":2,"area":216}},{"x":2469,"y":3464,"data":{"alt":5,"type":2,"area":216}},{"x":2470,"y":3464,"data":{"alt":5,"type":2,"area":216}},{"x":2471,"y":3464,"data":{"alt":5,"type":2,"area":216}},{"x":2472,"y":3464,"data":{"alt":5,"type":2,"area":216}},{"x":2473,"y":3464,"data":{"alt":5,"type":2,"area":216}},{"x":2474,"y":3464,"data":{"alt":5,"type":2,"area":216}},{"x":2475,"y":3464,"data":{"alt":5,"type":2,"area":216}},{"x":2476,"y":3464,"data":{"alt":5,"type":2,"area":216}},{"x":2477,"y":3464,"data":{"alt":5,"type":2,"area":216}},{"x":2466,"y":3465,"data":{"alt":5,"type":2,"area":216}},{"x":2467,"y":3465,"data":{"alt":5,"type":2,"area":216}},{"x":2468,"y":3465,"data":{"alt":5,"type":2,"area":216}},{"x":2469,"y":3465,"data":{"alt":5,"type":2,"area":216}},{"x":2470,"y":3465,"data":{"alt":5,"type":2,"area":216}},{"x":2471,"y":3465,"data":{"alt":5,"type":2,"area":216}},{"x":2472,"y":3465,"data":{"alt":5,"type":2,"area":216}},{"x":2473,"y":3465,"data":{"alt":5,"type":2,"area":216}},{"x":2474,"y":3465,"data":{"alt":5,"type":2,"area":216}},{"x":2475,"y":3465,"data":{"alt":5,"type":2,"area":216}},{"x":2476,"y":3465,"data":{"alt":5,"type":2,"area":216}},{"x":2477,"y":3465,"data":{"alt":5,"type":2,"area":216}},{"x":2464,"y":3466,"data":{"alt":5,"type":2,"area":216}},{"x":2466,"y":3466,"data":{"alt":5,"type":2,"area":216}},{"x":2467,"y":3466,"data":{"alt":5,"type":2,"area":216}},{"x":2468,"y":3466,"data":{"alt":5,"type":2,"area":216}},{"x":2469,"y":3466,"data":{"alt":5,"type":2,"area":216}},{"x":2470,"y":3466,"data":{"alt":5,"type":2,"area":216}},{"x":2471,"y":3466,"data":{"alt":5,"type":2,"area":216}},{"x":2472,"y":3466,"data":{"alt":5,"type":2,"area":216}},{"x":2473,"y":3466,"data":{"alt":5,"type":2,"area":216}},{"x":2476,"y":3466,"data":{"alt":5,"type":2,"area":216}},{"x":2477,"y":3466,"data":{"alt":5,"type":2,"area":216}},{"x":2464,"y":3467,"data":{"alt":5,"type":2,"area":216}},{"x":2465,"y":3467,"data":{"alt":5,"type":2,"area":216}},{"x":2466,"y":3467,"data":{"alt":5,"type":2,"area":216}},{"x":2467,"y":3467,"data":{"alt":5,"type":2,"area":216}},{"x":2468,"y":3467,"data":{"alt":5,"type":2,"area":216}},{"x":2469,"y":3467,"data":{"alt":5,"type":2,"area":216}},{"x":2470,"y":3467,"data":{"alt":5,"type":2,"area":216}},{"x":2471,"y":3467,"data":{"alt":5,"type":2,"area":216}},{"x":2472,"y":3467,"data":{"alt":5,"type":2,"area":216}},{"x":2464,"y":3468,"data":{"alt":5,"type":2,"area":216}},{"x":2465,"y":3468,"data":{"alt":5,"type":2,"area":216}},{"x":2466,"y":3468,"data":{"alt":5,"type":2,"area":216}},{"x":2467,"y":3468,"data":{"alt":5,"type":2,"area":216}},{"x":2468,"y":3468,"data":{"alt":5,"type":2,"area":216}},{"x":2469,"y":3468,"data":{"alt":5,"type":2,"area":216}},{"x":2470,"y":3468,"data":{"alt":5,"type":2,"area":216}},{"x":2471,"y":3468,"data":{"alt":5,"type":2,"area":216}},{"x":2472,"y":3468,"data":{"alt":5,"type":2,"area":216}},{"x":2464,"y":3469,"data":{"alt":5,"type":2,"area":216}},{"x":2465,"y":3469,"data":{"alt":5,"type":2,"area":216}},{"x":2466,"y":3469,"data":{"alt":5,"type":2,"area":216}},{"x":2467,"y":3469,"data":{"alt":5,"type":2,"area":216}},{"x":2468,"y":3469,"data":{"alt":5,"type":2,"area":216}},{"x":2469,"y":3469,"data":{"alt":5,"type":2,"area":216}},{"x":2471,"y":3469,"data":{"alt":5,"type":2,"area":216}},{"x":2464,"y":3470,"data":{"alt":5,"type":2,"area":216}},{"x":2465,"y":3470,"data":{"alt":5,"type":2,"area":216}},{"x":2466,"y":3470,"data":{"alt":5,"type":2,"area":216}},{"x":2467,"y":3470,"data":{"alt":5,"type":2,"area":216}},{"x":2468,"y":3470,"data":{"alt":5,"type":2,"area":216}},{"x":2469,"y":3470,"data":{"alt":5,"type":2,"area":216}},{"x":2464,"y":3471,"data":{"alt":5,"type":2,"area":216}},{"x":2465,"y":3471,"data":{"alt":5,"type":2,"area":216}},{"x":2466,"y":3471,"data":{"alt":5,"type":2,"area":216}},{"x":2467,"y":3471,"data":{"alt":5,"type":2,"area":216}},{"x":2468,"y":3471,"data":{"alt":5,"type":2,"area":216}},{"x":2469,"y":3471,"data":{"alt":5,"type":2,"area":216}},{"x":2464,"y":3472,"data":{"alt":5,"type":2,"area":216}},{"x":2465,"y":3472,"data":{"alt":5,"type":2,"area":216}},{"x":2466,"y":3472,"data":{"alt":5,"type":2,"area":216}},{"x":2467,"y":3472,"data":{"alt":5,"type":2,"area":216}},{"x":2468,"y":3472,"data":{"alt":5,"type":2,"area":216}},{"x":2464,"y":3473,"data":{"alt":5,"type":2,"area":216}},{"x":2465,"y":3473,"data":{"alt":5,"type":2,"area":216}},{"x":2466,"y":3473,"data":{"alt":5,"type":2,"area":216}},{"x":2467,"y":3473,"data":{"alt":5,"type":2,"area":216}},{"x":2468,"y":3473,"data":{"alt":5,"type":2,"area":216}},{"x":2464,"y":3474,"data":{"alt":5,"type":2,"area":216}},{"x":2465,"y":3474,"data":{"alt":5,"type":2,"area":216}},{"x":2466,"y":3474,"data":{"alt":5,"type":2,"area":216}},{"x":2467,"y":3474,"data":{"alt":5,"type":2,"area":216}},{"x":2468,"y":3474,"data":{"alt":5,"type":2,"area":216}},{"x":2469,"y":3474,"data":{"alt":5,"type":2,"area":216}},{"x":2464,"y":3475,"data":{"alt":5,"type":2,"area":216}},{"x":2465,"y":3475,"data":{"alt":5,"type":2,"area":216}},{"x":2466,"y":3475,"data":{"alt":5,"type":2,"area":216}},{"x":2467,"y":3475,"data":{"alt":5,"type":2,"area":216}},{"x":2468,"y":3475,"data":{"alt":5,"type":2,"area":216}},{"x":2469,"y":3475,"data":{"alt":5,"type":2,"area":216}},{"x":2464,"y":3476,"data":{"alt":5,"type":2,"area":216}},{"x":2465,"y":3476,"data":{"alt":5,"type":2,"area":216}},{"x":2466,"y":3476,"data":{"alt":5,"type":2,"area":216}},{"x":2467,"y":3476,"data":{"alt":5,"type":2,"area":216}},{"x":2468,"y":3476,"data":{"alt":5,"type":2,"area":216}},{"x":2469,"y":3476,"data":{"alt":5,"type":2,"area":216}},{"x":2470,"y":3476,"data":{"alt":5,"type":2,"area":216}},{"x":2464,"y":3477,"data":{"alt":5,"type":2,"area":216}},{"x":2465,"y":3477,"data":{"alt":5,"type":2,"area":216}},{"x":2466,"y":3477,"data":{"alt":5,"type":2,"area":216}},{"x":2467,"y":3477,"data":{"alt":5,"type":2,"area":216}},{"x":2468,"y":3477,"data":{"alt":5,"type":2,"area":216}},{"x":2469,"y":3477,"data":{"alt":5,"type":2,"area":216}},{"x":2464,"y":3478,"data":{"alt":5,"type":2,"area":216}},{"x":2465,"y":3478,"data":{"alt":5,"type":2,"area":216}},{"x":2466,"y":3478,"data":{"alt":5,"type":2,"area":216}},{"x":2467,"y":3478,"data":{"alt":5,"type":2,"area":216}},{"x":2468,"y":3478,"data":{"alt":5,"type":2,"area":216}},{"x":2469,"y":3478,"data":{"alt":5,"type":2,"area":216}},{"x":2464,"y":3479,"data":{"alt":5,"type":2,"area":216}},{"x":2465,"y":3479,"data":{"alt":5,"type":2,"area":216}},{"x":2466,"y":3479,"data":{"alt":5,"type":2,"area":216}},{"x":2467,"y":3479,"data":{"alt":5,"type":2,"area":216}},{"x":2468,"y":3479,"data":{"alt":5,"type":2,"area":216}},{"x":2469,"y":3479,"data":{"alt":5,"type":2,"area":216}},{"x":2470,"y":3479,"data":{"alt":5,"type":2,"area":216}},{"x":2471,"y":3479,"data":{"alt":5,"type":2,"area":216}},{"x":2464,"y":3480,"data":{"alt":5,"type":2,"area":216}},{"x":2465,"y":3480,"data":{"alt":5,"type":2,"area":216}},{"x":2466,"y":3480,"data":{"alt":5,"type":2,"area":216}},{"x":2467,"y":3480,"data":{"alt":5,"type":2,"area":216}},{"x":2468,"y":3480,"data":{"alt":5,"type":2,"area":216}},{"x":2469,"y":3480,"data":{"alt":5,"type":2,"area":216}},{"x":2470,"y":3480,"data":{"alt":5,"type":2,"area":216}},{"x":2471,"y":3480,"data":{"alt":5,"type":2,"area":216}},{"x":2472,"y":3480,"data":{"alt":5,"type":2,"area":216}},{"x":2473,"y":3480,"data":{"alt":5,"type":2,"area":216}},{"x":2474,"y":3480,"data":{"alt":5,"type":2,"area":216}},{"x":2475,"y":3480,"data":{"alt":5,"type":2,"area":216}},{"x":2464,"y":3481,"data":{"alt":5,"type":2,"area":216}},{"x":2465,"y":3481,"data":{"alt":5,"type":2,"area":216}},{"x":2466,"y":3481,"data":{"alt":5,"type":2,"area":216}},{"x":2467,"y":3481,"data":{"alt":5,"type":2,"area":216}},{"x":2468,"y":3481,"data":{"alt":5,"type":2,"area":216}},{"x":2469,"y":3481,"data":{"alt":5,"type":2,"area":216}},{"x":2470,"y":3481,"data":{"alt":5,"type":2,"area":216}},{"x":2471,"y":3481,"data":{"alt":5,"type":2,"area":216}},{"x":2472,"y":3481,"data":{"alt":5,"type":2,"area":216}},{"x":2474,"y":3481,"data":{"alt":5,"type":2,"area":216}},{"x":2464,"y":3482,"data":{"alt":5,"type":2,"area":216}},{"x":2465,"y":3482,"data":{"alt":5,"type":2,"area":216}},{"x":2466,"y":3482,"data":{"alt":5,"type":2,"area":216}},{"x":2467,"y":3482,"data":{"alt":5,"type":2,"area":216}},{"x":2468,"y":3482,"data":{"alt":5,"type":2,"area":216}},{"x":2469,"y":3482,"data":{"alt":5,"type":2,"area":216}},{"x":2470,"y":3482,"data":{"alt":5,"type":2,"area":216}},{"x":2471,"y":3482,"data":{"alt":5,"type":2,"area":216}},{"x":2472,"y":3482,"data":{"alt":5,"type":2,"area":216}},{"x":2464,"y":3483,"data":{"alt":5,"type":2,"area":216}},{"x":2465,"y":3483,"data":{"alt":5,"type":2,"area":216}},{"x":2466,"y":3483,"data":{"alt":5,"type":2,"area":216}},{"x":2467,"y":3483,"data":{"alt":5,"type":2,"area":216}},{"x":2468,"y":3483,"data":{"alt":5,"type":2,"area":216}},{"x":2469,"y":3483,"data":{"alt":5,"type":2,"area":216}},{"x":2470,"y":3483,"data":{"alt":5,"type":2,"area":216}},{"x":2471,"y":3483,"data":{"alt":5,"type":2,"area":216}},{"x":2472,"y":3483,"data":{"alt":5,"type":2,"area":216}},{"x":2464,"y":3484,"data":{"alt":5,"type":2,"area":216}},{"x":2465,"y":3484,"data":{"alt":5,"type":2,"area":216}},{"x":2466,"y":3484,"data":{"alt":5,"type":2,"area":216}},{"x":2467,"y":3484,"data":{"alt":5,"type":2,"area":216}},{"x":2468,"y":3484,"data":{"alt":5,"type":2,"area":216}},{"x":2469,"y":3484,"data":{"alt":5,"type":2,"area":216}},{"x":2470,"y":3484,"data":{"alt":5,"type":2,"area":216}},{"x":2471,"y":3484,"data":{"alt":5,"type":2,"area":216}},{"x":2472,"y":3484,"data":{"alt":5,"type":2,"area":216}},{"x":2473,"y":3484,"data":{"alt":5,"type":2,"area":216}},{"x":2464,"y":3485,"data":{"alt":5,"type":2,"area":216}},{"x":2465,"y":3485,"data":{"alt":5,"type":2,"area":216}},{"x":2466,"y":3485,"data":{"alt":5,"type":2,"area":216}},{"x":2467,"y":3485,"data":{"alt":5,"type":2,"area":216}},{"x":2468,"y":3485,"data":{"alt":5,"type":2,"area":216}},{"x":2469,"y":3485,"data":{"alt":5,"type":2,"area":216}},{"x":2470,"y":3485,"data":{"alt":5,"type":2,"area":216}},{"x":2471,"y":3485,"data":{"alt":5,"type":2,"area":216}},{"x":2472,"y":3485,"data":{"alt":5,"type":2,"area":216}},{"x":2473,"y":3485,"data":{"alt":5,"type":2,"area":216}},{"x":2474,"y":3485,"data":{"alt":5,"type":2,"area":216}},{"x":2464,"y":3486,"data":{"alt":5,"type":2,"area":216}},{"x":2465,"y":3486,"data":{"alt":5,"type":2,"area":216}},{"x":2466,"y":3486,"data":{"alt":5,"type":2,"area":216}},{"x":2467,"y":3486,"data":{"alt":5,"type":2,"area":216}},{"x":2468,"y":3486,"data":{"alt":5,"type":2,"area":216}},{"x":2469,"y":3486,"data":{"alt":5,"type":2,"area":216}},{"x":2470,"y":3486,"data":{"alt":5,"type":2,"area":216}},{"x":2471,"y":3486,"data":{"alt":5,"type":2,"area":216}},{"x":2472,"y":3486,"data":{"alt":5,"type":2,"area":216}},{"x":2473,"y":3486,"data":{"alt":5,"type":2,"area":216}},{"x":2474,"y":3486,"data":{"alt":5,"type":2,"area":216}},{"x":2475,"y":3486,"data":{"alt":5,"type":2,"area":216}},{"x":2464,"y":3487,"data":{"alt":5,"type":2,"area":216}},{"x":2465,"y":3487,"data":{"alt":5,"type":2,"area":216}},{"x":2466,"y":3487,"data":{"alt":5,"type":2,"area":216}},{"x":2467,"y":3487,"data":{"alt":5,"type":2,"area":216}},{"x":2468,"y":3487,"data":{"alt":5,"type":2,"area":216}},{"x":2469,"y":3487,"data":{"alt":5,"type":2,"area":216}},{"x":2470,"y":3487,"data":{"alt":5,"type":2,"area":216}},{"x":2471,"y":3487,"data":{"alt":5,"type":2,"area":216}},{"x":2472,"y":3487,"data":{"alt":5,"type":2,"area":216}},{"x":2473,"y":3487,"data":{"alt":5,"type":2,"area":216}},{"x":2474,"y":3487,"data":{"alt":5,"type":2,"area":216}},{"x":2464,"y":3488,"data":{"alt":5,"type":1,"area":216}},{"x":2465,"y":3488,"data":{"alt":5,"type":2,"area":216}},{"x":2466,"y":3488,"data":{"alt":5,"type":2,"area":216}},{"x":2467,"y":3488,"data":{"alt":5,"type":2,"area":216}},{"x":2468,"y":3488,"data":{"alt":5,"type":2,"area":216}},{"x":2469,"y":3488,"data":{"alt":5,"type":2,"area":216}},{"x":2470,"y":3488,"data":{"alt":5,"type":2,"area":216}},{"x":2471,"y":3488,"data":{"alt":5,"type":2,"area":216}},{"x":2472,"y":3488,"data":{"alt":5,"type":2,"area":216}},{"x":2473,"y":3488,"data":{"alt":5,"type":2,"area":216}},{"x":2474,"y":3488,"data":{"alt":5,"type":2,"area":216}},{"x":2464,"y":3489,"data":{"alt":5,"type":1,"area":216}},{"x":2465,"y":3489,"data":{"alt":5,"type":2,"area":216}},{"x":2466,"y":3489,"data":{"alt":5,"type":2,"area":216}},{"x":2467,"y":3489,"data":{"alt":5,"type":2,"area":216}},{"x":2468,"y":3489,"data":{"alt":5,"type":2,"area":216}},{"x":2469,"y":3489,"data":{"alt":5,"type":2,"area":216}},{"x":2470,"y":3489,"data":{"alt":5,"type":2,"area":216}},{"x":2471,"y":3489,"data":{"alt":5,"type":2,"area":216}},{"x":2472,"y":3489,"data":{"alt":5,"type":2,"area":216}},{"x":2473,"y":3489,"data":{"alt":5,"type":2,"area":216}},{"x":2474,"y":3489,"data":{"alt":5,"type":2,"area":216}},{"x":2464,"y":3490,"data":{"alt":5,"type":1,"area":216}},{"x":2465,"y":3490,"data":{"alt":5,"type":2,"area":216}},{"x":2466,"y":3490,"data":{"alt":5,"type":2,"area":216}},{"x":2467,"y":3490,"data":{"alt":5,"type":2,"area":216}},{"x":2468,"y":3490,"data":{"alt":5,"type":2,"area":216}},{"x":2469,"y":3490,"data":{"alt":5,"type":2,"area":216}},{"x":2470,"y":3490,"data":{"alt":5,"type":2,"area":216}},{"x":2471,"y":3490,"data":{"alt":5,"type":2,"area":216}},{"x":2472,"y":3490,"data":{"alt":5,"type":2,"area":216}},{"x":2473,"y":3490,"data":{"alt":5,"type":2,"area":216}},{"x":2474,"y":3490,"data":{"alt":5,"type":2,"area":216}},{"x":2464,"y":3491,"data":{"alt":5,"type":1,"area":216}},{"x":2465,"y":3491,"data":{"alt":5,"type":2,"area":216}},{"x":2466,"y":3491,"data":{"alt":5,"type":2,"area":216}},{"x":2467,"y":3491,"data":{"alt":5,"type":2,"area":216}},{"x":2468,"y":3491,"data":{"alt":5,"type":2,"area":216}},{"x":2469,"y":3491,"data":{"alt":5,"type":2,"area":216}},{"x":2470,"y":3491,"data":{"alt":5,"type":2,"area":216}},{"x":2471,"y":3491,"data":{"alt":5,"type":2,"area":216}},{"x":2472,"y":3491,"data":{"alt":5,"type":2,"area":216}},{"x":2473,"y":3491,"data":{"alt":5,"type":2,"area":216}},{"x":2474,"y":3491,"data":{"alt":5,"type":2,"area":216}},{"x":2464,"y":3492,"data":{"alt":5,"type":2,"area":216}},{"x":2465,"y":3492,"data":{"alt":5,"type":1,"area":216}},{"x":2466,"y":3492,"data":{"alt":5,"type":2,"area":216}},{"x":2467,"y":3492,"data":{"alt":5,"type":2,"area":216}},{"x":2468,"y":3492,"data":{"alt":5,"type":2,"area":216}},{"x":2469,"y":3492,"data":{"alt":5,"type":2,"area":216}},{"x":2470,"y":3492,"data":{"alt":5,"type":2,"area":216}},{"x":2471,"y":3492,"data":{"alt":5,"type":2,"area":216}},{"x":2472,"y":3492,"data":{"alt":5,"type":2,"area":216}},{"x":2473,"y":3492,"data":{"alt":5,"type":2,"area":216}},{"x":2474,"y":3492,"data":{"alt":5,"type":2,"area":216}},{"x":2464,"y":3493,"data":{"alt":5,"type":2,"area":216}},{"x":2465,"y":3493,"data":{"alt":5,"type":1,"area":216}},{"x":2466,"y":3493,"data":{"alt":5,"type":2,"area":216}},{"x":2467,"y":3493,"data":{"alt":5,"type":2,"area":216}},{"x":2468,"y":3493,"data":{"alt":5,"type":2,"area":216}},{"x":2469,"y":3493,"data":{"alt":5,"type":2,"area":216}},{"x":2470,"y":3493,"data":{"alt":5,"type":2,"area":216}},{"x":2471,"y":3493,"data":{"alt":5,"type":2,"area":216}},{"x":2472,"y":3493,"data":{"alt":5,"type":2,"area":216}},{"x":2473,"y":3493,"data":{"alt":5,"type":2,"area":216}},{"x":2474,"y":3493,"data":{"alt":5,"type":2,"area":216}},{"x":2464,"y":3494,"data":{"alt":5,"type":2,"area":216}},{"x":2465,"y":3494,"data":{"alt":5,"type":1,"area":216}},{"x":2466,"y":3494,"data":{"alt":5,"type":2,"area":216}},{"x":2467,"y":3494,"data":{"alt":5,"type":2,"area":216}},{"x":2468,"y":3494,"data":{"alt":5,"type":2,"area":216}},{"x":2469,"y":3494,"data":{"alt":5,"type":2,"area":216}},{"x":2470,"y":3494,"data":{"alt":5,"type":2,"area":216}},{"x":2471,"y":3494,"data":{"alt":5,"type":2,"area":216}},{"x":2472,"y":3494,"data":{"alt":5,"type":2,"area":216}},{"x":2473,"y":3494,"data":{"alt":5,"type":2,"area":216}},{"x":2464,"y":3495,"data":{"alt":5,"type":2,"area":216}},{"x":2465,"y":3495,"data":{"alt":5,"type":1,"area":216}},{"x":2466,"y":3495,"data":{"alt":5,"type":2,"area":216}},{"x":2467,"y":3495,"data":{"alt":5,"type":2,"area":216}},{"x":2468,"y":3495,"data":{"alt":5,"type":2,"area":216}},{"x":2469,"y":3495,"data":{"alt":5,"type":2,"area":216}},{"x":2470,"y":3495,"data":{"alt":5,"type":2,"area":216}},{"x":2471,"y":3495,"data":{"alt":5,"type":2,"area":216}},{"x":2472,"y":3495,"data":{"alt":5,"type":2,"area":216}},{"x":2473,"y":3495,"data":{"alt":5,"type":2,"area":216}},{"x":2464,"y":3496,"data":{"alt":5,"type":2,"area":216}},{"x":2465,"y":3496,"data":{"alt":5,"type":1,"area":216}},{"x":2466,"y":3496,"data":{"alt":5,"type":2,"area":216}},{"x":2467,"y":3496,"data":{"alt":5,"type":2,"area":216}},{"x":2468,"y":3496,"data":{"alt":5,"type":2,"area":216}},{"x":2469,"y":3496,"data":{"alt":5,"type":2,"area":216}},{"x":2470,"y":3496,"data":{"alt":5,"type":2,"area":216}},{"x":2471,"y":3496,"data":{"alt":5,"type":2,"area":216}},{"x":2472,"y":3496,"data":{"alt":5,"type":2,"area":216}},{"x":2473,"y":3496,"data":{"alt":5,"type":2,"area":216}},{"x":2464,"y":3497,"data":{"alt":5,"type":2,"area":216}},{"x":2465,"y":3497,"data":{"alt":5,"type":1,"area":216}},{"x":2466,"y":3497,"data":{"alt":5,"type":2,"area":216}},{"x":2467,"y":3497,"data":{"alt":5,"type":2,"area":216}},{"x":2468,"y":3497,"data":{"alt":5,"type":2,"area":216}},{"x":2469,"y":3497,"data":{"alt":5,"type":2,"area":216}},{"x":2470,"y":3497,"data":{"alt":5,"type":2,"area":216}},{"x":2471,"y":3497,"data":{"alt":5,"type":2,"area":216}},{"x":2472,"y":3497,"data":{"alt":5,"type":2,"area":216}},{"x":2473,"y":3497,"data":{"alt":5,"type":2,"area":216}},{"x":2464,"y":3498,"data":{"alt":5,"type":2,"area":216}},{"x":2465,"y":3498,"data":{"alt":5,"type":1,"area":216}},{"x":2466,"y":3498,"data":{"alt":5,"type":2,"area":216}},{"x":2467,"y":3498,"data":{"alt":5,"type":2,"area":216}},{"x":2468,"y":3498,"data":{"alt":5,"type":2,"area":216}},{"x":2469,"y":3498,"data":{"alt":5,"type":2,"area":216}},{"x":2470,"y":3498,"data":{"alt":5,"type":2,"area":216}},{"x":2471,"y":3498,"data":{"alt":5,"type":2,"area":216}},{"x":2472,"y":3498,"data":{"alt":5,"type":2,"area":216}},{"x":2473,"y":3498,"data":{"alt":5,"type":2,"area":216}},{"x":2465,"y":3499,"data":{"alt":5,"type":2,"area":216}},{"x":2466,"y":3499,"data":{"alt":5,"type":1,"area":216}},{"x":2467,"y":3499,"data":{"alt":5,"type":2,"area":216}},{"x":2468,"y":3499,"data":{"alt":5,"type":2,"area":216}},{"x":2469,"y":3499,"data":{"alt":5,"type":2,"area":216}},{"x":2470,"y":3499,"data":{"alt":5,"type":2,"area":216}},{"x":2471,"y":3499,"data":{"alt":5,"type":2,"area":216}},{"x":2472,"y":3499,"data":{"alt":5,"type":2,"area":216}},{"x":2466,"y":3500,"data":{"alt":5,"type":1,"area":216}},{"x":2469,"y":3500,"data":{"alt":5,"type":2,"area":216}},{"x":2470,"y":3500,"data":{"alt":5,"type":2,"area":216}},{"x":2471,"y":3500,"data":{"alt":5,"type":2,"area":216}},{"x":2472,"y":3500,"data":{"alt":5,"type":2,"area":216}},{"x":2466,"y":3501,"data":{"alt":5,"type":1,"area":216}},{"x":2467,"y":3501,"data":{"alt":5,"type":2,"area":216}},{"x":2471,"y":3501,"data":{"alt":5,"type":2,"area":216}},{"x":2466,"y":3502,"data":{"alt":5,"type":1,"area":216}},{"x":2467,"y":3502,"data":{"alt":5,"type":2,"area":216}},{"x":2467,"y":3503,"data":{"alt":5,"type":1,"area":216}}]