[{"x":2470,"y":3806,"data":{"alt":55,"type":1,"area":218}},{"x":2471,"y":3806,"data":{"alt":55,"type":1,"area":218}},{"x":2472,"y":3806,"data":{"alt":55,"type":1,"area":218}},{"x":2473,"y":3806,"data":{"alt":55,"type":1,"area":218}},{"x":2474,"y":3806,"data":{"alt":55,"type":1,"area":218}},{"x":2475,"y":3806,"data":{"alt":55,"type":1,"area":218}},{"x":2476,"y":3806,"data":{"alt":55,"type":1,"area":218}},{"x":2477,"y":3806,"data":{"alt":55,"type":1,"area":218}},{"x":2478,"y":3806,"data":{"alt":55,"type":1,"area":218}},{"x":2479,"y":3806,"data":{"alt":55,"type":1,"area":218}},{"x":2480,"y":3806,"data":{"alt":55,"type":1,"area":218}}]