[{"x":123,"y":128,"data":{"alt":52,"type":1,"area":22}},{"x":123,"y":129,"data":{"alt":52,"type":1,"area":22}},{"x":123,"y":130,"data":{"alt":53,"type":1,"area":22}},{"x":123,"y":131,"data":{"alt":53,"type":1,"area":22}},{"x":123,"y":132,"data":{"alt":53,"type":1,"area":22}},{"x":123,"y":116,"data":{"alt":52,"type":1,"area":22}},{"x":123,"y":117,"data":{"alt":52,"type":1,"area":22}},{"x":123,"y":118,"data":{"alt":52,"type":1,"area":22}},{"x":123,"y":119,"data":{"alt":52,"type":1,"area":22}},{"x":123,"y":120,"data":{"alt":52,"type":1,"area":22}},{"x":123,"y":121,"data":{"alt":52,"type":1,"area":22}},{"x":123,"y":122,"data":{"alt":52,"type":1,"area":22}},{"x":123,"y":123,"data":{"alt":52,"type":1,"area":22}},{"x":123,"y":124,"data":{"alt":52,"type":1,"area":22}},{"x":123,"y":125,"data":{"alt":52,"type":1,"area":22}},{"x":123,"y":126,"data":{"alt":52,"type":1,"area":22}},{"x":123,"y":127,"data":{"alt":52,"type":1,"area":22}}]