[{"x":293,"y":2848,"data":{"alt":3,"fertility":60,"region":2135,"area":221}},{"x":294,"y":2848,"data":{"alt":3,"fertility":60,"region":2135,"area":221}},{"x":295,"y":2848,"data":{"alt":4,"fertility":60,"region":2135,"area":221}},{"x":296,"y":2848,"data":{"alt":3,"fertility":60,"region":2135,"area":221}},{"x":297,"y":2848,"data":{"alt":3,"fertility":60,"region":2135,"area":221}},{"x":293,"y":2849,"data":{"alt":3,"fertility":60,"region":2135,"area":221}},{"x":294,"y":2849,"data":{"alt":3,"fertility":60,"region":2135,"area":221}},{"x":295,"y":2849,"data":{"alt":3,"fertility":60,"region":2135,"area":221}},{"x":296,"y":2849,"data":{"alt":3,"fertility":60,"region":2135,"area":221}},{"x":297,"y":2849,"data":{"alt":3,"fertility":60,"region":2135,"area":221}},{"x":298,"y":2849,"data":{"alt":2,"fertility":60,"region":2135,"area":221}},{"x":292,"y":2850,"data":{"alt":2,"fertility":60,"region":2135,"area":221}},{"x":293,"y":2850,"data":{"alt":2,"fertility":60,"region":2135,"area":221}},{"x":294,"y":2850,"data":{"alt":2,"fertility":60,"region":2135,"area":221}},{"x":295,"y":2850,"data":{"alt":3,"fertility":60,"region":2135,"area":221}},{"x":296,"y":2850,"data":{"alt":3,"fertility":60,"forest":20,"region":2135,"area":221}},{"x":297,"y":2850,"data":{"alt":3,"fertility":60,"region":2135,"area":221}},{"x":298,"y":2850,"data":{"alt":2,"fertility":60,"region":2135,"area":221}},{"x":294,"y":2851,"data":{"alt":2,"fertility":60,"region":2135,"area":221}},{"x":295,"y":2851,"data":{"alt":2,"fertility":60,"region":2135,"area":221}},{"x":296,"y":2851,"data":{"alt":2,"fertility":60,"region":2135,"area":221}},{"x":297,"y":2851,"data":{"alt":2,"fertility":60,"region":2135,"area":221}},{"x":298,"y":2851,"data":{"alt":2,"fertility":60,"region":2135,"area":221}},{"x":294,"y":2852,"data":{"alt":2,"fertility":60,"region":2135,"area":221}},{"x":295,"y":2852,"data":{"alt":2,"fertility":60,"region":2135,"area":221}},{"x":296,"y":2852,"data":{"alt":2,"fertility":60,"region":2135,"area":221}},{"x":296,"y":2846,"data":{"alt":3,"fertility":60,"region":2135,"area":221}},{"x":297,"y":2846,"data":{"alt":3,"fertility":60,"region":2135,"area":221}},{"x":294,"y":2847,"data":{"alt":3,"fertility":60,"region":2135,"area":221}},{"x":295,"y":2847,"data":{"alt":3,"fertility":60,"region":2135,"area":221}},{"x":296,"y":2847,"data":{"alt":3,"fertility":60,"forest":20,"region":2135,"area":221}},{"x":297,"y":2847,"data":{"alt":5,"fertility":60,"region":2135,"area":221}},{"x":298,"y":2847,"data":{"alt":3,"fertility":60,"region":2135,"area":221}}]