[{"x":2565,"y":1792,"data":{"alt":3,"type":1,"area":222}},{"x":2567,"y":1792,"data":{"alt":3,"type":2,"area":222}},{"x":2569,"y":1792,"data":{"alt":3,"type":2,"area":222}},{"x":2570,"y":1792,"data":{"alt":3,"type":2,"area":222}},{"x":2571,"y":1792,"data":{"alt":3,"type":2,"area":222}},{"x":2575,"y":1792,"data":{"alt":3,"type":2,"area":222}},{"x":2576,"y":1792,"data":{"alt":3,"type":2,"area":222}},{"x":2577,"y":1792,"data":{"alt":3,"type":2,"area":222}},{"x":2578,"y":1792,"data":{"alt":3,"type":2,"area":222}},{"x":2579,"y":1792,"data":{"alt":3,"type":2,"area":222}},{"x":2580,"y":1792,"data":{"alt":3,"type":1,"area":222}},{"x":2565,"y":1793,"data":{"alt":3,"type":2,"area":222}},{"x":2566,"y":1793,"data":{"alt":3,"type":1,"area":222}},{"x":2567,"y":1793,"data":{"alt":3,"type":1,"area":222}},{"x":2568,"y":1793,"data":{"alt":3,"type":2,"area":222}},{"x":2569,"y":1793,"data":{"alt":3,"type":1,"area":222}},{"x":2570,"y":1793,"data":{"alt":3,"type":2,"area":222}},{"x":2571,"y":1793,"data":{"alt":3,"type":2,"area":222}},{"x":2572,"y":1793,"data":{"alt":3,"type":2,"area":222}},{"x":2573,"y":1793,"data":{"alt":3,"type":2,"area":222}},{"x":2574,"y":1793,"data":{"alt":3,"type":2,"area":222}},{"x":2575,"y":1793,"data":{"alt":3,"type":2,"area":222}},{"x":2576,"y":1793,"data":{"alt":3,"type":2,"area":222}},{"x":2577,"y":1793,"data":{"alt":3,"type":2,"area":222}},{"x":2578,"y":1793,"data":{"alt":3,"type":1,"area":222}},{"x":2579,"y":1793,"data":{"alt":3,"type":1,"area":222}},{"x":2567,"y":1794,"data":{"alt":3,"type":2,"area":222}},{"x":2568,"y":1794,"data":{"alt":3,"type":1,"area":222}},{"x":2569,"y":1794,"data":{"alt":3,"type":2,"area":222}},{"x":2570,"y":1794,"data":{"alt":3,"type":1,"area":222}},{"x":2571,"y":1794,"data":{"alt":3,"type":2,"area":222}},{"x":2572,"y":1794,"data":{"alt":3,"type":2,"area":222}},{"x":2573,"y":1794,"data":{"alt":3,"type":2,"area":222}},{"x":2574,"y":1794,"data":{"alt":3,"type":2,"area":222}},{"x":2575,"y":1794,"data":{"alt":3,"type":2,"area":222}},{"x":2576,"y":1794,"data":{"alt":3,"type":2,"area":222}},{"x":2577,"y":1794,"data":{"alt":3,"type":1,"area":222}},{"x":2578,"y":1794,"data":{"alt":3,"type":2,"area":222}},{"x":2579,"y":1794,"data":{"alt":3,"type":2,"area":222}},{"x":2567,"y":1795,"data":{"alt":3,"type":2,"area":222}},{"x":2568,"y":1795,"data":{"alt":3,"type":2,"area":222}},{"x":2569,"y":1795,"data":{"alt":3,"type":2,"area":222}},{"x":2570,"y":1795,"data":{"alt":3,"type":2,"area":222}},{"x":2571,"y":1795,"data":{"alt":3,"type":1,"area":222}},{"x":2572,"y":1795,"data":{"alt":3,"type":2,"area":222}},{"x":2573,"y":1795,"data":{"alt":3,"type":1,"area":222}},{"x":2574,"y":1795,"data":{"alt":3,"type":1,"area":222}},{"x":2575,"y":1795,"data":{"alt":3,"type":2,"area":222}},{"x":2576,"y":1795,"data":{"alt":3,"type":1,"area":222}},{"x":2577,"y":1795,"data":{"alt":3,"type":2,"area":222}},{"x":2578,"y":1795,"data":{"alt":3,"type":2,"area":222}},{"x":2579,"y":1795,"data":{"alt":3,"type":2,"area":222}},{"x":2580,"y":1795,"data":{"alt":3,"type":2,"area":222}},{"x":2581,"y":1795,"data":{"alt":3,"type":2,"area":222}},{"x":2570,"y":1796,"data":{"alt":3,"type":2,"area":222}},{"x":2571,"y":1796,"data":{"alt":3,"type":2,"area":222}},{"x":2572,"y":1796,"data":{"alt":3,"type":1,"area":222}},{"x":2573,"y":1796,"data":{"alt":3,"type":2,"area":222}},{"x":2574,"y":1796,"data":{"alt":3,"type":2,"area":222}},{"x":2575,"y":1796,"data":{"alt":3,"type":1,"area":222}},{"x":2576,"y":1796,"data":{"alt":3,"type":1,"area":222}},{"x":2578,"y":1796,"data":{"alt":3,"type":2,"area":222}},{"x":2579,"y":1796,"data":{"alt":3,"type":2,"area":222}},{"x":2570,"y":1797,"data":{"alt":3,"type":2,"area":222}},{"x":2571,"y":1797,"data":{"alt":3,"type":2,"area":222}},{"x":2572,"y":1797,"data":{"alt":3,"type":2,"area":222}},{"x":2573,"y":1797,"data":{"alt":3,"type":2,"area":222}},{"x":2574,"y":1797,"data":{"alt":3,"type":2,"area":222}},{"x":2575,"y":1797,"data":{"alt":3,"type":2,"area":222}},{"x":2574,"y":1798,"data":{"alt":3,"type":2,"area":222}},{"x":2575,"y":1798,"data":{"alt":3,"type":2,"area":222}},{"x":2576,"y":1798,"data":{"alt":3,"type":2,"area":222}},{"x":2577,"y":1798,"data":{"alt":3,"type":2,"area":222}},{"x":2574,"y":1799,"data":{"alt":3,"type":2,"area":222}},{"x":2575,"y":1799,"data":{"alt":3,"type":2,"area":222}},{"x":2576,"y":1799,"data":{"alt":3,"type":2,"area":222}},{"x":2577,"y":1799,"data":{"alt":3,"type":2,"area":222}},{"x":2578,"y":1799,"data":{"alt":3,"type":2,"area":222}},{"x":2573,"y":1800,"data":{"alt":3,"type":2,"area":222}},{"x":2574,"y":1800,"data":{"alt":3,"type":2,"area":222}},{"x":2575,"y":1800,"data":{"alt":3,"type":2,"area":222}},{"x":2576,"y":1800,"data":{"alt":3,"type":2,"area":222}},{"x":2575,"y":1791,"data":{"alt":3,"type":2,"area":222}},{"x":2576,"y":1791,"data":{"alt":3,"type":2,"area":222}},{"x":2577,"y":1791,"data":{"alt":3,"type":2,"area":222}},{"x":2578,"y":1791,"data":{"alt":3,"type":2,"area":222}},{"x":2579,"y":1791,"data":{"alt":3,"type":2,"area":222}}]