[{"x":298,"y":2803,"data":{"alt":3,"fertility":60,"region":2135,"area":223}},{"x":294,"y":2804,"data":{"alt":3,"fertility":60,"region":2135,"area":223}},{"x":295,"y":2804,"data":{"alt":3,"fertility":60,"region":2135,"area":223}},{"x":296,"y":2804,"data":{"alt":3,"fertility":60,"region":2135,"area":223}},{"x":297,"y":2804,"data":{"alt":4,"fertility":60,"region":2135,"area":223}},{"x":298,"y":2804,"data":{"alt":4,"fertility":60,"region":2135,"area":223}},{"x":294,"y":2805,"data":{"alt":3,"fertility":60,"forest":80,"region":2135,"area":223}},{"x":295,"y":2805,"data":{"alt":3,"fertility":60,"region":2135,"area":223}},{"x":296,"y":2805,"data":{"alt":3,"fertility":60,"region":2135,"area":223}},{"x":297,"y":2805,"data":{"alt":3,"fertility":60,"region":2135,"area":223}},{"x":298,"y":2805,"data":{"alt":3,"fertility":60,"region":2135,"area":223}},{"x":299,"y":2805,"data":{"alt":3,"fertility":60,"region":2135,"area":223}},{"x":297,"y":2806,"data":{"alt":3,"fertility":60,"region":2135,"area":223}},{"x":298,"y":2806,"data":{"alt":3,"fertility":60,"forest":40,"region":2135,"area":223}},{"x":299,"y":2806,"data":{"alt":3,"fertility":60,"region":2135,"area":223}},{"x":300,"y":2806,"data":{"alt":3,"fertility":60,"forest":40,"region":2135,"area":223}},{"x":301,"y":2806,"data":{"alt":3,"fertility":60,"region":2135,"area":223}},{"x":295,"y":2807,"data":{"alt":3,"fertility":60,"region":2135,"area":223}},{"x":296,"y":2807,"data":{"alt":3,"fertility":60,"region":2135,"area":223}},{"x":297,"y":2807,"data":{"alt":3,"fertility":60,"region":2135,"area":223}},{"x":298,"y":2807,"data":{"alt":3,"fertility":60,"forest":80,"region":2135,"area":223}},{"x":299,"y":2807,"data":{"alt":3,"fertility":60,"region":2135,"area":223}},{"x":300,"y":2807,"data":{"alt":3,"fertility":60,"region":2135,"area":223}},{"x":301,"y":2807,"data":{"alt":3,"fertility":60,"region":2135,"area":223}},{"x":294,"y":2808,"data":{"alt":3,"fertility":60,"region":2135,"area":223}},{"x":295,"y":2808,"data":{"alt":3,"fertility":60,"region":2135,"area":223}},{"x":296,"y":2808,"data":{"alt":3,"fertility":60,"region":2135,"area":223}},{"x":297,"y":2808,"data":{"alt":3,"fertility":60,"region":2135,"area":223}},{"x":298,"y":2808,"data":{"alt":3,"fertility":60,"forest":80,"region":2135,"area":223}},{"x":299,"y":2808,"data":{"alt":3,"fertility":60,"region":2135,"area":223}},{"x":300,"y":2808,"data":{"alt":3,"fertility":60,"forest":80,"region":2135,"area":223}},{"x":294,"y":2809,"data":{"alt":3,"fertility":60,"region":2135,"area":223}},{"x":295,"y":2809,"data":{"alt":3,"fertility":60,"region":2135,"area":223}},{"x":296,"y":2809,"data":{"alt":3,"fertility":60,"forest":80,"region":2135,"area":223}},{"x":297,"y":2809,"data":{"alt":3,"fertility":60,"region":2135,"area":223}},{"x":301,"y":2809,"data":{"alt":3,"fertility":60,"region":2135,"area":223}},{"x":294,"y":2810,"data":{"alt":3,"fertility":60,"region":2135,"area":223}},{"x":295,"y":2810,"data":{"alt":3,"fertility":60,"region":2135,"area":223}},{"x":296,"y":2810,"data":{"alt":3,"fertility":60,"region":2135,"area":223}},{"x":297,"y":2810,"data":{"alt":3,"fertility":60,"region":2135,"area":223}},{"x":294,"y":2811,"data":{"alt":3,"fertility":60,"region":2135,"area":223}},{"x":295,"y":2811,"data":{"alt":3,"fertility":60,"region":2135,"area":223}},{"x":296,"y":2811,"data":{"alt":3,"fertility":60,"region":2135,"area":223}},{"x":297,"y":2811,"data":{"alt":3,"fertility":60,"region":2135,"area":223}},{"x":294,"y":2812,"data":{"alt":3,"fertility":60,"region":2135,"area":223}},{"x":295,"y":2812,"data":{"alt":3,"fertility":60,"region":2135,"area":223}},{"x":296,"y":2812,"data":{"alt":3,"fertility":60,"region":2135,"area":223}},{"x":297,"y":2812,"data":{"alt":3,"fertility":60,"region":2135,"area":223}},{"x":295,"y":2813,"data":{"alt":3,"fertility":60,"forest":80,"region":2135,"area":223}},{"x":297,"y":2813,"data":{"alt":3,"fertility":60,"region":2135,"area":223}}]