[{"x":2572,"y":1804,"data":{"alt":3,"type":2,"area":224}},{"x":2572,"y":1805,"data":{"alt":3,"type":2,"area":224}},{"x":2573,"y":1805,"data":{"alt":3,"type":2,"area":224}},{"x":2571,"y":1806,"data":{"alt":3,"type":2,"area":224}},{"x":2572,"y":1806,"data":{"alt":3,"type":2,"area":224}},{"x":2573,"y":1806,"data":{"alt":3,"type":2,"area":224}},{"x":2572,"y":1807,"data":{"alt":3,"type":2,"area":224}},{"x":2573,"y":1807,"data":{"alt":3,"type":2,"area":224}},{"x":2574,"y":1807,"data":{"alt":3,"type":2,"area":224}},{"x":2575,"y":1807,"data":{"alt":3,"type":2,"area":224}},{"x":2572,"y":1808,"data":{"alt":3,"type":2,"area":224}},{"x":2573,"y":1808,"data":{"alt":3,"type":2,"area":224}},{"x":2574,"y":1808,"data":{"alt":3,"type":2,"area":224}},{"x":2571,"y":1809,"data":{"alt":3,"type":2,"area":224}},{"x":2572,"y":1809,"data":{"alt":3,"type":2,"area":224}},{"x":2573,"y":1809,"data":{"alt":3,"type":2,"area":224}},{"x":2570,"y":1810,"data":{"alt":3,"type":2,"area":224}},{"x":2571,"y":1810,"data":{"alt":3,"type":2,"area":224}}]