[{"x":2594,"y":1792,"data":{"alt":1,"type":2,"area":228}},{"x":2595,"y":1792,"data":{"alt":1,"type":1,"area":228}},{"x":2596,"y":1792,"data":{"alt":1,"type":1,"area":228}},{"x":2597,"y":1792,"data":{"alt":1,"type":1,"area":228}},{"x":2598,"y":1792,"data":{"alt":1,"type":2,"area":228}},{"x":2599,"y":1792,"data":{"alt":1,"type":1,"area":228}},{"x":2600,"y":1792,"data":{"alt":1,"type":1,"area":228}},{"x":2601,"y":1792,"data":{"alt":1,"type":2,"area":228}},{"x":2602,"y":1792,"data":{"alt":1,"type":2,"area":228}},{"x":2596,"y":1793,"data":{"alt":1,"type":2,"area":228}},{"x":2597,"y":1793,"data":{"alt":1,"type":2,"area":228}},{"x":2598,"y":1793,"data":{"alt":1,"type":1,"area":228}},{"x":2601,"y":1793,"data":{"alt":1,"type":1,"area":228}},{"x":2602,"y":1793,"data":{"alt":1,"type":2,"area":228}},{"x":2603,"y":1793,"data":{"alt":1,"type":2,"area":228}},{"x":2596,"y":1794,"data":{"alt":1,"type":2,"area":228}},{"x":2601,"y":1794,"data":{"alt":1,"type":2,"area":228}},{"x":2602,"y":1794,"data":{"alt":1,"type":1,"area":228}},{"x":2603,"y":1794,"data":{"alt":1,"type":2,"area":228}},{"x":2602,"y":1795,"data":{"alt":1,"type":2,"area":228}},{"x":2603,"y":1795,"data":{"alt":1,"type":1,"area":228}},{"x":2604,"y":1795,"data":{"alt":1,"type":1,"area":228}},{"x":2599,"y":1787,"data":{"alt":1,"type":2,"area":228}},{"x":2599,"y":1788,"data":{"alt":1,"type":2,"area":228}},{"x":2600,"y":1788,"data":{"alt":1,"type":2,"area":228}},{"x":2601,"y":1788,"data":{"alt":1,"type":2,"area":228}},{"x":2596,"y":1789,"data":{"alt":1,"type":2,"area":228}},{"x":2597,"y":1789,"data":{"alt":1,"type":2,"area":228}},{"x":2599,"y":1789,"data":{"alt":1,"type":2,"area":228}},{"x":2600,"y":1789,"data":{"alt":1,"type":2,"area":228}},{"x":2601,"y":1789,"data":{"alt":1,"type":2,"area":228}},{"x":2596,"y":1790,"data":{"alt":1,"type":2,"area":228}},{"x":2597,"y":1790,"data":{"alt":1,"type":2,"area":228}},{"x":2598,"y":1790,"data":{"alt":1,"type":2,"area":228}},{"x":2599,"y":1790,"data":{"alt":1,"type":2,"area":228}},{"x":2600,"y":1790,"data":{"alt":1,"type":2,"area":228}},{"x":2601,"y":1790,"data":{"alt":1,"type":2,"area":228}},{"x":2602,"y":1790,"data":{"alt":1,"type":2,"area":228}},{"x":2593,"y":1791,"data":{"alt":1,"type":1,"area":228}},{"x":2594,"y":1791,"data":{"alt":1,"type":1,"area":228}},{"x":2596,"y":1791,"data":{"alt":1,"type":2,"area":228}},{"x":2597,"y":1791,"data":{"alt":1,"type":2,"area":228}},{"x":2598,"y":1791,"data":{"alt":1,"type":2,"area":228}},{"x":2599,"y":1791,"data":{"alt":1,"type":2,"area":228}},{"x":2600,"y":1791,"data":{"alt":1,"type":2,"area":228}},{"x":2601,"y":1791,"data":{"alt":1,"type":2,"area":228}},{"x":2602,"y":1791,"data":{"alt":1,"type":2,"area":228}},{"x":2603,"y":1791,"data":{"alt":1,"type":2,"area":228}}]