[{"x":2598,"y":3802,"data":{"alt":51,"type":1,"area":230}},{"x":2598,"y":3803,"data":{"alt":51,"type":1,"area":230}},{"x":2598,"y":3804,"data":{"alt":52,"type":1,"area":230}},{"x":2598,"y":3805,"data":{"alt":52,"type":1,"area":230}},{"x":2598,"y":3806,"data":{"alt":52,"type":1,"area":230}},{"x":2598,"y":3807,"data":{"alt":53,"type":1,"area":230}},{"x":2596,"y":3808,"data":{"alt":53,"type":1,"area":230}},{"x":2597,"y":3808,"data":{"alt":53,"type":1,"area":230}},{"x":2598,"y":3808,"data":{"alt":53,"type":2,"res":1,"resAmount":20,"area":230}},{"x":2596,"y":3809,"data":{"alt":53,"type":2,"area":230}},{"x":2597,"y":3809,"data":{"alt":53,"type":2,"area":230}},{"x":2598,"y":3809,"data":{"alt":53,"type":1,"area":230}},{"x":2599,"y":3809,"data":{"alt":53,"type":2,"area":230}},{"x":2599,"y":3810,"data":{"alt":53,"type":1,"area":230}}]