[{"x":2604,"y":3840,"data":{"alt":55,"type":2,"area":232}},{"x":2605,"y":3840,"data":{"alt":55,"type":2,"area":232}},{"x":2606,"y":3840,"data":{"alt":55,"type":2,"area":232}},{"x":2607,"y":3840,"data":{"alt":55,"type":2,"area":232}},{"x":2608,"y":3840,"data":{"alt":55,"type":2,"area":232}},{"x":2609,"y":3840,"data":{"alt":55,"type":2,"area":232}},{"x":2610,"y":3840,"data":{"alt":55,"type":1,"area":232}},{"x":2611,"y":3840,"data":{"alt":55,"type":2,"area":232}},{"x":2612,"y":3840,"data":{"alt":55,"type":2,"area":232}},{"x":2613,"y":3840,"data":{"alt":55,"type":2,"area":232}},{"x":2614,"y":3840,"data":{"alt":55,"type":2,"area":232}},{"x":2615,"y":3840,"data":{"alt":55,"type":2,"area":232}},{"x":2616,"y":3840,"data":{"alt":55,"type":2,"area":232}},{"x":2617,"y":3840,"data":{"alt":55,"type":2,"area":232}},{"x":2604,"y":3841,"data":{"alt":55,"type":2,"area":232}},{"x":2605,"y":3841,"data":{"alt":55,"type":2,"area":232}},{"x":2606,"y":3841,"data":{"alt":55,"type":2,"area":232}},{"x":2607,"y":3841,"data":{"alt":55,"type":2,"area":232}},{"x":2608,"y":3841,"data":{"alt":55,"type":2,"area":232}},{"x":2609,"y":3841,"data":{"alt":55,"type":1,"area":232}},{"x":2610,"y":3841,"data":{"alt":55,"type":2,"area":232}},{"x":2611,"y":3841,"data":{"alt":55,"type":2,"area":232}},{"x":2612,"y":3841,"data":{"alt":55,"type":2,"area":232}},{"x":2613,"y":3841,"data":{"alt":55,"type":2,"area":232}},{"x":2614,"y":3841,"data":{"alt":55,"type":2,"area":232}},{"x":2615,"y":3841,"data":{"alt":55,"type":2,"area":232}},{"x":2616,"y":3841,"data":{"alt":55,"type":2,"area":232}},{"x":2617,"y":3841,"data":{"alt":55,"type":2,"area":232}},{"x":2604,"y":3842,"data":{"alt":55,"type":2,"area":232}},{"x":2605,"y":3842,"data":{"alt":55,"type":2,"area":232}},{"x":2606,"y":3842,"data":{"alt":55,"type":2,"area":232}},{"x":2607,"y":3842,"data":{"alt":55,"type":2,"area":232}},{"x":2608,"y":3842,"data":{"alt":55,"type":1,"area":232}},{"x":2609,"y":3842,"data":{"alt":55,"type":2,"area":232}},{"x":2610,"y":3842,"data":{"alt":55,"type":2,"area":232}},{"x":2611,"y":3842,"data":{"alt":55,"type":2,"area":232}},{"x":2612,"y":3842,"data":{"alt":55,"type":2,"area":232}},{"x":2613,"y":3842,"data":{"alt":55,"type":2,"area":232}},{"x":2614,"y":3842,"data":{"alt":55,"type":2,"area":232}},{"x":2615,"y":3842,"data":{"alt":55,"type":2,"area":232}},{"x":2616,"y":3842,"data":{"alt":55,"type":2,"area":232}},{"x":2617,"y":3842,"data":{"alt":55,"type":2,"area":232}},{"x":2618,"y":3842,"data":{"alt":55,"type":2,"area":232}},{"x":2603,"y":3843,"data":{"alt":55,"type":2,"area":232}},{"x":2604,"y":3843,"data":{"alt":55,"type":2,"area":232}},{"x":2605,"y":3843,"data":{"alt":55,"type":2,"area":232}},{"x":2606,"y":3843,"data":{"alt":55,"type":2,"area":232}},{"x":2607,"y":3843,"data":{"alt":55,"type":2,"area":232}},{"x":2608,"y":3843,"data":{"alt":55,"type":1,"area":232}},{"x":2609,"y":3843,"data":{"alt":55,"type":2,"area":232}},{"x":2610,"y":3843,"data":{"alt":55,"type":2,"area":232}},{"x":2611,"y":3843,"data":{"alt":55,"type":2,"area":232}},{"x":2612,"y":3843,"data":{"alt":55,"type":2,"area":232}},{"x":2613,"y":3843,"data":{"alt":55,"type":2,"area":232}},{"x":2614,"y":3843,"data":{"alt":55,"type":2,"area":232}},{"x":2615,"y":3843,"data":{"alt":55,"type":2,"area":232}},{"x":2616,"y":3843,"data":{"alt":55,"type":2,"area":232}},{"x":2617,"y":3843,"data":{"alt":55,"type":2,"area":232}},{"x":2604,"y":3844,"data":{"alt":55,"type":1,"area":232}},{"x":2605,"y":3844,"data":{"alt":55,"type":1,"area":232}},{"x":2606,"y":3844,"data":{"alt":55,"type":1,"area":232}},{"x":2607,"y":3844,"data":{"alt":55,"type":2,"area":232}},{"x":2608,"y":3844,"data":{"alt":55,"type":1,"area":232}},{"x":2609,"y":3844,"data":{"alt":55,"type":2,"area":232}},{"x":2610,"y":3844,"data":{"alt":55,"type":2,"area":232}},{"x":2611,"y":3844,"data":{"alt":55,"type":2,"area":232}},{"x":2612,"y":3844,"data":{"alt":55,"type":2,"area":232}},{"x":2613,"y":3844,"data":{"alt":55,"type":2,"area":232}},{"x":2614,"y":3844,"data":{"alt":55,"type":2,"area":232}},{"x":2615,"y":3844,"data":{"alt":55,"type":2,"area":232}},{"x":2616,"y":3844,"data":{"alt":55,"type":2,"area":232}},{"x":2617,"y":3844,"data":{"alt":55,"type":2,"area":232}},{"x":2603,"y":3845,"data":{"alt":55,"type":1,"area":232}},{"x":2604,"y":3845,"data":{"alt":55,"type":2,"area":232}},{"x":2605,"y":3845,"data":{"alt":55,"type":2,"area":232}},{"x":2606,"y":3845,"data":{"alt":55,"type":2,"area":232}},{"x":2607,"y":3845,"data":{"alt":55,"type":1,"area":232}},{"x":2608,"y":3845,"data":{"alt":55,"type":2,"area":232}},{"x":2609,"y":3845,"data":{"alt":55,"type":2,"area":232}},{"x":2610,"y":3845,"data":{"alt":55,"type":2,"area":232}},{"x":2611,"y":3845,"data":{"alt":55,"type":2,"area":232}},{"x":2612,"y":3845,"data":{"alt":55,"type":2,"area":232}},{"x":2613,"y":3845,"data":{"alt":55,"type":2,"area":232}},{"x":2614,"y":3845,"data":{"alt":55,"type":2,"area":232}},{"x":2615,"y":3845,"data":{"alt":55,"type":2,"area":232}},{"x":2616,"y":3845,"data":{"alt":55,"type":2,"area":232}},{"x":2617,"y":3845,"data":{"alt":55,"type":2,"area":232}},{"x":2603,"y":3846,"data":{"alt":55,"type":2,"area":232}},{"x":2604,"y":3846,"data":{"alt":55,"type":1,"area":232}},{"x":2605,"y":3846,"data":{"alt":55,"type":2,"area":232}},{"x":2606,"y":3846,"data":{"alt":55,"type":2,"area":232}},{"x":2607,"y":3846,"data":{"alt":55,"type":2,"area":232}},{"x":2608,"y":3846,"data":{"alt":55,"type":2,"area":232}},{"x":2609,"y":3846,"data":{"alt":55,"type":2,"area":232}},{"x":2610,"y":3846,"data":{"alt":55,"type":2,"area":232}},{"x":2611,"y":3846,"data":{"alt":55,"type":2,"area":232}},{"x":2612,"y":3846,"data":{"alt":55,"type":2,"area":232}},{"x":2613,"y":3846,"data":{"alt":55,"type":2,"area":232}},{"x":2614,"y":3846,"data":{"alt":55,"type":2,"area":232}},{"x":2615,"y":3846,"data":{"alt":55,"type":2,"area":232}},{"x":2616,"y":3846,"data":{"alt":55,"type":2,"area":232}},{"x":2601,"y":3847,"data":{"alt":55,"type":2,"area":232}},{"x":2602,"y":3847,"data":{"alt":55,"type":2,"area":232}},{"x":2603,"y":3847,"data":{"alt":55,"type":2,"area":232}},{"x":2604,"y":3847,"data":{"alt":55,"type":1,"area":232}},{"x":2605,"y":3847,"data":{"alt":55,"type":2,"area":232}},{"x":2606,"y":3847,"data":{"alt":55,"type":2,"area":232}},{"x":2607,"y":3847,"data":{"alt":55,"type":2,"area":232}},{"x":2608,"y":3847,"data":{"alt":55,"type":2,"area":232}},{"x":2609,"y":3847,"data":{"alt":55,"type":2,"area":232}},{"x":2610,"y":3847,"data":{"alt":55,"type":2,"area":232}},{"x":2611,"y":3847,"data":{"alt":55,"type":2,"area":232}},{"x":2612,"y":3847,"data":{"alt":55,"type":2,"area":232}},{"x":2613,"y":3847,"data":{"alt":55,"type":2,"area":232}},{"x":2614,"y":3847,"data":{"alt":55,"type":2,"area":232}},{"x":2615,"y":3847,"data":{"alt":55,"type":2,"area":232}},{"x":2616,"y":3847,"data":{"alt":55,"type":2,"area":232}},{"x":2600,"y":3848,"data":{"alt":55,"type":2,"area":232}},{"x":2601,"y":3848,"data":{"alt":55,"type":2,"area":232}},{"x":2602,"y":3848,"data":{"alt":55,"type":2,"area":232}},{"x":2603,"y":3848,"data":{"alt":55,"type":2,"area":232}},{"x":2604,"y":3848,"data":{"alt":55,"type":1,"area":232}},{"x":2605,"y":3848,"data":{"alt":55,"type":2,"area":232}},{"x":2606,"y":3848,"data":{"alt":55,"type":2,"area":232}},{"x":2608,"y":3848,"data":{"alt":55,"type":2,"area":232}},{"x":2609,"y":3848,"data":{"alt":55,"type":2,"area":232}},{"x":2612,"y":3848,"data":{"alt":55,"type":2,"area":232}},{"x":2613,"y":3848,"data":{"alt":55,"type":2,"area":232}},{"x":2614,"y":3848,"data":{"alt":55,"type":2,"area":232}},{"x":2615,"y":3848,"data":{"alt":55,"type":2,"area":232}},{"x":2616,"y":3848,"data":{"alt":55,"type":2,"area":232}},{"x":2617,"y":3848,"data":{"alt":55,"type":2,"area":232}},{"x":2604,"y":3849,"data":{"alt":55,"type":1,"area":232}},{"x":2613,"y":3849,"data":{"alt":55,"type":2,"area":232}},{"x":2614,"y":3849,"data":{"alt":55,"type":2,"area":232}},{"x":2615,"y":3849,"data":{"alt":55,"type":2,"area":232}},{"x":2616,"y":3849,"data":{"alt":55,"type":2,"area":232}},{"x":2612,"y":3850,"data":{"alt":55,"type":2,"area":232}},{"x":2613,"y":3850,"data":{"alt":55,"type":2,"area":232}},{"x":2610,"y":3837,"data":{"alt":55,"type":1,"area":232}},{"x":2605,"y":3838,"data":{"alt":55,"type":2,"area":232}},{"x":2606,"y":3838,"data":{"alt":55,"type":2,"area":232}},{"x":2607,"y":3838,"data":{"alt":55,"type":2,"area":232}},{"x":2608,"y":3838,"data":{"alt":55,"type":2,"area":232}},{"x":2610,"y":3838,"data":{"alt":55,"type":1,"area":232}},{"x":2611,"y":3838,"data":{"alt":55,"type":2,"area":232}},{"x":2612,"y":3838,"data":{"alt":55,"type":2,"area":232}},{"x":2613,"y":3838,"data":{"alt":55,"type":2,"area":232}},{"x":2614,"y":3838,"data":{"alt":55,"type":2,"area":232}},{"x":2615,"y":3838,"data":{"alt":55,"type":2,"area":232}},{"x":2604,"y":3839,"data":{"alt":55,"type":2,"area":232}},{"x":2605,"y":3839,"data":{"alt":55,"type":2,"area":232}},{"x":2606,"y":3839,"data":{"alt":55,"type":2,"area":232}},{"x":2607,"y":3839,"data":{"alt":55,"type":2,"area":232}},{"x":2608,"y":3839,"data":{"alt":55,"type":2,"area":232}},{"x":2609,"y":3839,"data":{"alt":55,"type":2,"area":232}},{"x":2610,"y":3839,"data":{"alt":55,"type":1,"area":232}},{"x":2611,"y":3839,"data":{"alt":55,"type":2,"area":232}},{"x":2612,"y":3839,"data":{"alt":55,"type":2,"area":232}},{"x":2613,"y":3839,"data":{"alt":55,"type":2,"area":232}},{"x":2614,"y":3839,"data":{"alt":55,"type":2,"area":232}},{"x":2615,"y":3839,"data":{"alt":55,"type":2,"area":232}},{"x":2616,"y":3839,"data":{"alt":55,"type":2,"area":232}}]