[{"x":317,"y":678,"data":{"alt":1,"fertility":60,"region":2121,"area":233}},{"x":315,"y":679,"data":{"alt":2,"fertility":60,"region":2121,"area":233}},{"x":316,"y":679,"data":{"alt":2,"fertility":60,"region":2121,"area":233}},{"x":317,"y":679,"data":{"alt":2,"fertility":60,"region":2121,"area":233}},{"x":318,"y":679,"data":{"alt":2,"fertility":60,"region":2121,"area":233}},{"x":315,"y":680,"data":{"alt":2,"fertility":60,"region":2121,"area":233}},{"x":316,"y":680,"data":{"alt":2,"fertility":60,"region":2121,"area":233}},{"x":317,"y":680,"data":{"alt":2,"fertility":60,"region":2121,"area":233}}]