[{"x":2604,"y":1677,"data":{"alt":55,"type":2,"area":234}},{"x":2603,"y":1678,"data":{"alt":55,"type":1,"area":234}},{"x":2604,"y":1678,"data":{"alt":55,"type":2,"area":234}},{"x":2605,"y":1678,"data":{"alt":55,"type":2,"area":234}},{"x":2602,"y":1679,"data":{"alt":55,"type":1,"area":234}},{"x":2603,"y":1679,"data":{"alt":55,"type":2,"area":234}},{"x":2604,"y":1679,"data":{"alt":55,"type":1,"area":234}},{"x":2603,"y":1680,"data":{"alt":55,"type":1,"area":234}},{"x":2604,"y":1680,"data":{"alt":55,"type":1,"area":234}},{"x":2604,"y":1681,"data":{"alt":55,"type":2,"area":234}},{"x":2605,"y":1681,"data":{"alt":55,"type":2,"area":234}}]