[{"x":2629,"y":1784,"data":{"alt":1,"type":2,"area":238}},{"x":2630,"y":1784,"data":{"alt":1,"type":2,"area":238}},{"x":2632,"y":1784,"data":{"alt":1,"type":1,"area":238}},{"x":2629,"y":1785,"data":{"alt":1,"type":1,"area":238}},{"x":2630,"y":1785,"data":{"alt":1,"type":1,"area":238}},{"x":2631,"y":1785,"data":{"alt":1,"type":1,"area":238}},{"x":2632,"y":1785,"data":{"alt":1,"type":2,"area":238}},{"x":2633,"y":1785,"data":{"alt":1,"type":2,"area":238}},{"x":2628,"y":1786,"data":{"alt":1,"type":1,"area":238}},{"x":2629,"y":1786,"data":{"alt":1,"type":2,"area":238}},{"x":2630,"y":1786,"data":{"alt":1,"type":2,"area":238}},{"x":2632,"y":1786,"data":{"alt":1,"type":2,"area":238}}]