[{"x":127,"y":2151,"data":{"alt":1,"type":1,"area":24}},{"x":127,"y":2152,"data":{"alt":1,"type":2,"area":24}},{"x":127,"y":2153,"data":{"alt":1,"type":2,"area":24}},{"x":128,"y":2151,"data":{"alt":1,"type":2,"area":24}},{"x":129,"y":2151,"data":{"alt":1,"type":2,"area":24}},{"x":128,"y":2152,"data":{"alt":1,"type":1,"area":24}},{"x":129,"y":2152,"data":{"alt":1,"type":1,"area":24}},{"x":130,"y":2152,"data":{"alt":1,"type":1,"area":24}},{"x":131,"y":2152,"data":{"alt":1,"type":1,"area":24}},{"x":132,"y":2152,"data":{"alt":1,"type":1,"area":24}},{"x":133,"y":2152,"data":{"alt":1,"type":1,"area":24}},{"x":128,"y":2153,"data":{"alt":1,"type":2,"area":24}},{"x":128,"y":2154,"data":{"alt":1,"type":2,"area":24}}]