[{"x":335,"y":632,"data":{"alt":2,"fertility":60,"region":2121,"area":241}},{"x":337,"y":632,"data":{"alt":2,"fertility":60,"region":2121,"area":241}},{"x":338,"y":632,"data":{"alt":1,"fertility":60,"region":2121,"area":241}},{"x":334,"y":633,"data":{"alt":2,"fertility":60,"region":2121,"area":241}},{"x":335,"y":633,"data":{"alt":2,"fertility":60,"region":2121,"area":241}},{"x":336,"y":633,"data":{"alt":2,"fertility":60,"region":2121,"area":241}},{"x":337,"y":633,"data":{"alt":1,"fertility":60,"region":2121,"area":241}},{"x":338,"y":633,"data":{"alt":1,"fertility":60,"region":2121,"area":241}},{"x":339,"y":633,"data":{"alt":1,"fertility":60,"region":2121,"area":241}},{"x":331,"y":634,"data":{"alt":1,"fertility":60,"region":2121,"area":241}},{"x":332,"y":634,"data":{"alt":1,"fertility":60,"region":2121,"area":241}},{"x":333,"y":634,"data":{"alt":1,"fertility":60,"region":2121,"area":241}},{"x":334,"y":634,"data":{"alt":2,"fertility":60,"region":2121,"area":241}},{"x":335,"y":634,"data":{"alt":1,"fertility":60,"region":2121,"area":241}},{"x":336,"y":634,"data":{"alt":1,"fertility":60,"region":2121,"area":241}},{"x":337,"y":634,"data":{"alt":1,"fertility":60,"region":2121,"area":241}},{"x":338,"y":634,"data":{"alt":1,"fertility":60,"region":2121,"area":241}},{"x":339,"y":634,"data":{"alt":1,"fertility":60,"region":2121,"area":241}},{"x":332,"y":635,"data":{"alt":1,"fertility":60,"region":2121,"area":241}},{"x":333,"y":635,"data":{"alt":1,"fertility":60,"region":2121,"area":241}},{"x":334,"y":635,"data":{"alt":1,"fertility":60,"region":2121,"area":241}},{"x":335,"y":635,"data":{"alt":1,"fertility":60,"region":2121,"area":241}},{"x":336,"y":635,"data":{"alt":1,"fertility":60,"region":2121,"area":241}},{"x":337,"y":635,"data":{"alt":1,"fertility":60,"region":2121,"area":241}},{"x":338,"y":635,"data":{"alt":1,"fertility":60,"region":2121,"area":241}},{"x":339,"y":635,"data":{"alt":1,"fertility":60,"region":2121,"area":241}},{"x":329,"y":636,"data":{"alt":1,"fertility":60,"region":2121,"area":241}},{"x":330,"y":636,"data":{"alt":1,"fertility":60,"region":2121,"area":241}},{"x":331,"y":636,"data":{"alt":1,"fertility":60,"region":2121,"area":241}},{"x":332,"y":636,"data":{"alt":1,"fertility":60,"region":2121,"area":241}},{"x":333,"y":636,"data":{"alt":1,"fertility":60,"forest":40,"region":2121,"area":241}},{"x":334,"y":636,"data":{"alt":1,"fertility":60,"region":2121,"area":241}},{"x":335,"y":636,"data":{"alt":1,"fertility":60,"region":2121,"area":241}},{"x":336,"y":636,"data":{"alt":1,"fertility":60,"region":2121,"area":241}},{"x":337,"y":636,"data":{"alt":1,"fertility":60,"region":2121,"area":241}},{"x":338,"y":636,"data":{"alt":1,"fertility":60,"region":2121,"area":241}},{"x":339,"y":636,"data":{"alt":1,"fertility":60,"region":2121,"area":241}},{"x":348,"y":636,"data":{"alt":1,"fertility":60,"region":2121,"area":241}},{"x":330,"y":637,"data":{"alt":1,"fertility":60,"region":2121,"area":241}},{"x":331,"y":637,"data":{"alt":1,"fertility":60,"region":2121,"area":241}},{"x":332,"y":637,"data":{"alt":1,"fertility":60,"region":2121,"area":241}},{"x":333,"y":637,"data":{"alt":1,"fertility":60,"region":2121,"area":241}},{"x":334,"y":637,"data":{"alt":1,"fertility":60,"region":2121,"area":241}},{"x":335,"y":637,"data":{"alt":1,"fertility":60,"region":2121,"area":241}},{"x":336,"y":637,"data":{"alt":1,"fertility":60,"region":2121,"area":241}},{"x":337,"y":637,"data":{"alt":1,"fertility":60,"region":2121,"area":241}},{"x":338,"y":637,"data":{"alt":1,"fertility":60,"region":2121,"area":241}},{"x":339,"y":637,"data":{"alt":1,"fertility":60,"region":2121,"area":241}},{"x":340,"y":637,"data":{"alt":1,"fertility":60,"region":2121,"area":241}},{"x":347,"y":637,"data":{"alt":1,"fertility":60,"region":2121,"area":241}},{"x":328,"y":638,"data":{"alt":1,"fertility":60,"region":2121,"area":241}},{"x":329,"y":638,"data":{"alt":1,"fertility":60,"region":2121,"area":241}},{"x":330,"y":638,"data":{"alt":1,"fertility":60,"region":2121,"area":241}},{"x":331,"y":638,"data":{"alt":1,"fertility":60,"region":2121,"area":241}},{"x":332,"y":638,"data":{"alt":1,"fertility":60,"region":2121,"area":241}},{"x":333,"y":638,"data":{"alt":1,"fertility":60,"region":2121,"area":241}},{"x":334,"y":638,"data":{"alt":1,"fertility":60,"region":2121,"area":241}},{"x":335,"y":638,"data":{"alt":1,"fertility":60,"region":2121,"area":241}},{"x":336,"y":638,"data":{"alt":1,"fertility":60,"region":2121,"area":241}},{"x":337,"y":638,"data":{"alt":1,"fertility":60,"region":2121,"area":241}},{"x":338,"y":638,"data":{"alt":1,"fertility":60,"region":2121,"area":241}},{"x":339,"y":638,"data":{"alt":1,"fertility":60,"region":2121,"area":241}},{"x":343,"y":638,"data":{"alt":1,"fertility":60,"region":2121,"area":241}},{"x":344,"y":638,"data":{"alt":1,"fertility":60,"region":2121,"area":241}},{"x":345,"y":638,"data":{"alt":1,"fertility":60,"region":2121,"area":241}},{"x":346,"y":638,"data":{"alt":1,"fertility":60,"region":2121,"area":241}},{"x":328,"y":639,"data":{"alt":1,"fertility":60,"region":2121,"area":241}},{"x":329,"y":639,"data":{"alt":1,"fertility":60,"region":2121,"area":241}},{"x":330,"y":639,"data":{"alt":1,"fertility":60,"region":2121,"area":241}},{"x":331,"y":639,"data":{"alt":1,"fertility":60,"region":2121,"area":241}},{"x":332,"y":639,"data":{"alt":1,"fertility":60,"region":2121,"area":241}},{"x":333,"y":639,"data":{"alt":1,"fertility":60,"region":2121,"area":241}},{"x":334,"y":639,"data":{"alt":1,"fertility":60,"region":2121,"area":241}},{"x":335,"y":639,"data":{"alt":1,"fertility":60,"region":2121,"area":241}},{"x":336,"y":639,"data":{"alt":1,"fertility":60,"region":2121,"area":241}},{"x":337,"y":639,"data":{"alt":1,"fertility":60,"region":2121,"area":241}},{"x":338,"y":639,"data":{"alt":1,"fertility":60,"region":2121,"area":241}},{"x":339,"y":639,"data":{"alt":1,"fertility":60,"region":2121,"area":241}},{"x":340,"y":639,"data":{"alt":1,"fertility":60,"region":2121,"area":241}},{"x":341,"y":639,"data":{"alt":1,"fertility":60,"region":2121,"area":241}},{"x":343,"y":639,"data":{"alt":1,"fertility":60,"region":2121,"area":241}},{"x":344,"y":639,"data":{"alt":1,"fertility":60,"region":2121,"area":241}},{"x":345,"y":639,"data":{"alt":1,"fertility":60,"region":2121,"area":241}},{"x":346,"y":639,"data":{"alt":1,"fertility":60,"region":2121,"area":241}},{"x":347,"y":639,"data":{"alt":1,"fertility":60,"region":2121,"area":241}},{"x":330,"y":640,"data":{"alt":1,"fertility":60,"forest":40,"region":2121,"area":241}},{"x":331,"y":640,"data":{"alt":1,"fertility":60,"forest":40,"region":2121,"area":241}},{"x":332,"y":640,"data":{"alt":1,"fertility":60,"region":2121,"area":241}},{"x":333,"y":640,"data":{"alt":1,"fertility":60,"region":2121,"area":241}},{"x":334,"y":640,"data":{"alt":1,"fertility":60,"region":2121,"area":241}},{"x":335,"y":640,"data":{"alt":1,"fertility":60,"region":2121,"area":241}},{"x":336,"y":640,"data":{"alt":1,"fertility":60,"region":2121,"area":241}},{"x":337,"y":640,"data":{"alt":1,"fertility":60,"region":2121,"area":241}},{"x":338,"y":640,"data":{"alt":1,"fertility":60,"region":2121,"area":241}},{"x":339,"y":640,"data":{"alt":1,"fertility":60,"region":2121,"area":241}},{"x":340,"y":640,"data":{"alt":1,"fertility":60,"region":2121,"area":241}},{"x":341,"y":640,"data":{"alt":1,"fertility":60,"forest":40,"region":2121,"area":241}},{"x":342,"y":640,"data":{"alt":1,"fertility":60,"region":2121,"area":241}},{"x":343,"y":640,"data":{"alt":1,"fertility":60,"region":2121,"area":241}},{"x":344,"y":640,"data":{"alt":1,"fertility":60,"region":2121,"area":241}},{"x":345,"y":640,"data":{"alt":1,"fertility":60,"region":2121,"area":241}},{"x":346,"y":640,"data":{"alt":1,"fertility":60,"region":2121,"area":241}},{"x":347,"y":640,"data":{"alt":1,"fertility":60,"region":2121,"area":241}},{"x":348,"y":640,"data":{"alt":1,"fertility":60,"region":2121,"area":241}},{"x":349,"y":640,"data":{"alt":1,"fertility":60,"region":2121,"area":241}},{"x":328,"y":641,"data":{"alt":1,"fertility":60,"region":2121,"area":241}},{"x":329,"y":641,"data":{"alt":1,"fertility":60,"region":2121,"area":241}},{"x":330,"y":641,"data":{"alt":1,"fertility":60,"region":2121,"area":241}},{"x":331,"y":641,"data":{"alt":1,"fertility":60,"region":2121,"area":241}},{"x":332,"y":641,"data":{"alt":1,"fertility":60,"region":2121,"area":241}},{"x":333,"y":641,"data":{"alt":1,"fertility":60,"region":2121,"area":241}},{"x":334,"y":641,"data":{"alt":1,"fertility":60,"region":2121,"area":241}},{"x":335,"y":641,"data":{"alt":1,"fertility":60,"region":2121,"area":241}},{"x":336,"y":641,"data":{"alt":1,"fertility":60,"region":2121,"area":241}},{"x":337,"y":641,"data":{"alt":1,"fertility":60,"region":2121,"area":241}},{"x":338,"y":641,"data":{"alt":1,"fertility":60,"region":2121,"area":241}},{"x":339,"y":641,"data":{"alt":1,"fertility":60,"region":2121,"area":241}},{"x":340,"y":641,"data":{"alt":1,"fertility":60,"region":2121,"area":241}},{"x":341,"y":641,"data":{"alt":1,"fertility":60,"region":2121,"area":241}},{"x":342,"y":641,"data":{"alt":1,"fertility":60,"region":2121,"area":241}},{"x":343,"y":641,"data":{"alt":1,"fertility":60,"region":2121,"area":241}},{"x":344,"y":641,"data":{"alt":1,"fertility":60,"region":2121,"area":241}},{"x":345,"y":641,"data":{"alt":1,"fertility":60,"region":2121,"area":241}},{"x":346,"y":641,"data":{"alt":1,"fertility":60,"region":2121,"area":241}},{"x":347,"y":641,"data":{"alt":1,"fertility":60,"region":2121,"area":241}},{"x":348,"y":641,"data":{"alt":1,"fertility":60,"region":2121,"area":241}},{"x":349,"y":641,"data":{"alt":1,"fertility":60,"region":2121,"area":241}},{"x":329,"y":642,"data":{"alt":1,"fertility":60,"region":2121,"area":241}},{"x":330,"y":642,"data":{"alt":1,"fertility":60,"region":2121,"area":241}},{"x":331,"y":642,"data":{"alt":1,"fertility":60,"region":2121,"area":241}},{"x":332,"y":642,"data":{"alt":1,"fertility":60,"region":2121,"area":241}},{"x":333,"y":642,"data":{"alt":1,"fertility":60,"region":2121,"area":241}},{"x":334,"y":642,"data":{"alt":1,"fertility":60,"region":2121,"area":241}},{"x":335,"y":642,"data":{"alt":1,"fertility":60,"region":2121,"area":241}},{"x":336,"y":642,"data":{"alt":1,"fertility":60,"region":2121,"area":241}},{"x":337,"y":642,"data":{"alt":1,"fertility":60,"region":2121,"area":241}},{"x":338,"y":642,"data":{"alt":1,"fertility":60,"region":2121,"area":241}},{"x":339,"y":642,"data":{"alt":1,"fertility":60,"region":2121,"area":241}},{"x":340,"y":642,"data":{"alt":1,"fertility":60,"region":2121,"area":241}},{"x":341,"y":642,"data":{"alt":1,"fertility":60,"region":2121,"area":241}},{"x":342,"y":642,"data":{"alt":1,"fertility":60,"region":2121,"area":241}},{"x":343,"y":642,"data":{"alt":1,"fertility":60,"region":2121,"area":241}},{"x":344,"y":642,"data":{"alt":1,"fertility":60,"region":2121,"area":241}},{"x":345,"y":642,"data":{"alt":1,"fertility":60,"forest":80,"region":2121,"area":241}},{"x":346,"y":642,"data":{"alt":1,"fertility":60,"region":2121,"area":241}},{"x":347,"y":642,"data":{"alt":1,"fertility":60,"region":2121,"area":241}},{"x":348,"y":642,"data":{"alt":1,"fertility":60,"region":2121,"area":241}},{"x":349,"y":642,"data":{"alt":1,"fertility":60,"region":2121,"area":241}},{"x":328,"y":643,"data":{"alt":1,"fertility":60,"region":2121,"area":241}},{"x":329,"y":643,"data":{"alt":1,"fertility":60,"region":2121,"area":241}},{"x":330,"y":643,"data":{"alt":1,"fertility":60,"region":2121,"area":241}},{"x":331,"y":643,"data":{"alt":1,"fertility":60,"region":2121,"area":241}},{"x":332,"y":643,"data":{"alt":1,"fertility":60,"region":2121,"area":241}},{"x":333,"y":643,"data":{"alt":1,"fertility":60,"region":2121,"area":241}},{"x":334,"y":643,"data":{"alt":1,"fertility":60,"region":2121,"area":241}},{"x":335,"y":643,"data":{"alt":1,"fertility":60,"region":2121,"area":241}},{"x":336,"y":643,"data":{"alt":1,"fertility":60,"region":2121,"area":241}},{"x":337,"y":643,"data":{"alt":1,"fertility":60,"region":2121,"area":241}},{"x":338,"y":643,"data":{"alt":1,"fertility":60,"region":2121,"area":241}},{"x":339,"y":643,"data":{"alt":1,"fertility":60,"region":2121,"area":241}},{"x":340,"y":643,"data":{"alt":1,"fertility":60,"region":2121,"area":241}},{"x":341,"y":643,"data":{"alt":1,"fertility":60,"region":2121,"area":241}},{"x":342,"y":643,"data":{"alt":1,"fertility":60,"region":2121,"area":241}},{"x":343,"y":643,"data":{"alt":1,"fertility":60,"region":2121,"area":241}},{"x":344,"y":643,"data":{"alt":1,"fertility":60,"region":2121,"area":241}},{"x":345,"y":643,"data":{"alt":1,"fertility":60,"region":2121,"area":241}},{"x":346,"y":643,"data":{"alt":1,"fertility":60,"region":2121,"area":241}},{"x":347,"y":643,"data":{"alt":1,"fertility":60,"region":2121,"area":241}},{"x":348,"y":643,"data":{"alt":1,"fertility":60,"region":2121,"area":241}},{"x":349,"y":643,"data":{"alt":1,"fertility":60,"region":2121,"area":241}},{"x":350,"y":643,"data":{"alt":1,"fertility":60,"region":2121,"area":241}},{"x":329,"y":644,"data":{"alt":1,"fertility":60,"region":2121,"area":241}},{"x":330,"y":644,"data":{"alt":1,"fertility":60,"region":2121,"area":241}},{"x":331,"y":644,"data":{"alt":1,"fertility":60,"region":2121,"area":241}},{"x":332,"y":644,"data":{"alt":1,"fertility":60,"region":2121,"area":241}},{"x":333,"y":644,"data":{"alt":1,"fertility":60,"region":2121,"area":241}},{"x":334,"y":644,"data":{"alt":1,"fertility":60,"region":2121,"area":241}},{"x":335,"y":644,"data":{"alt":1,"fertility":60,"region":2121,"area":241}},{"x":336,"y":644,"data":{"alt":1,"fertility":60,"region":2121,"area":241}},{"x":337,"y":644,"data":{"alt":1,"fertility":60,"region":2121,"area":241}},{"x":338,"y":644,"data":{"alt":1,"fertility":60,"region":2121,"area":241}},{"x":339,"y":644,"data":{"alt":1,"fertility":60,"region":2121,"area":241}},{"x":340,"y":644,"data":{"alt":1,"fertility":60,"region":2121,"area":241}},{"x":341,"y":644,"data":{"alt":1,"fertility":60,"region":2121,"area":241}},{"x":342,"y":644,"data":{"alt":1,"fertility":60,"forest":40,"region":2121,"area":241}},{"x":343,"y":644,"data":{"alt":1,"fertility":60,"region":2121,"area":241}},{"x":344,"y":644,"data":{"alt":1,"fertility":60,"region":2121,"area":241}},{"x":345,"y":644,"data":{"alt":1,"fertility":60,"region":2121,"area":241}},{"x":346,"y":644,"data":{"alt":1,"fertility":60,"region":2121,"area":241}},{"x":347,"y":644,"data":{"alt":1,"fertility":60,"region":2121,"area":241}},{"x":348,"y":644,"data":{"alt":1,"fertility":60,"region":2121,"area":241}},{"x":349,"y":644,"data":{"alt":1,"fertility":60,"region":2121,"area":241}},{"x":350,"y":644,"data":{"alt":1,"fertility":60,"region":2121,"area":241}},{"x":351,"y":644,"data":{"alt":1,"fertility":60,"region":2121,"area":241}},{"x":328,"y":645,"data":{"alt":1,"fertility":60,"region":2121,"area":241}},{"x":329,"y":645,"data":{"alt":1,"fertility":60,"region":2121,"area":241}},{"x":330,"y":645,"data":{"alt":1,"fertility":60,"region":2121,"area":241}},{"x":331,"y":645,"data":{"alt":1,"fertility":60,"region":2121,"area":241}},{"x":332,"y":645,"data":{"alt":1,"fertility":60,"region":2121,"area":241}},{"x":333,"y":645,"data":{"alt":1,"fertility":60,"region":2121,"area":241}},{"x":334,"y":645,"data":{"alt":1,"fertility":60,"region":2121,"area":241}},{"x":335,"y":645,"data":{"alt":1,"fertility":60,"region":2121,"area":241}},{"x":336,"y":645,"data":{"alt":1,"fertility":60,"region":2121,"area":241}},{"x":337,"y":645,"data":{"alt":1,"fertility":60,"region":2121,"area":241}},{"x":338,"y":645,"data":{"alt":1,"fertility":60,"region":2121,"area":241}},{"x":339,"y":645,"data":{"alt":1,"fertility":60,"region":2121,"area":241}},{"x":340,"y":645,"data":{"alt":1,"fertility":60,"region":2121,"area":241}},{"x":341,"y":645,"data":{"alt":1,"fertility":60,"region":2121,"area":241}},{"x":342,"y":645,"data":{"alt":1,"fertility":60,"region":2121,"area":241}},{"x":343,"y":645,"data":{"alt":1,"fertility":60,"region":2121,"area":241}},{"x":344,"y":645,"data":{"alt":1,"fertility":60,"region":2121,"area":241}},{"x":345,"y":645,"data":{"alt":1,"fertility":60,"region":2121,"area":241}},{"x":346,"y":645,"data":{"alt":1,"fertility":60,"region":2121,"area":241}},{"x":347,"y":645,"data":{"alt":1,"fertility":60,"region":2121,"area":241}},{"x":348,"y":645,"data":{"alt":1,"fertility":60,"region":2121,"area":241}},{"x":349,"y":645,"data":{"alt":1,"fertility":60,"region":2121,"area":241}},{"x":350,"y":645,"data":{"alt":1,"fertility":60,"region":2121,"area":241}},{"x":351,"y":645,"data":{"alt":1,"fertility":60,"region":2121,"area":241}},{"x":328,"y":646,"data":{"alt":1,"fertility":60,"region":2121,"area":241}},{"x":329,"y":646,"data":{"alt":1,"fertility":60,"region":2121,"area":241}},{"x":330,"y":646,"data":{"alt":1,"fertility":60,"region":2121,"area":241}},{"x":331,"y":646,"data":{"alt":1,"fertility":60,"region":2121,"area":241}},{"x":332,"y":646,"data":{"alt":1,"fertility":60,"region":2121,"area":241}},{"x":333,"y":646,"data":{"alt":1,"fertility":60,"region":2121,"area":241}},{"x":334,"y":646,"data":{"alt":1,"fertility":60,"region":2121,"area":241}},{"x":335,"y":646,"data":{"alt":1,"fertility":60,"region":2121,"area":241}},{"x":336,"y":646,"data":{"alt":1,"fertility":60,"region":2121,"area":241}},{"x":337,"y":646,"data":{"alt":1,"fertility":60,"region":2121,"area":241}},{"x":338,"y":646,"data":{"alt":1,"fertility":60,"region":2121,"area":241}},{"x":339,"y":646,"data":{"alt":1,"fertility":60,"region":2121,"area":241}},{"x":340,"y":646,"data":{"alt":1,"fertility":60,"region":2121,"area":241}},{"x":341,"y":646,"data":{"alt":1,"fertility":60,"region":2121,"area":241}},{"x":342,"y":646,"data":{"alt":1,"fertility":60,"region":2121,"area":241}},{"x":343,"y":646,"data":{"alt":1,"fertility":60,"region":2121,"area":241}},{"x":344,"y":646,"data":{"alt":1,"fertility":60,"forest":80,"region":2121,"area":241}},{"x":345,"y":646,"data":{"alt":1,"fertility":60,"region":2121,"area":241}},{"x":346,"y":646,"data":{"alt":1,"fertility":60,"region":2121,"area":241}},{"x":347,"y":646,"data":{"alt":1,"fertility":60,"region":2121,"area":241}},{"x":348,"y":646,"data":{"alt":1,"fertility":60,"region":2121,"area":241}},{"x":349,"y":646,"data":{"alt":1,"fertility":60,"region":2121,"area":241}},{"x":350,"y":646,"data":{"alt":1,"fertility":60,"region":2121,"area":241}},{"x":351,"y":646,"data":{"alt":1,"fertility":60,"region":2121,"area":241}},{"x":329,"y":647,"data":{"alt":1,"fertility":60,"region":2121,"area":241}},{"x":330,"y":647,"data":{"alt":1,"fertility":60,"region":2121,"area":241}},{"x":331,"y":647,"data":{"alt":1,"fertility":60,"region":2121,"area":241}},{"x":332,"y":647,"data":{"alt":1,"fertility":60,"region":2121,"area":241}},{"x":333,"y":647,"data":{"alt":1,"fertility":60,"region":2121,"area":241}},{"x":334,"y":647,"data":{"alt":1,"fertility":60,"region":2121,"area":241}},{"x":335,"y":647,"data":{"alt":1,"fertility":60,"region":2121,"area":241}},{"x":336,"y":647,"data":{"alt":1,"fertility":60,"region":2121,"area":241}},{"x":337,"y":647,"data":{"alt":1,"fertility":60,"region":2121,"area":241}},{"x":338,"y":647,"data":{"alt":1,"fertility":60,"region":2121,"area":241}},{"x":339,"y":647,"data":{"alt":1,"fertility":60,"region":2121,"area":241}},{"x":340,"y":647,"data":{"alt":1,"fertility":60,"region":2121,"area":241}},{"x":341,"y":647,"data":{"alt":1,"fertility":60,"region":2121,"area":241}},{"x":342,"y":647,"data":{"alt":1,"fertility":60,"region":2121,"area":241}},{"x":343,"y":647,"data":{"alt":1,"fertility":60,"region":2121,"area":241}},{"x":344,"y":647,"data":{"alt":1,"fertility":60,"region":2121,"area":241}},{"x":345,"y":647,"data":{"alt":1,"fertility":60,"region":2121,"area":241}},{"x":346,"y":647,"data":{"alt":1,"fertility":60,"region":2121,"area":241}},{"x":347,"y":647,"data":{"alt":1,"fertility":60,"region":2121,"area":241}},{"x":348,"y":647,"data":{"alt":1,"fertility":60,"region":2121,"area":241}},{"x":349,"y":647,"data":{"alt":1,"fertility":60,"region":2121,"area":241}},{"x":350,"y":647,"data":{"alt":1,"fertility":60,"region":2121,"area":241}},{"x":351,"y":647,"data":{"alt":1,"fertility":60,"region":2121,"area":241}},{"x":329,"y":648,"data":{"alt":1,"fertility":60,"region":2121,"area":241}},{"x":330,"y":648,"data":{"alt":1,"fertility":60,"region":2121,"area":241}},{"x":331,"y":648,"data":{"alt":1,"fertility":60,"region":2121,"area":241}},{"x":332,"y":648,"data":{"alt":1,"fertility":60,"region":2121,"area":241}},{"x":333,"y":648,"data":{"alt":1,"fertility":60,"region":2121,"area":241}},{"x":334,"y":648,"data":{"alt":1,"fertility":60,"region":2121,"area":241}},{"x":335,"y":648,"data":{"alt":1,"fertility":60,"region":2121,"area":241}},{"x":336,"y":648,"data":{"alt":1,"fertility":60,"region":2121,"area":241}},{"x":337,"y":648,"data":{"alt":1,"fertility":60,"region":2121,"area":241}},{"x":338,"y":648,"data":{"alt":1,"fertility":60,"region":2121,"area":241}},{"x":339,"y":648,"data":{"alt":1,"fertility":60,"region":2121,"area":241}},{"x":340,"y":648,"data":{"alt":1,"fertility":60,"region":2121,"area":241}},{"x":341,"y":648,"data":{"alt":1,"fertility":60,"region":2121,"area":241}},{"x":342,"y":648,"data":{"alt":1,"fertility":60,"region":2121,"area":241}},{"x":343,"y":648,"data":{"alt":1,"fertility":60,"region":2121,"area":241}},{"x":345,"y":648,"data":{"alt":1,"fertility":60,"region":2121,"area":241}},{"x":347,"y":648,"data":{"alt":1,"fertility":60,"region":2121,"area":241}},{"x":349,"y":648,"data":{"alt":1,"fertility":60,"region":2121,"area":241}},{"x":350,"y":648,"data":{"alt":1,"fertility":60,"region":2121,"area":241}},{"x":330,"y":649,"data":{"alt":1,"fertility":60,"region":2121,"area":241}},{"x":332,"y":649,"data":{"alt":1,"fertility":60,"region":2121,"area":241}},{"x":333,"y":649,"data":{"alt":1,"fertility":60,"forest":40,"region":2121,"area":241}},{"x":334,"y":649,"data":{"alt":1,"fertility":60,"region":2121,"area":241}},{"x":335,"y":649,"data":{"alt":1,"fertility":60,"region":2121,"area":241}},{"x":336,"y":649,"data":{"alt":1,"fertility":60,"region":2121,"area":241}},{"x":337,"y":649,"data":{"alt":1,"fertility":60,"region":2121,"area":241}},{"x":338,"y":649,"data":{"alt":1,"fertility":60,"region":2121,"area":241}},{"x":339,"y":649,"data":{"alt":1,"fertility":60,"region":2121,"area":241}},{"x":340,"y":649,"data":{"alt":1,"fertility":60,"region":2121,"area":241}},{"x":341,"y":649,"data":{"alt":1,"fertility":60,"region":2121,"area":241}},{"x":342,"y":649,"data":{"alt":1,"fertility":60,"region":2121,"area":241}},{"x":343,"y":649,"data":{"alt":1,"fertility":60,"region":2121,"area":241}},{"x":327,"y":650,"data":{"alt":1,"fertility":60,"region":2121,"area":241}},{"x":329,"y":650,"data":{"alt":1,"fertility":60,"region":2121,"area":241}},{"x":335,"y":650,"data":{"alt":1,"fertility":60,"region":2121,"area":241}},{"x":336,"y":650,"data":{"alt":1,"fertility":60,"region":2121,"area":241}},{"x":337,"y":650,"data":{"alt":1,"fertility":60,"region":2121,"area":241}},{"x":338,"y":650,"data":{"alt":1,"fertility":60,"region":2121,"area":241}},{"x":339,"y":650,"data":{"alt":1,"fertility":60,"region":2121,"area":241}},{"x":340,"y":650,"data":{"alt":1,"fertility":60,"region":2121,"area":241}},{"x":341,"y":650,"data":{"alt":1,"fertility":60,"region":2121,"area":241}},{"x":327,"y":651,"data":{"alt":1,"fertility":60,"region":2121,"area":241}},{"x":328,"y":651,"data":{"alt":1,"fertility":60,"region":2121,"area":241}},{"x":329,"y":651,"data":{"alt":1,"fertility":60,"region":2121,"area":241}},{"x":334,"y":651,"data":{"alt":1,"fertility":60,"region":2121,"area":241}},{"x":335,"y":651,"data":{"alt":1,"fertility":60,"region":2121,"area":241}},{"x":336,"y":651,"data":{"alt":1,"fertility":60,"region":2121,"area":241}},{"x":339,"y":651,"data":{"alt":1,"fertility":60,"region":2121,"area":241}},{"x":340,"y":651,"data":{"alt":1,"fertility":60,"region":2121,"area":241}},{"x":326,"y":652,"data":{"alt":1,"fertility":60,"region":2121,"area":241}},{"x":328,"y":652,"data":{"alt":1,"fertility":60,"region":2121,"area":241}},{"x":329,"y":652,"data":{"alt":1,"fertility":60,"region":2121,"area":241}},{"x":334,"y":652,"data":{"alt":1,"fertility":60,"region":2121,"area":241}},{"x":335,"y":652,"data":{"alt":1,"fertility":60,"region":2121,"area":241}},{"x":336,"y":652,"data":{"alt":1,"fertility":60,"region":2121,"area":241}},{"x":337,"y":652,"data":{"alt":1,"fertility":60,"region":2121,"area":241}},{"x":340,"y":652,"data":{"alt":1,"fertility":60,"region":2121,"area":241}},{"x":328,"y":653,"data":{"alt":1,"fertility":60,"region":2121,"area":241}},{"x":335,"y":653,"data":{"alt":1,"fertility":60,"region":2121,"area":241}},{"x":336,"y":653,"data":{"alt":1,"fertility":60,"region":2121,"area":241}},{"x":334,"y":654,"data":{"alt":1,"fertility":60,"region":2121,"area":241}},{"x":335,"y":654,"data":{"alt":1,"fertility":60,"region":2121,"area":241}},{"x":336,"y":654,"data":{"alt":1,"fertility":60,"region":2121,"area":241}},{"x":335,"y":655,"data":{"alt":1,"fertility":60,"region":2121,"area":241}},{"x":334,"y":656,"data":{"alt":1,"fertility":60,"region":2121,"area":241}},{"x":352,"y":646,"data":{"alt":1,"fertility":60,"region":2121,"area":241}},{"x":353,"y":646,"data":{"alt":1,"fertility":60,"region":2121,"area":241}},{"x":352,"y":647,"data":{"alt":1,"fertility":60,"region":2121,"area":241}},{"x":353,"y":647,"data":{"alt":1,"fertility":60,"region":2121,"area":241}}]