[{"x":2686,"y":4039,"data":{"alt":2,"type":1,"area":242}},{"x":2687,"y":4039,"data":{"alt":2,"type":1,"area":242}},{"x":2685,"y":4040,"data":{"alt":2,"type":1,"area":242}},{"x":2686,"y":4040,"data":{"alt":2,"type":1,"area":242}},{"x":2687,"y":4040,"data":{"alt":2,"type":1,"area":242}},{"x":2682,"y":4041,"data":{"alt":2,"type":1,"area":242}},{"x":2683,"y":4041,"data":{"alt":2,"type":1,"area":242}},{"x":2684,"y":4041,"data":{"alt":2,"type":1,"area":242}},{"x":2685,"y":4041,"data":{"alt":2,"type":1,"area":242}},{"x":2686,"y":4041,"data":{"alt":2,"type":1,"area":242}},{"x":2681,"y":4042,"data":{"alt":2,"type":1,"area":242}},{"x":2682,"y":4042,"data":{"alt":2,"type":1,"area":242}},{"x":2683,"y":4042,"data":{"alt":2,"type":1,"area":242}},{"x":2684,"y":4042,"data":{"alt":2,"type":1,"area":242}},{"x":2685,"y":4042,"data":{"alt":2,"type":1,"area":242}},{"x":2680,"y":4043,"data":{"alt":2,"type":1,"area":242}},{"x":2681,"y":4043,"data":{"alt":2,"type":1,"area":242}},{"x":2682,"y":4043,"data":{"alt":2,"type":1,"area":242}},{"x":2683,"y":4043,"data":{"alt":2,"type":1,"area":242}},{"x":2684,"y":4043,"data":{"alt":2,"type":1,"area":242}},{"x":2680,"y":4044,"data":{"alt":2,"type":1,"area":242}},{"x":2681,"y":4044,"data":{"alt":2,"type":1,"area":242}},{"x":2682,"y":4044,"data":{"alt":2,"type":1,"area":242}},{"x":2683,"y":4044,"data":{"alt":2,"type":1,"area":242}},{"x":2681,"y":4045,"data":{"alt":2,"type":1,"area":242}},{"x":2682,"y":4045,"data":{"alt":2,"type":1,"area":242}},{"x":2683,"y":4045,"data":{"alt":2,"type":1,"area":242}},{"x":2684,"y":4045,"data":{"alt":2,"type":1,"area":242}},{"x":2683,"y":4046,"data":{"alt":2,"type":1,"area":242}},{"x":2684,"y":4046,"data":{"alt":2,"type":1,"area":242}},{"x":2685,"y":4046,"data":{"alt":2,"type":1,"area":242}},{"x":2684,"y":4047,"data":{"alt":2,"type":1,"area":242}},{"x":2685,"y":4047,"data":{"alt":2,"type":1,"area":242}},{"x":2686,"y":4047,"data":{"alt":2,"type":1,"area":242}},{"x":2685,"y":4048,"data":{"alt":2,"type":1,"area":242}},{"x":2686,"y":4048,"data":{"alt":2,"type":1,"area":242}},{"x":2687,"y":4048,"data":{"alt":2,"type":1,"area":242}},{"x":2686,"y":4049,"data":{"alt":2,"type":1,"area":242}},{"x":2687,"y":4049,"data":{"alt":2,"type":1,"area":242}},{"x":2687,"y":4050,"data":{"alt":2,"type":1,"area":242}},{"x":2694,"y":4064,"data":{"alt":2,"type":1,"area":242}},{"x":2695,"y":4064,"data":{"alt":2,"type":1,"area":242}},{"x":2696,"y":4064,"data":{"alt":2,"type":1,"area":242}},{"x":2695,"y":4065,"data":{"alt":2,"type":1,"area":242}},{"x":2696,"y":4065,"data":{"alt":2,"type":1,"area":242}},{"x":2697,"y":4065,"data":{"alt":2,"type":1,"area":242}},{"x":2696,"y":4066,"data":{"alt":2,"type":1,"area":242}},{"x":2697,"y":4066,"data":{"alt":2,"type":1,"area":242}},{"x":2698,"y":4066,"data":{"alt":2,"type":1,"area":242}},{"x":2696,"y":4067,"data":{"alt":2,"type":1,"area":242}},{"x":2697,"y":4067,"data":{"alt":2,"type":1,"area":242}},{"x":2698,"y":4067,"data":{"alt":2,"type":1,"area":242}},{"x":2696,"y":4068,"data":{"alt":2,"type":1,"area":242}},{"x":2697,"y":4068,"data":{"alt":2,"type":1,"area":242}},{"x":2698,"y":4068,"data":{"alt":2,"type":1,"area":242}},{"x":2697,"y":4069,"data":{"alt":2,"type":1,"area":242}},{"x":2698,"y":4069,"data":{"alt":2,"type":1,"area":242}},{"x":2699,"y":4069,"data":{"alt":2,"type":1,"area":242}},{"x":2698,"y":4070,"data":{"alt":2,"type":1,"area":242}},{"x":2699,"y":4070,"data":{"alt":2,"type":1,"area":242}},{"x":2700,"y":4070,"data":{"alt":2,"type":1,"area":242}},{"x":2699,"y":4071,"data":{"alt":2,"type":1,"area":242}},{"x":2700,"y":4071,"data":{"alt":2,"type":1,"area":242}},{"x":2701,"y":4071,"data":{"alt":2,"type":1,"area":242}},{"x":2700,"y":4072,"data":{"alt":2,"type":1,"area":242}},{"x":2701,"y":4072,"data":{"alt":2,"type":1,"area":242}},{"x":2702,"y":4072,"data":{"alt":2,"type":1,"area":242}},{"x":2701,"y":4073,"data":{"alt":2,"type":1,"area":242}},{"x":2702,"y":4073,"data":{"alt":2,"type":1,"area":242}},{"x":2703,"y":4073,"data":{"alt":2,"type":1,"area":242}},{"x":2702,"y":4074,"data":{"alt":2,"type":1,"area":242}},{"x":2703,"y":4074,"data":{"alt":2,"type":1,"area":242}},{"x":2702,"y":4075,"data":{"alt":2,"type":1,"area":242}},{"x":2703,"y":4075,"data":{"alt":2,"type":1,"area":242}},{"x":2702,"y":4076,"data":{"alt":2,"type":1,"area":242}},{"x":2703,"y":4076,"data":{"alt":2,"type":1,"area":242}},{"x":2702,"y":4077,"data":{"alt":2,"type":1,"area":242}},{"x":2703,"y":4077,"data":{"alt":2,"type":1,"area":242}},{"x":2702,"y":4078,"data":{"alt":2,"type":1,"area":242}},{"x":2703,"y":4078,"data":{"alt":2,"type":1,"area":242}},{"x":2704,"y":4078,"data":{"alt":2,"type":1,"area":242}},{"x":2703,"y":4079,"data":{"alt":2,"type":1,"area":242}},{"x":2704,"y":4079,"data":{"alt":2,"type":1,"area":242}},{"x":2705,"y":4079,"data":{"alt":2,"type":1,"area":242}},{"x":2704,"y":4080,"data":{"alt":2,"type":1,"area":242}},{"x":2705,"y":4080,"data":{"alt":2,"type":1,"area":242}},{"x":2706,"y":4080,"data":{"alt":2,"type":1,"area":242}},{"x":2704,"y":4081,"data":{"alt":2,"type":1,"area":242}},{"x":2705,"y":4081,"data":{"alt":2,"type":1,"area":242}},{"x":2706,"y":4081,"data":{"alt":2,"type":1,"area":242}},{"x":2704,"y":4082,"data":{"alt":2,"type":1,"area":242}},{"x":2705,"y":4082,"data":{"alt":2,"type":1,"area":242}},{"x":2704,"y":4083,"data":{"alt":2,"type":1,"area":242}},{"x":2705,"y":4083,"data":{"alt":2,"type":1,"area":242}},{"x":2704,"y":4084,"data":{"alt":2,"type":1,"area":242}},{"x":2705,"y":4084,"data":{"alt":2,"type":1,"area":242}},{"x":2704,"y":4085,"data":{"alt":2,"type":1,"area":242}},{"x":2705,"y":4085,"data":{"alt":2,"type":1,"area":242}},{"x":2704,"y":4086,"data":{"alt":2,"type":1,"area":242}},{"x":2705,"y":4086,"data":{"alt":2,"type":1,"area":242}},{"x":2704,"y":4087,"data":{"alt":2,"type":1,"area":242}},{"x":2705,"y":4087,"data":{"alt":2,"type":1,"area":242}},{"x":2706,"y":4087,"data":{"alt":2,"type":1,"area":242}},{"x":2705,"y":4088,"data":{"alt":2,"type":1,"area":242}},{"x":2706,"y":4088,"data":{"alt":2,"type":1,"area":242}},{"x":2704,"y":4089,"data":{"alt":2,"type":1,"area":242}},{"x":2705,"y":4089,"data":{"alt":2,"type":1,"area":242}},{"x":2706,"y":4089,"data":{"alt":2,"type":1,"area":242}},{"x":2703,"y":4090,"data":{"alt":2,"type":1,"area":242}},{"x":2704,"y":4090,"data":{"alt":2,"type":1,"area":242}},{"x":2705,"y":4090,"data":{"alt":2,"type":1,"area":242}},{"x":2703,"y":4091,"data":{"alt":2,"type":1,"area":242}},{"x":2704,"y":4091,"data":{"alt":2,"type":1,"area":242}},{"x":2703,"y":4092,"data":{"alt":2,"type":1,"area":242}},{"x":2704,"y":4092,"data":{"alt":2,"type":1,"area":242}},{"x":2703,"y":4093,"data":{"alt":2,"type":1,"area":242}},{"x":2704,"y":4093,"data":{"alt":2,"type":1,"area":242}},{"x":2703,"y":4094,"data":{"alt":2,"type":1,"area":242}},{"x":2704,"y":4094,"data":{"alt":2,"type":1,"area":242}},{"x":2703,"y":4095,"data":{"alt":2,"type":1,"area":242}},{"x":2704,"y":4095,"data":{"alt":2,"type":1,"area":242}},{"x":2696,"y":4032,"data":{"alt":2,"type":1,"area":242}},{"x":2697,"y":4032,"data":{"alt":2,"type":1,"area":242}},{"x":2695,"y":4033,"data":{"alt":2,"type":1,"area":242}},{"x":2696,"y":4033,"data":{"alt":2,"type":1,"area":242}},{"x":2697,"y":4033,"data":{"alt":2,"type":1,"area":242}},{"x":2694,"y":4034,"data":{"alt":2,"type":1,"area":242}},{"x":2695,"y":4034,"data":{"alt":2,"type":1,"area":242}},{"x":2696,"y":4034,"data":{"alt":2,"type":1,"area":242}},{"x":2693,"y":4035,"data":{"alt":2,"type":1,"area":242}},{"x":2694,"y":4035,"data":{"alt":2,"type":1,"area":242}},{"x":2695,"y":4035,"data":{"alt":2,"type":1,"area":242}},{"x":2692,"y":4036,"data":{"alt":2,"type":1,"area":242}},{"x":2693,"y":4036,"data":{"alt":2,"type":1,"area":242}},{"x":2694,"y":4036,"data":{"alt":2,"type":1,"area":242}},{"x":2691,"y":4037,"data":{"alt":2,"type":1,"area":242}},{"x":2692,"y":4037,"data":{"alt":2,"type":1,"area":242}},{"x":2693,"y":4037,"data":{"alt":2,"type":1,"area":242}},{"x":2690,"y":4038,"data":{"alt":2,"type":1,"area":242}},{"x":2691,"y":4038,"data":{"alt":2,"type":1,"area":242}},{"x":2692,"y":4038,"data":{"alt":2,"type":1,"area":242}},{"x":2688,"y":4039,"data":{"alt":2,"type":1,"area":242}},{"x":2689,"y":4039,"data":{"alt":2,"type":1,"area":242}},{"x":2690,"y":4039,"data":{"alt":2,"type":1,"area":242}},{"x":2691,"y":4039,"data":{"alt":2,"type":1,"area":242}},{"x":2688,"y":4040,"data":{"alt":2,"type":1,"area":242}},{"x":2689,"y":4040,"data":{"alt":2,"type":1,"area":242}},{"x":2690,"y":4040,"data":{"alt":2,"type":1,"area":242}},{"x":2688,"y":4041,"data":{"alt":2,"type":1,"area":242}},{"x":2689,"y":4041,"data":{"alt":2,"type":1,"area":242}},{"x":2688,"y":4049,"data":{"alt":2,"type":1,"area":242}},{"x":2688,"y":4050,"data":{"alt":2,"type":1,"area":242}},{"x":2689,"y":4050,"data":{"alt":2,"type":1,"area":242}},{"x":2688,"y":4051,"data":{"alt":2,"type":1,"area":242}},{"x":2689,"y":4051,"data":{"alt":2,"type":1,"area":242}},{"x":2690,"y":4051,"data":{"alt":2,"type":1,"area":242}},{"x":2689,"y":4052,"data":{"alt":2,"type":1,"area":242}},{"x":2690,"y":4052,"data":{"alt":2,"type":1,"area":242}},{"x":2691,"y":4052,"data":{"alt":2,"type":1,"area":242}},{"x":2690,"y":4053,"data":{"alt":2,"type":1,"area":242}},{"x":2691,"y":4053,"data":{"alt":2,"type":1,"area":242}},{"x":2690,"y":4054,"data":{"alt":2,"type":1,"area":242}},{"x":2691,"y":4054,"data":{"alt":2,"type":1,"area":242}},{"x":2692,"y":4054,"data":{"alt":2,"type":1,"area":242}},{"x":2691,"y":4055,"data":{"alt":2,"type":1,"area":242}},{"x":2692,"y":4055,"data":{"alt":2,"type":1,"area":242}},{"x":2693,"y":4055,"data":{"alt":2,"type":1,"area":242}},{"x":2692,"y":4056,"data":{"alt":2,"type":1,"area":242}},{"x":2693,"y":4056,"data":{"alt":2,"type":1,"area":242}},{"x":2692,"y":4057,"data":{"alt":2,"type":1,"area":242}},{"x":2693,"y":4057,"data":{"alt":2,"type":1,"area":242}},{"x":2692,"y":4058,"data":{"alt":2,"type":1,"area":242}},{"x":2693,"y":4058,"data":{"alt":2,"type":1,"area":242}},{"x":2694,"y":4058,"data":{"alt":2,"type":1,"area":242}},{"x":2693,"y":4059,"data":{"alt":2,"type":1,"area":242}},{"x":2694,"y":4059,"data":{"alt":2,"type":1,"area":242}},{"x":2693,"y":4060,"data":{"alt":2,"type":1,"area":242}},{"x":2694,"y":4060,"data":{"alt":2,"type":1,"area":242}},{"x":2693,"y":4061,"data":{"alt":2,"type":1,"area":242}},{"x":2694,"y":4061,"data":{"alt":2,"type":1,"area":242}},{"x":2695,"y":4061,"data":{"alt":2,"type":1,"area":242}},{"x":2694,"y":4062,"data":{"alt":2,"type":1,"area":242}},{"x":2695,"y":4062,"data":{"alt":2,"type":1,"area":242}},{"x":2694,"y":4063,"data":{"alt":2,"type":1,"area":242}},{"x":2695,"y":4063,"data":{"alt":2,"type":1,"area":242}},{"x":2699,"y":4021,"data":{"alt":2,"type":1,"area":242}},{"x":2699,"y":4022,"data":{"alt":2,"type":1,"area":242}},{"x":2699,"y":4023,"data":{"alt":2,"type":1,"area":242}},{"x":2699,"y":4024,"data":{"alt":2,"type":1,"area":242}},{"x":2699,"y":4025,"data":{"alt":2,"type":1,"area":242}},{"x":2699,"y":4026,"data":{"alt":2,"type":1,"area":242}},{"x":2699,"y":4027,"data":{"alt":2,"type":1,"area":242}},{"x":2698,"y":4028,"data":{"alt":2,"type":1,"area":242}},{"x":2699,"y":4028,"data":{"alt":2,"type":1,"area":242}},{"x":2698,"y":4029,"data":{"alt":2,"type":1,"area":242}},{"x":2699,"y":4029,"data":{"alt":2,"type":1,"area":242}},{"x":2697,"y":4030,"data":{"alt":2,"type":1,"area":242}},{"x":2698,"y":4030,"data":{"alt":2,"type":1,"area":242}},{"x":2699,"y":4030,"data":{"alt":2,"type":1,"area":242}},{"x":2696,"y":4031,"data":{"alt":2,"type":1,"area":242}},{"x":2697,"y":4031,"data":{"alt":2,"type":1,"area":242}},{"x":2698,"y":4031,"data":{"alt":2,"type":1,"area":242}}]