[{"x":350,"y":519,"data":{"alt":1,"fertility":60,"region":2121,"area":243}},{"x":349,"y":520,"data":{"alt":1,"fertility":60,"region":2121,"area":243}},{"x":350,"y":520,"data":{"alt":1,"fertility":60,"region":2121,"area":243}},{"x":349,"y":521,"data":{"alt":1,"fertility":60,"region":2121,"area":243}},{"x":349,"y":522,"data":{"alt":1,"fertility":60,"region":2121,"area":243}},{"x":350,"y":522,"data":{"alt":1,"fertility":60,"region":2121,"area":243}},{"x":350,"y":523,"data":{"alt":1,"fertility":60,"region":2121,"area":243}}]