[{"x":2760,"y":1484,"data":{"alt":155,"type":1,"area":244}},{"x":2761,"y":1484,"data":{"alt":154,"type":1,"area":244}},{"x":2762,"y":1484,"data":{"alt":152,"type":1,"area":244}},{"x":2763,"y":1484,"data":{"alt":152,"type":1,"area":244}},{"x":2764,"y":1484,"data":{"alt":151,"type":1,"area":244}},{"x":2765,"y":1484,"data":{"alt":109,"type":1,"area":244}},{"x":2766,"y":1484,"data":{"alt":109,"type":1,"area":244}},{"x":2767,"y":1484,"data":{"alt":109,"type":1,"area":244}},{"x":2768,"y":1484,"data":{"alt":108,"type":1,"area":244}},{"x":2769,"y":1484,"data":{"alt":108,"type":1,"area":244}}]