[{"x":2809,"y":1445,"data":{"alt":51,"type":1,"area":246}},{"x":2809,"y":1446,"data":{"alt":51,"type":1,"area":246}},{"x":2810,"y":1446,"data":{"alt":51,"type":2,"area":246}},{"x":2808,"y":1447,"data":{"alt":51,"type":1,"area":246}},{"x":2809,"y":1447,"data":{"alt":51,"type":2,"area":246}},{"x":2810,"y":1447,"data":{"alt":51,"type":2,"area":246}},{"x":2808,"y":1448,"data":{"alt":51,"type":1,"area":246}},{"x":2809,"y":1448,"data":{"alt":51,"type":2,"area":246}},{"x":2810,"y":1448,"data":{"alt":51,"type":2,"area":246}},{"x":2807,"y":1449,"data":{"alt":51,"type":1,"area":246}},{"x":2808,"y":1449,"data":{"alt":51,"type":1,"area":246}},{"x":2809,"y":1449,"data":{"alt":51,"type":2,"area":246}},{"x":2809,"y":1450,"data":{"alt":51,"type":1,"area":246}},{"x":2809,"y":1451,"data":{"alt":51,"type":1,"area":246}},{"x":2809,"y":1452,"data":{"alt":51,"type":1,"area":246}}]