[{"x":2811,"y":1477,"data":{"alt":51,"type":2,"area":248}},{"x":2812,"y":1477,"data":{"alt":51,"type":2,"area":248}},{"x":2813,"y":1477,"data":{"alt":51,"type":2,"area":248}},{"x":2815,"y":1477,"data":{"alt":51,"type":2,"area":248}},{"x":2812,"y":1478,"data":{"alt":51,"type":2,"area":248}},{"x":2813,"y":1478,"data":{"alt":51,"type":2,"area":248}},{"x":2814,"y":1478,"data":{"alt":51,"type":2,"area":248}},{"x":2815,"y":1478,"data":{"alt":51,"type":2,"area":248}},{"x":2813,"y":1479,"data":{"alt":51,"type":2,"area":248}},{"x":2814,"y":1479,"data":{"alt":51,"type":2,"area":248}},{"x":2815,"y":1479,"data":{"alt":51,"type":2,"area":248}},{"x":2813,"y":1480,"data":{"alt":51,"type":2,"area":248}},{"x":2814,"y":1480,"data":{"alt":51,"type":2,"area":248}},{"x":2815,"y":1480,"data":{"alt":51,"type":2,"area":248}},{"x":2814,"y":1481,"data":{"alt":51,"type":2,"area":248}},{"x":2815,"y":1481,"data":{"alt":51,"type":2,"area":248}},{"x":2815,"y":1484,"data":{"alt":51,"type":2,"area":248}},{"x":2815,"y":1485,"data":{"alt":51,"type":2,"area":248}},{"x":2814,"y":1486,"data":{"alt":51,"type":2,"area":248}},{"x":2815,"y":1486,"data":{"alt":51,"type":2,"area":248}},{"x":2814,"y":1487,"data":{"alt":51,"type":2,"area":248}},{"x":2815,"y":1487,"data":{"alt":51,"type":2,"area":248}},{"x":2815,"y":1488,"data":{"alt":51,"type":2,"area":248}},{"x":2815,"y":1489,"data":{"alt":51,"type":2,"area":248}},{"x":2820,"y":1472,"data":{"alt":51,"type":2,"area":248}},{"x":2821,"y":1472,"data":{"alt":51,"type":1,"area":248}},{"x":2822,"y":1472,"data":{"alt":51,"type":2,"area":248}},{"x":2823,"y":1472,"data":{"alt":51,"type":2,"area":248}},{"x":2824,"y":1472,"data":{"alt":51,"type":2,"area":248}},{"x":2825,"y":1472,"data":{"alt":51,"type":2,"area":248}},{"x":2820,"y":1473,"data":{"alt":51,"type":2,"area":248}},{"x":2821,"y":1473,"data":{"alt":51,"type":2,"area":248}},{"x":2822,"y":1473,"data":{"alt":51,"type":1,"area":248}},{"x":2823,"y":1473,"data":{"alt":51,"type":2,"area":248}},{"x":2824,"y":1473,"data":{"alt":51,"type":2,"area":248}},{"x":2821,"y":1474,"data":{"alt":51,"type":2,"area":248}},{"x":2822,"y":1474,"data":{"alt":51,"type":1,"area":248}},{"x":2823,"y":1474,"data":{"alt":51,"type":2,"area":248}},{"x":2824,"y":1474,"data":{"alt":51,"type":2,"area":248}},{"x":2821,"y":1475,"data":{"alt":51,"type":2,"area":248}},{"x":2822,"y":1475,"data":{"alt":51,"type":2,"area":248}},{"x":2823,"y":1475,"data":{"alt":51,"type":1,"area":248}},{"x":2824,"y":1475,"data":{"alt":51,"type":2,"area":248}},{"x":2816,"y":1476,"data":{"alt":51,"type":2,"area":248}},{"x":2817,"y":1476,"data":{"alt":51,"type":2,"area":248}},{"x":2821,"y":1476,"data":{"alt":51,"type":2,"area":248}},{"x":2822,"y":1476,"data":{"alt":51,"type":2,"area":248}},{"x":2823,"y":1476,"data":{"alt":51,"type":1,"area":248}},{"x":2816,"y":1477,"data":{"alt":51,"type":2,"area":248}},{"x":2817,"y":1477,"data":{"alt":51,"type":2,"area":248}},{"x":2821,"y":1477,"data":{"alt":51,"type":2,"area":248}},{"x":2822,"y":1477,"data":{"alt":51,"type":2,"area":248}},{"x":2823,"y":1477,"data":{"alt":51,"type":2,"area":248}},{"x":2824,"y":1477,"data":{"alt":51,"type":1,"area":248}},{"x":2816,"y":1478,"data":{"alt":51,"type":2,"area":248}},{"x":2817,"y":1478,"data":{"alt":51,"type":2,"area":248}},{"x":2818,"y":1478,"data":{"alt":51,"type":2,"area":248}},{"x":2819,"y":1478,"data":{"alt":51,"type":2,"area":248}},{"x":2820,"y":1478,"data":{"alt":51,"type":2,"area":248}},{"x":2821,"y":1478,"data":{"alt":51,"type":2,"area":248}},{"x":2822,"y":1478,"data":{"alt":51,"type":2,"area":248}},{"x":2823,"y":1478,"data":{"alt":51,"type":2,"area":248}},{"x":2824,"y":1478,"data":{"alt":51,"type":1,"area":248}},{"x":2816,"y":1479,"data":{"alt":51,"type":2,"area":248}},{"x":2817,"y":1479,"data":{"alt":51,"type":2,"area":248}},{"x":2818,"y":1479,"data":{"alt":51,"type":2,"area":248}},{"x":2819,"y":1479,"data":{"alt":51,"type":2,"area":248}},{"x":2820,"y":1479,"data":{"alt":51,"type":2,"area":248}},{"x":2821,"y":1479,"data":{"alt":51,"type":2,"area":248}},{"x":2822,"y":1479,"data":{"alt":51,"type":2,"area":248}},{"x":2823,"y":1479,"data":{"alt":51,"type":2,"area":248}},{"x":2824,"y":1479,"data":{"alt":51,"type":1,"area":248}},{"x":2816,"y":1480,"data":{"alt":51,"type":2,"area":248}},{"x":2817,"y":1480,"data":{"alt":51,"type":2,"area":248}},{"x":2818,"y":1480,"data":{"alt":51,"type":2,"area":248}},{"x":2819,"y":1480,"data":{"alt":51,"type":2,"area":248}},{"x":2820,"y":1480,"data":{"alt":51,"type":2,"area":248}},{"x":2821,"y":1480,"data":{"alt":51,"type":2,"area":248}},{"x":2822,"y":1480,"data":{"alt":51,"type":2,"area":248}},{"x":2823,"y":1480,"data":{"alt":51,"type":2,"area":248}},{"x":2824,"y":1480,"data":{"alt":51,"type":2,"area":248}},{"x":2825,"y":1480,"data":{"alt":51,"type":1,"area":248}},{"x":2826,"y":1480,"data":{"alt":51,"type":2,"area":248}},{"x":2832,"y":1480,"data":{"alt":51,"type":2,"area":248}},{"x":2816,"y":1481,"data":{"alt":51,"type":2,"area":248}},{"x":2817,"y":1481,"data":{"alt":51,"type":2,"area":248}},{"x":2818,"y":1481,"data":{"alt":51,"type":2,"area":248}},{"x":2819,"y":1481,"data":{"alt":51,"type":2,"area":248}},{"x":2820,"y":1481,"data":{"alt":51,"type":2,"area":248}},{"x":2821,"y":1481,"data":{"alt":51,"type":2,"area":248}},{"x":2822,"y":1481,"data":{"alt":51,"type":2,"area":248}},{"x":2823,"y":1481,"data":{"alt":51,"type":2,"area":248}},{"x":2824,"y":1481,"data":{"alt":51,"type":2,"area":248}},{"x":2825,"y":1481,"data":{"alt":51,"type":2,"area":248}},{"x":2826,"y":1481,"data":{"alt":51,"type":1,"area":248}},{"x":2827,"y":1481,"data":{"alt":51,"type":2,"area":248}},{"x":2831,"y":1481,"data":{"alt":51,"type":2,"area":248}},{"x":2832,"y":1481,"data":{"alt":51,"type":2,"area":248}},{"x":2833,"y":1481,"data":{"alt":51,"type":2,"area":248}},{"x":2816,"y":1482,"data":{"alt":51,"type":2,"area":248}},{"x":2817,"y":1482,"data":{"alt":51,"type":2,"area":248}},{"x":2818,"y":1482,"data":{"alt":51,"type":2,"area":248}},{"x":2819,"y":1482,"data":{"alt":51,"type":2,"area":248}},{"x":2820,"y":1482,"data":{"alt":51,"type":2,"area":248}},{"x":2821,"y":1482,"data":{"alt":51,"type":2,"area":248}},{"x":2822,"y":1482,"data":{"alt":51,"type":2,"area":248}},{"x":2823,"y":1482,"data":{"alt":51,"type":2,"area":248}},{"x":2824,"y":1482,"data":{"alt":51,"type":2,"area":248}},{"x":2825,"y":1482,"data":{"alt":51,"type":2,"area":248}},{"x":2826,"y":1482,"data":{"alt":51,"type":2,"area":248}},{"x":2827,"y":1482,"data":{"alt":51,"type":1,"area":248}},{"x":2828,"y":1482,"data":{"alt":51,"type":2,"area":248}},{"x":2829,"y":1482,"data":{"alt":51,"type":2,"area":248}},{"x":2830,"y":1482,"data":{"alt":51,"type":2,"area":248}},{"x":2831,"y":1482,"data":{"alt":51,"type":2,"area":248}},{"x":2832,"y":1482,"data":{"alt":51,"type":2,"area":248}},{"x":2817,"y":1483,"data":{"alt":51,"type":2,"area":248}},{"x":2818,"y":1483,"data":{"alt":51,"type":2,"area":248}},{"x":2819,"y":1483,"data":{"alt":51,"type":2,"area":248}},{"x":2820,"y":1483,"data":{"alt":51,"type":2,"area":248}},{"x":2821,"y":1483,"data":{"alt":51,"type":2,"area":248}},{"x":2822,"y":1483,"data":{"alt":51,"type":2,"area":248}},{"x":2823,"y":1483,"data":{"alt":51,"type":2,"area":248}},{"x":2824,"y":1483,"data":{"alt":51,"type":2,"area":248}},{"x":2825,"y":1483,"data":{"alt":51,"type":2,"area":248}},{"x":2826,"y":1483,"data":{"alt":51,"type":2,"area":248}},{"x":2827,"y":1483,"data":{"alt":51,"type":2,"area":248}},{"x":2828,"y":1483,"data":{"alt":51,"type":1,"area":248}},{"x":2829,"y":1483,"data":{"alt":51,"type":2,"area":248}},{"x":2830,"y":1483,"data":{"alt":51,"type":2,"area":248}},{"x":2831,"y":1483,"data":{"alt":51,"type":2,"area":248}},{"x":2832,"y":1483,"data":{"alt":51,"type":2,"area":248}},{"x":2833,"y":1483,"data":{"alt":51,"type":2,"area":248}},{"x":2816,"y":1484,"data":{"alt":51,"type":2,"area":248}},{"x":2817,"y":1484,"data":{"alt":51,"type":2,"area":248}},{"x":2818,"y":1484,"data":{"alt":51,"type":2,"area":248}},{"x":2819,"y":1484,"data":{"alt":51,"type":2,"area":248}},{"x":2820,"y":1484,"data":{"alt":51,"type":2,"area":248}},{"x":2821,"y":1484,"data":{"alt":51,"type":2,"area":248}},{"x":2822,"y":1484,"data":{"alt":51,"type":2,"area":248}},{"x":2823,"y":1484,"data":{"alt":51,"type":2,"area":248}},{"x":2824,"y":1484,"data":{"alt":51,"type":2,"area":248}},{"x":2825,"y":1484,"data":{"alt":51,"type":2,"area":248}},{"x":2826,"y":1484,"data":{"alt":51,"type":2,"area":248}},{"x":2827,"y":1484,"data":{"alt":51,"type":2,"area":248}},{"x":2828,"y":1484,"data":{"alt":51,"type":2,"area":248}},{"x":2829,"y":1484,"data":{"alt":51,"type":1,"area":248}},{"x":2830,"y":1484,"data":{"alt":51,"type":2,"area":248}},{"x":2831,"y":1484,"data":{"alt":51,"type":2,"area":248}},{"x":2832,"y":1484,"data":{"alt":51,"type":2,"area":248}},{"x":2833,"y":1484,"data":{"alt":51,"type":2,"area":248}},{"x":2834,"y":1484,"data":{"alt":51,"type":2,"area":248}},{"x":2816,"y":1485,"data":{"alt":51,"type":2,"area":248}},{"x":2817,"y":1485,"data":{"alt":51,"type":2,"area":248}},{"x":2818,"y":1485,"data":{"alt":51,"type":2,"area":248}},{"x":2819,"y":1485,"data":{"alt":51,"type":2,"area":248}},{"x":2820,"y":1485,"data":{"alt":51,"type":2,"area":248}},{"x":2821,"y":1485,"data":{"alt":51,"type":2,"area":248}},{"x":2822,"y":1485,"data":{"alt":51,"type":2,"area":248}},{"x":2823,"y":1485,"data":{"alt":51,"type":2,"area":248}},{"x":2824,"y":1485,"data":{"alt":51,"type":2,"area":248}},{"x":2825,"y":1485,"data":{"alt":51,"type":2,"area":248}},{"x":2826,"y":1485,"data":{"alt":51,"type":2,"area":248}},{"x":2827,"y":1485,"data":{"alt":51,"type":2,"area":248}},{"x":2828,"y":1485,"data":{"alt":51,"type":2,"area":248}},{"x":2829,"y":1485,"data":{"alt":51,"type":2,"area":248}},{"x":2830,"y":1485,"data":{"alt":51,"type":1,"area":248}},{"x":2831,"y":1485,"data":{"alt":51,"type":2,"area":248}},{"x":2832,"y":1485,"data":{"alt":51,"type":2,"area":248}},{"x":2833,"y":1485,"data":{"alt":51,"type":2,"area":248}},{"x":2834,"y":1485,"data":{"alt":51,"type":2,"area":248}},{"x":2816,"y":1486,"data":{"alt":51,"type":2,"area":248}},{"x":2817,"y":1486,"data":{"alt":51,"type":2,"area":248}},{"x":2818,"y":1486,"data":{"alt":51,"type":2,"area":248}},{"x":2819,"y":1486,"data":{"alt":51,"type":2,"area":248}},{"x":2820,"y":1486,"data":{"alt":51,"type":2,"area":248}},{"x":2821,"y":1486,"data":{"alt":51,"type":2,"area":248}},{"x":2822,"y":1486,"data":{"alt":51,"type":2,"area":248}},{"x":2823,"y":1486,"data":{"alt":51,"type":2,"area":248}},{"x":2824,"y":1486,"data":{"alt":51,"type":2,"area":248}},{"x":2825,"y":1486,"data":{"alt":51,"type":2,"area":248}},{"x":2826,"y":1486,"data":{"alt":51,"type":2,"area":248}},{"x":2827,"y":1486,"data":{"alt":51,"type":2,"area":248}},{"x":2828,"y":1486,"data":{"alt":51,"type":2,"area":248}},{"x":2830,"y":1486,"data":{"alt":51,"type":1,"area":248}},{"x":2834,"y":1486,"data":{"alt":51,"type":2,"area":248}},{"x":2835,"y":1486,"data":{"alt":51,"type":2,"area":248}},{"x":2816,"y":1487,"data":{"alt":51,"type":2,"area":248}},{"x":2817,"y":1487,"data":{"alt":51,"type":2,"area":248}},{"x":2818,"y":1487,"data":{"alt":51,"type":2,"area":248}},{"x":2819,"y":1487,"data":{"alt":51,"type":2,"area":248}},{"x":2820,"y":1487,"data":{"alt":51,"type":2,"area":248}},{"x":2821,"y":1487,"data":{"alt":51,"type":2,"area":248}},{"x":2822,"y":1487,"data":{"alt":51,"type":2,"area":248}},{"x":2823,"y":1487,"data":{"alt":51,"type":2,"area":248}},{"x":2824,"y":1487,"data":{"alt":51,"type":2,"area":248}},{"x":2825,"y":1487,"data":{"alt":51,"type":2,"area":248}},{"x":2826,"y":1487,"data":{"alt":51,"type":2,"area":248}},{"x":2827,"y":1487,"data":{"alt":51,"type":2,"area":248}},{"x":2834,"y":1487,"data":{"alt":51,"type":2,"area":248}},{"x":2835,"y":1487,"data":{"alt":51,"type":2,"area":248}},{"x":2816,"y":1488,"data":{"alt":51,"type":2,"area":248}},{"x":2817,"y":1488,"data":{"alt":51,"type":2,"area":248}},{"x":2818,"y":1488,"data":{"alt":51,"type":2,"area":248}},{"x":2819,"y":1488,"data":{"alt":51,"type":2,"area":248}},{"x":2820,"y":1488,"data":{"alt":51,"type":2,"area":248}},{"x":2821,"y":1488,"data":{"alt":51,"type":2,"area":248}},{"x":2822,"y":1488,"data":{"alt":51,"type":2,"area":248}},{"x":2823,"y":1488,"data":{"alt":51,"type":2,"area":248}},{"x":2824,"y":1488,"data":{"alt":51,"type":2,"area":248}},{"x":2825,"y":1488,"data":{"alt":51,"type":2,"area":248}},{"x":2826,"y":1488,"data":{"alt":51,"type":2,"area":248}},{"x":2827,"y":1488,"data":{"alt":51,"type":2,"area":248}},{"x":2828,"y":1488,"data":{"alt":51,"type":2,"area":248}},{"x":2834,"y":1488,"data":{"alt":51,"type":2,"area":248}},{"x":2816,"y":1489,"data":{"alt":51,"type":2,"area":248}},{"x":2817,"y":1489,"data":{"alt":51,"type":2,"area":248}},{"x":2818,"y":1489,"data":{"alt":51,"type":2,"area":248}},{"x":2819,"y":1489,"data":{"alt":51,"type":2,"area":248}},{"x":2820,"y":1489,"data":{"alt":51,"type":2,"area":248}},{"x":2821,"y":1489,"data":{"alt":51,"type":2,"area":248}},{"x":2822,"y":1489,"data":{"alt":51,"type":2,"area":248}},{"x":2823,"y":1489,"data":{"alt":51,"type":2,"area":248}},{"x":2824,"y":1489,"data":{"alt":51,"type":2,"area":248}},{"x":2825,"y":1489,"data":{"alt":51,"type":2,"area":248}},{"x":2826,"y":1489,"data":{"alt":51,"type":2,"area":248}},{"x":2827,"y":1489,"data":{"alt":51,"type":2,"area":248}},{"x":2828,"y":1489,"data":{"alt":51,"type":2,"area":248}},{"x":2829,"y":1489,"data":{"alt":51,"type":2,"area":248}},{"x":2816,"y":1490,"data":{"alt":51,"type":2,"area":248}},{"x":2817,"y":1490,"data":{"alt":51,"type":2,"area":248}},{"x":2818,"y":1490,"data":{"alt":51,"type":2,"area":248}},{"x":2819,"y":1490,"data":{"alt":51,"type":2,"area":248}},{"x":2820,"y":1490,"data":{"alt":51,"type":2,"area":248}},{"x":2821,"y":1490,"data":{"alt":51,"type":2,"area":248}},{"x":2822,"y":1490,"data":{"alt":51,"type":2,"area":248}},{"x":2823,"y":1490,"data":{"alt":51,"type":2,"area":248}},{"x":2824,"y":1490,"data":{"alt":51,"type":2,"area":248}},{"x":2825,"y":1490,"data":{"alt":51,"type":2,"area":248}},{"x":2826,"y":1490,"data":{"alt":51,"type":2,"area":248}},{"x":2827,"y":1490,"data":{"alt":51,"type":2,"area":248}},{"x":2828,"y":1490,"data":{"alt":51,"type":2,"area":248}},{"x":2829,"y":1490,"data":{"alt":51,"type":2,"area":248}},{"x":2816,"y":1491,"data":{"alt":51,"type":2,"area":248}},{"x":2817,"y":1491,"data":{"alt":51,"type":2,"area":248}},{"x":2818,"y":1491,"data":{"alt":51,"type":2,"area":248}},{"x":2819,"y":1491,"data":{"alt":51,"type":2,"area":248}},{"x":2820,"y":1491,"data":{"alt":51,"type":2,"area":248}},{"x":2821,"y":1491,"data":{"alt":51,"type":2,"area":248}},{"x":2822,"y":1491,"data":{"alt":51,"type":2,"area":248}},{"x":2823,"y":1491,"data":{"alt":51,"type":2,"area":248}},{"x":2824,"y":1491,"data":{"alt":51,"type":2,"area":248}},{"x":2825,"y":1491,"data":{"alt":51,"type":2,"area":248}},{"x":2826,"y":1491,"data":{"alt":51,"type":2,"area":248}},{"x":2827,"y":1491,"data":{"alt":51,"type":2,"area":248}},{"x":2819,"y":1492,"data":{"alt":51,"type":2,"area":248}},{"x":2820,"y":1492,"data":{"alt":51,"type":2,"area":248}},{"x":2821,"y":1492,"data":{"alt":51,"type":2,"area":248}},{"x":2822,"y":1492,"data":{"alt":51,"type":2,"area":248}},{"x":2823,"y":1492,"data":{"alt":51,"type":2,"area":248}},{"x":2824,"y":1492,"data":{"alt":51,"type":2,"area":248}},{"x":2825,"y":1492,"data":{"alt":51,"type":2,"area":248}},{"x":2826,"y":1492,"data":{"alt":51,"type":2,"area":248}},{"x":2827,"y":1492,"data":{"alt":51,"type":2,"area":248}},{"x":2828,"y":1492,"data":{"alt":51,"type":2,"area":248}},{"x":2819,"y":1493,"data":{"alt":51,"type":2,"area":248}},{"x":2820,"y":1493,"data":{"alt":51,"type":2,"area":248}},{"x":2821,"y":1493,"data":{"alt":51,"type":2,"area":248}},{"x":2822,"y":1493,"data":{"alt":51,"type":2,"area":248}},{"x":2823,"y":1493,"data":{"alt":51,"type":2,"area":248}},{"x":2824,"y":1493,"data":{"alt":51,"type":2,"area":248}},{"x":2825,"y":1493,"data":{"alt":51,"type":2,"area":248}},{"x":2826,"y":1493,"data":{"alt":51,"type":2,"area":248}},{"x":2827,"y":1493,"data":{"alt":51,"type":2,"area":248}},{"x":2828,"y":1493,"data":{"alt":51,"type":2,"area":248}},{"x":2829,"y":1493,"data":{"alt":51,"type":2,"area":248}},{"x":2834,"y":1493,"data":{"alt":51,"type":1,"area":248}},{"x":2820,"y":1494,"data":{"alt":51,"type":2,"area":248}},{"x":2821,"y":1494,"data":{"alt":51,"type":2,"area":248}},{"x":2822,"y":1494,"data":{"alt":51,"type":2,"area":248}},{"x":2823,"y":1494,"data":{"alt":51,"type":2,"area":248}},{"x":2824,"y":1494,"data":{"alt":51,"type":2,"area":248}},{"x":2825,"y":1494,"data":{"alt":51,"type":2,"area":248}},{"x":2826,"y":1494,"data":{"alt":51,"type":2,"area":248}},{"x":2827,"y":1494,"data":{"alt":51,"type":2,"area":248}},{"x":2828,"y":1494,"data":{"alt":51,"type":2,"area":248}},{"x":2829,"y":1494,"data":{"alt":51,"type":2,"area":248}},{"x":2830,"y":1494,"data":{"alt":51,"type":2,"area":248}},{"x":2833,"y":1494,"data":{"alt":51,"type":2,"area":248}},{"x":2834,"y":1494,"data":{"alt":51,"type":2,"area":248}},{"x":2835,"y":1494,"data":{"alt":51,"type":1,"area":248}},{"x":2837,"y":1494,"data":{"alt":51,"type":2,"area":248}},{"x":2838,"y":1494,"data":{"alt":51,"type":2,"area":248}},{"x":2823,"y":1495,"data":{"alt":51,"type":2,"area":248}},{"x":2824,"y":1495,"data":{"alt":51,"type":2,"area":248}},{"x":2825,"y":1495,"data":{"alt":51,"type":2,"area":248}},{"x":2826,"y":1495,"data":{"alt":51,"type":2,"area":248}},{"x":2827,"y":1495,"data":{"alt":51,"type":2,"area":248}},{"x":2828,"y":1495,"data":{"alt":51,"type":2,"area":248}},{"x":2829,"y":1495,"data":{"alt":51,"type":2,"area":248}},{"x":2834,"y":1495,"data":{"alt":51,"type":2,"area":248}},{"x":2835,"y":1495,"data":{"alt":51,"type":2,"area":248}},{"x":2836,"y":1495,"data":{"alt":51,"type":1,"area":248}},{"x":2837,"y":1495,"data":{"alt":51,"type":2,"area":248}},{"x":2838,"y":1495,"data":{"alt":51,"type":2,"area":248}},{"x":2839,"y":1495,"data":{"alt":51,"type":2,"area":248}},{"x":2840,"y":1495,"data":{"alt":51,"type":2,"area":248}},{"x":2824,"y":1496,"data":{"alt":51,"type":2,"area":248}},{"x":2825,"y":1496,"data":{"alt":51,"type":2,"area":248}},{"x":2826,"y":1496,"data":{"alt":51,"type":2,"area":248}},{"x":2827,"y":1496,"data":{"alt":51,"type":2,"area":248}},{"x":2828,"y":1496,"data":{"alt":51,"type":2,"area":248}},{"x":2829,"y":1496,"data":{"alt":51,"type":2,"area":248}},{"x":2834,"y":1496,"data":{"alt":51,"type":2,"area":248}},{"x":2835,"y":1496,"data":{"alt":51,"type":2,"area":248}},{"x":2836,"y":1496,"data":{"alt":51,"type":2,"area":248}},{"x":2837,"y":1496,"data":{"alt":51,"type":1,"area":248}},{"x":2838,"y":1496,"data":{"alt":51,"type":2,"area":248}},{"x":2840,"y":1496,"data":{"alt":51,"type":2,"area":248}},{"x":2827,"y":1497,"data":{"alt":51,"type":2,"area":248}},{"x":2828,"y":1497,"data":{"alt":51,"type":2,"area":248}},{"x":2829,"y":1497,"data":{"alt":51,"type":2,"area":248}},{"x":2830,"y":1497,"data":{"alt":51,"type":2,"area":248}},{"x":2834,"y":1497,"data":{"alt":51,"type":2,"area":248}},{"x":2835,"y":1497,"data":{"alt":51,"type":2,"area":248}},{"x":2836,"y":1497,"data":{"alt":51,"type":2,"area":248}},{"x":2837,"y":1497,"data":{"alt":51,"type":2,"area":248}},{"x":2838,"y":1497,"data":{"alt":51,"type":1,"area":248}},{"x":2827,"y":1498,"data":{"alt":51,"type":2,"area":248}},{"x":2828,"y":1498,"data":{"alt":51,"type":2,"area":248}},{"x":2829,"y":1498,"data":{"alt":51,"type":2,"area":248}},{"x":2830,"y":1498,"data":{"alt":51,"type":2,"area":248}},{"x":2831,"y":1498,"data":{"alt":51,"type":2,"area":248}},{"x":2832,"y":1498,"data":{"alt":51,"type":2,"area":248}},{"x":2835,"y":1498,"data":{"alt":51,"type":2,"area":248}},{"x":2836,"y":1498,"data":{"alt":51,"type":2,"area":248}},{"x":2837,"y":1498,"data":{"alt":51,"type":2,"area":248}},{"x":2838,"y":1498,"data":{"alt":51,"type":1,"area":248}},{"x":2829,"y":1499,"data":{"alt":51,"type":2,"area":248}},{"x":2830,"y":1499,"data":{"alt":51,"type":2,"area":248}},{"x":2831,"y":1499,"data":{"alt":51,"type":2,"area":248}},{"x":2832,"y":1499,"data":{"alt":51,"type":2,"area":248}},{"x":2833,"y":1499,"data":{"alt":51,"type":2,"area":248}},{"x":2834,"y":1499,"data":{"alt":51,"type":2,"area":248}},{"x":2835,"y":1499,"data":{"alt":51,"type":2,"area":248}},{"x":2831,"y":1500,"data":{"alt":51,"type":2,"area":248}},{"x":2832,"y":1500,"data":{"alt":51,"type":2,"area":248}},{"x":2833,"y":1500,"data":{"alt":51,"type":2,"area":248}},{"x":2834,"y":1500,"data":{"alt":51,"type":2,"area":248}},{"x":2835,"y":1500,"data":{"alt":51,"type":2,"area":248}},{"x":2834,"y":1501,"data":{"alt":51,"type":2,"area":248}},{"x":2836,"y":1453,"data":{"alt":51,"type":2,"area":248}},{"x":2836,"y":1454,"data":{"alt":51,"type":2,"area":248}},{"x":2836,"y":1455,"data":{"alt":51,"type":2,"area":248}},{"x":2834,"y":1456,"data":{"alt":51,"type":2,"area":248}},{"x":2835,"y":1456,"data":{"alt":51,"type":2,"area":248}},{"x":2836,"y":1456,"data":{"alt":51,"type":2,"area":248}},{"x":2834,"y":1457,"data":{"alt":51,"type":2,"area":248}},{"x":2835,"y":1457,"data":{"alt":51,"type":2,"area":248}},{"x":2836,"y":1457,"data":{"alt":51,"type":2,"area":248}},{"x":2832,"y":1458,"data":{"alt":51,"type":2,"area":248}},{"x":2833,"y":1458,"data":{"alt":51,"type":2,"area":248}},{"x":2834,"y":1458,"data":{"alt":51,"type":2,"area":248}},{"x":2835,"y":1458,"data":{"alt":51,"type":2,"area":248}},{"x":2836,"y":1458,"data":{"alt":51,"type":2,"area":248}},{"x":2832,"y":1459,"data":{"alt":51,"type":2,"area":248}},{"x":2833,"y":1459,"data":{"alt":51,"type":2,"area":248}},{"x":2834,"y":1459,"data":{"alt":51,"type":2,"area":248}},{"x":2835,"y":1459,"data":{"alt":51,"type":2,"area":248}},{"x":2824,"y":1460,"data":{"alt":51,"type":2,"area":248}},{"x":2827,"y":1460,"data":{"alt":51,"type":2,"area":248}},{"x":2829,"y":1460,"data":{"alt":51,"type":2,"area":248}},{"x":2832,"y":1460,"data":{"alt":51,"type":2,"area":248}},{"x":2833,"y":1460,"data":{"alt":51,"type":2,"area":248}},{"x":2834,"y":1460,"data":{"alt":51,"type":2,"area":248}},{"x":2835,"y":1460,"data":{"alt":51,"type":2,"area":248}},{"x":2836,"y":1460,"data":{"alt":51,"type":2,"area":248}},{"x":2822,"y":1461,"data":{"alt":51,"type":2,"area":248}},{"x":2823,"y":1461,"data":{"alt":51,"type":2,"area":248}},{"x":2824,"y":1461,"data":{"alt":51,"type":2,"area":248}},{"x":2825,"y":1461,"data":{"alt":51,"type":2,"area":248}},{"x":2826,"y":1461,"data":{"alt":51,"type":2,"area":248}},{"x":2827,"y":1461,"data":{"alt":51,"type":2,"area":248}},{"x":2828,"y":1461,"data":{"alt":51,"type":2,"area":248}},{"x":2829,"y":1461,"data":{"alt":51,"type":2,"area":248}},{"x":2830,"y":1461,"data":{"alt":51,"type":2,"area":248}},{"x":2831,"y":1461,"data":{"alt":51,"type":2,"area":248}},{"x":2832,"y":1461,"data":{"alt":51,"type":2,"area":248}},{"x":2833,"y":1461,"data":{"alt":51,"type":2,"area":248}},{"x":2834,"y":1461,"data":{"alt":51,"type":2,"area":248}},{"x":2835,"y":1461,"data":{"alt":51,"type":2,"area":248}},{"x":2836,"y":1461,"data":{"alt":51,"type":2,"area":248}},{"x":2821,"y":1462,"data":{"alt":51,"type":2,"area":248}},{"x":2822,"y":1462,"data":{"alt":51,"type":2,"area":248}},{"x":2823,"y":1462,"data":{"alt":51,"type":2,"area":248}},{"x":2824,"y":1462,"data":{"alt":51,"type":2,"area":248}},{"x":2825,"y":1462,"data":{"alt":51,"type":2,"area":248}},{"x":2826,"y":1462,"data":{"alt":51,"type":2,"area":248}},{"x":2827,"y":1462,"data":{"alt":51,"type":2,"area":248}},{"x":2828,"y":1462,"data":{"alt":51,"type":2,"area":248}},{"x":2829,"y":1462,"data":{"alt":51,"type":2,"area":248}},{"x":2830,"y":1462,"data":{"alt":51,"type":2,"area":248}},{"x":2831,"y":1462,"data":{"alt":51,"type":2,"area":248}},{"x":2832,"y":1462,"data":{"alt":51,"type":2,"area":248}},{"x":2833,"y":1462,"data":{"alt":51,"type":2,"area":248}},{"x":2834,"y":1462,"data":{"alt":51,"type":2,"area":248}},{"x":2835,"y":1462,"data":{"alt":51,"type":2,"area":248}},{"x":2821,"y":1463,"data":{"alt":51,"type":2,"area":248}},{"x":2822,"y":1463,"data":{"alt":51,"type":2,"area":248}},{"x":2823,"y":1463,"data":{"alt":51,"type":2,"area":248}},{"x":2824,"y":1463,"data":{"alt":51,"type":2,"area":248}},{"x":2825,"y":1463,"data":{"alt":51,"type":2,"area":248}},{"x":2826,"y":1463,"data":{"alt":51,"type":2,"area":248}},{"x":2827,"y":1463,"data":{"alt":51,"type":2,"area":248}},{"x":2828,"y":1463,"data":{"alt":51,"type":2,"area":248}},{"x":2829,"y":1463,"data":{"alt":51,"type":2,"area":248}},{"x":2831,"y":1463,"data":{"alt":51,"type":2,"area":248}},{"x":2832,"y":1463,"data":{"alt":51,"type":2,"area":248}},{"x":2833,"y":1463,"data":{"alt":51,"type":2,"area":248}},{"x":2834,"y":1463,"data":{"alt":51,"type":2,"area":248}},{"x":2835,"y":1463,"data":{"alt":51,"type":2,"area":248}},{"x":2819,"y":1464,"data":{"alt":51,"type":1,"area":248}},{"x":2820,"y":1464,"data":{"alt":51,"type":2,"area":248}},{"x":2821,"y":1464,"data":{"alt":51,"type":2,"area":248}},{"x":2822,"y":1464,"data":{"alt":51,"type":2,"area":248}},{"x":2823,"y":1464,"data":{"alt":51,"type":2,"area":248}},{"x":2824,"y":1464,"data":{"alt":51,"type":2,"area":248}},{"x":2825,"y":1464,"data":{"alt":51,"type":2,"area":248}},{"x":2826,"y":1464,"data":{"alt":51,"type":2,"area":248}},{"x":2827,"y":1464,"data":{"alt":51,"type":2,"area":248}},{"x":2828,"y":1464,"data":{"alt":51,"type":2,"area":248}},{"x":2832,"y":1464,"data":{"alt":51,"type":2,"area":248}},{"x":2833,"y":1464,"data":{"alt":51,"type":2,"area":248}},{"x":2819,"y":1465,"data":{"alt":51,"type":2,"area":248}},{"x":2820,"y":1465,"data":{"alt":51,"type":1,"area":248}},{"x":2821,"y":1465,"data":{"alt":51,"type":2,"area":248}},{"x":2822,"y":1465,"data":{"alt":51,"type":2,"area":248}},{"x":2823,"y":1465,"data":{"alt":51,"type":2,"area":248}},{"x":2824,"y":1465,"data":{"alt":51,"type":2,"area":248}},{"x":2825,"y":1465,"data":{"alt":51,"type":2,"area":248}},{"x":2826,"y":1465,"data":{"alt":51,"type":2,"area":248}},{"x":2827,"y":1465,"data":{"alt":51,"type":2,"area":248}},{"x":2828,"y":1465,"data":{"alt":51,"type":2,"area":248}},{"x":2819,"y":1466,"data":{"alt":51,"type":2,"area":248}},{"x":2821,"y":1466,"data":{"alt":51,"type":1,"area":248}},{"x":2822,"y":1466,"data":{"alt":51,"type":2,"area":248}},{"x":2823,"y":1466,"data":{"alt":51,"type":2,"area":248}},{"x":2824,"y":1466,"data":{"alt":51,"type":2,"area":248}},{"x":2825,"y":1466,"data":{"alt":51,"type":2,"area":248}},{"x":2826,"y":1466,"data":{"alt":51,"type":2,"area":248}},{"x":2827,"y":1466,"data":{"alt":51,"type":2,"area":248}},{"x":2828,"y":1466,"data":{"alt":51,"type":2,"area":248}},{"x":2820,"y":1467,"data":{"alt":51,"type":2,"area":248}},{"x":2821,"y":1467,"data":{"alt":51,"type":1,"area":248}},{"x":2822,"y":1467,"data":{"alt":51,"type":2,"area":248}},{"x":2823,"y":1467,"data":{"alt":51,"type":2,"area":248}},{"x":2824,"y":1467,"data":{"alt":51,"type":2,"area":248}},{"x":2819,"y":1468,"data":{"alt":51,"type":2,"area":248}},{"x":2820,"y":1468,"data":{"alt":51,"type":2,"area":248}},{"x":2821,"y":1468,"data":{"alt":51,"type":1,"area":248}},{"x":2822,"y":1468,"data":{"alt":51,"type":2,"area":248}},{"x":2823,"y":1468,"data":{"alt":51,"type":2,"area":248}},{"x":2819,"y":1469,"data":{"alt":51,"type":2,"area":248}},{"x":2820,"y":1469,"data":{"alt":51,"type":2,"area":248}},{"x":2821,"y":1469,"data":{"alt":51,"type":1,"area":248}},{"x":2822,"y":1469,"data":{"alt":51,"type":2,"area":248}},{"x":2823,"y":1469,"data":{"alt":51,"type":2,"area":248}},{"x":2824,"y":1469,"data":{"alt":51,"type":2,"area":248}},{"x":2820,"y":1470,"data":{"alt":51,"type":2,"area":248}},{"x":2821,"y":1470,"data":{"alt":51,"type":1,"area":248}},{"x":2822,"y":1470,"data":{"alt":51,"type":2,"area":248}},{"x":2823,"y":1470,"data":{"alt":51,"type":2,"area":248}},{"x":2824,"y":1470,"data":{"alt":51,"type":2,"area":248}},{"x":2819,"y":1471,"data":{"alt":51,"type":2,"area":248}},{"x":2820,"y":1471,"data":{"alt":51,"type":2,"area":248}},{"x":2821,"y":1471,"data":{"alt":51,"type":1,"area":248}},{"x":2822,"y":1471,"data":{"alt":51,"type":2,"area":248}},{"x":2823,"y":1471,"data":{"alt":51,"type":2,"area":248}},{"x":2824,"y":1471,"data":{"alt":51,"type":2,"area":248}},{"x":2825,"y":1471,"data":{"alt":51,"type":2,"area":248}}]