[{"x":378,"y":3299,"data":{"alt":1,"fertility":60,"region":2153,"area":251}},{"x":378,"y":3300,"data":{"alt":1,"fertility":60,"region":2153,"area":251}},{"x":379,"y":3300,"data":{"alt":2,"fertility":60,"region":2153,"area":251}},{"x":380,"y":3300,"data":{"alt":2,"fertility":60,"region":2153,"area":251}},{"x":380,"y":3301,"data":{"alt":2,"fertility":60,"region":2153,"area":251}},{"x":379,"y":3302,"data":{"alt":2,"fertility":60,"region":2153,"area":251}},{"x":380,"y":3302,"data":{"alt":2,"fertility":60,"region":2153,"area":251}},{"x":379,"y":3303,"data":{"alt":2,"fertility":60,"region":2153,"area":251}},{"x":380,"y":3303,"data":{"alt":2,"fertility":60,"region":2153,"area":251}},{"x":378,"y":3304,"data":{"alt":2,"fertility":60,"region":2153,"area":251}},{"x":379,"y":3304,"data":{"alt":2,"fertility":60,"region":2153,"area":251}}]