[{"x":2817,"y":1451,"data":{"alt":51,"type":1,"area":252}},{"x":2817,"y":1452,"data":{"alt":51,"type":2,"area":252}},{"x":2818,"y":1452,"data":{"alt":51,"type":1,"area":252}},{"x":2818,"y":1453,"data":{"alt":51,"type":1,"area":252}},{"x":2818,"y":1454,"data":{"alt":51,"type":1,"area":252}},{"x":2818,"y":1455,"data":{"alt":51,"type":1,"area":252}},{"x":2818,"y":1456,"data":{"alt":51,"type":1,"area":252}},{"x":2818,"y":1457,"data":{"alt":51,"type":1,"area":252}},{"x":2818,"y":1458,"data":{"alt":51,"type":1,"area":252}},{"x":2818,"y":1459,"data":{"alt":51,"type":1,"area":252}},{"x":2818,"y":1460,"data":{"alt":51,"type":1,"area":252}},{"x":2818,"y":1461,"data":{"alt":51,"type":1,"area":252}},{"x":2818,"y":1462,"data":{"alt":51,"type":1,"area":252}},{"x":2818,"y":1463,"data":{"alt":51,"type":1,"area":252}}]