[{"x":2834,"y":1443,"data":{"alt":51,"type":2,"area":254}},{"x":2832,"y":1444,"data":{"alt":51,"type":2,"area":254}},{"x":2833,"y":1444,"data":{"alt":51,"type":2,"area":254}},{"x":2834,"y":1444,"data":{"alt":51,"type":2,"area":254}},{"x":2830,"y":1445,"data":{"alt":51,"type":2,"area":254}},{"x":2831,"y":1445,"data":{"alt":51,"type":2,"area":254}},{"x":2832,"y":1445,"data":{"alt":51,"type":2,"area":254}},{"x":2824,"y":1446,"data":{"alt":51,"type":2,"area":254}},{"x":2825,"y":1446,"data":{"alt":51,"type":2,"area":254}},{"x":2827,"y":1446,"data":{"alt":51,"type":2,"area":254}},{"x":2829,"y":1446,"data":{"alt":51,"type":2,"area":254}},{"x":2830,"y":1446,"data":{"alt":51,"type":2,"area":254}},{"x":2820,"y":1447,"data":{"alt":51,"type":2,"area":254}},{"x":2824,"y":1447,"data":{"alt":51,"type":2,"area":254}},{"x":2825,"y":1447,"data":{"alt":51,"type":2,"area":254}},{"x":2826,"y":1447,"data":{"alt":51,"type":2,"area":254}},{"x":2827,"y":1447,"data":{"alt":51,"type":2,"area":254}},{"x":2828,"y":1447,"data":{"alt":51,"type":2,"area":254}},{"x":2829,"y":1447,"data":{"alt":51,"type":2,"area":254}},{"x":2830,"y":1447,"data":{"alt":51,"type":2,"area":254}},{"x":2831,"y":1447,"data":{"alt":51,"type":2,"area":254}},{"x":2819,"y":1448,"data":{"alt":51,"type":2,"area":254}},{"x":2820,"y":1448,"data":{"alt":51,"type":2,"area":254}},{"x":2821,"y":1448,"data":{"alt":51,"type":2,"area":254}},{"x":2823,"y":1448,"data":{"alt":51,"type":2,"area":254}},{"x":2824,"y":1448,"data":{"alt":51,"type":2,"area":254}},{"x":2825,"y":1448,"data":{"alt":51,"type":2,"area":254}},{"x":2826,"y":1448,"data":{"alt":51,"type":2,"area":254}},{"x":2827,"y":1448,"data":{"alt":51,"type":2,"area":254}},{"x":2828,"y":1448,"data":{"alt":51,"type":2,"area":254}},{"x":2829,"y":1448,"data":{"alt":51,"type":2,"area":254}},{"x":2830,"y":1448,"data":{"alt":51,"type":2,"area":254}},{"x":2831,"y":1448,"data":{"alt":51,"type":2,"area":254}},{"x":2832,"y":1448,"data":{"alt":51,"type":2,"area":254}},{"x":2820,"y":1449,"data":{"alt":51,"type":2,"area":254}},{"x":2821,"y":1449,"data":{"alt":51,"type":2,"area":254}},{"x":2822,"y":1449,"data":{"alt":51,"type":2,"area":254}},{"x":2823,"y":1449,"data":{"alt":51,"type":2,"area":254}},{"x":2824,"y":1449,"data":{"alt":51,"type":2,"area":254}},{"x":2825,"y":1449,"data":{"alt":51,"type":2,"area":254}},{"x":2826,"y":1449,"data":{"alt":51,"type":2,"area":254}},{"x":2827,"y":1449,"data":{"alt":51,"type":2,"area":254}},{"x":2828,"y":1449,"data":{"alt":51,"type":2,"area":254}},{"x":2829,"y":1449,"data":{"alt":51,"type":2,"area":254}},{"x":2830,"y":1449,"data":{"alt":51,"type":2,"area":254}},{"x":2831,"y":1449,"data":{"alt":51,"type":2,"area":254}},{"x":2819,"y":1450,"data":{"alt":51,"type":2,"area":254}},{"x":2820,"y":1450,"data":{"alt":51,"type":2,"area":254}},{"x":2821,"y":1450,"data":{"alt":51,"type":2,"area":254}},{"x":2822,"y":1450,"data":{"alt":51,"type":2,"area":254}},{"x":2823,"y":1450,"data":{"alt":51,"type":2,"area":254}},{"x":2824,"y":1450,"data":{"alt":51,"type":2,"area":254}},{"x":2825,"y":1450,"data":{"alt":51,"type":2,"area":254}},{"x":2826,"y":1450,"data":{"alt":51,"type":2,"area":254}},{"x":2827,"y":1450,"data":{"alt":51,"type":2,"area":254}},{"x":2828,"y":1450,"data":{"alt":51,"type":2,"area":254}},{"x":2829,"y":1450,"data":{"alt":51,"type":2,"area":254}},{"x":2830,"y":1450,"data":{"alt":51,"type":2,"area":254}},{"x":2831,"y":1450,"data":{"alt":51,"type":2,"area":254}},{"x":2832,"y":1450,"data":{"alt":51,"type":2,"area":254}},{"x":2820,"y":1451,"data":{"alt":51,"type":2,"area":254}},{"x":2821,"y":1451,"data":{"alt":51,"type":2,"area":254}},{"x":2824,"y":1451,"data":{"alt":51,"type":2,"area":254}},{"x":2825,"y":1451,"data":{"alt":51,"type":2,"area":254}},{"x":2826,"y":1451,"data":{"alt":51,"type":2,"area":254}},{"x":2827,"y":1451,"data":{"alt":51,"type":2,"area":254}},{"x":2828,"y":1451,"data":{"alt":51,"type":2,"area":254}},{"x":2829,"y":1451,"data":{"alt":51,"type":2,"area":254}},{"x":2830,"y":1451,"data":{"alt":51,"type":2,"area":254}},{"x":2831,"y":1451,"data":{"alt":51,"type":2,"area":254}},{"x":2832,"y":1451,"data":{"alt":51,"type":2,"area":254}},{"x":2833,"y":1451,"data":{"alt":51,"type":2,"area":254}},{"x":2834,"y":1451,"data":{"alt":51,"type":2,"area":254}},{"x":2835,"y":1451,"data":{"alt":51,"type":2,"area":254}},{"x":2836,"y":1451,"data":{"alt":51,"type":2,"area":254}},{"x":2825,"y":1452,"data":{"alt":51,"type":2,"area":254}},{"x":2826,"y":1452,"data":{"alt":51,"type":2,"area":254}},{"x":2827,"y":1452,"data":{"alt":51,"type":2,"area":254}},{"x":2828,"y":1452,"data":{"alt":51,"type":2,"area":254}},{"x":2829,"y":1452,"data":{"alt":51,"type":2,"area":254}},{"x":2831,"y":1452,"data":{"alt":51,"type":2,"area":254}},{"x":2832,"y":1452,"data":{"alt":51,"type":2,"area":254}},{"x":2833,"y":1452,"data":{"alt":51,"type":2,"area":254}},{"x":2834,"y":1452,"data":{"alt":51,"type":2,"area":254}},{"x":2835,"y":1452,"data":{"alt":51,"type":2,"area":254}},{"x":2826,"y":1453,"data":{"alt":51,"type":2,"area":254}},{"x":2827,"y":1453,"data":{"alt":51,"type":2,"area":254}},{"x":2828,"y":1453,"data":{"alt":51,"type":2,"area":254}},{"x":2829,"y":1453,"data":{"alt":51,"type":2,"area":254}},{"x":2831,"y":1453,"data":{"alt":51,"type":2,"area":254}},{"x":2832,"y":1453,"data":{"alt":51,"type":2,"area":254}},{"x":2833,"y":1453,"data":{"alt":51,"type":2,"area":254}}]