[{"x":2832,"y":1516,"data":{"alt":6,"type":2,"area":256}},{"x":2833,"y":1516,"data":{"alt":6,"type":2,"area":256}},{"x":2834,"y":1516,"data":{"alt":6,"type":2,"area":256}},{"x":2835,"y":1516,"data":{"alt":6,"type":2,"area":256}},{"x":2832,"y":1517,"data":{"alt":6,"type":2,"area":256}},{"x":2837,"y":1517,"data":{"alt":6,"type":1,"area":256}},{"x":2828,"y":1518,"data":{"alt":6,"type":2,"area":256}},{"x":2829,"y":1518,"data":{"alt":6,"type":2,"area":256}},{"x":2830,"y":1518,"data":{"alt":6,"type":2,"area":256}},{"x":2831,"y":1518,"data":{"alt":6,"type":2,"area":256}},{"x":2832,"y":1518,"data":{"alt":6,"type":2,"area":256}},{"x":2833,"y":1518,"data":{"alt":6,"type":1,"area":256}},{"x":2834,"y":1518,"data":{"alt":6,"type":1,"area":256}},{"x":2835,"y":1518,"data":{"alt":6,"type":1,"area":256}},{"x":2836,"y":1518,"data":{"alt":6,"type":1,"area":256}},{"x":2837,"y":1518,"data":{"alt":6,"type":2,"area":256}},{"x":2828,"y":1519,"data":{"alt":6,"type":2,"area":256}},{"x":2831,"y":1519,"data":{"alt":6,"type":2,"area":256}},{"x":2832,"y":1519,"data":{"alt":6,"type":1,"area":256}},{"x":2831,"y":1520,"data":{"alt":6,"type":1,"area":256}},{"x":2832,"y":1520,"data":{"alt":6,"type":2,"area":256}},{"x":2830,"y":1521,"data":{"alt":6,"type":1,"area":256}},{"x":2831,"y":1521,"data":{"alt":6,"type":1,"area":256}},{"x":2832,"y":1521,"data":{"alt":6,"type":2,"area":256}},{"x":2831,"y":1522,"data":{"alt":6,"type":2,"area":256}},{"x":2832,"y":1522,"data":{"alt":6,"type":2,"area":256}},{"x":2833,"y":1522,"data":{"alt":6,"type":2,"area":256}},{"x":2832,"y":1523,"data":{"alt":6,"type":2,"area":256}},{"x":2833,"y":1523,"data":{"alt":6,"type":2,"area":256}},{"x":2833,"y":1524,"data":{"alt":6,"type":2,"area":256}}]