[{"x":405,"y":2966,"data":{"alt":2,"fertility":60,"region":2135,"area":257}},{"x":406,"y":2966,"data":{"alt":3,"fertility":60,"region":2135,"area":257}},{"x":404,"y":2967,"data":{"alt":3,"fertility":60,"region":2135,"area":257}},{"x":405,"y":2967,"data":{"alt":3,"fertility":60,"region":2135,"area":257}},{"x":406,"y":2967,"data":{"alt":3,"fertility":60,"region":2135,"area":257}},{"x":401,"y":2968,"data":{"alt":2,"fertility":60,"region":2135,"area":257}},{"x":402,"y":2968,"data":{"alt":3,"fertility":60,"forest":20,"region":2135,"area":257}},{"x":403,"y":2968,"data":{"alt":3,"fertility":60,"region":2135,"area":257}},{"x":404,"y":2968,"data":{"alt":3,"fertility":60,"region":2135,"area":257}},{"x":403,"y":2969,"data":{"alt":2,"fertility":60,"region":2135,"area":257}},{"x":404,"y":2969,"data":{"alt":2,"fertility":60,"region":2135,"area":257}}]