[{"x":2847,"y":1552,"data":{"alt":4,"type":2,"area":258}},{"x":2847,"y":1553,"data":{"alt":4,"type":2,"area":258}},{"x":2847,"y":1555,"data":{"alt":4,"type":1,"area":258}},{"x":2846,"y":1556,"data":{"alt":4,"type":2,"area":258}},{"x":2847,"y":1556,"data":{"alt":4,"type":1,"area":258}},{"x":2846,"y":1557,"data":{"alt":4,"type":2,"area":258}},{"x":2847,"y":1557,"data":{"alt":4,"type":2,"area":258}},{"x":2846,"y":1558,"data":{"alt":4,"type":2,"area":258}},{"x":2847,"y":1558,"data":{"alt":4,"type":2,"area":258}},{"x":2846,"y":1559,"data":{"alt":4,"type":2,"area":258}},{"x":2847,"y":1559,"data":{"alt":4,"type":2,"area":258}},{"x":2846,"y":1560,"data":{"alt":4,"type":2,"area":258}},{"x":2847,"y":1560,"data":{"alt":4,"type":2,"area":258}},{"x":2846,"y":1561,"data":{"alt":4,"type":2,"area":258}},{"x":2847,"y":1561,"data":{"alt":4,"type":2,"area":258}},{"x":2847,"y":1562,"data":{"alt":4,"type":2,"area":258}},{"x":2841,"y":1563,"data":{"alt":4,"type":2,"area":258}},{"x":2840,"y":1564,"data":{"alt":4,"type":2,"area":258}},{"x":2841,"y":1564,"data":{"alt":4,"type":2,"area":258}},{"x":2847,"y":1564,"data":{"alt":4,"type":2,"area":258}},{"x":2840,"y":1565,"data":{"alt":4,"type":2,"area":258}},{"x":2841,"y":1565,"data":{"alt":4,"type":2,"area":258}},{"x":2842,"y":1565,"data":{"alt":4,"type":2,"area":258}},{"x":2843,"y":1565,"data":{"alt":4,"type":2,"area":258}},{"x":2844,"y":1565,"data":{"alt":4,"type":2,"area":258}},{"x":2845,"y":1565,"data":{"alt":4,"type":2,"area":258}},{"x":2846,"y":1565,"data":{"alt":4,"type":2,"area":258}},{"x":2847,"y":1565,"data":{"alt":4,"type":2,"area":258}},{"x":2838,"y":1566,"data":{"alt":4,"type":2,"area":258}},{"x":2839,"y":1566,"data":{"alt":4,"type":2,"area":258}},{"x":2840,"y":1566,"data":{"alt":4,"type":2,"area":258}},{"x":2841,"y":1566,"data":{"alt":4,"type":2,"area":258}},{"x":2842,"y":1566,"data":{"alt":4,"type":2,"area":258}},{"x":2843,"y":1566,"data":{"alt":4,"type":2,"area":258}},{"x":2844,"y":1566,"data":{"alt":4,"type":2,"area":258}},{"x":2845,"y":1566,"data":{"alt":4,"type":2,"area":258}},{"x":2846,"y":1566,"data":{"alt":4,"type":2,"area":258}},{"x":2847,"y":1566,"data":{"alt":4,"type":2,"area":258}},{"x":2840,"y":1567,"data":{"alt":4,"type":2,"area":258}},{"x":2841,"y":1567,"data":{"alt":4,"type":2,"area":258}},{"x":2842,"y":1567,"data":{"alt":4,"type":2,"area":258}},{"x":2843,"y":1567,"data":{"alt":4,"type":2,"area":258}},{"x":2844,"y":1567,"data":{"alt":4,"type":2,"area":258}},{"x":2845,"y":1567,"data":{"alt":4,"type":2,"area":258}},{"x":2846,"y":1567,"data":{"alt":4,"type":2,"area":258}},{"x":2847,"y":1567,"data":{"alt":4,"type":2,"area":258}},{"x":2839,"y":1568,"data":{"alt":4,"type":2,"area":258}},{"x":2840,"y":1568,"data":{"alt":4,"type":2,"area":258}},{"x":2841,"y":1568,"data":{"alt":4,"type":2,"area":258}},{"x":2842,"y":1568,"data":{"alt":4,"type":2,"area":258}},{"x":2843,"y":1568,"data":{"alt":4,"type":2,"area":258}},{"x":2844,"y":1568,"data":{"alt":4,"type":2,"area":258}},{"x":2845,"y":1568,"data":{"alt":4,"type":2,"area":258}},{"x":2846,"y":1568,"data":{"alt":4,"type":2,"area":258}},{"x":2847,"y":1568,"data":{"alt":4,"type":2,"area":258}},{"x":2842,"y":1569,"data":{"alt":4,"type":2,"area":258}},{"x":2843,"y":1569,"data":{"alt":4,"type":2,"area":258}},{"x":2844,"y":1569,"data":{"alt":4,"type":2,"area":258}},{"x":2845,"y":1569,"data":{"alt":4,"type":2,"area":258}},{"x":2846,"y":1569,"data":{"alt":4,"type":2,"area":258}},{"x":2847,"y":1569,"data":{"alt":4,"type":2,"area":258}},{"x":2843,"y":1570,"data":{"alt":4,"type":2,"area":258}},{"x":2844,"y":1570,"data":{"alt":4,"type":2,"area":258}},{"x":2845,"y":1570,"data":{"alt":4,"type":2,"area":258}},{"x":2846,"y":1570,"data":{"alt":4,"type":2,"area":258}},{"x":2847,"y":1570,"data":{"alt":4,"type":2,"area":258}},{"x":2844,"y":1571,"data":{"alt":4,"type":2,"area":258}},{"x":2848,"y":1568,"data":{"alt":4,"type":2,"area":258}},{"x":2849,"y":1568,"data":{"alt":4,"type":2,"area":258}},{"x":2850,"y":1568,"data":{"alt":4,"type":2,"area":258}},{"x":2851,"y":1568,"data":{"alt":4,"type":2,"area":258}},{"x":2852,"y":1568,"data":{"alt":4,"type":2,"area":258}},{"x":2853,"y":1568,"data":{"alt":4,"type":2,"area":258}},{"x":2854,"y":1568,"data":{"alt":4,"type":2,"area":258}},{"x":2848,"y":1569,"data":{"alt":4,"type":2,"area":258}},{"x":2849,"y":1569,"data":{"alt":4,"type":2,"area":258}},{"x":2850,"y":1569,"data":{"alt":4,"type":2,"area":258}},{"x":2851,"y":1569,"data":{"alt":4,"type":2,"area":258}},{"x":2853,"y":1569,"data":{"alt":4,"type":2,"area":258}},{"x":2854,"y":1569,"data":{"alt":4,"type":2,"area":258}},{"x":2855,"y":1569,"data":{"alt":4,"type":2,"area":258}},{"x":2854,"y":1570,"data":{"alt":4,"type":2,"area":258}},{"x":2848,"y":1551,"data":{"alt":4,"type":1,"area":258}},{"x":2848,"y":1552,"data":{"alt":4,"type":1,"area":258}},{"x":2849,"y":1552,"data":{"alt":4,"type":2,"area":258}},{"x":2848,"y":1553,"data":{"alt":4,"type":2,"area":258}},{"x":2849,"y":1553,"data":{"alt":4,"type":1,"area":258}},{"x":2856,"y":1553,"data":{"alt":4,"type":2,"area":258}},{"x":2848,"y":1554,"data":{"alt":4,"type":1,"area":258}},{"x":2849,"y":1554,"data":{"alt":4,"type":2,"area":258}},{"x":2854,"y":1554,"data":{"alt":4,"type":2,"area":258}},{"x":2856,"y":1554,"data":{"alt":4,"type":2,"area":258}},{"x":2857,"y":1554,"data":{"alt":4,"type":2,"area":258}},{"x":2848,"y":1555,"data":{"alt":4,"type":2,"area":258}},{"x":2849,"y":1555,"data":{"alt":4,"type":2,"area":258}},{"x":2853,"y":1555,"data":{"alt":4,"type":2,"area":258}},{"x":2854,"y":1555,"data":{"alt":4,"type":2,"area":258}},{"x":2855,"y":1555,"data":{"alt":4,"type":2,"area":258}},{"x":2856,"y":1555,"data":{"alt":4,"type":2,"area":258}},{"x":2857,"y":1555,"data":{"alt":4,"type":2,"area":258}},{"x":2858,"y":1555,"data":{"alt":4,"type":2,"area":258}},{"x":2859,"y":1555,"data":{"alt":4,"type":2,"area":258}},{"x":2848,"y":1556,"data":{"alt":4,"type":2,"area":258}},{"x":2849,"y":1556,"data":{"alt":4,"type":2,"area":258}},{"x":2851,"y":1556,"data":{"alt":4,"type":2,"area":258}},{"x":2852,"y":1556,"data":{"alt":4,"type":2,"area":258}},{"x":2853,"y":1556,"data":{"alt":4,"type":2,"area":258}},{"x":2854,"y":1556,"data":{"alt":4,"type":2,"area":258}},{"x":2855,"y":1556,"data":{"alt":4,"type":2,"area":258}},{"x":2856,"y":1556,"data":{"alt":4,"type":2,"area":258}},{"x":2857,"y":1556,"data":{"alt":4,"type":2,"area":258}},{"x":2858,"y":1556,"data":{"alt":4,"type":2,"area":258}},{"x":2848,"y":1557,"data":{"alt":4,"type":1,"area":258}},{"x":2849,"y":1557,"data":{"alt":4,"type":1,"area":258}},{"x":2850,"y":1557,"data":{"alt":4,"type":2,"area":258}},{"x":2851,"y":1557,"data":{"alt":4,"type":2,"area":258}},{"x":2852,"y":1557,"data":{"alt":4,"type":2,"area":258}},{"x":2853,"y":1557,"data":{"alt":4,"type":1,"area":258}},{"x":2854,"y":1557,"data":{"alt":4,"type":1,"area":258}},{"x":2855,"y":1557,"data":{"alt":4,"type":2,"area":258}},{"x":2857,"y":1557,"data":{"alt":4,"type":2,"area":258}},{"x":2858,"y":1557,"data":{"alt":4,"type":2,"area":258}},{"x":2848,"y":1558,"data":{"alt":4,"type":2,"area":258}},{"x":2849,"y":1558,"data":{"alt":4,"type":2,"area":258}},{"x":2850,"y":1558,"data":{"alt":4,"type":1,"area":258}},{"x":2851,"y":1558,"data":{"alt":4,"type":2,"area":258}},{"x":2852,"y":1558,"data":{"alt":4,"type":1,"area":258}},{"x":2853,"y":1558,"data":{"alt":4,"type":2,"area":258}},{"x":2854,"y":1558,"data":{"alt":4,"type":2,"area":258}},{"x":2855,"y":1558,"data":{"alt":4,"type":1,"area":258}},{"x":2848,"y":1559,"data":{"alt":4,"type":2,"area":258}},{"x":2849,"y":1559,"data":{"alt":4,"type":2,"area":258}},{"x":2850,"y":1559,"data":{"alt":4,"type":2,"area":258}},{"x":2851,"y":1559,"data":{"alt":4,"type":1,"area":258}},{"x":2852,"y":1559,"data":{"alt":4,"type":2,"area":258}},{"x":2853,"y":1559,"data":{"alt":4,"type":2,"area":258}},{"x":2854,"y":1559,"data":{"alt":4,"type":2,"area":258}},{"x":2855,"y":1559,"data":{"alt":4,"type":1,"area":258}},{"x":2848,"y":1560,"data":{"alt":4,"type":2,"area":258}},{"x":2849,"y":1560,"data":{"alt":4,"type":2,"area":258}},{"x":2850,"y":1560,"data":{"alt":4,"type":2,"area":258}},{"x":2851,"y":1560,"data":{"alt":4,"type":2,"area":258}},{"x":2852,"y":1560,"data":{"alt":4,"type":2,"area":258}},{"x":2853,"y":1560,"data":{"alt":4,"type":2,"area":258}},{"x":2854,"y":1560,"data":{"alt":4,"type":1,"area":258}},{"x":2848,"y":1561,"data":{"alt":4,"type":2,"area":258}},{"x":2849,"y":1561,"data":{"alt":4,"type":2,"area":258}},{"x":2850,"y":1561,"data":{"alt":4,"type":2,"area":258}},{"x":2851,"y":1561,"data":{"alt":4,"type":2,"area":258}},{"x":2852,"y":1561,"data":{"alt":4,"type":2,"area":258}},{"x":2853,"y":1561,"data":{"alt":4,"type":2,"area":258}},{"x":2854,"y":1561,"data":{"alt":4,"type":1,"area":258}},{"x":2857,"y":1561,"data":{"alt":4,"type":2,"area":258}},{"x":2848,"y":1562,"data":{"alt":4,"type":2,"area":258}},{"x":2849,"y":1562,"data":{"alt":4,"type":2,"area":258}},{"x":2850,"y":1562,"data":{"alt":4,"type":2,"area":258}},{"x":2851,"y":1562,"data":{"alt":4,"type":2,"area":258}},{"x":2852,"y":1562,"data":{"alt":4,"type":2,"area":258}},{"x":2853,"y":1562,"data":{"alt":4,"type":2,"area":258}},{"x":2854,"y":1562,"data":{"alt":4,"type":2,"area":258}},{"x":2855,"y":1562,"data":{"alt":4,"type":1,"area":258}},{"x":2857,"y":1562,"data":{"alt":4,"type":2,"area":258}},{"x":2858,"y":1562,"data":{"alt":4,"type":2,"area":258}},{"x":2859,"y":1562,"data":{"alt":4,"type":2,"area":258}},{"x":2848,"y":1563,"data":{"alt":4,"type":2,"area":258}},{"x":2849,"y":1563,"data":{"alt":4,"type":2,"area":258}},{"x":2850,"y":1563,"data":{"alt":4,"type":2,"area":258}},{"x":2851,"y":1563,"data":{"alt":4,"type":2,"area":258}},{"x":2852,"y":1563,"data":{"alt":4,"type":2,"area":258}},{"x":2853,"y":1563,"data":{"alt":4,"type":2,"area":258}},{"x":2854,"y":1563,"data":{"alt":4,"type":2,"area":258}},{"x":2855,"y":1563,"data":{"alt":4,"type":1,"area":258}},{"x":2858,"y":1563,"data":{"alt":4,"type":2,"area":258}},{"x":2859,"y":1563,"data":{"alt":4,"type":2,"area":258}},{"x":2860,"y":1563,"data":{"alt":4,"type":2,"area":258}},{"x":2848,"y":1564,"data":{"alt":4,"type":2,"area":258}},{"x":2849,"y":1564,"data":{"alt":4,"type":2,"area":258}},{"x":2850,"y":1564,"data":{"alt":4,"type":2,"area":258}},{"x":2851,"y":1564,"data":{"alt":4,"type":2,"area":258}},{"x":2852,"y":1564,"data":{"alt":4,"type":2,"area":258}},{"x":2853,"y":1564,"data":{"alt":4,"type":2,"area":258}},{"x":2854,"y":1564,"data":{"alt":4,"type":2,"area":258}},{"x":2855,"y":1564,"data":{"alt":4,"type":1,"area":258}},{"x":2858,"y":1564,"data":{"alt":4,"type":2,"area":258}},{"x":2859,"y":1564,"data":{"alt":4,"type":2,"area":258}},{"x":2860,"y":1564,"data":{"alt":4,"type":2,"area":258}},{"x":2848,"y":1565,"data":{"alt":4,"type":2,"area":258}},{"x":2849,"y":1565,"data":{"alt":4,"type":2,"area":258}},{"x":2850,"y":1565,"data":{"alt":4,"type":2,"area":258}},{"x":2851,"y":1565,"data":{"alt":4,"type":2,"area":258}},{"x":2852,"y":1565,"data":{"alt":4,"type":2,"area":258}},{"x":2853,"y":1565,"data":{"alt":4,"type":2,"area":258}},{"x":2854,"y":1565,"data":{"alt":4,"type":2,"area":258}},{"x":2855,"y":1565,"data":{"alt":4,"type":2,"area":258}},{"x":2856,"y":1565,"data":{"alt":4,"type":1,"area":258}},{"x":2857,"y":1565,"data":{"alt":4,"type":2,"area":258}},{"x":2858,"y":1565,"data":{"alt":4,"type":2,"area":258}},{"x":2859,"y":1565,"data":{"alt":4,"type":2,"area":258}},{"x":2860,"y":1565,"data":{"alt":4,"type":2,"area":258}},{"x":2861,"y":1565,"data":{"alt":4,"type":2,"area":258}},{"x":2848,"y":1566,"data":{"alt":4,"type":2,"area":258}},{"x":2849,"y":1566,"data":{"alt":4,"type":2,"area":258}},{"x":2850,"y":1566,"data":{"alt":4,"type":2,"area":258}},{"x":2851,"y":1566,"data":{"alt":4,"type":2,"area":258}},{"x":2852,"y":1566,"data":{"alt":4,"type":2,"area":258}},{"x":2853,"y":1566,"data":{"alt":4,"type":2,"area":258}},{"x":2854,"y":1566,"data":{"alt":4,"type":2,"area":258}},{"x":2855,"y":1566,"data":{"alt":4,"type":2,"area":258}},{"x":2856,"y":1566,"data":{"alt":4,"type":2,"area":258}},{"x":2857,"y":1566,"data":{"alt":4,"type":1,"area":258}},{"x":2858,"y":1566,"data":{"alt":4,"type":1,"area":258}},{"x":2859,"y":1566,"data":{"alt":4,"type":1,"area":258}},{"x":2860,"y":1566,"data":{"alt":4,"type":1,"area":258}},{"x":2848,"y":1567,"data":{"alt":4,"type":2,"area":258}},{"x":2849,"y":1567,"data":{"alt":4,"type":2,"area":258}},{"x":2850,"y":1567,"data":{"alt":4,"type":2,"area":258}},{"x":2851,"y":1567,"data":{"alt":4,"type":2,"area":258}},{"x":2852,"y":1567,"data":{"alt":4,"type":2,"area":258}},{"x":2853,"y":1567,"data":{"alt":4,"type":2,"area":258}},{"x":2854,"y":1567,"data":{"alt":4,"type":2,"area":258}},{"x":2855,"y":1567,"data":{"alt":4,"type":2,"area":258}},{"x":2857,"y":1567,"data":{"alt":4,"type":2,"area":258}},{"x":2859,"y":1567,"data":{"alt":4,"type":2,"area":258}}]