[{"x":191,"y":2115,"data":{"alt":8,"type":2,"area":26}},{"x":189,"y":2116,"data":{"alt":8,"type":2,"area":26}},{"x":190,"y":2116,"data":{"alt":8,"type":2,"area":26}},{"x":191,"y":2116,"data":{"alt":8,"type":2,"area":26}},{"x":189,"y":2117,"data":{"alt":8,"type":2,"area":26}},{"x":190,"y":2117,"data":{"alt":8,"type":2,"area":26}},{"x":191,"y":2117,"data":{"alt":8,"type":2,"area":26}},{"x":189,"y":2118,"data":{"alt":8,"type":2,"area":26}},{"x":190,"y":2118,"data":{"alt":8,"type":2,"area":26}},{"x":191,"y":2118,"data":{"alt":8,"type":2,"area":26}},{"x":188,"y":2119,"data":{"alt":8,"type":2,"area":26}},{"x":189,"y":2119,"data":{"alt":8,"type":2,"area":26}},{"x":190,"y":2119,"data":{"alt":8,"type":2,"area":26}},{"x":191,"y":2119,"data":{"alt":8,"type":2,"area":26}},{"x":178,"y":2120,"data":{"alt":8,"type":1,"area":26}},{"x":179,"y":2120,"data":{"alt":8,"type":1,"area":26}},{"x":180,"y":2120,"data":{"alt":8,"type":1,"area":26}},{"x":181,"y":2120,"data":{"alt":8,"type":1,"area":26}},{"x":182,"y":2120,"data":{"alt":8,"type":1,"area":26}},{"x":183,"y":2120,"data":{"alt":8,"type":1,"area":26}},{"x":184,"y":2120,"data":{"alt":8,"type":1,"area":26}},{"x":185,"y":2120,"data":{"alt":8,"type":1,"area":26}},{"x":186,"y":2120,"data":{"alt":8,"type":2,"area":26}},{"x":187,"y":2120,"data":{"alt":8,"type":2,"area":26}},{"x":188,"y":2120,"data":{"alt":8,"type":2,"area":26}},{"x":189,"y":2120,"data":{"alt":8,"type":2,"area":26}},{"x":190,"y":2120,"data":{"alt":8,"type":2,"area":26}},{"x":191,"y":2120,"data":{"alt":8,"type":2,"area":26}},{"x":186,"y":2121,"data":{"alt":8,"type":1,"area":26}},{"x":187,"y":2121,"data":{"alt":8,"type":1,"area":26}},{"x":188,"y":2121,"data":{"alt":8,"type":2,"area":26}},{"x":189,"y":2121,"data":{"alt":8,"type":2,"area":26}},{"x":190,"y":2121,"data":{"alt":8,"type":2,"area":26}},{"x":191,"y":2121,"data":{"alt":8,"type":1,"area":26}},{"x":185,"y":2122,"data":{"alt":8,"type":2,"area":26}},{"x":186,"y":2122,"data":{"alt":8,"type":2,"area":26}},{"x":187,"y":2122,"data":{"alt":8,"type":2,"area":26}},{"x":188,"y":2122,"data":{"alt":8,"type":1,"area":26}},{"x":189,"y":2122,"data":{"alt":8,"type":1,"area":26}},{"x":190,"y":2122,"data":{"alt":8,"type":1,"area":26}},{"x":191,"y":2122,"data":{"alt":8,"type":2,"area":26}},{"x":186,"y":2123,"data":{"alt":8,"type":2,"area":26}},{"x":187,"y":2123,"data":{"alt":8,"type":2,"area":26}},{"x":188,"y":2123,"data":{"alt":8,"type":2,"area":26}},{"x":189,"y":2123,"data":{"alt":8,"type":2,"area":26}},{"x":190,"y":2123,"data":{"alt":8,"type":2,"area":26}},{"x":191,"y":2123,"data":{"alt":8,"type":2,"area":26}},{"x":185,"y":2124,"data":{"alt":8,"type":2,"area":26}},{"x":186,"y":2124,"data":{"alt":8,"type":2,"area":26}},{"x":187,"y":2124,"data":{"alt":8,"type":2,"area":26}},{"x":188,"y":2124,"data":{"alt":8,"type":2,"area":26}},{"x":189,"y":2124,"data":{"alt":8,"type":2,"area":26}},{"x":190,"y":2124,"data":{"alt":8,"type":2,"area":26}},{"x":191,"y":2124,"data":{"alt":8,"type":2,"area":26}},{"x":186,"y":2125,"data":{"alt":8,"type":2,"area":26}},{"x":187,"y":2125,"data":{"alt":8,"type":2,"area":26}},{"x":188,"y":2125,"data":{"alt":8,"type":2,"area":26}},{"x":189,"y":2125,"data":{"alt":8,"type":2,"area":26}},{"x":190,"y":2125,"data":{"alt":8,"type":2,"area":26}},{"x":191,"y":2125,"data":{"alt":8,"type":2,"area":26}},{"x":185,"y":2126,"data":{"alt":8,"type":2,"area":26}},{"x":186,"y":2126,"data":{"alt":8,"type":2,"area":26}},{"x":187,"y":2126,"data":{"alt":8,"type":2,"area":26}},{"x":188,"y":2126,"data":{"alt":8,"type":2,"area":26}},{"x":189,"y":2126,"data":{"alt":8,"type":2,"area":26}},{"x":190,"y":2126,"data":{"alt":8,"type":2,"area":26}},{"x":191,"y":2126,"data":{"alt":8,"type":2,"area":26}},{"x":184,"y":2127,"data":{"alt":8,"type":2,"area":26}},{"x":185,"y":2127,"data":{"alt":8,"type":2,"area":26}},{"x":186,"y":2127,"data":{"alt":8,"type":2,"area":26}},{"x":187,"y":2127,"data":{"alt":8,"type":2,"area":26}},{"x":188,"y":2127,"data":{"alt":8,"type":2,"area":26}},{"x":189,"y":2127,"data":{"alt":8,"type":2,"area":26}},{"x":190,"y":2127,"data":{"alt":8,"type":2,"area":26}},{"x":191,"y":2127,"data":{"alt":8,"type":2,"area":26}},{"x":183,"y":2128,"data":{"alt":8,"type":2,"area":26}},{"x":184,"y":2128,"data":{"alt":8,"type":2,"area":26}},{"x":185,"y":2128,"data":{"alt":8,"type":2,"area":26}},{"x":186,"y":2128,"data":{"alt":8,"type":2,"area":26}},{"x":187,"y":2128,"data":{"alt":8,"type":2,"area":26}},{"x":188,"y":2128,"data":{"alt":8,"type":2,"area":26}},{"x":189,"y":2128,"data":{"alt":8,"type":2,"area":26}},{"x":190,"y":2128,"data":{"alt":8,"type":2,"area":26}},{"x":191,"y":2128,"data":{"alt":8,"type":2,"area":26}},{"x":184,"y":2129,"data":{"alt":8,"type":2,"area":26}},{"x":185,"y":2129,"data":{"alt":8,"type":2,"area":26}},{"x":186,"y":2129,"data":{"alt":8,"type":2,"area":26}},{"x":187,"y":2129,"data":{"alt":8,"type":2,"area":26}},{"x":188,"y":2129,"data":{"alt":8,"type":2,"area":26}},{"x":184,"y":2130,"data":{"alt":8,"type":2,"area":26}},{"x":185,"y":2130,"data":{"alt":8,"type":2,"area":26}},{"x":186,"y":2130,"data":{"alt":8,"type":2,"area":26}},{"x":197,"y":2112,"data":{"alt":8,"type":2,"area":26}},{"x":198,"y":2112,"data":{"alt":8,"type":2,"area":26}},{"x":199,"y":2112,"data":{"alt":8,"type":2,"area":26}},{"x":200,"y":2112,"data":{"alt":8,"type":2,"area":26}},{"x":201,"y":2112,"data":{"alt":8,"type":2,"area":26}},{"x":216,"y":2112,"data":{"alt":8,"type":2,"area":26}},{"x":217,"y":2112,"data":{"alt":8,"type":2,"area":26}},{"x":218,"y":2112,"data":{"alt":8,"type":2,"area":26}},{"x":219,"y":2112,"data":{"alt":8,"type":2,"area":26}},{"x":220,"y":2112,"data":{"alt":8,"type":2,"area":26}},{"x":221,"y":2112,"data":{"alt":8,"type":2,"area":26}},{"x":198,"y":2113,"data":{"alt":8,"type":2,"area":26}},{"x":199,"y":2113,"data":{"alt":8,"type":2,"area":26}},{"x":200,"y":2113,"data":{"alt":8,"type":2,"area":26}},{"x":201,"y":2113,"data":{"alt":8,"type":2,"area":26}},{"x":216,"y":2113,"data":{"alt":8,"type":2,"area":26}},{"x":217,"y":2113,"data":{"alt":8,"type":2,"area":26}},{"x":218,"y":2113,"data":{"alt":8,"type":2,"area":26}},{"x":219,"y":2113,"data":{"alt":8,"type":2,"area":26}},{"x":220,"y":2113,"data":{"alt":8,"type":2,"area":26}},{"x":221,"y":2113,"data":{"alt":8,"type":2,"area":26}},{"x":192,"y":2114,"data":{"alt":8,"type":2,"area":26}},{"x":193,"y":2114,"data":{"alt":8,"type":2,"area":26}},{"x":196,"y":2114,"data":{"alt":8,"type":2,"area":26}},{"x":200,"y":2114,"data":{"alt":8,"type":2,"area":26}},{"x":201,"y":2114,"data":{"alt":8,"type":2,"area":26}},{"x":202,"y":2114,"data":{"alt":8,"type":2,"area":26}},{"x":217,"y":2114,"data":{"alt":8,"type":2,"area":26}},{"x":218,"y":2114,"data":{"alt":8,"type":2,"area":26}},{"x":219,"y":2114,"data":{"alt":8,"type":2,"area":26}},{"x":220,"y":2114,"data":{"alt":8,"type":2,"area":26}},{"x":192,"y":2115,"data":{"alt":8,"type":2,"area":26}},{"x":193,"y":2115,"data":{"alt":8,"type":2,"area":26}},{"x":194,"y":2115,"data":{"alt":8,"type":2,"area":26}},{"x":195,"y":2115,"data":{"alt":8,"type":2,"area":26}},{"x":196,"y":2115,"data":{"alt":8,"type":2,"area":26}},{"x":197,"y":2115,"data":{"alt":8,"type":2,"area":26}},{"x":199,"y":2115,"data":{"alt":8,"type":2,"area":26}},{"x":200,"y":2115,"data":{"alt":8,"type":2,"area":26}},{"x":201,"y":2115,"data":{"alt":8,"type":2,"area":26}},{"x":202,"y":2115,"data":{"alt":8,"type":2,"area":26}},{"x":216,"y":2115,"data":{"alt":8,"type":2,"area":26}},{"x":217,"y":2115,"data":{"alt":8,"type":2,"area":26}},{"x":218,"y":2115,"data":{"alt":8,"type":2,"area":26}},{"x":219,"y":2115,"data":{"alt":8,"type":2,"area":26}},{"x":220,"y":2115,"data":{"alt":8,"type":2,"area":26}},{"x":221,"y":2115,"data":{"alt":8,"type":2,"area":26}},{"x":222,"y":2115,"data":{"alt":8,"type":2,"area":26}},{"x":192,"y":2116,"data":{"alt":8,"type":2,"area":26}},{"x":193,"y":2116,"data":{"alt":8,"type":2,"area":26}},{"x":194,"y":2116,"data":{"alt":8,"type":2,"area":26}},{"x":195,"y":2116,"data":{"alt":8,"type":2,"area":26}},{"x":196,"y":2116,"data":{"alt":8,"type":2,"area":26}},{"x":197,"y":2116,"data":{"alt":8,"type":2,"area":26}},{"x":198,"y":2116,"data":{"alt":8,"type":2,"area":26}},{"x":199,"y":2116,"data":{"alt":8,"type":2,"area":26}},{"x":200,"y":2116,"data":{"alt":8,"type":2,"area":26}},{"x":201,"y":2116,"data":{"alt":8,"type":2,"area":26}},{"x":202,"y":2116,"data":{"alt":8,"type":2,"area":26}},{"x":203,"y":2116,"data":{"alt":8,"type":2,"area":26}},{"x":211,"y":2116,"data":{"alt":8,"type":1,"area":26}},{"x":212,"y":2116,"data":{"alt":8,"type":1,"area":26}},{"x":216,"y":2116,"data":{"alt":8,"type":2,"area":26}},{"x":217,"y":2116,"data":{"alt":8,"type":2,"area":26}},{"x":218,"y":2116,"data":{"alt":8,"type":2,"area":26}},{"x":219,"y":2116,"data":{"alt":8,"type":2,"area":26}},{"x":220,"y":2116,"data":{"alt":8,"type":2,"area":26}},{"x":221,"y":2116,"data":{"alt":8,"type":2,"area":26}},{"x":222,"y":2116,"data":{"alt":8,"type":2,"area":26}},{"x":223,"y":2116,"data":{"alt":8,"type":2,"area":26}},{"x":192,"y":2117,"data":{"alt":8,"type":2,"area":26}},{"x":193,"y":2117,"data":{"alt":8,"type":2,"area":26}},{"x":194,"y":2117,"data":{"alt":8,"type":2,"area":26}},{"x":195,"y":2117,"data":{"alt":8,"type":2,"area":26}},{"x":196,"y":2117,"data":{"alt":8,"type":2,"area":26}},{"x":197,"y":2117,"data":{"alt":8,"type":2,"area":26}},{"x":198,"y":2117,"data":{"alt":8,"type":2,"area":26}},{"x":199,"y":2117,"data":{"alt":8,"type":2,"area":26}},{"x":200,"y":2117,"data":{"alt":8,"type":2,"area":26}},{"x":212,"y":2117,"data":{"alt":8,"type":1,"area":26}},{"x":215,"y":2117,"data":{"alt":8,"type":2,"area":26}},{"x":216,"y":2117,"data":{"alt":8,"type":2,"area":26}},{"x":217,"y":2117,"data":{"alt":8,"type":2,"area":26}},{"x":218,"y":2117,"data":{"alt":8,"type":2,"area":26}},{"x":219,"y":2117,"data":{"alt":8,"type":2,"area":26}},{"x":220,"y":2117,"data":{"alt":8,"type":2,"area":26}},{"x":221,"y":2117,"data":{"alt":8,"type":2,"area":26}},{"x":222,"y":2117,"data":{"alt":8,"type":2,"area":26}},{"x":223,"y":2117,"data":{"alt":8,"type":2,"area":26}},{"x":192,"y":2118,"data":{"alt":8,"type":2,"area":26}},{"x":193,"y":2118,"data":{"alt":8,"type":2,"area":26}},{"x":194,"y":2118,"data":{"alt":8,"type":2,"area":26}},{"x":195,"y":2118,"data":{"alt":8,"type":2,"area":26}},{"x":196,"y":2118,"data":{"alt":8,"type":2,"area":26}},{"x":197,"y":2118,"data":{"alt":8,"type":2,"area":26}},{"x":198,"y":2118,"data":{"alt":8,"type":2,"area":26}},{"x":212,"y":2118,"data":{"alt":8,"type":1,"area":26}},{"x":215,"y":2118,"data":{"alt":8,"type":2,"area":26}},{"x":216,"y":2118,"data":{"alt":8,"type":2,"area":26}},{"x":217,"y":2118,"data":{"alt":8,"type":2,"area":26}},{"x":218,"y":2118,"data":{"alt":8,"type":2,"area":26}},{"x":219,"y":2118,"data":{"alt":8,"type":2,"area":26}},{"x":220,"y":2118,"data":{"alt":8,"type":2,"area":26}},{"x":221,"y":2118,"data":{"alt":8,"type":2,"area":26}},{"x":222,"y":2118,"data":{"alt":8,"type":2,"area":26}},{"x":223,"y":2118,"data":{"alt":8,"type":2,"area":26}},{"x":192,"y":2119,"data":{"alt":8,"type":2,"area":26}},{"x":193,"y":2119,"data":{"alt":8,"type":2,"area":26}},{"x":194,"y":2119,"data":{"alt":8,"type":2,"area":26}},{"x":195,"y":2119,"data":{"alt":8,"type":2,"area":26}},{"x":196,"y":2119,"data":{"alt":8,"type":2,"area":26}},{"x":197,"y":2119,"data":{"alt":8,"type":2,"area":26}},{"x":198,"y":2119,"data":{"alt":8,"type":2,"area":26}},{"x":212,"y":2119,"data":{"alt":8,"type":2,"area":26}},{"x":213,"y":2119,"data":{"alt":8,"type":1,"area":26}},{"x":214,"y":2119,"data":{"alt":8,"type":1,"area":26}},{"x":215,"y":2119,"data":{"alt":8,"type":1,"area":26}},{"x":216,"y":2119,"data":{"alt":8,"type":2,"area":26}},{"x":217,"y":2119,"data":{"alt":8,"type":2,"area":26}},{"x":218,"y":2119,"data":{"alt":8,"type":2,"area":26}},{"x":219,"y":2119,"data":{"alt":8,"type":2,"area":26}},{"x":220,"y":2119,"data":{"alt":8,"type":2,"area":26}},{"x":221,"y":2119,"data":{"alt":8,"type":2,"area":26}},{"x":222,"y":2119,"data":{"alt":8,"type":2,"area":26}},{"x":223,"y":2119,"data":{"alt":8,"type":2,"area":26}},{"x":192,"y":2120,"data":{"alt":8,"type":2,"area":26}},{"x":193,"y":2120,"data":{"alt":8,"type":2,"area":26}},{"x":194,"y":2120,"data":{"alt":8,"type":2,"area":26}},{"x":195,"y":2120,"data":{"alt":8,"type":2,"area":26}},{"x":196,"y":2120,"data":{"alt":8,"type":2,"area":26}},{"x":197,"y":2120,"data":{"alt":8,"type":2,"area":26}},{"x":198,"y":2120,"data":{"alt":8,"type":2,"area":26}},{"x":211,"y":2120,"data":{"alt":8,"type":1,"area":26}},{"x":212,"y":2120,"data":{"alt":8,"type":1,"area":26}},{"x":213,"y":2120,"data":{"alt":8,"type":1,"area":26}},{"x":214,"y":2120,"data":{"alt":8,"type":1,"area":26}},{"x":215,"y":2120,"data":{"alt":8,"type":2,"area":26}},{"x":216,"y":2120,"data":{"alt":8,"type":2,"area":26}},{"x":217,"y":2120,"data":{"alt":8,"type":2,"area":26}},{"x":218,"y":2120,"data":{"alt":8,"type":2,"area":26}},{"x":219,"y":2120,"data":{"alt":8,"type":2,"area":26}},{"x":220,"y":2120,"data":{"alt":8,"type":2,"area":26}},{"x":221,"y":2120,"data":{"alt":8,"type":2,"area":26}},{"x":222,"y":2120,"data":{"alt":8,"type":2,"area":26}},{"x":223,"y":2120,"data":{"alt":8,"type":2,"area":26}},{"x":192,"y":2121,"data":{"alt":8,"type":1,"area":26}},{"x":193,"y":2121,"data":{"alt":8,"type":1,"area":26}},{"x":194,"y":2121,"data":{"alt":8,"type":1,"area":26}},{"x":195,"y":2121,"data":{"alt":8,"type":1,"area":26}},{"x":196,"y":2121,"data":{"alt":8,"type":1,"area":26}},{"x":197,"y":2121,"data":{"alt":8,"type":1,"area":26}},{"x":213,"y":2121,"data":{"alt":8,"type":2,"area":26}},{"x":214,"y":2121,"data":{"alt":8,"type":2,"area":26}},{"x":215,"y":2121,"data":{"alt":8,"type":2,"area":26}},{"x":216,"y":2121,"data":{"alt":8,"type":2,"area":26}},{"x":217,"y":2121,"data":{"alt":8,"type":2,"area":26}},{"x":218,"y":2121,"data":{"alt":8,"type":2,"area":26}},{"x":219,"y":2121,"data":{"alt":8,"type":2,"area":26}},{"x":220,"y":2121,"data":{"alt":8,"type":2,"area":26}},{"x":221,"y":2121,"data":{"alt":8,"type":2,"area":26}},{"x":222,"y":2121,"data":{"alt":8,"type":2,"area":26}},{"x":223,"y":2121,"data":{"alt":8,"type":2,"area":26}},{"x":192,"y":2122,"data":{"alt":8,"type":2,"area":26}},{"x":193,"y":2122,"data":{"alt":8,"type":2,"area":26}},{"x":194,"y":2122,"data":{"alt":8,"type":2,"area":26}},{"x":195,"y":2122,"data":{"alt":8,"type":2,"area":26}},{"x":196,"y":2122,"data":{"alt":8,"type":2,"area":26}},{"x":197,"y":2122,"data":{"alt":8,"type":2,"area":26}},{"x":198,"y":2122,"data":{"alt":8,"type":1,"area":26}},{"x":199,"y":2122,"data":{"alt":8,"type":1,"area":26}},{"x":200,"y":2122,"data":{"alt":8,"type":1,"area":26}},{"x":201,"y":2122,"data":{"alt":8,"type":1,"area":26}},{"x":202,"y":2122,"data":{"alt":8,"type":1,"area":26}},{"x":203,"y":2122,"data":{"alt":8,"type":1,"area":26}},{"x":204,"y":2122,"data":{"alt":8,"type":1,"area":26}},{"x":205,"y":2122,"data":{"alt":8,"type":1,"area":26}},{"x":206,"y":2122,"data":{"alt":8,"type":1,"area":26}},{"x":207,"y":2122,"data":{"alt":8,"type":1,"area":26}},{"x":208,"y":2122,"data":{"alt":8,"type":1,"area":26}},{"x":214,"y":2122,"data":{"alt":8,"type":2,"area":26}},{"x":215,"y":2122,"data":{"alt":8,"type":2,"area":26}},{"x":216,"y":2122,"data":{"alt":8,"type":2,"area":26}},{"x":217,"y":2122,"data":{"alt":8,"type":2,"area":26}},{"x":218,"y":2122,"data":{"alt":8,"type":2,"area":26}},{"x":219,"y":2122,"data":{"alt":8,"type":2,"area":26}},{"x":220,"y":2122,"data":{"alt":8,"type":2,"area":26}},{"x":221,"y":2122,"data":{"alt":8,"type":2,"area":26}},{"x":222,"y":2122,"data":{"alt":8,"type":2,"area":26}},{"x":223,"y":2122,"data":{"alt":8,"type":2,"area":26}},{"x":192,"y":2123,"data":{"alt":8,"type":2,"area":26}},{"x":193,"y":2123,"data":{"alt":8,"type":2,"area":26}},{"x":194,"y":2123,"data":{"alt":8,"type":2,"area":26}},{"x":195,"y":2123,"data":{"alt":8,"type":2,"area":26}},{"x":196,"y":2123,"data":{"alt":8,"type":2,"area":26}},{"x":197,"y":2123,"data":{"alt":8,"type":2,"area":26}},{"x":198,"y":2123,"data":{"alt":8,"type":2,"area":26}},{"x":199,"y":2123,"data":{"alt":8,"type":2,"area":26}},{"x":200,"y":2123,"data":{"alt":8,"type":2,"area":26}},{"x":206,"y":2123,"data":{"alt":8,"type":2,"area":26}},{"x":207,"y":2123,"data":{"alt":8,"type":2,"area":26}},{"x":214,"y":2123,"data":{"alt":8,"type":2,"area":26}},{"x":215,"y":2123,"data":{"alt":8,"type":2,"area":26}},{"x":216,"y":2123,"data":{"alt":8,"type":2,"area":26}},{"x":217,"y":2123,"data":{"alt":8,"type":2,"area":26}},{"x":218,"y":2123,"data":{"alt":8,"type":2,"area":26}},{"x":219,"y":2123,"data":{"alt":8,"type":2,"area":26}},{"x":220,"y":2123,"data":{"alt":8,"type":2,"area":26}},{"x":221,"y":2123,"data":{"alt":8,"type":2,"area":26}},{"x":222,"y":2123,"data":{"alt":8,"type":2,"area":26}},{"x":223,"y":2123,"data":{"alt":8,"type":2,"area":26}},{"x":192,"y":2124,"data":{"alt":8,"type":2,"area":26}},{"x":193,"y":2124,"data":{"alt":8,"type":2,"area":26}},{"x":194,"y":2124,"data":{"alt":8,"type":2,"area":26}},{"x":195,"y":2124,"data":{"alt":8,"type":2,"area":26}},{"x":196,"y":2124,"data":{"alt":8,"type":2,"area":26}},{"x":197,"y":2124,"data":{"alt":8,"type":2,"area":26}},{"x":198,"y":2124,"data":{"alt":8,"type":2,"area":26}},{"x":204,"y":2124,"data":{"alt":8,"type":2,"area":26}},{"x":206,"y":2124,"data":{"alt":8,"type":2,"area":26}},{"x":207,"y":2124,"data":{"alt":8,"type":2,"area":26}},{"x":208,"y":2124,"data":{"alt":8,"type":2,"area":26}},{"x":214,"y":2124,"data":{"alt":8,"type":2,"area":26}},{"x":215,"y":2124,"data":{"alt":8,"type":2,"area":26}},{"x":216,"y":2124,"data":{"alt":8,"type":2,"area":26}},{"x":217,"y":2124,"data":{"alt":8,"type":2,"area":26}},{"x":218,"y":2124,"data":{"alt":8,"type":2,"area":26}},{"x":219,"y":2124,"data":{"alt":8,"type":2,"area":26}},{"x":220,"y":2124,"data":{"alt":8,"type":2,"area":26}},{"x":221,"y":2124,"data":{"alt":8,"type":2,"area":26}},{"x":222,"y":2124,"data":{"alt":8,"type":2,"area":26}},{"x":223,"y":2124,"data":{"alt":8,"type":2,"area":26}},{"x":192,"y":2125,"data":{"alt":8,"type":2,"area":26}},{"x":193,"y":2125,"data":{"alt":8,"type":2,"area":26}},{"x":194,"y":2125,"data":{"alt":8,"type":2,"area":26}},{"x":195,"y":2125,"data":{"alt":8,"type":2,"area":26}},{"x":196,"y":2125,"data":{"alt":8,"type":2,"area":26}},{"x":197,"y":2125,"data":{"alt":8,"type":2,"area":26}},{"x":198,"y":2125,"data":{"alt":8,"type":2,"area":26}},{"x":199,"y":2125,"data":{"alt":8,"type":2,"area":26}},{"x":200,"y":2125,"data":{"alt":8,"type":2,"area":26}},{"x":202,"y":2125,"data":{"alt":8,"type":2,"area":26}},{"x":203,"y":2125,"data":{"alt":8,"type":2,"area":26}},{"x":204,"y":2125,"data":{"alt":8,"type":2,"area":26}},{"x":205,"y":2125,"data":{"alt":8,"type":2,"area":26}},{"x":206,"y":2125,"data":{"alt":8,"type":2,"area":26}},{"x":207,"y":2125,"data":{"alt":8,"type":2,"area":26}},{"x":208,"y":2125,"data":{"alt":8,"type":2,"area":26}},{"x":209,"y":2125,"data":{"alt":8,"type":2,"area":26}},{"x":211,"y":2125,"data":{"alt":8,"type":2,"area":26}},{"x":212,"y":2125,"data":{"alt":8,"type":2,"area":26}},{"x":213,"y":2125,"data":{"alt":8,"type":2,"area":26}},{"x":214,"y":2125,"data":{"alt":8,"type":2,"area":26}},{"x":215,"y":2125,"data":{"alt":8,"type":2,"area":26}},{"x":216,"y":2125,"data":{"alt":8,"type":2,"area":26}},{"x":217,"y":2125,"data":{"alt":8,"type":2,"area":26}},{"x":218,"y":2125,"data":{"alt":8,"type":2,"area":26}},{"x":219,"y":2125,"data":{"alt":8,"type":2,"area":26}},{"x":220,"y":2125,"data":{"alt":8,"type":2,"area":26}},{"x":221,"y":2125,"data":{"alt":8,"type":2,"area":26}},{"x":222,"y":2125,"data":{"alt":8,"type":2,"area":26}},{"x":223,"y":2125,"data":{"alt":8,"type":2,"area":26}},{"x":192,"y":2126,"data":{"alt":8,"type":2,"area":26}},{"x":193,"y":2126,"data":{"alt":8,"type":2,"area":26}},{"x":194,"y":2126,"data":{"alt":8,"type":2,"area":26}},{"x":195,"y":2126,"data":{"alt":8,"type":2,"area":26}},{"x":196,"y":2126,"data":{"alt":8,"type":2,"area":26}},{"x":197,"y":2126,"data":{"alt":8,"type":2,"area":26}},{"x":198,"y":2126,"data":{"alt":8,"type":2,"area":26}},{"x":199,"y":2126,"data":{"alt":8,"type":2,"area":26}},{"x":200,"y":2126,"data":{"alt":8,"type":2,"area":26}},{"x":201,"y":2126,"data":{"alt":8,"type":2,"area":26}},{"x":202,"y":2126,"data":{"alt":8,"type":2,"area":26}},{"x":203,"y":2126,"data":{"alt":8,"type":2,"area":26}},{"x":204,"y":2126,"data":{"alt":8,"type":2,"area":26}},{"x":205,"y":2126,"data":{"alt":8,"type":2,"area":26}},{"x":206,"y":2126,"data":{"alt":8,"type":2,"area":26}},{"x":207,"y":2126,"data":{"alt":8,"type":2,"area":26}},{"x":208,"y":2126,"data":{"alt":8,"type":2,"area":26}},{"x":209,"y":2126,"data":{"alt":8,"type":2,"area":26}},{"x":210,"y":2126,"data":{"alt":8,"type":2,"area":26}},{"x":211,"y":2126,"data":{"alt":8,"type":2,"area":26}},{"x":212,"y":2126,"data":{"alt":8,"type":2,"area":26}},{"x":213,"y":2126,"data":{"alt":8,"type":2,"area":26}},{"x":214,"y":2126,"data":{"alt":8,"type":2,"area":26}},{"x":215,"y":2126,"data":{"alt":8,"type":2,"res":1,"resAmount":40,"area":26}},{"x":216,"y":2126,"data":{"alt":8,"type":2,"area":26}},{"x":217,"y":2126,"data":{"alt":8,"type":2,"area":26}},{"x":218,"y":2126,"data":{"alt":8,"type":2,"area":26}},{"x":219,"y":2126,"data":{"alt":8,"type":2,"area":26}},{"x":220,"y":2126,"data":{"alt":8,"type":2,"area":26}},{"x":221,"y":2126,"data":{"alt":8,"type":2,"area":26}},{"x":222,"y":2126,"data":{"alt":8,"type":2,"area":26}},{"x":223,"y":2126,"data":{"alt":8,"type":2,"area":26}},{"x":192,"y":2127,"data":{"alt":8,"type":2,"area":26}},{"x":193,"y":2127,"data":{"alt":8,"type":2,"area":26}},{"x":194,"y":2127,"data":{"alt":8,"type":2,"area":26}},{"x":195,"y":2127,"data":{"alt":8,"type":2,"area":26}},{"x":196,"y":2127,"data":{"alt":8,"type":2,"area":26}},{"x":197,"y":2127,"data":{"alt":8,"type":2,"area":26}},{"x":198,"y":2127,"data":{"alt":8,"type":2,"area":26}},{"x":199,"y":2127,"data":{"alt":8,"type":2,"area":26}},{"x":200,"y":2127,"data":{"alt":8,"type":2,"area":26}},{"x":201,"y":2127,"data":{"alt":8,"type":2,"area":26}},{"x":202,"y":2127,"data":{"alt":8,"type":2,"area":26}},{"x":203,"y":2127,"data":{"alt":8,"type":2,"area":26}},{"x":204,"y":2127,"data":{"alt":8,"type":2,"area":26}},{"x":205,"y":2127,"data":{"alt":8,"type":2,"area":26}},{"x":206,"y":2127,"data":{"alt":8,"type":2,"area":26}},{"x":207,"y":2127,"data":{"alt":8,"type":2,"area":26}},{"x":208,"y":2127,"data":{"alt":8,"type":2,"area":26}},{"x":209,"y":2127,"data":{"alt":8,"type":2,"area":26}},{"x":210,"y":2127,"data":{"alt":8,"type":2,"area":26}},{"x":211,"y":2127,"data":{"alt":8,"type":2,"area":26}},{"x":212,"y":2127,"data":{"alt":8,"type":2,"area":26}},{"x":213,"y":2127,"data":{"alt":8,"type":2,"area":26}},{"x":214,"y":2127,"data":{"alt":8,"type":2,"area":26}},{"x":215,"y":2127,"data":{"alt":8,"type":2,"area":26}},{"x":216,"y":2127,"data":{"alt":8,"type":2,"area":26}},{"x":217,"y":2127,"data":{"alt":8,"type":2,"area":26}},{"x":218,"y":2127,"data":{"alt":8,"type":2,"area":26}},{"x":219,"y":2127,"data":{"alt":8,"type":2,"area":26}},{"x":220,"y":2127,"data":{"alt":8,"type":2,"area":26}},{"x":221,"y":2127,"data":{"alt":8,"type":2,"area":26}},{"x":222,"y":2127,"data":{"alt":8,"type":2,"area":26}},{"x":223,"y":2127,"data":{"alt":8,"type":2,"area":26}},{"x":192,"y":2128,"data":{"alt":8,"type":2,"area":26}},{"x":193,"y":2128,"data":{"alt":8,"type":2,"area":26}},{"x":194,"y":2128,"data":{"alt":8,"type":2,"area":26}},{"x":196,"y":2128,"data":{"alt":8,"type":2,"area":26}},{"x":197,"y":2128,"data":{"alt":8,"type":2,"area":26}},{"x":198,"y":2128,"data":{"alt":8,"type":2,"area":26}},{"x":199,"y":2128,"data":{"alt":8,"type":2,"area":26}},{"x":200,"y":2128,"data":{"alt":8,"type":2,"area":26}},{"x":201,"y":2128,"data":{"alt":8,"type":2,"area":26}},{"x":202,"y":2128,"data":{"alt":8,"type":2,"area":26}},{"x":203,"y":2128,"data":{"alt":8,"type":2,"area":26}},{"x":204,"y":2128,"data":{"alt":8,"type":2,"area":26}},{"x":205,"y":2128,"data":{"alt":8,"type":2,"area":26}},{"x":206,"y":2128,"data":{"alt":8,"type":2,"area":26}},{"x":207,"y":2128,"data":{"alt":8,"type":2,"area":26}},{"x":208,"y":2128,"data":{"alt":8,"type":2,"area":26}},{"x":209,"y":2128,"data":{"alt":8,"type":2,"area":26}},{"x":210,"y":2128,"data":{"alt":8,"type":2,"area":26}},{"x":211,"y":2128,"data":{"alt":8,"type":2,"area":26}},{"x":212,"y":2128,"data":{"alt":8,"type":2,"area":26}},{"x":213,"y":2128,"data":{"alt":8,"type":2,"area":26}},{"x":214,"y":2128,"data":{"alt":8,"type":2,"area":26}},{"x":215,"y":2128,"data":{"alt":8,"type":2,"area":26}},{"x":216,"y":2128,"data":{"alt":8,"type":2,"area":26}},{"x":217,"y":2128,"data":{"alt":8,"type":2,"area":26}},{"x":218,"y":2128,"data":{"alt":8,"type":2,"area":26}},{"x":219,"y":2128,"data":{"alt":8,"type":2,"area":26}},{"x":220,"y":2128,"data":{"alt":8,"type":2,"area":26}},{"x":221,"y":2128,"data":{"alt":8,"type":2,"area":26}},{"x":222,"y":2128,"data":{"alt":8,"type":2,"area":26}},{"x":223,"y":2128,"data":{"alt":8,"type":2,"area":26}},{"x":197,"y":2129,"data":{"alt":8,"type":2,"area":26}},{"x":198,"y":2129,"data":{"alt":8,"type":2,"area":26}},{"x":199,"y":2129,"data":{"alt":8,"type":2,"area":26}},{"x":200,"y":2129,"data":{"alt":8,"type":2,"area":26}},{"x":201,"y":2129,"data":{"alt":8,"type":2,"area":26}},{"x":202,"y":2129,"data":{"alt":8,"type":2,"area":26}},{"x":203,"y":2129,"data":{"alt":8,"type":2,"area":26}},{"x":204,"y":2129,"data":{"alt":8,"type":2,"area":26}},{"x":205,"y":2129,"data":{"alt":8,"type":2,"area":26}},{"x":206,"y":2129,"data":{"alt":8,"type":2,"area":26}},{"x":207,"y":2129,"data":{"alt":8,"type":2,"area":26}},{"x":208,"y":2129,"data":{"alt":8,"type":2,"area":26}},{"x":209,"y":2129,"data":{"alt":8,"type":2,"area":26}},{"x":210,"y":2129,"data":{"alt":8,"type":2,"area":26}},{"x":211,"y":2129,"data":{"alt":8,"type":2,"area":26}},{"x":212,"y":2129,"data":{"alt":8,"type":2,"area":26}},{"x":213,"y":2129,"data":{"alt":8,"type":2,"area":26}},{"x":214,"y":2129,"data":{"alt":8,"type":2,"area":26}},{"x":215,"y":2129,"data":{"alt":8,"type":2,"area":26}},{"x":216,"y":2129,"data":{"alt":8,"type":2,"area":26}},{"x":217,"y":2129,"data":{"alt":8,"type":2,"area":26}},{"x":218,"y":2129,"data":{"alt":8,"type":2,"area":26}},{"x":219,"y":2129,"data":{"alt":8,"type":2,"area":26}},{"x":220,"y":2129,"data":{"alt":8,"type":2,"area":26}},{"x":221,"y":2129,"data":{"alt":8,"type":2,"area":26}},{"x":222,"y":2129,"data":{"alt":8,"type":2,"area":26}},{"x":223,"y":2129,"data":{"alt":8,"type":2,"area":26}},{"x":198,"y":2130,"data":{"alt":8,"type":2,"area":26}},{"x":199,"y":2130,"data":{"alt":8,"type":2,"area":26}},{"x":200,"y":2130,"data":{"alt":8,"type":2,"area":26}},{"x":201,"y":2130,"data":{"alt":8,"type":2,"area":26}},{"x":202,"y":2130,"data":{"alt":8,"type":2,"area":26}},{"x":203,"y":2130,"data":{"alt":8,"type":2,"area":26}},{"x":204,"y":2130,"data":{"alt":8,"type":2,"area":26}},{"x":205,"y":2130,"data":{"alt":8,"type":2,"area":26}},{"x":206,"y":2130,"data":{"alt":8,"type":2,"area":26}},{"x":207,"y":2130,"data":{"alt":8,"type":2,"area":26}},{"x":208,"y":2130,"data":{"alt":8,"type":2,"area":26}},{"x":209,"y":2130,"data":{"alt":8,"type":2,"area":26}},{"x":210,"y":2130,"data":{"alt":8,"type":2,"area":26}},{"x":211,"y":2130,"data":{"alt":8,"type":2,"area":26}},{"x":212,"y":2130,"data":{"alt":8,"type":2,"area":26}},{"x":213,"y":2130,"data":{"alt":8,"type":2,"area":26}},{"x":214,"y":2130,"data":{"alt":8,"type":2,"area":26}},{"x":215,"y":2130,"data":{"alt":8,"type":2,"area":26}},{"x":216,"y":2130,"data":{"alt":8,"type":2,"area":26}},{"x":217,"y":2130,"data":{"alt":8,"type":2,"area":26}},{"x":218,"y":2130,"data":{"alt":8,"type":2,"area":26}},{"x":219,"y":2130,"data":{"alt":8,"type":2,"area":26}},{"x":220,"y":2130,"data":{"alt":8,"type":2,"area":26}},{"x":221,"y":2130,"data":{"alt":8,"type":2,"area":26}},{"x":222,"y":2130,"data":{"alt":8,"type":2,"area":26}},{"x":223,"y":2130,"data":{"alt":8,"type":2,"area":26}},{"x":198,"y":2131,"data":{"alt":8,"type":2,"area":26}},{"x":199,"y":2131,"data":{"alt":8,"type":2,"area":26}},{"x":200,"y":2131,"data":{"alt":8,"type":2,"area":26}},{"x":201,"y":2131,"data":{"alt":8,"type":2,"area":26}},{"x":202,"y":2131,"data":{"alt":8,"type":2,"area":26}},{"x":203,"y":2131,"data":{"alt":8,"type":2,"area":26}},{"x":204,"y":2131,"data":{"alt":8,"type":2,"area":26}},{"x":205,"y":2131,"data":{"alt":8,"type":2,"area":26}},{"x":206,"y":2131,"data":{"alt":8,"type":2,"area":26}},{"x":207,"y":2131,"data":{"alt":8,"type":2,"area":26}},{"x":208,"y":2131,"data":{"alt":8,"type":2,"area":26}},{"x":209,"y":2131,"data":{"alt":8,"type":2,"area":26}},{"x":210,"y":2131,"data":{"alt":8,"type":2,"area":26}},{"x":211,"y":2131,"data":{"alt":8,"type":2,"area":26}},{"x":212,"y":2131,"data":{"alt":8,"type":2,"area":26}},{"x":213,"y":2131,"data":{"alt":8,"type":2,"area":26}},{"x":214,"y":2131,"data":{"alt":8,"type":2,"area":26}},{"x":215,"y":2131,"data":{"alt":8,"type":2,"area":26}},{"x":216,"y":2131,"data":{"alt":8,"type":2,"area":26}},{"x":217,"y":2131,"data":{"alt":8,"type":2,"area":26}},{"x":218,"y":2131,"data":{"alt":8,"type":2,"area":26}},{"x":219,"y":2131,"data":{"alt":8,"type":2,"area":26}},{"x":220,"y":2131,"data":{"alt":8,"type":2,"area":26}},{"x":221,"y":2131,"data":{"alt":8,"type":2,"area":26}},{"x":222,"y":2131,"data":{"alt":8,"type":2,"area":26}},{"x":223,"y":2131,"data":{"alt":8,"type":2,"area":26}},{"x":198,"y":2132,"data":{"alt":8,"type":2,"area":26}},{"x":199,"y":2132,"data":{"alt":8,"type":2,"area":26}},{"x":200,"y":2132,"data":{"alt":8,"type":2,"area":26}},{"x":201,"y":2132,"data":{"alt":8,"type":2,"area":26}},{"x":202,"y":2132,"data":{"alt":8,"type":2,"area":26}},{"x":203,"y":2132,"data":{"alt":8,"type":2,"area":26}},{"x":204,"y":2132,"data":{"alt":8,"type":2,"area":26}},{"x":205,"y":2132,"data":{"alt":8,"type":2,"area":26}},{"x":206,"y":2132,"data":{"alt":8,"type":2,"area":26}},{"x":207,"y":2132,"data":{"alt":8,"type":2,"area":26}},{"x":208,"y":2132,"data":{"alt":8,"type":2,"area":26}},{"x":209,"y":2132,"data":{"alt":8,"type":2,"area":26}},{"x":210,"y":2132,"data":{"alt":8,"type":2,"area":26}},{"x":211,"y":2132,"data":{"alt":8,"type":2,"area":26}},{"x":212,"y":2132,"data":{"alt":8,"type":2,"area":26}},{"x":213,"y":2132,"data":{"alt":8,"type":2,"area":26}},{"x":214,"y":2132,"data":{"alt":8,"type":2,"area":26}},{"x":215,"y":2132,"data":{"alt":8,"type":2,"area":26}},{"x":216,"y":2132,"data":{"alt":8,"type":2,"area":26}},{"x":217,"y":2132,"data":{"alt":8,"type":2,"area":26}},{"x":218,"y":2132,"data":{"alt":8,"type":2,"area":26}},{"x":219,"y":2132,"data":{"alt":8,"type":2,"area":26}},{"x":220,"y":2132,"data":{"alt":8,"type":2,"area":26}},{"x":221,"y":2132,"data":{"alt":8,"type":2,"area":26}},{"x":198,"y":2133,"data":{"alt":8,"type":2,"area":26}},{"x":199,"y":2133,"data":{"alt":8,"type":2,"area":26}},{"x":200,"y":2133,"data":{"alt":8,"type":2,"area":26}},{"x":201,"y":2133,"data":{"alt":8,"type":2,"area":26}},{"x":202,"y":2133,"data":{"alt":8,"type":2,"area":26}},{"x":203,"y":2133,"data":{"alt":8,"type":2,"area":26}},{"x":204,"y":2133,"data":{"alt":8,"type":2,"area":26}},{"x":205,"y":2133,"data":{"alt":8,"type":2,"area":26}},{"x":206,"y":2133,"data":{"alt":8,"type":2,"area":26}},{"x":207,"y":2133,"data":{"alt":8,"type":2,"area":26}},{"x":208,"y":2133,"data":{"alt":8,"type":2,"area":26}},{"x":209,"y":2133,"data":{"alt":8,"type":2,"area":26}},{"x":210,"y":2133,"data":{"alt":8,"type":2,"area":26}},{"x":211,"y":2133,"data":{"alt":8,"type":2,"area":26}},{"x":212,"y":2133,"data":{"alt":8,"type":2,"area":26}},{"x":213,"y":2133,"data":{"alt":8,"type":2,"area":26}},{"x":214,"y":2133,"data":{"alt":8,"type":2,"area":26}},{"x":215,"y":2133,"data":{"alt":8,"type":2,"area":26}},{"x":216,"y":2133,"data":{"alt":8,"type":2,"area":26}},{"x":217,"y":2133,"data":{"alt":8,"type":2,"area":26}},{"x":218,"y":2133,"data":{"alt":8,"type":2,"area":26}},{"x":219,"y":2133,"data":{"alt":8,"type":2,"area":26}},{"x":220,"y":2133,"data":{"alt":8,"type":2,"area":26}},{"x":204,"y":2134,"data":{"alt":8,"type":2,"area":26}},{"x":205,"y":2134,"data":{"alt":8,"type":2,"area":26}},{"x":206,"y":2134,"data":{"alt":8,"type":2,"area":26}},{"x":207,"y":2134,"data":{"alt":8,"type":2,"area":26}},{"x":208,"y":2134,"data":{"alt":8,"type":2,"area":26}},{"x":209,"y":2134,"data":{"alt":8,"type":2,"area":26}},{"x":210,"y":2134,"data":{"alt":8,"type":2,"area":26}},{"x":211,"y":2134,"data":{"alt":8,"type":2,"area":26}},{"x":212,"y":2134,"data":{"alt":8,"type":2,"area":26}},{"x":213,"y":2134,"data":{"alt":8,"type":2,"area":26}},{"x":214,"y":2134,"data":{"alt":8,"type":2,"area":26}},{"x":215,"y":2134,"data":{"alt":8,"type":2,"area":26}},{"x":216,"y":2134,"data":{"alt":8,"type":2,"area":26}},{"x":217,"y":2134,"data":{"alt":8,"type":2,"area":26}},{"x":218,"y":2134,"data":{"alt":8,"type":2,"area":26}},{"x":219,"y":2134,"data":{"alt":8,"type":2,"area":26}},{"x":205,"y":2135,"data":{"alt":8,"type":2,"area":26}},{"x":206,"y":2135,"data":{"alt":8,"type":2,"area":26}},{"x":207,"y":2135,"data":{"alt":8,"type":2,"area":26}},{"x":208,"y":2135,"data":{"alt":8,"type":2,"area":26}},{"x":209,"y":2135,"data":{"alt":8,"type":2,"area":26}},{"x":210,"y":2135,"data":{"alt":8,"type":2,"area":26}},{"x":211,"y":2135,"data":{"alt":8,"type":2,"area":26}},{"x":212,"y":2135,"data":{"alt":8,"type":2,"area":26}},{"x":213,"y":2135,"data":{"alt":8,"type":2,"area":26}},{"x":214,"y":2135,"data":{"alt":8,"type":2,"area":26}},{"x":215,"y":2135,"data":{"alt":8,"type":2,"area":26}},{"x":216,"y":2135,"data":{"alt":8,"type":2,"area":26}},{"x":217,"y":2135,"data":{"alt":8,"type":2,"area":26}},{"x":218,"y":2135,"data":{"alt":8,"type":2,"area":26}},{"x":219,"y":2135,"data":{"alt":8,"type":2,"area":26}},{"x":206,"y":2136,"data":{"alt":8,"type":2,"area":26}},{"x":207,"y":2136,"data":{"alt":8,"type":2,"area":26}},{"x":208,"y":2136,"data":{"alt":8,"type":2,"area":26}},{"x":209,"y":2136,"data":{"alt":8,"type":2,"area":26}},{"x":210,"y":2136,"data":{"alt":8,"type":2,"area":26}},{"x":211,"y":2136,"data":{"alt":8,"type":2,"area":26}},{"x":212,"y":2136,"data":{"alt":8,"type":2,"area":26}},{"x":213,"y":2136,"data":{"alt":8,"type":2,"area":26}},{"x":214,"y":2136,"data":{"alt":8,"type":2,"area":26}},{"x":215,"y":2136,"data":{"alt":8,"type":2,"area":26}},{"x":216,"y":2136,"data":{"alt":8,"type":2,"area":26}},{"x":217,"y":2136,"data":{"alt":8,"type":2,"area":26}},{"x":218,"y":2136,"data":{"alt":8,"type":2,"area":26}},{"x":219,"y":2136,"data":{"alt":8,"type":2,"area":26}},{"x":206,"y":2137,"data":{"alt":8,"type":2,"area":26}},{"x":207,"y":2137,"data":{"alt":8,"type":2,"area":26}},{"x":208,"y":2137,"data":{"alt":8,"type":2,"area":26}},{"x":209,"y":2137,"data":{"alt":8,"type":2,"area":26}},{"x":210,"y":2137,"data":{"alt":8,"type":2,"area":26}},{"x":211,"y":2137,"data":{"alt":8,"type":2,"area":26}},{"x":212,"y":2137,"data":{"alt":8,"type":2,"area":26}},{"x":213,"y":2137,"data":{"alt":8,"type":2,"area":26}},{"x":214,"y":2137,"data":{"alt":8,"type":2,"area":26}},{"x":215,"y":2137,"data":{"alt":8,"type":2,"area":26}},{"x":216,"y":2137,"data":{"alt":8,"type":2,"area":26}},{"x":217,"y":2137,"data":{"alt":8,"type":2,"area":26}},{"x":218,"y":2137,"data":{"alt":8,"type":2,"area":26}},{"x":219,"y":2137,"data":{"alt":8,"type":2,"area":26}},{"x":206,"y":2138,"data":{"alt":8,"type":2,"area":26}},{"x":207,"y":2138,"data":{"alt":8,"type":2,"area":26}},{"x":208,"y":2138,"data":{"alt":8,"type":2,"area":26}},{"x":209,"y":2138,"data":{"alt":8,"type":2,"area":26}},{"x":210,"y":2138,"data":{"alt":8,"type":2,"area":26}},{"x":211,"y":2138,"data":{"alt":8,"type":2,"area":26}},{"x":212,"y":2138,"data":{"alt":8,"type":2,"area":26}},{"x":213,"y":2138,"data":{"alt":8,"type":2,"area":26}},{"x":214,"y":2138,"data":{"alt":8,"type":2,"area":26}},{"x":215,"y":2138,"data":{"alt":8,"type":2,"area":26}},{"x":216,"y":2138,"data":{"alt":8,"type":2,"area":26}},{"x":217,"y":2138,"data":{"alt":8,"type":2,"area":26}},{"x":218,"y":2138,"data":{"alt":8,"type":2,"area":26}},{"x":206,"y":2139,"data":{"alt":8,"type":2,"area":26}},{"x":207,"y":2139,"data":{"alt":8,"type":2,"area":26}},{"x":208,"y":2139,"data":{"alt":8,"type":2,"area":26}},{"x":209,"y":2139,"data":{"alt":8,"type":2,"area":26}},{"x":210,"y":2139,"data":{"alt":8,"type":2,"area":26}},{"x":211,"y":2139,"data":{"alt":8,"type":2,"area":26}},{"x":212,"y":2139,"data":{"alt":8,"type":2,"area":26}},{"x":213,"y":2139,"data":{"alt":8,"type":2,"area":26}},{"x":214,"y":2139,"data":{"alt":8,"type":2,"area":26}},{"x":215,"y":2139,"data":{"alt":8,"type":2,"area":26}},{"x":216,"y":2139,"data":{"alt":8,"type":2,"area":26}},{"x":217,"y":2139,"data":{"alt":8,"type":2,"area":26}},{"x":218,"y":2139,"data":{"alt":8,"type":2,"area":26}},{"x":207,"y":2140,"data":{"alt":8,"type":2,"area":26}},{"x":208,"y":2140,"data":{"alt":8,"type":2,"area":26}},{"x":209,"y":2140,"data":{"alt":8,"type":2,"area":26}},{"x":210,"y":2140,"data":{"alt":8,"type":2,"area":26}},{"x":211,"y":2140,"data":{"alt":8,"type":2,"area":26}},{"x":212,"y":2140,"data":{"alt":8,"type":2,"area":26}},{"x":213,"y":2140,"data":{"alt":8,"type":2,"area":26}},{"x":214,"y":2140,"data":{"alt":8,"type":2,"area":26}},{"x":215,"y":2140,"data":{"alt":8,"type":2,"area":26}},{"x":216,"y":2140,"data":{"alt":8,"type":2,"area":26}},{"x":221,"y":2140,"data":{"alt":8,"type":2,"area":26}},{"x":222,"y":2140,"data":{"alt":8,"type":2,"area":26}},{"x":207,"y":2141,"data":{"alt":8,"type":2,"area":26}},{"x":208,"y":2141,"data":{"alt":8,"type":2,"area":26}},{"x":209,"y":2141,"data":{"alt":8,"type":2,"area":26}},{"x":210,"y":2141,"data":{"alt":8,"type":2,"area":26}},{"x":211,"y":2141,"data":{"alt":8,"type":2,"area":26}},{"x":212,"y":2141,"data":{"alt":8,"type":2,"area":26}},{"x":213,"y":2141,"data":{"alt":8,"type":2,"area":26}},{"x":214,"y":2141,"data":{"alt":8,"type":2,"area":26}},{"x":215,"y":2141,"data":{"alt":8,"type":2,"area":26}},{"x":220,"y":2141,"data":{"alt":8,"type":2,"area":26}},{"x":221,"y":2141,"data":{"alt":8,"type":2,"area":26}},{"x":222,"y":2141,"data":{"alt":8,"type":2,"area":26}},{"x":207,"y":2142,"data":{"alt":8,"type":2,"area":26}},{"x":208,"y":2142,"data":{"alt":8,"type":2,"area":26}},{"x":209,"y":2142,"data":{"alt":8,"type":2,"area":26}},{"x":210,"y":2142,"data":{"alt":8,"type":2,"area":26}},{"x":211,"y":2142,"data":{"alt":8,"type":2,"area":26}},{"x":212,"y":2142,"data":{"alt":8,"type":2,"area":26}},{"x":213,"y":2142,"data":{"alt":8,"type":2,"area":26}},{"x":214,"y":2142,"data":{"alt":8,"type":2,"area":26}},{"x":215,"y":2142,"data":{"alt":8,"type":2,"area":26}},{"x":220,"y":2142,"data":{"alt":8,"type":2,"area":26}},{"x":221,"y":2142,"data":{"alt":8,"type":2,"area":26}},{"x":222,"y":2142,"data":{"alt":8,"type":2,"area":26}},{"x":209,"y":2143,"data":{"alt":8,"type":2,"area":26}},{"x":210,"y":2143,"data":{"alt":8,"type":2,"area":26}},{"x":211,"y":2143,"data":{"alt":8,"type":2,"area":26}},{"x":212,"y":2143,"data":{"alt":8,"type":2,"area":26}},{"x":213,"y":2143,"data":{"alt":8,"type":2,"area":26}},{"x":214,"y":2143,"data":{"alt":8,"type":2,"area":26}},{"x":215,"y":2143,"data":{"alt":8,"type":2,"area":26}},{"x":219,"y":2143,"data":{"alt":8,"type":2,"area":26}},{"x":220,"y":2143,"data":{"alt":8,"type":2,"area":26}},{"x":221,"y":2143,"data":{"alt":8,"type":2,"area":26}},{"x":222,"y":2143,"data":{"alt":8,"type":2,"area":26}},{"x":223,"y":2143,"data":{"alt":8,"type":2,"area":26}},{"x":219,"y":2107,"data":{"alt":8,"type":2,"area":26}},{"x":221,"y":2107,"data":{"alt":8,"type":1,"area":26}},{"x":216,"y":2108,"data":{"alt":8,"type":1,"area":26}},{"x":217,"y":2108,"data":{"alt":8,"type":1,"area":26}},{"x":218,"y":2108,"data":{"alt":8,"type":1,"area":26}},{"x":219,"y":2108,"data":{"alt":8,"type":1,"area":26}},{"x":220,"y":2108,"data":{"alt":8,"type":1,"area":26}},{"x":221,"y":2108,"data":{"alt":8,"type":2,"area":26}},{"x":217,"y":2109,"data":{"alt":8,"type":2,"area":26}},{"x":218,"y":2109,"data":{"alt":8,"type":2,"area":26}},{"x":219,"y":2109,"data":{"alt":8,"type":2,"area":26}},{"x":220,"y":2109,"data":{"alt":8,"type":2,"area":26}},{"x":221,"y":2109,"data":{"alt":8,"type":2,"area":26}},{"x":198,"y":2110,"data":{"alt":8,"type":2,"area":26}},{"x":217,"y":2110,"data":{"alt":8,"type":2,"area":26}},{"x":218,"y":2110,"data":{"alt":8,"type":2,"area":26}},{"x":219,"y":2110,"data":{"alt":8,"type":2,"area":26}},{"x":220,"y":2110,"data":{"alt":8,"type":2,"area":26}},{"x":198,"y":2111,"data":{"alt":8,"type":2,"area":26}},{"x":199,"y":2111,"data":{"alt":8,"type":2,"area":26}},{"x":200,"y":2111,"data":{"alt":8,"type":2,"area":26}},{"x":217,"y":2111,"data":{"alt":8,"type":2,"area":26}},{"x":218,"y":2111,"data":{"alt":8,"type":2,"area":26}},{"x":219,"y":2111,"data":{"alt":8,"type":2,"area":26}},{"x":220,"y":2111,"data":{"alt":8,"type":2,"area":26}},{"x":221,"y":2111,"data":{"alt":8,"type":2,"area":26}},{"x":209,"y":2144,"data":{"alt":8,"type":2,"area":26}},{"x":211,"y":2144,"data":{"alt":8,"type":2,"area":26}},{"x":212,"y":2144,"data":{"alt":8,"type":2,"area":26}},{"x":213,"y":2144,"data":{"alt":8,"type":2,"area":26}},{"x":214,"y":2144,"data":{"alt":8,"type":2,"area":26}},{"x":215,"y":2144,"data":{"alt":8,"type":2,"area":26}},{"x":216,"y":2144,"data":{"alt":8,"type":2,"area":26}},{"x":218,"y":2144,"data":{"alt":8,"type":2,"area":26}},{"x":219,"y":2144,"data":{"alt":8,"type":2,"area":26}},{"x":222,"y":2144,"data":{"alt":8,"type":2,"area":26}},{"x":223,"y":2144,"data":{"alt":8,"type":2,"area":26}},{"x":212,"y":2145,"data":{"alt":8,"type":2,"area":26}},{"x":213,"y":2145,"data":{"alt":8,"type":2,"area":26}},{"x":214,"y":2145,"data":{"alt":8,"type":2,"area":26}},{"x":215,"y":2145,"data":{"alt":8,"type":2,"area":26}},{"x":216,"y":2145,"data":{"alt":8,"type":2,"area":26}},{"x":217,"y":2145,"data":{"alt":8,"type":2,"area":26}},{"x":222,"y":2145,"data":{"alt":8,"type":2,"area":26}},{"x":223,"y":2145,"data":{"alt":8,"type":2,"area":26}},{"x":211,"y":2146,"data":{"alt":8,"type":2,"area":26}},{"x":212,"y":2146,"data":{"alt":8,"type":2,"area":26}},{"x":213,"y":2146,"data":{"alt":8,"type":2,"area":26}},{"x":215,"y":2146,"data":{"alt":8,"type":2,"area":26}},{"x":210,"y":2147,"data":{"alt":8,"type":2,"area":26}},{"x":211,"y":2147,"data":{"alt":8,"type":2,"area":26}},{"x":223,"y":2147,"data":{"alt":8,"type":2,"area":26}},{"x":222,"y":2148,"data":{"alt":8,"type":2,"area":26}},{"x":223,"y":2148,"data":{"alt":8,"type":2,"area":26}},{"x":224,"y":2144,"data":{"alt":8,"type":2,"area":26}},{"x":225,"y":2144,"data":{"alt":8,"type":2,"area":26}},{"x":226,"y":2144,"data":{"alt":8,"type":2,"area":26}},{"x":227,"y":2144,"data":{"alt":8,"type":2,"area":26}},{"x":228,"y":2144,"data":{"alt":8,"type":2,"area":26}},{"x":229,"y":2144,"data":{"alt":8,"type":2,"area":26}},{"x":234,"y":2144,"data":{"alt":8,"type":2,"area":26}},{"x":235,"y":2144,"data":{"alt":8,"type":2,"area":26}},{"x":236,"y":2144,"data":{"alt":8,"type":2,"area":26}},{"x":237,"y":2144,"data":{"alt":8,"type":2,"area":26}},{"x":240,"y":2144,"data":{"alt":8,"type":2,"area":26}},{"x":242,"y":2144,"data":{"alt":8,"type":2,"area":26}},{"x":243,"y":2144,"data":{"alt":8,"type":2,"area":26}},{"x":244,"y":2144,"data":{"alt":8,"type":2,"area":26}},{"x":245,"y":2144,"data":{"alt":8,"type":2,"area":26}},{"x":246,"y":2144,"data":{"alt":8,"type":2,"area":26}},{"x":247,"y":2144,"data":{"alt":8,"type":2,"area":26}},{"x":248,"y":2144,"data":{"alt":8,"type":2,"area":26}},{"x":224,"y":2145,"data":{"alt":8,"type":2,"area":26}},{"x":225,"y":2145,"data":{"alt":8,"type":2,"area":26}},{"x":226,"y":2145,"data":{"alt":8,"type":2,"area":26}},{"x":227,"y":2145,"data":{"alt":8,"type":2,"area":26}},{"x":228,"y":2145,"data":{"alt":8,"type":2,"area":26}},{"x":229,"y":2145,"data":{"alt":8,"type":2,"area":26}},{"x":230,"y":2145,"data":{"alt":8,"type":2,"area":26}},{"x":231,"y":2145,"data":{"alt":8,"type":2,"area":26}},{"x":232,"y":2145,"data":{"alt":8,"type":2,"area":26}},{"x":233,"y":2145,"data":{"alt":8,"type":2,"area":26}},{"x":234,"y":2145,"data":{"alt":8,"type":2,"area":26}},{"x":235,"y":2145,"data":{"alt":8,"type":2,"area":26}},{"x":236,"y":2145,"data":{"alt":8,"type":2,"area":26}},{"x":243,"y":2145,"data":{"alt":8,"type":2,"area":26}},{"x":244,"y":2145,"data":{"alt":8,"type":2,"area":26}},{"x":246,"y":2145,"data":{"alt":8,"type":2,"area":26}},{"x":247,"y":2145,"data":{"alt":8,"type":2,"area":26}},{"x":248,"y":2145,"data":{"alt":8,"type":2,"area":26}},{"x":249,"y":2145,"data":{"alt":8,"type":2,"area":26}},{"x":224,"y":2146,"data":{"alt":8,"type":2,"area":26}},{"x":225,"y":2146,"data":{"alt":8,"type":2,"area":26}},{"x":226,"y":2146,"data":{"alt":8,"type":2,"area":26}},{"x":227,"y":2146,"data":{"alt":8,"type":2,"area":26}},{"x":230,"y":2146,"data":{"alt":8,"type":2,"area":26}},{"x":234,"y":2146,"data":{"alt":8,"type":2,"area":26}},{"x":236,"y":2146,"data":{"alt":8,"type":2,"area":26}},{"x":246,"y":2146,"data":{"alt":8,"type":2,"area":26}},{"x":247,"y":2146,"data":{"alt":8,"type":2,"area":26}},{"x":249,"y":2146,"data":{"alt":8,"type":2,"area":26}},{"x":224,"y":2147,"data":{"alt":8,"type":2,"area":26}},{"x":225,"y":2147,"data":{"alt":8,"type":2,"area":26}},{"x":226,"y":2147,"data":{"alt":8,"type":2,"area":26}},{"x":227,"y":2147,"data":{"alt":8,"type":2,"area":26}},{"x":224,"y":2148,"data":{"alt":8,"type":2,"area":26}},{"x":226,"y":2148,"data":{"alt":8,"type":2,"area":26}},{"x":224,"y":2149,"data":{"alt":8,"type":2,"area":26}},{"x":228,"y":2108,"data":{"alt":8,"type":2,"area":26}},{"x":227,"y":2109,"data":{"alt":8,"type":2,"area":26}},{"x":228,"y":2109,"data":{"alt":8,"type":2,"area":26}},{"x":228,"y":2110,"data":{"alt":8,"type":2,"area":26}},{"x":229,"y":2110,"data":{"alt":8,"type":2,"area":26}},{"x":227,"y":2111,"data":{"alt":8,"type":2,"area":26}},{"x":228,"y":2111,"data":{"alt":8,"type":2,"area":26}},{"x":229,"y":2111,"data":{"alt":8,"type":2,"area":26}},{"x":227,"y":2112,"data":{"alt":8,"type":2,"area":26}},{"x":227,"y":2113,"data":{"alt":8,"type":2,"area":26}},{"x":237,"y":2113,"data":{"alt":8,"type":2,"area":26}},{"x":227,"y":2114,"data":{"alt":8,"type":2,"area":26}},{"x":234,"y":2114,"data":{"alt":8,"type":2,"area":26}},{"x":236,"y":2114,"data":{"alt":8,"type":2,"area":26}},{"x":237,"y":2114,"data":{"alt":8,"type":2,"area":26}},{"x":238,"y":2114,"data":{"alt":8,"type":2,"area":26}},{"x":227,"y":2115,"data":{"alt":8,"type":2,"area":26}},{"x":228,"y":2115,"data":{"alt":8,"type":2,"area":26}},{"x":229,"y":2115,"data":{"alt":8,"type":2,"area":26}},{"x":231,"y":2115,"data":{"alt":8,"type":2,"area":26}},{"x":232,"y":2115,"data":{"alt":8,"type":2,"area":26}},{"x":233,"y":2115,"data":{"alt":8,"type":2,"area":26}},{"x":234,"y":2115,"data":{"alt":8,"type":2,"area":26}},{"x":235,"y":2115,"data":{"alt":8,"type":2,"area":26}},{"x":236,"y":2115,"data":{"alt":8,"type":2,"area":26}},{"x":237,"y":2115,"data":{"alt":8,"type":2,"area":26}},{"x":238,"y":2115,"data":{"alt":8,"type":2,"area":26}},{"x":227,"y":2116,"data":{"alt":8,"type":2,"area":26}},{"x":228,"y":2116,"data":{"alt":8,"type":2,"area":26}},{"x":229,"y":2116,"data":{"alt":8,"type":2,"area":26}},{"x":230,"y":2116,"data":{"alt":8,"type":2,"area":26}},{"x":231,"y":2116,"data":{"alt":8,"type":2,"area":26}},{"x":232,"y":2116,"data":{"alt":8,"type":2,"area":26}},{"x":233,"y":2116,"data":{"alt":8,"type":2,"area":26}},{"x":234,"y":2116,"data":{"alt":8,"type":2,"area":26}},{"x":235,"y":2116,"data":{"alt":8,"type":2,"area":26}},{"x":224,"y":2117,"data":{"alt":8,"type":2,"area":26}},{"x":227,"y":2117,"data":{"alt":8,"type":2,"area":26}},{"x":228,"y":2117,"data":{"alt":8,"type":2,"area":26}},{"x":229,"y":2117,"data":{"alt":8,"type":2,"area":26}},{"x":230,"y":2117,"data":{"alt":8,"type":2,"area":26}},{"x":231,"y":2117,"data":{"alt":8,"type":2,"area":26}},{"x":232,"y":2117,"data":{"alt":8,"type":2,"area":26}},{"x":233,"y":2117,"data":{"alt":8,"type":2,"area":26}},{"x":234,"y":2117,"data":{"alt":8,"type":2,"area":26}},{"x":235,"y":2117,"data":{"alt":8,"type":2,"area":26}},{"x":224,"y":2118,"data":{"alt":8,"type":2,"area":26}},{"x":225,"y":2118,"data":{"alt":8,"type":2,"area":26}},{"x":226,"y":2118,"data":{"alt":8,"type":2,"area":26}},{"x":227,"y":2118,"data":{"alt":8,"type":2,"area":26}},{"x":228,"y":2118,"data":{"alt":8,"type":2,"area":26}},{"x":229,"y":2118,"data":{"alt":8,"type":2,"area":26}},{"x":230,"y":2118,"data":{"alt":8,"type":2,"area":26}},{"x":231,"y":2118,"data":{"alt":8,"type":2,"area":26}},{"x":232,"y":2118,"data":{"alt":8,"type":2,"area":26}},{"x":233,"y":2118,"data":{"alt":8,"type":2,"area":26}},{"x":234,"y":2118,"data":{"alt":8,"type":2,"area":26}},{"x":235,"y":2118,"data":{"alt":8,"type":2,"area":26}},{"x":236,"y":2118,"data":{"alt":8,"type":2,"area":26}},{"x":224,"y":2119,"data":{"alt":8,"type":2,"area":26}},{"x":225,"y":2119,"data":{"alt":8,"type":2,"area":26}},{"x":226,"y":2119,"data":{"alt":8,"type":2,"area":26}},{"x":227,"y":2119,"data":{"alt":8,"type":2,"area":26}},{"x":228,"y":2119,"data":{"alt":8,"type":2,"area":26}},{"x":229,"y":2119,"data":{"alt":8,"type":2,"area":26}},{"x":230,"y":2119,"data":{"alt":8,"type":2,"area":26}},{"x":231,"y":2119,"data":{"alt":8,"type":2,"area":26}},{"x":232,"y":2119,"data":{"alt":8,"type":2,"area":26}},{"x":233,"y":2119,"data":{"alt":8,"type":2,"area":26}},{"x":234,"y":2119,"data":{"alt":8,"type":2,"area":26}},{"x":235,"y":2119,"data":{"alt":8,"type":2,"area":26}},{"x":224,"y":2120,"data":{"alt":8,"type":2,"area":26}},{"x":225,"y":2120,"data":{"alt":8,"type":2,"area":26}},{"x":226,"y":2120,"data":{"alt":8,"type":2,"area":26}},{"x":227,"y":2120,"data":{"alt":8,"type":2,"area":26}},{"x":228,"y":2120,"data":{"alt":8,"type":2,"area":26}},{"x":229,"y":2120,"data":{"alt":8,"type":2,"area":26}},{"x":230,"y":2120,"data":{"alt":8,"type":2,"area":26}},{"x":231,"y":2120,"data":{"alt":8,"type":2,"area":26}},{"x":232,"y":2120,"data":{"alt":8,"type":2,"area":26}},{"x":233,"y":2120,"data":{"alt":8,"type":2,"area":26}},{"x":234,"y":2120,"data":{"alt":8,"type":2,"area":26}},{"x":224,"y":2121,"data":{"alt":8,"type":2,"area":26}},{"x":225,"y":2121,"data":{"alt":8,"type":2,"area":26}},{"x":226,"y":2121,"data":{"alt":8,"type":2,"area":26}},{"x":227,"y":2121,"data":{"alt":8,"type":2,"area":26}},{"x":228,"y":2121,"data":{"alt":8,"type":2,"area":26}},{"x":229,"y":2121,"data":{"alt":8,"type":2,"area":26}},{"x":230,"y":2121,"data":{"alt":8,"type":2,"area":26}},{"x":231,"y":2121,"data":{"alt":8,"type":2,"area":26}},{"x":232,"y":2121,"data":{"alt":8,"type":2,"area":26}},{"x":233,"y":2121,"data":{"alt":8,"type":2,"area":26}},{"x":234,"y":2121,"data":{"alt":8,"type":2,"area":26}},{"x":224,"y":2122,"data":{"alt":8,"type":2,"area":26}},{"x":225,"y":2122,"data":{"alt":8,"type":2,"area":26}},{"x":226,"y":2122,"data":{"alt":8,"type":2,"area":26}},{"x":227,"y":2122,"data":{"alt":8,"type":2,"area":26}},{"x":228,"y":2122,"data":{"alt":8,"type":2,"area":26}},{"x":229,"y":2122,"data":{"alt":8,"type":2,"area":26}},{"x":230,"y":2122,"data":{"alt":8,"type":2,"area":26}},{"x":231,"y":2122,"data":{"alt":8,"type":2,"area":26}},{"x":232,"y":2122,"data":{"alt":8,"type":2,"area":26}},{"x":233,"y":2122,"data":{"alt":8,"type":2,"area":26}},{"x":234,"y":2122,"data":{"alt":8,"type":2,"area":26}},{"x":224,"y":2123,"data":{"alt":8,"type":2,"area":26}},{"x":225,"y":2123,"data":{"alt":8,"type":2,"area":26}},{"x":226,"y":2123,"data":{"alt":8,"type":2,"area":26}},{"x":227,"y":2123,"data":{"alt":8,"type":2,"area":26}},{"x":228,"y":2123,"data":{"alt":8,"type":2,"area":26}},{"x":229,"y":2123,"data":{"alt":8,"type":2,"area":26}},{"x":230,"y":2123,"data":{"alt":8,"type":2,"area":26}},{"x":231,"y":2123,"data":{"alt":8,"type":2,"area":26}},{"x":232,"y":2123,"data":{"alt":8,"type":2,"area":26}},{"x":233,"y":2123,"data":{"alt":8,"type":2,"area":26}},{"x":234,"y":2123,"data":{"alt":8,"type":2,"area":26}},{"x":235,"y":2123,"data":{"alt":8,"type":2,"area":26}},{"x":224,"y":2124,"data":{"alt":8,"type":2,"area":26}},{"x":225,"y":2124,"data":{"alt":8,"type":2,"area":26}},{"x":226,"y":2124,"data":{"alt":8,"type":2,"area":26}},{"x":227,"y":2124,"data":{"alt":8,"type":2,"area":26}},{"x":228,"y":2124,"data":{"alt":8,"type":2,"area":26}},{"x":229,"y":2124,"data":{"alt":8,"type":2,"area":26}},{"x":230,"y":2124,"data":{"alt":8,"type":2,"area":26}},{"x":231,"y":2124,"data":{"alt":8,"type":2,"area":26}},{"x":232,"y":2124,"data":{"alt":8,"type":2,"area":26}},{"x":233,"y":2124,"data":{"alt":8,"type":2,"area":26}},{"x":234,"y":2124,"data":{"alt":8,"type":2,"area":26}},{"x":235,"y":2124,"data":{"alt":8,"type":2,"area":26}},{"x":224,"y":2125,"data":{"alt":8,"type":2,"area":26}},{"x":225,"y":2125,"data":{"alt":8,"type":2,"area":26}},{"x":226,"y":2125,"data":{"alt":8,"type":2,"area":26}},{"x":227,"y":2125,"data":{"alt":8,"type":2,"area":26}},{"x":228,"y":2125,"data":{"alt":8,"type":2,"area":26}},{"x":229,"y":2125,"data":{"alt":8,"type":2,"area":26}},{"x":230,"y":2125,"data":{"alt":8,"type":2,"area":26}},{"x":231,"y":2125,"data":{"alt":8,"type":2,"area":26}},{"x":232,"y":2125,"data":{"alt":8,"type":2,"area":26}},{"x":233,"y":2125,"data":{"alt":8,"type":2,"area":26}},{"x":234,"y":2125,"data":{"alt":8,"type":2,"area":26}},{"x":235,"y":2125,"data":{"alt":8,"type":2,"area":26}},{"x":236,"y":2125,"data":{"alt":8,"type":2,"area":26}},{"x":224,"y":2126,"data":{"alt":8,"type":2,"area":26}},{"x":225,"y":2126,"data":{"alt":8,"type":2,"area":26}},{"x":226,"y":2126,"data":{"alt":8,"type":2,"area":26}},{"x":227,"y":2126,"data":{"alt":8,"type":2,"area":26}},{"x":228,"y":2126,"data":{"alt":8,"type":2,"area":26}},{"x":229,"y":2126,"data":{"alt":8,"type":2,"area":26}},{"x":230,"y":2126,"data":{"alt":8,"type":2,"area":26}},{"x":231,"y":2126,"data":{"alt":8,"type":2,"area":26}},{"x":232,"y":2126,"data":{"alt":8,"type":2,"area":26}},{"x":233,"y":2126,"data":{"alt":8,"type":2,"area":26}},{"x":234,"y":2126,"data":{"alt":8,"type":2,"area":26}},{"x":235,"y":2126,"data":{"alt":8,"type":2,"area":26}},{"x":236,"y":2126,"data":{"alt":8,"type":2,"area":26}},{"x":237,"y":2126,"data":{"alt":8,"type":2,"area":26}},{"x":238,"y":2126,"data":{"alt":8,"type":2,"area":26}},{"x":224,"y":2127,"data":{"alt":8,"type":2,"area":26}},{"x":225,"y":2127,"data":{"alt":8,"type":2,"area":26}},{"x":226,"y":2127,"data":{"alt":8,"type":2,"area":26}},{"x":227,"y":2127,"data":{"alt":8,"type":2,"area":26}},{"x":228,"y":2127,"data":{"alt":8,"type":2,"area":26}},{"x":229,"y":2127,"data":{"alt":8,"type":2,"area":26}},{"x":230,"y":2127,"data":{"alt":8,"type":2,"area":26}},{"x":231,"y":2127,"data":{"alt":8,"type":2,"area":26}},{"x":232,"y":2127,"data":{"alt":8,"type":2,"area":26}},{"x":233,"y":2127,"data":{"alt":8,"type":2,"area":26}},{"x":234,"y":2127,"data":{"alt":8,"type":2,"area":26}},{"x":236,"y":2127,"data":{"alt":8,"type":2,"area":26}},{"x":237,"y":2127,"data":{"alt":8,"type":2,"area":26}},{"x":238,"y":2127,"data":{"alt":8,"type":2,"area":26}},{"x":224,"y":2128,"data":{"alt":8,"type":2,"area":26}},{"x":225,"y":2128,"data":{"alt":8,"type":2,"area":26}},{"x":226,"y":2128,"data":{"alt":8,"type":2,"area":26}},{"x":227,"y":2128,"data":{"alt":8,"type":2,"area":26}},{"x":228,"y":2128,"data":{"alt":8,"type":2,"area":26}},{"x":229,"y":2128,"data":{"alt":8,"type":2,"area":26}},{"x":230,"y":2128,"data":{"alt":8,"type":2,"area":26}},{"x":231,"y":2128,"data":{"alt":8,"type":2,"area":26}},{"x":232,"y":2128,"data":{"alt":8,"type":2,"area":26}},{"x":233,"y":2128,"data":{"alt":8,"type":2,"area":26}},{"x":234,"y":2128,"data":{"alt":8,"type":2,"area":26}},{"x":237,"y":2128,"data":{"alt":8,"type":2,"area":26}},{"x":238,"y":2128,"data":{"alt":8,"type":2,"area":26}},{"x":239,"y":2128,"data":{"alt":8,"type":2,"area":26}},{"x":224,"y":2129,"data":{"alt":8,"type":2,"area":26}},{"x":225,"y":2129,"data":{"alt":8,"type":2,"area":26}},{"x":226,"y":2129,"data":{"alt":8,"type":2,"area":26}},{"x":227,"y":2129,"data":{"alt":8,"type":2,"area":26}},{"x":228,"y":2129,"data":{"alt":8,"type":2,"area":26}},{"x":229,"y":2129,"data":{"alt":8,"type":2,"area":26}},{"x":230,"y":2129,"data":{"alt":8,"type":2,"area":26}},{"x":231,"y":2129,"data":{"alt":8,"type":2,"area":26}},{"x":232,"y":2129,"data":{"alt":8,"type":2,"area":26}},{"x":233,"y":2129,"data":{"alt":8,"type":2,"area":26}},{"x":237,"y":2129,"data":{"alt":8,"type":2,"area":26}},{"x":238,"y":2129,"data":{"alt":8,"type":2,"area":26}},{"x":239,"y":2129,"data":{"alt":8,"type":2,"area":26}},{"x":224,"y":2130,"data":{"alt":8,"type":2,"area":26}},{"x":227,"y":2130,"data":{"alt":8,"type":2,"area":26}},{"x":228,"y":2130,"data":{"alt":8,"type":2,"area":26}},{"x":229,"y":2130,"data":{"alt":8,"type":2,"area":26}},{"x":230,"y":2130,"data":{"alt":8,"type":2,"area":26}},{"x":231,"y":2130,"data":{"alt":8,"type":2,"area":26}},{"x":232,"y":2130,"data":{"alt":8,"type":2,"area":26}},{"x":238,"y":2130,"data":{"alt":8,"type":2,"area":26}},{"x":239,"y":2130,"data":{"alt":8,"type":2,"area":26}},{"x":224,"y":2131,"data":{"alt":8,"type":2,"area":26}},{"x":227,"y":2131,"data":{"alt":8,"type":2,"area":26}},{"x":228,"y":2131,"data":{"alt":8,"type":2,"area":26}},{"x":229,"y":2131,"data":{"alt":8,"type":2,"area":26}},{"x":230,"y":2131,"data":{"alt":8,"type":2,"area":26}},{"x":237,"y":2131,"data":{"alt":8,"type":2,"area":26}},{"x":238,"y":2131,"data":{"alt":8,"type":2,"area":26}},{"x":227,"y":2132,"data":{"alt":8,"type":2,"area":26}},{"x":228,"y":2132,"data":{"alt":8,"type":2,"area":26}},{"x":237,"y":2132,"data":{"alt":8,"type":2,"area":26}},{"x":238,"y":2132,"data":{"alt":8,"type":2,"area":26}},{"x":239,"y":2132,"data":{"alt":8,"type":2,"area":26}},{"x":237,"y":2133,"data":{"alt":8,"type":2,"area":26}},{"x":238,"y":2133,"data":{"alt":8,"type":2,"area":26}},{"x":239,"y":2133,"data":{"alt":8,"type":2,"area":26}},{"x":236,"y":2134,"data":{"alt":8,"type":2,"area":26}},{"x":237,"y":2134,"data":{"alt":8,"type":2,"area":26}},{"x":238,"y":2134,"data":{"alt":8,"type":2,"area":26}},{"x":239,"y":2134,"data":{"alt":8,"type":2,"area":26}},{"x":235,"y":2135,"data":{"alt":8,"type":2,"area":26}},{"x":236,"y":2135,"data":{"alt":8,"type":2,"area":26}},{"x":237,"y":2135,"data":{"alt":8,"type":2,"area":26}},{"x":238,"y":2135,"data":{"alt":8,"type":2,"area":26}},{"x":239,"y":2135,"data":{"alt":8,"type":2,"area":26}},{"x":235,"y":2136,"data":{"alt":8,"type":2,"area":26}},{"x":236,"y":2136,"data":{"alt":8,"type":2,"area":26}},{"x":237,"y":2136,"data":{"alt":8,"type":2,"area":26}},{"x":238,"y":2136,"data":{"alt":8,"type":2,"area":26}},{"x":239,"y":2136,"data":{"alt":8,"type":2,"area":26}},{"x":235,"y":2137,"data":{"alt":8,"type":2,"area":26}},{"x":236,"y":2137,"data":{"alt":8,"type":2,"area":26}},{"x":237,"y":2137,"data":{"alt":8,"type":2,"area":26}},{"x":238,"y":2137,"data":{"alt":8,"type":2,"area":26}},{"x":239,"y":2137,"data":{"alt":8,"type":2,"area":26}},{"x":240,"y":2137,"data":{"alt":8,"type":2,"area":26}},{"x":241,"y":2137,"data":{"alt":8,"type":2,"area":26}},{"x":234,"y":2138,"data":{"alt":8,"type":2,"area":26}},{"x":235,"y":2138,"data":{"alt":8,"type":2,"area":26}},{"x":236,"y":2138,"data":{"alt":8,"type":2,"area":26}},{"x":237,"y":2138,"data":{"alt":8,"type":2,"area":26}},{"x":238,"y":2138,"data":{"alt":8,"type":2,"area":26}},{"x":239,"y":2138,"data":{"alt":8,"type":2,"area":26}},{"x":240,"y":2138,"data":{"alt":8,"type":2,"area":26}},{"x":241,"y":2138,"data":{"alt":8,"type":2,"area":26}},{"x":242,"y":2138,"data":{"alt":8,"type":2,"area":26}},{"x":234,"y":2139,"data":{"alt":8,"type":2,"area":26}},{"x":235,"y":2139,"data":{"alt":8,"type":2,"area":26}},{"x":236,"y":2139,"data":{"alt":8,"type":2,"area":26}},{"x":237,"y":2139,"data":{"alt":8,"type":2,"area":26}},{"x":238,"y":2139,"data":{"alt":8,"type":2,"area":26}},{"x":239,"y":2139,"data":{"alt":8,"type":2,"area":26}},{"x":240,"y":2139,"data":{"alt":8,"type":2,"area":26}},{"x":241,"y":2139,"data":{"alt":8,"type":2,"area":26}},{"x":242,"y":2139,"data":{"alt":8,"type":2,"area":26}},{"x":243,"y":2139,"data":{"alt":8,"type":2,"area":26}},{"x":236,"y":2140,"data":{"alt":8,"type":2,"area":26}},{"x":237,"y":2140,"data":{"alt":8,"type":2,"area":26}},{"x":238,"y":2140,"data":{"alt":8,"type":2,"area":26}},{"x":239,"y":2140,"data":{"alt":8,"type":2,"area":26}},{"x":240,"y":2140,"data":{"alt":8,"type":2,"area":26}},{"x":241,"y":2140,"data":{"alt":8,"type":2,"area":26}},{"x":242,"y":2140,"data":{"alt":8,"type":2,"area":26}},{"x":243,"y":2140,"data":{"alt":8,"type":2,"area":26}},{"x":244,"y":2140,"data":{"alt":8,"type":2,"area":26}},{"x":245,"y":2140,"data":{"alt":8,"type":2,"area":26}},{"x":235,"y":2141,"data":{"alt":8,"type":2,"area":26}},{"x":236,"y":2141,"data":{"alt":8,"type":2,"area":26}},{"x":237,"y":2141,"data":{"alt":8,"type":2,"area":26}},{"x":238,"y":2141,"data":{"alt":8,"type":2,"area":26}},{"x":239,"y":2141,"data":{"alt":8,"type":2,"area":26}},{"x":240,"y":2141,"data":{"alt":8,"type":2,"area":26}},{"x":241,"y":2141,"data":{"alt":8,"type":2,"area":26}},{"x":242,"y":2141,"data":{"alt":8,"type":2,"area":26}},{"x":243,"y":2141,"data":{"alt":8,"type":2,"area":26}},{"x":244,"y":2141,"data":{"alt":8,"type":2,"area":26}},{"x":237,"y":2142,"data":{"alt":8,"type":2,"area":26}},{"x":238,"y":2142,"data":{"alt":8,"type":2,"area":26}},{"x":239,"y":2142,"data":{"alt":8,"type":2,"area":26}},{"x":240,"y":2142,"data":{"alt":8,"type":2,"area":26}},{"x":241,"y":2142,"data":{"alt":8,"type":2,"area":26}},{"x":242,"y":2142,"data":{"alt":8,"type":2,"area":26}},{"x":243,"y":2142,"data":{"alt":8,"type":2,"area":26}},{"x":244,"y":2142,"data":{"alt":8,"type":2,"area":26}},{"x":245,"y":2142,"data":{"alt":8,"type":2,"area":26}},{"x":224,"y":2143,"data":{"alt":8,"type":2,"area":26}},{"x":225,"y":2143,"data":{"alt":8,"type":2,"area":26}},{"x":227,"y":2143,"data":{"alt":8,"type":2,"area":26}},{"x":228,"y":2143,"data":{"alt":8,"type":2,"area":26}},{"x":229,"y":2143,"data":{"alt":8,"type":2,"area":26}},{"x":234,"y":2143,"data":{"alt":8,"type":2,"area":26}},{"x":235,"y":2143,"data":{"alt":8,"type":2,"area":26}},{"x":236,"y":2143,"data":{"alt":8,"type":2,"area":26}},{"x":237,"y":2143,"data":{"alt":8,"type":2,"area":26}},{"x":238,"y":2143,"data":{"alt":8,"type":2,"area":26}},{"x":239,"y":2143,"data":{"alt":8,"type":2,"area":26}},{"x":240,"y":2143,"data":{"alt":8,"type":2,"area":26}},{"x":241,"y":2143,"data":{"alt":8,"type":2,"area":26}},{"x":242,"y":2143,"data":{"alt":8,"type":2,"area":26}},{"x":243,"y":2143,"data":{"alt":8,"type":2,"area":26}},{"x":244,"y":2143,"data":{"alt":8,"type":2,"area":26}},{"x":245,"y":2143,"data":{"alt":8,"type":2,"area":26}},{"x":246,"y":2143,"data":{"alt":8,"type":2,"area":26}},{"x":247,"y":2143,"data":{"alt":8,"type":2,"area":26}}]