[{"x":2861,"y":1568,"data":{"alt":4,"type":2,"area":260}},{"x":2862,"y":1568,"data":{"alt":4,"type":1,"area":260}},{"x":2863,"y":1568,"data":{"alt":4,"type":1,"area":260}},{"x":2864,"y":1568,"data":{"alt":4,"type":1,"area":260}},{"x":2865,"y":1568,"data":{"alt":4,"type":2,"area":260}},{"x":2866,"y":1568,"data":{"alt":4,"type":2,"area":260}},{"x":2868,"y":1568,"data":{"alt":4,"type":2,"area":260}},{"x":2865,"y":1569,"data":{"alt":4,"type":1,"area":260}},{"x":2866,"y":1569,"data":{"alt":4,"type":2,"area":260}},{"x":2867,"y":1569,"data":{"alt":4,"type":2,"area":260}},{"x":2868,"y":1569,"data":{"alt":4,"type":2,"area":260}},{"x":2865,"y":1570,"data":{"alt":4,"type":2,"area":260}},{"x":2866,"y":1570,"data":{"alt":4,"type":1,"area":260}},{"x":2865,"y":1571,"data":{"alt":4,"type":2,"area":260}},{"x":2866,"y":1571,"data":{"alt":4,"type":2,"area":260}},{"x":2867,"y":1571,"data":{"alt":4,"type":1,"area":260}},{"x":2865,"y":1572,"data":{"alt":4,"type":2,"area":260}},{"x":2866,"y":1572,"data":{"alt":4,"type":2,"area":260}},{"x":2861,"y":1567,"data":{"alt":4,"type":1,"area":260}},{"x":2864,"y":1567,"data":{"alt":4,"type":2,"area":260}}]