[{"x":2878,"y":64,"data":{"alt":1,"type":2,"area":262}},{"x":2879,"y":64,"data":{"alt":1,"type":2,"area":262}},{"x":2879,"y":65,"data":{"alt":1,"type":2,"area":262}},{"x":2879,"y":66,"data":{"alt":1,"type":2,"area":262}},{"x":2879,"y":67,"data":{"alt":1,"type":2,"area":262}},{"x":2879,"y":68,"data":{"alt":1,"type":2,"area":262}},{"x":2878,"y":69,"data":{"alt":1,"type":2,"area":262}},{"x":2879,"y":69,"data":{"alt":1,"type":2,"area":262}},{"x":2879,"y":70,"data":{"alt":1,"type":2,"area":262}},{"x":2876,"y":40,"data":{"alt":1,"type":2,"area":262}},{"x":2876,"y":41,"data":{"alt":1,"type":2,"area":262}},{"x":2877,"y":41,"data":{"alt":1,"type":2,"area":262}},{"x":2875,"y":42,"data":{"alt":1,"type":2,"area":262}},{"x":2876,"y":42,"data":{"alt":1,"type":2,"area":262}},{"x":2871,"y":43,"data":{"alt":1,"type":2,"area":262}},{"x":2873,"y":43,"data":{"alt":1,"type":2,"area":262}},{"x":2874,"y":43,"data":{"alt":1,"type":2,"area":262}},{"x":2875,"y":43,"data":{"alt":1,"type":2,"area":262}},{"x":2876,"y":43,"data":{"alt":1,"type":2,"area":262}},{"x":2877,"y":43,"data":{"alt":1,"type":2,"area":262}},{"x":2878,"y":43,"data":{"alt":1,"type":2,"area":262}},{"x":2879,"y":43,"data":{"alt":1,"type":2,"area":262}},{"x":2870,"y":44,"data":{"alt":1,"type":2,"area":262}},{"x":2871,"y":44,"data":{"alt":1,"type":2,"area":262}},{"x":2872,"y":44,"data":{"alt":1,"type":2,"area":262}},{"x":2873,"y":44,"data":{"alt":1,"type":2,"area":262}},{"x":2874,"y":44,"data":{"alt":1,"type":2,"area":262}},{"x":2875,"y":44,"data":{"alt":1,"type":2,"area":262}},{"x":2876,"y":44,"data":{"alt":1,"type":2,"area":262}},{"x":2877,"y":44,"data":{"alt":1,"type":2,"area":262}},{"x":2878,"y":44,"data":{"alt":1,"type":2,"area":262}},{"x":2879,"y":44,"data":{"alt":1,"type":2,"area":262}},{"x":2865,"y":45,"data":{"alt":1,"type":2,"area":262}},{"x":2867,"y":45,"data":{"alt":1,"type":2,"area":262}},{"x":2868,"y":45,"data":{"alt":1,"type":2,"area":262}},{"x":2869,"y":45,"data":{"alt":1,"type":2,"area":262}},{"x":2870,"y":45,"data":{"alt":1,"type":2,"area":262}},{"x":2871,"y":45,"data":{"alt":1,"type":2,"area":262}},{"x":2872,"y":45,"data":{"alt":1,"type":2,"area":262}},{"x":2873,"y":45,"data":{"alt":1,"type":2,"area":262}},{"x":2874,"y":45,"data":{"alt":1,"type":2,"area":262}},{"x":2875,"y":45,"data":{"alt":1,"type":2,"area":262}},{"x":2876,"y":45,"data":{"alt":1,"type":2,"area":262}},{"x":2877,"y":45,"data":{"alt":1,"type":2,"area":262}},{"x":2878,"y":45,"data":{"alt":1,"type":2,"area":262}},{"x":2879,"y":45,"data":{"alt":1,"type":2,"area":262}},{"x":2865,"y":46,"data":{"alt":1,"type":2,"area":262}},{"x":2866,"y":46,"data":{"alt":1,"type":2,"area":262}},{"x":2867,"y":46,"data":{"alt":1,"type":2,"area":262}},{"x":2869,"y":46,"data":{"alt":1,"type":2,"area":262}},{"x":2870,"y":46,"data":{"alt":1,"type":2,"area":262}},{"x":2871,"y":46,"data":{"alt":1,"type":2,"area":262}},{"x":2872,"y":46,"data":{"alt":1,"type":2,"res":1,"resAmount":80,"area":262}},{"x":2873,"y":46,"data":{"alt":1,"type":2,"area":262}},{"x":2874,"y":46,"data":{"alt":1,"type":2,"area":262}},{"x":2875,"y":46,"data":{"alt":1,"type":2,"area":262}},{"x":2876,"y":46,"data":{"alt":1,"type":2,"area":262}},{"x":2877,"y":46,"data":{"alt":1,"type":2,"area":262}},{"x":2878,"y":46,"data":{"alt":1,"type":2,"area":262}},{"x":2879,"y":46,"data":{"alt":1,"type":2,"area":262}},{"x":2864,"y":47,"data":{"alt":1,"type":1,"area":262}},{"x":2865,"y":47,"data":{"alt":1,"type":2,"area":262}},{"x":2866,"y":47,"data":{"alt":1,"type":2,"area":262}},{"x":2867,"y":47,"data":{"alt":1,"type":2,"area":262}},{"x":2869,"y":47,"data":{"alt":1,"type":2,"area":262}},{"x":2870,"y":47,"data":{"alt":1,"type":2,"area":262}},{"x":2871,"y":47,"data":{"alt":1,"type":2,"area":262}},{"x":2872,"y":47,"data":{"alt":1,"type":2,"area":262}},{"x":2873,"y":47,"data":{"alt":1,"type":2,"area":262}},{"x":2874,"y":47,"data":{"alt":1,"type":2,"area":262}},{"x":2875,"y":47,"data":{"alt":1,"type":2,"area":262}},{"x":2876,"y":47,"data":{"alt":1,"type":2,"area":262}},{"x":2877,"y":47,"data":{"alt":1,"type":2,"area":262}},{"x":2878,"y":47,"data":{"alt":1,"type":2,"area":262}},{"x":2879,"y":47,"data":{"alt":1,"type":2,"area":262}},{"x":2865,"y":48,"data":{"alt":1,"type":1,"area":262}},{"x":2866,"y":48,"data":{"alt":1,"type":1,"area":262}},{"x":2867,"y":48,"data":{"alt":1,"type":2,"area":262}},{"x":2868,"y":48,"data":{"alt":1,"type":2,"area":262}},{"x":2869,"y":48,"data":{"alt":1,"type":2,"area":262}},{"x":2870,"y":48,"data":{"alt":1,"type":2,"area":262}},{"x":2871,"y":48,"data":{"alt":1,"type":2,"area":262}},{"x":2872,"y":48,"data":{"alt":1,"type":2,"area":262}},{"x":2873,"y":48,"data":{"alt":1,"type":2,"area":262}},{"x":2874,"y":48,"data":{"alt":1,"type":2,"area":262}},{"x":2875,"y":48,"data":{"alt":1,"type":2,"area":262}},{"x":2876,"y":48,"data":{"alt":1,"type":2,"area":262}},{"x":2877,"y":48,"data":{"alt":1,"type":2,"area":262}},{"x":2878,"y":48,"data":{"alt":1,"type":2,"area":262}},{"x":2879,"y":48,"data":{"alt":1,"type":2,"area":262}},{"x":2867,"y":49,"data":{"alt":1,"type":1,"area":262}},{"x":2868,"y":49,"data":{"alt":1,"type":1,"area":262}},{"x":2869,"y":49,"data":{"alt":1,"type":2,"area":262}},{"x":2870,"y":49,"data":{"alt":1,"type":2,"area":262}},{"x":2871,"y":49,"data":{"alt":1,"type":2,"area":262}},{"x":2872,"y":49,"data":{"alt":1,"type":2,"area":262}},{"x":2873,"y":49,"data":{"alt":1,"type":2,"area":262}},{"x":2874,"y":49,"data":{"alt":1,"type":2,"area":262}},{"x":2875,"y":49,"data":{"alt":1,"type":2,"area":262}},{"x":2876,"y":49,"data":{"alt":1,"type":2,"area":262}},{"x":2877,"y":49,"data":{"alt":1,"type":2,"area":262}},{"x":2878,"y":49,"data":{"alt":1,"type":2,"area":262}},{"x":2879,"y":49,"data":{"alt":1,"type":2,"area":262}},{"x":2867,"y":50,"data":{"alt":1,"type":2,"area":262}},{"x":2868,"y":50,"data":{"alt":1,"type":2,"area":262}},{"x":2869,"y":50,"data":{"alt":1,"type":1,"area":262}},{"x":2870,"y":50,"data":{"alt":1,"type":1,"area":262}},{"x":2871,"y":50,"data":{"alt":1,"type":2,"area":262}},{"x":2872,"y":50,"data":{"alt":1,"type":2,"area":262}},{"x":2873,"y":50,"data":{"alt":1,"type":2,"area":262}},{"x":2874,"y":50,"data":{"alt":1,"type":2,"area":262}},{"x":2875,"y":50,"data":{"alt":1,"type":2,"area":262}},{"x":2876,"y":50,"data":{"alt":1,"type":2,"area":262}},{"x":2877,"y":50,"data":{"alt":1,"type":2,"area":262}},{"x":2878,"y":50,"data":{"alt":1,"type":2,"area":262}},{"x":2879,"y":50,"data":{"alt":1,"type":2,"area":262}},{"x":2867,"y":51,"data":{"alt":1,"type":2,"area":262}},{"x":2868,"y":51,"data":{"alt":1,"type":2,"area":262}},{"x":2869,"y":51,"data":{"alt":1,"type":2,"area":262}},{"x":2870,"y":51,"data":{"alt":1,"type":2,"area":262}},{"x":2871,"y":51,"data":{"alt":1,"type":1,"area":262}},{"x":2872,"y":51,"data":{"alt":1,"type":1,"area":262}},{"x":2873,"y":51,"data":{"alt":1,"type":2,"area":262}},{"x":2874,"y":51,"data":{"alt":1,"type":2,"area":262}},{"x":2875,"y":51,"data":{"alt":1,"type":2,"area":262}},{"x":2876,"y":51,"data":{"alt":1,"type":2,"area":262}},{"x":2877,"y":51,"data":{"alt":1,"type":2,"area":262}},{"x":2878,"y":51,"data":{"alt":1,"type":2,"area":262}},{"x":2879,"y":51,"data":{"alt":1,"type":2,"area":262}},{"x":2866,"y":52,"data":{"alt":1,"type":2,"area":262}},{"x":2867,"y":52,"data":{"alt":1,"type":2,"area":262}},{"x":2868,"y":52,"data":{"alt":1,"type":2,"area":262}},{"x":2869,"y":52,"data":{"alt":1,"type":2,"area":262}},{"x":2870,"y":52,"data":{"alt":1,"type":2,"area":262}},{"x":2871,"y":52,"data":{"alt":1,"type":2,"area":262}},{"x":2872,"y":52,"data":{"alt":1,"type":2,"area":262}},{"x":2873,"y":52,"data":{"alt":1,"type":1,"area":262}},{"x":2874,"y":52,"data":{"alt":1,"type":2,"area":262}},{"x":2875,"y":52,"data":{"alt":1,"type":2,"area":262}},{"x":2876,"y":52,"data":{"alt":1,"type":2,"area":262}},{"x":2877,"y":52,"data":{"alt":1,"type":2,"area":262}},{"x":2878,"y":52,"data":{"alt":1,"type":2,"area":262}},{"x":2879,"y":52,"data":{"alt":1,"type":2,"area":262}},{"x":2866,"y":53,"data":{"alt":1,"type":2,"area":262}},{"x":2867,"y":53,"data":{"alt":1,"type":2,"area":262}},{"x":2868,"y":53,"data":{"alt":1,"type":2,"area":262}},{"x":2869,"y":53,"data":{"alt":1,"type":2,"area":262}},{"x":2870,"y":53,"data":{"alt":1,"type":2,"area":262}},{"x":2871,"y":53,"data":{"alt":1,"type":2,"area":262}},{"x":2872,"y":53,"data":{"alt":1,"type":2,"area":262}},{"x":2873,"y":53,"data":{"alt":1,"type":2,"area":262}},{"x":2874,"y":53,"data":{"alt":1,"type":1,"area":262}},{"x":2875,"y":53,"data":{"alt":1,"type":2,"area":262}},{"x":2876,"y":53,"data":{"alt":1,"type":2,"area":262}},{"x":2877,"y":53,"data":{"alt":1,"type":2,"area":262}},{"x":2878,"y":53,"data":{"alt":1,"type":2,"area":262}},{"x":2879,"y":53,"data":{"alt":1,"type":2,"area":262}},{"x":2867,"y":54,"data":{"alt":1,"type":2,"area":262}},{"x":2868,"y":54,"data":{"alt":1,"type":2,"area":262}},{"x":2869,"y":54,"data":{"alt":1,"type":2,"area":262}},{"x":2870,"y":54,"data":{"alt":1,"type":2,"area":262}},{"x":2871,"y":54,"data":{"alt":1,"type":2,"area":262}},{"x":2872,"y":54,"data":{"alt":1,"type":2,"area":262}},{"x":2873,"y":54,"data":{"alt":1,"type":2,"area":262}},{"x":2874,"y":54,"data":{"alt":1,"type":2,"area":262}},{"x":2875,"y":54,"data":{"alt":1,"type":1,"area":262}},{"x":2876,"y":54,"data":{"alt":1,"type":2,"area":262}},{"x":2877,"y":54,"data":{"alt":1,"type":2,"area":262}},{"x":2878,"y":54,"data":{"alt":1,"type":2,"area":262}},{"x":2879,"y":54,"data":{"alt":1,"type":2,"area":262}},{"x":2867,"y":55,"data":{"alt":1,"type":2,"area":262}},{"x":2868,"y":55,"data":{"alt":1,"type":2,"area":262}},{"x":2869,"y":55,"data":{"alt":1,"type":2,"area":262}},{"x":2870,"y":55,"data":{"alt":1,"type":2,"area":262}},{"x":2871,"y":55,"data":{"alt":1,"type":2,"area":262}},{"x":2872,"y":55,"data":{"alt":1,"type":2,"area":262}},{"x":2873,"y":55,"data":{"alt":1,"type":2,"area":262}},{"x":2874,"y":55,"data":{"alt":1,"type":2,"area":262}},{"x":2875,"y":55,"data":{"alt":1,"type":2,"area":262}},{"x":2876,"y":55,"data":{"alt":1,"type":1,"area":262}},{"x":2877,"y":55,"data":{"alt":1,"type":2,"area":262}},{"x":2878,"y":55,"data":{"alt":1,"type":2,"area":262}},{"x":2879,"y":55,"data":{"alt":1,"type":2,"area":262}},{"x":2869,"y":56,"data":{"alt":1,"type":2,"area":262}},{"x":2870,"y":56,"data":{"alt":1,"type":2,"area":262}},{"x":2871,"y":56,"data":{"alt":1,"type":2,"area":262}},{"x":2872,"y":56,"data":{"alt":1,"type":2,"area":262}},{"x":2873,"y":56,"data":{"alt":1,"type":2,"area":262}},{"x":2874,"y":56,"data":{"alt":1,"type":2,"area":262}},{"x":2875,"y":56,"data":{"alt":1,"type":2,"area":262}},{"x":2876,"y":56,"data":{"alt":1,"type":2,"area":262}},{"x":2877,"y":56,"data":{"alt":1,"type":1,"area":262}},{"x":2878,"y":56,"data":{"alt":1,"type":2,"area":262}},{"x":2879,"y":56,"data":{"alt":1,"type":2,"area":262}},{"x":2869,"y":57,"data":{"alt":1,"type":2,"area":262}},{"x":2870,"y":57,"data":{"alt":1,"type":2,"area":262}},{"x":2871,"y":57,"data":{"alt":1,"type":2,"area":262}},{"x":2872,"y":57,"data":{"alt":1,"type":2,"area":262}},{"x":2873,"y":57,"data":{"alt":1,"type":2,"area":262}},{"x":2874,"y":57,"data":{"alt":1,"type":2,"area":262}},{"x":2875,"y":57,"data":{"alt":1,"type":2,"area":262}},{"x":2876,"y":57,"data":{"alt":1,"type":2,"area":262}},{"x":2877,"y":57,"data":{"alt":1,"type":2,"area":262}},{"x":2878,"y":57,"data":{"alt":1,"type":1,"area":262}},{"x":2879,"y":57,"data":{"alt":1,"type":2,"area":262}},{"x":2871,"y":58,"data":{"alt":1,"type":2,"area":262}},{"x":2872,"y":58,"data":{"alt":1,"type":2,"area":262}},{"x":2873,"y":58,"data":{"alt":1,"type":2,"area":262}},{"x":2874,"y":58,"data":{"alt":1,"type":2,"area":262}},{"x":2875,"y":58,"data":{"alt":1,"type":2,"area":262}},{"x":2876,"y":58,"data":{"alt":1,"type":2,"area":262}},{"x":2877,"y":58,"data":{"alt":1,"type":2,"area":262}},{"x":2878,"y":58,"data":{"alt":1,"type":2,"area":262}},{"x":2879,"y":58,"data":{"alt":1,"type":1,"area":262}},{"x":2872,"y":59,"data":{"alt":1,"type":2,"area":262}},{"x":2873,"y":59,"data":{"alt":1,"type":2,"area":262}},{"x":2874,"y":59,"data":{"alt":1,"type":2,"area":262}},{"x":2875,"y":59,"data":{"alt":1,"type":2,"area":262}},{"x":2876,"y":59,"data":{"alt":1,"type":2,"area":262}},{"x":2877,"y":59,"data":{"alt":1,"type":2,"area":262}},{"x":2878,"y":59,"data":{"alt":1,"type":2,"area":262}},{"x":2879,"y":59,"data":{"alt":1,"type":2,"area":262}},{"x":2872,"y":60,"data":{"alt":1,"type":2,"area":262}},{"x":2873,"y":60,"data":{"alt":1,"type":2,"area":262}},{"x":2874,"y":60,"data":{"alt":1,"type":2,"area":262}},{"x":2875,"y":60,"data":{"alt":1,"type":2,"area":262}},{"x":2876,"y":60,"data":{"alt":1,"type":2,"area":262}},{"x":2877,"y":60,"data":{"alt":1,"type":2,"area":262}},{"x":2878,"y":60,"data":{"alt":1,"type":2,"area":262}},{"x":2879,"y":60,"data":{"alt":1,"type":2,"area":262}},{"x":2873,"y":61,"data":{"alt":1,"type":2,"area":262}},{"x":2876,"y":61,"data":{"alt":1,"type":2,"area":262}},{"x":2877,"y":61,"data":{"alt":1,"type":2,"area":262}},{"x":2878,"y":61,"data":{"alt":1,"type":2,"area":262}},{"x":2879,"y":61,"data":{"alt":1,"type":2,"area":262}},{"x":2878,"y":62,"data":{"alt":1,"type":2,"area":262}},{"x":2879,"y":62,"data":{"alt":1,"type":2,"area":262}},{"x":2877,"y":63,"data":{"alt":1,"type":2,"area":262}},{"x":2878,"y":63,"data":{"alt":1,"type":2,"area":262}},{"x":2879,"y":63,"data":{"alt":1,"type":2,"area":262}},{"x":2880,"y":64,"data":{"alt":1,"type":2,"area":262}},{"x":2881,"y":64,"data":{"alt":1,"type":2,"area":262}},{"x":2882,"y":64,"data":{"alt":1,"type":2,"area":262}},{"x":2883,"y":64,"data":{"alt":1,"type":2,"area":262}},{"x":2884,"y":64,"data":{"alt":1,"type":2,"area":262}},{"x":2885,"y":64,"data":{"alt":1,"type":2,"area":262}},{"x":2886,"y":64,"data":{"alt":1,"type":2,"area":262}},{"x":2887,"y":64,"data":{"alt":1,"type":2,"area":262}},{"x":2890,"y":64,"data":{"alt":1,"type":2,"area":262}},{"x":2891,"y":64,"data":{"alt":1,"type":2,"area":262}},{"x":2892,"y":64,"data":{"alt":1,"type":2,"area":262}},{"x":2893,"y":64,"data":{"alt":1,"type":2,"area":262}},{"x":2894,"y":64,"data":{"alt":1,"type":2,"area":262}},{"x":2895,"y":64,"data":{"alt":1,"type":1,"area":262}},{"x":2896,"y":64,"data":{"alt":1,"type":1,"area":262}},{"x":2897,"y":64,"data":{"alt":1,"type":1,"area":262}},{"x":2898,"y":64,"data":{"alt":1,"type":2,"area":262}},{"x":2899,"y":64,"data":{"alt":1,"type":2,"area":262}},{"x":2900,"y":64,"data":{"alt":1,"type":2,"area":262}},{"x":2901,"y":64,"data":{"alt":1,"type":2,"area":262}},{"x":2902,"y":64,"data":{"alt":1,"type":2,"area":262}},{"x":2903,"y":64,"data":{"alt":1,"type":2,"area":262}},{"x":2904,"y":64,"data":{"alt":1,"type":2,"area":262}},{"x":2905,"y":64,"data":{"alt":1,"type":2,"area":262}},{"x":2906,"y":64,"data":{"alt":1,"type":2,"area":262}},{"x":2907,"y":64,"data":{"alt":1,"type":2,"area":262}},{"x":2908,"y":64,"data":{"alt":1,"type":2,"area":262}},{"x":2909,"y":64,"data":{"alt":1,"type":2,"area":262}},{"x":2910,"y":64,"data":{"alt":1,"type":2,"area":262}},{"x":2911,"y":64,"data":{"alt":1,"type":2,"area":262}},{"x":2880,"y":65,"data":{"alt":1,"type":2,"area":262}},{"x":2881,"y":65,"data":{"alt":1,"type":2,"area":262}},{"x":2882,"y":65,"data":{"alt":1,"type":2,"area":262}},{"x":2883,"y":65,"data":{"alt":1,"type":2,"area":262}},{"x":2884,"y":65,"data":{"alt":1,"type":2,"area":262}},{"x":2885,"y":65,"data":{"alt":1,"type":2,"area":262}},{"x":2886,"y":65,"data":{"alt":1,"type":2,"area":262}},{"x":2887,"y":65,"data":{"alt":1,"type":2,"area":262}},{"x":2890,"y":65,"data":{"alt":1,"type":2,"area":262}},{"x":2898,"y":65,"data":{"alt":1,"type":1,"area":262}},{"x":2899,"y":65,"data":{"alt":1,"type":1,"area":262}},{"x":2900,"y":65,"data":{"alt":1,"type":2,"area":262}},{"x":2901,"y":65,"data":{"alt":1,"type":2,"area":262}},{"x":2902,"y":65,"data":{"alt":1,"type":2,"area":262}},{"x":2903,"y":65,"data":{"alt":1,"type":2,"area":262}},{"x":2904,"y":65,"data":{"alt":1,"type":2,"area":262}},{"x":2905,"y":65,"data":{"alt":1,"type":2,"area":262}},{"x":2906,"y":65,"data":{"alt":1,"type":2,"area":262}},{"x":2907,"y":65,"data":{"alt":1,"type":2,"area":262}},{"x":2908,"y":65,"data":{"alt":1,"type":2,"area":262}},{"x":2909,"y":65,"data":{"alt":1,"type":2,"area":262}},{"x":2910,"y":65,"data":{"alt":1,"type":2,"area":262}},{"x":2911,"y":65,"data":{"alt":1,"type":2,"area":262}},{"x":2880,"y":66,"data":{"alt":1,"type":2,"area":262}},{"x":2881,"y":66,"data":{"alt":1,"type":2,"area":262}},{"x":2882,"y":66,"data":{"alt":1,"type":2,"area":262}},{"x":2883,"y":66,"data":{"alt":1,"type":2,"area":262}},{"x":2884,"y":66,"data":{"alt":1,"type":2,"area":262}},{"x":2885,"y":66,"data":{"alt":1,"type":2,"area":262}},{"x":2886,"y":66,"data":{"alt":1,"type":2,"area":262}},{"x":2887,"y":66,"data":{"alt":1,"type":2,"area":262}},{"x":2890,"y":66,"data":{"alt":1,"type":2,"area":262}},{"x":2899,"y":66,"data":{"alt":1,"type":1,"area":262}},{"x":2900,"y":66,"data":{"alt":1,"type":1,"area":262}},{"x":2901,"y":66,"data":{"alt":1,"type":1,"area":262}},{"x":2902,"y":66,"data":{"alt":1,"type":2,"area":262}},{"x":2903,"y":66,"data":{"alt":1,"type":2,"area":262}},{"x":2904,"y":66,"data":{"alt":1,"type":2,"area":262}},{"x":2905,"y":66,"data":{"alt":1,"type":2,"area":262}},{"x":2906,"y":66,"data":{"alt":1,"type":2,"area":262}},{"x":2907,"y":66,"data":{"alt":1,"type":2,"area":262}},{"x":2908,"y":66,"data":{"alt":1,"type":2,"area":262}},{"x":2909,"y":66,"data":{"alt":1,"type":2,"area":262}},{"x":2910,"y":66,"data":{"alt":1,"type":2,"area":262}},{"x":2911,"y":66,"data":{"alt":1,"type":2,"area":262}},{"x":2880,"y":67,"data":{"alt":1,"type":2,"area":262}},{"x":2881,"y":67,"data":{"alt":1,"type":2,"area":262}},{"x":2882,"y":67,"data":{"alt":1,"type":2,"area":262}},{"x":2883,"y":67,"data":{"alt":1,"type":2,"area":262}},{"x":2884,"y":67,"data":{"alt":1,"type":2,"area":262}},{"x":2885,"y":67,"data":{"alt":1,"type":2,"area":262}},{"x":2886,"y":67,"data":{"alt":1,"type":2,"area":262}},{"x":2887,"y":67,"data":{"alt":1,"type":2,"area":262}},{"x":2901,"y":67,"data":{"alt":1,"type":2,"area":262}},{"x":2902,"y":67,"data":{"alt":1,"type":1,"area":262}},{"x":2903,"y":67,"data":{"alt":1,"type":2,"area":262}},{"x":2904,"y":67,"data":{"alt":1,"type":2,"area":262}},{"x":2905,"y":67,"data":{"alt":1,"type":2,"area":262}},{"x":2906,"y":67,"data":{"alt":1,"type":2,"area":262}},{"x":2907,"y":67,"data":{"alt":1,"type":2,"area":262}},{"x":2908,"y":67,"data":{"alt":1,"type":2,"area":262}},{"x":2909,"y":67,"data":{"alt":1,"type":2,"area":262}},{"x":2910,"y":67,"data":{"alt":1,"type":2,"area":262}},{"x":2911,"y":67,"data":{"alt":1,"type":2,"area":262}},{"x":2880,"y":68,"data":{"alt":1,"type":2,"area":262}},{"x":2881,"y":68,"data":{"alt":1,"type":2,"area":262}},{"x":2882,"y":68,"data":{"alt":1,"type":2,"area":262}},{"x":2883,"y":68,"data":{"alt":1,"type":2,"area":262}},{"x":2884,"y":68,"data":{"alt":1,"type":2,"area":262}},{"x":2885,"y":68,"data":{"alt":1,"type":2,"area":262}},{"x":2886,"y":68,"data":{"alt":1,"type":2,"area":262}},{"x":2887,"y":68,"data":{"alt":1,"type":2,"area":262}},{"x":2888,"y":68,"data":{"alt":1,"type":2,"area":262}},{"x":2900,"y":68,"data":{"alt":1,"type":2,"area":262}},{"x":2901,"y":68,"data":{"alt":1,"type":2,"area":262}},{"x":2902,"y":68,"data":{"alt":1,"type":2,"area":262}},{"x":2903,"y":68,"data":{"alt":1,"type":1,"area":262}},{"x":2904,"y":68,"data":{"alt":1,"type":2,"area":262}},{"x":2905,"y":68,"data":{"alt":1,"type":2,"area":262}},{"x":2906,"y":68,"data":{"alt":1,"type":2,"area":262}},{"x":2907,"y":68,"data":{"alt":1,"type":2,"area":262}},{"x":2908,"y":68,"data":{"alt":1,"type":2,"area":262}},{"x":2909,"y":68,"data":{"alt":1,"type":2,"area":262}},{"x":2910,"y":68,"data":{"alt":1,"type":2,"area":262}},{"x":2911,"y":68,"data":{"alt":1,"type":2,"area":262}},{"x":2880,"y":69,"data":{"alt":1,"type":2,"area":262}},{"x":2881,"y":69,"data":{"alt":1,"type":2,"area":262}},{"x":2882,"y":69,"data":{"alt":1,"type":2,"area":262}},{"x":2883,"y":69,"data":{"alt":1,"type":2,"area":262}},{"x":2884,"y":69,"data":{"alt":1,"type":2,"area":262}},{"x":2885,"y":69,"data":{"alt":1,"type":2,"area":262}},{"x":2886,"y":69,"data":{"alt":1,"type":2,"area":262}},{"x":2887,"y":69,"data":{"alt":1,"type":2,"area":262}},{"x":2888,"y":69,"data":{"alt":1,"type":2,"area":262}},{"x":2901,"y":69,"data":{"alt":1,"type":2,"area":262}},{"x":2902,"y":69,"data":{"alt":1,"type":2,"area":262}},{"x":2903,"y":69,"data":{"alt":1,"type":2,"area":262}},{"x":2904,"y":69,"data":{"alt":1,"type":1,"area":262}},{"x":2905,"y":69,"data":{"alt":1,"type":2,"area":262}},{"x":2906,"y":69,"data":{"alt":1,"type":2,"area":262}},{"x":2907,"y":69,"data":{"alt":1,"type":2,"area":262}},{"x":2908,"y":69,"data":{"alt":1,"type":2,"area":262}},{"x":2909,"y":69,"data":{"alt":1,"type":2,"area":262}},{"x":2910,"y":69,"data":{"alt":1,"type":2,"area":262}},{"x":2911,"y":69,"data":{"alt":1,"type":2,"area":262}},{"x":2880,"y":70,"data":{"alt":1,"type":2,"area":262}},{"x":2885,"y":70,"data":{"alt":1,"type":2,"area":262}},{"x":2886,"y":70,"data":{"alt":1,"type":2,"area":262}},{"x":2887,"y":70,"data":{"alt":1,"type":2,"area":262}},{"x":2888,"y":70,"data":{"alt":1,"type":2,"area":262}},{"x":2902,"y":70,"data":{"alt":1,"type":2,"area":262}},{"x":2903,"y":70,"data":{"alt":1,"type":2,"area":262}},{"x":2904,"y":70,"data":{"alt":1,"type":1,"area":262}},{"x":2905,"y":70,"data":{"alt":1,"type":1,"area":262}},{"x":2906,"y":70,"data":{"alt":1,"type":2,"area":262}},{"x":2907,"y":70,"data":{"alt":1,"type":2,"area":262}},{"x":2908,"y":70,"data":{"alt":1,"type":2,"area":262}},{"x":2909,"y":70,"data":{"alt":1,"type":2,"area":262}},{"x":2910,"y":70,"data":{"alt":1,"type":2,"area":262}},{"x":2911,"y":70,"data":{"alt":1,"type":2,"area":262}},{"x":2886,"y":71,"data":{"alt":1,"type":2,"area":262}},{"x":2887,"y":71,"data":{"alt":1,"type":2,"area":262}},{"x":2903,"y":71,"data":{"alt":1,"type":2,"area":262}},{"x":2904,"y":71,"data":{"alt":1,"type":2,"area":262}},{"x":2905,"y":71,"data":{"alt":1,"type":2,"area":262}},{"x":2906,"y":71,"data":{"alt":1,"type":1,"area":262}},{"x":2907,"y":71,"data":{"alt":1,"type":1,"area":262}},{"x":2908,"y":71,"data":{"alt":1,"type":2,"area":262}},{"x":2909,"y":71,"data":{"alt":1,"type":2,"area":262}},{"x":2910,"y":71,"data":{"alt":1,"type":2,"area":262}},{"x":2911,"y":71,"data":{"alt":1,"type":2,"area":262}},{"x":2886,"y":72,"data":{"alt":1,"type":2,"area":262}},{"x":2887,"y":72,"data":{"alt":1,"type":2,"area":262}},{"x":2888,"y":72,"data":{"alt":1,"type":2,"area":262}},{"x":2904,"y":72,"data":{"alt":1,"type":2,"area":262}},{"x":2907,"y":72,"data":{"alt":1,"type":1,"area":262}},{"x":2908,"y":72,"data":{"alt":1,"type":1,"area":262}},{"x":2909,"y":72,"data":{"alt":1,"type":2,"area":262}},{"x":2910,"y":72,"data":{"alt":1,"type":2,"area":262}},{"x":2911,"y":72,"data":{"alt":1,"type":2,"area":262}},{"x":2908,"y":73,"data":{"alt":1,"type":1,"area":262}},{"x":2909,"y":73,"data":{"alt":1,"type":1,"area":262}},{"x":2910,"y":73,"data":{"alt":1,"type":2,"area":262}},{"x":2911,"y":73,"data":{"alt":1,"type":2,"area":262}},{"x":2910,"y":74,"data":{"alt":1,"type":1,"area":262}},{"x":2911,"y":74,"data":{"alt":1,"type":2,"area":262}},{"x":2911,"y":75,"data":{"alt":1,"type":1,"area":262}},{"x":2911,"y":76,"data":{"alt":1,"type":2,"area":262}},{"x":2880,"y":42,"data":{"alt":1,"type":2,"area":262}},{"x":2882,"y":42,"data":{"alt":1,"type":2,"area":262}},{"x":2883,"y":42,"data":{"alt":1,"type":2,"area":262}},{"x":2884,"y":42,"data":{"alt":1,"type":2,"area":262}},{"x":2885,"y":42,"data":{"alt":1,"type":2,"area":262}},{"x":2886,"y":42,"data":{"alt":1,"type":2,"area":262}},{"x":2910,"y":42,"data":{"alt":1,"type":2,"area":262}},{"x":2880,"y":43,"data":{"alt":1,"type":2,"area":262}},{"x":2882,"y":43,"data":{"alt":1,"type":2,"area":262}},{"x":2883,"y":43,"data":{"alt":1,"type":2,"area":262}},{"x":2884,"y":43,"data":{"alt":1,"type":2,"area":262}},{"x":2885,"y":43,"data":{"alt":1,"type":2,"area":262}},{"x":2886,"y":43,"data":{"alt":1,"type":2,"area":262}},{"x":2908,"y":43,"data":{"alt":1,"type":2,"area":262}},{"x":2909,"y":43,"data":{"alt":1,"type":2,"area":262}},{"x":2910,"y":43,"data":{"alt":1,"type":2,"area":262}},{"x":2911,"y":43,"data":{"alt":1,"type":2,"area":262}},{"x":2880,"y":44,"data":{"alt":1,"type":2,"area":262}},{"x":2881,"y":44,"data":{"alt":1,"type":2,"area":262}},{"x":2882,"y":44,"data":{"alt":1,"type":2,"area":262}},{"x":2883,"y":44,"data":{"alt":1,"type":2,"area":262}},{"x":2884,"y":44,"data":{"alt":1,"type":2,"area":262}},{"x":2885,"y":44,"data":{"alt":1,"type":2,"area":262}},{"x":2886,"y":44,"data":{"alt":1,"type":2,"area":262}},{"x":2888,"y":44,"data":{"alt":1,"type":2,"area":262}},{"x":2889,"y":44,"data":{"alt":1,"type":2,"area":262}},{"x":2890,"y":44,"data":{"alt":1,"type":2,"area":262}},{"x":2892,"y":44,"data":{"alt":1,"type":2,"area":262}},{"x":2894,"y":44,"data":{"alt":1,"type":2,"area":262}},{"x":2895,"y":44,"data":{"alt":1,"type":2,"area":262}},{"x":2896,"y":44,"data":{"alt":1,"type":2,"area":262}},{"x":2906,"y":44,"data":{"alt":1,"type":2,"area":262}},{"x":2907,"y":44,"data":{"alt":1,"type":2,"area":262}},{"x":2908,"y":44,"data":{"alt":1,"type":2,"area":262}},{"x":2909,"y":44,"data":{"alt":1,"type":2,"area":262}},{"x":2910,"y":44,"data":{"alt":1,"type":2,"area":262}},{"x":2911,"y":44,"data":{"alt":1,"type":2,"area":262}},{"x":2880,"y":45,"data":{"alt":1,"type":2,"area":262}},{"x":2881,"y":45,"data":{"alt":1,"type":2,"area":262}},{"x":2882,"y":45,"data":{"alt":1,"type":2,"area":262}},{"x":2883,"y":45,"data":{"alt":1,"type":2,"area":262}},{"x":2884,"y":45,"data":{"alt":1,"type":2,"area":262}},{"x":2885,"y":45,"data":{"alt":1,"type":2,"area":262}},{"x":2886,"y":45,"data":{"alt":1,"type":2,"area":262}},{"x":2887,"y":45,"data":{"alt":1,"type":2,"area":262}},{"x":2888,"y":45,"data":{"alt":1,"type":2,"area":262}},{"x":2889,"y":45,"data":{"alt":1,"type":2,"area":262}},{"x":2890,"y":45,"data":{"alt":1,"type":2,"area":262}},{"x":2891,"y":45,"data":{"alt":1,"type":2,"area":262}},{"x":2892,"y":45,"data":{"alt":1,"type":2,"area":262}},{"x":2893,"y":45,"data":{"alt":1,"type":2,"area":262}},{"x":2894,"y":45,"data":{"alt":1,"type":2,"area":262}},{"x":2895,"y":45,"data":{"alt":1,"type":2,"area":262}},{"x":2896,"y":45,"data":{"alt":1,"type":2,"area":262}},{"x":2897,"y":45,"data":{"alt":1,"type":2,"area":262}},{"x":2898,"y":45,"data":{"alt":1,"type":2,"area":262}},{"x":2899,"y":45,"data":{"alt":1,"type":2,"area":262}},{"x":2903,"y":45,"data":{"alt":1,"type":2,"area":262}},{"x":2904,"y":45,"data":{"alt":1,"type":2,"area":262}},{"x":2905,"y":45,"data":{"alt":1,"type":2,"area":262}},{"x":2906,"y":45,"data":{"alt":1,"type":2,"area":262}},{"x":2907,"y":45,"data":{"alt":1,"type":2,"area":262}},{"x":2908,"y":45,"data":{"alt":1,"type":2,"area":262}},{"x":2909,"y":45,"data":{"alt":1,"type":2,"area":262}},{"x":2910,"y":45,"data":{"alt":1,"type":2,"area":262}},{"x":2911,"y":45,"data":{"alt":1,"type":2,"area":262}},{"x":2880,"y":46,"data":{"alt":1,"type":2,"area":262}},{"x":2881,"y":46,"data":{"alt":1,"type":2,"area":262}},{"x":2882,"y":46,"data":{"alt":1,"type":2,"area":262}},{"x":2883,"y":46,"data":{"alt":1,"type":2,"area":262}},{"x":2884,"y":46,"data":{"alt":1,"type":2,"area":262}},{"x":2885,"y":46,"data":{"alt":1,"type":2,"area":262}},{"x":2886,"y":46,"data":{"alt":1,"type":2,"area":262}},{"x":2887,"y":46,"data":{"alt":1,"type":2,"area":262}},{"x":2888,"y":46,"data":{"alt":1,"type":2,"area":262}},{"x":2889,"y":46,"data":{"alt":1,"type":2,"area":262}},{"x":2890,"y":46,"data":{"alt":1,"type":2,"area":262}},{"x":2891,"y":46,"data":{"alt":1,"type":2,"area":262}},{"x":2892,"y":46,"data":{"alt":1,"type":2,"area":262}},{"x":2893,"y":46,"data":{"alt":1,"type":2,"area":262}},{"x":2894,"y":46,"data":{"alt":1,"type":2,"area":262}},{"x":2895,"y":46,"data":{"alt":1,"type":2,"area":262}},{"x":2896,"y":46,"data":{"alt":1,"type":2,"area":262}},{"x":2897,"y":46,"data":{"alt":1,"type":2,"area":262}},{"x":2898,"y":46,"data":{"alt":1,"type":2,"area":262}},{"x":2899,"y":46,"data":{"alt":1,"type":2,"area":262}},{"x":2900,"y":46,"data":{"alt":1,"type":2,"area":262}},{"x":2901,"y":46,"data":{"alt":1,"type":2,"area":262}},{"x":2902,"y":46,"data":{"alt":1,"type":2,"area":262}},{"x":2903,"y":46,"data":{"alt":1,"type":2,"area":262}},{"x":2904,"y":46,"data":{"alt":1,"type":2,"area":262}},{"x":2905,"y":46,"data":{"alt":1,"type":2,"area":262}},{"x":2906,"y":46,"data":{"alt":1,"type":2,"area":262}},{"x":2907,"y":46,"data":{"alt":1,"type":2,"area":262}},{"x":2908,"y":46,"data":{"alt":1,"type":2,"area":262}},{"x":2909,"y":46,"data":{"alt":1,"type":2,"area":262}},{"x":2910,"y":46,"data":{"alt":1,"type":2,"area":262}},{"x":2911,"y":46,"data":{"alt":1,"type":2,"area":262}},{"x":2880,"y":47,"data":{"alt":1,"type":2,"area":262}},{"x":2881,"y":47,"data":{"alt":1,"type":2,"area":262}},{"x":2882,"y":47,"data":{"alt":1,"type":2,"area":262}},{"x":2883,"y":47,"data":{"alt":1,"type":2,"area":262}},{"x":2884,"y":47,"data":{"alt":1,"type":2,"area":262}},{"x":2885,"y":47,"data":{"alt":1,"type":2,"area":262}},{"x":2886,"y":47,"data":{"alt":1,"type":2,"area":262}},{"x":2887,"y":47,"data":{"alt":1,"type":2,"area":262}},{"x":2888,"y":47,"data":{"alt":1,"type":2,"area":262}},{"x":2889,"y":47,"data":{"alt":1,"type":2,"area":262}},{"x":2890,"y":47,"data":{"alt":1,"type":2,"area":262}},{"x":2891,"y":47,"data":{"alt":1,"type":2,"area":262}},{"x":2892,"y":47,"data":{"alt":1,"type":2,"area":262}},{"x":2893,"y":47,"data":{"alt":1,"type":2,"area":262}},{"x":2894,"y":47,"data":{"alt":1,"type":2,"area":262}},{"x":2895,"y":47,"data":{"alt":1,"type":2,"area":262}},{"x":2896,"y":47,"data":{"alt":1,"type":2,"area":262}},{"x":2897,"y":47,"data":{"alt":1,"type":2,"area":262}},{"x":2898,"y":47,"data":{"alt":1,"type":2,"area":262}},{"x":2899,"y":47,"data":{"alt":1,"type":2,"area":262}},{"x":2900,"y":47,"data":{"alt":1,"type":2,"area":262}},{"x":2901,"y":47,"data":{"alt":1,"type":2,"area":262}},{"x":2902,"y":47,"data":{"alt":1,"type":2,"area":262}},{"x":2903,"y":47,"data":{"alt":1,"type":2,"area":262}},{"x":2904,"y":47,"data":{"alt":1,"type":2,"area":262}},{"x":2905,"y":47,"data":{"alt":1,"type":2,"area":262}},{"x":2906,"y":47,"data":{"alt":1,"type":2,"area":262}},{"x":2907,"y":47,"data":{"alt":1,"type":2,"area":262}},{"x":2908,"y":47,"data":{"alt":1,"type":2,"area":262}},{"x":2909,"y":47,"data":{"alt":1,"type":2,"area":262}},{"x":2910,"y":47,"data":{"alt":1,"type":2,"area":262}},{"x":2911,"y":47,"data":{"alt":1,"type":2,"area":262}},{"x":2880,"y":48,"data":{"alt":1,"type":2,"area":262}},{"x":2881,"y":48,"data":{"alt":1,"type":2,"area":262}},{"x":2882,"y":48,"data":{"alt":1,"type":2,"area":262}},{"x":2883,"y":48,"data":{"alt":1,"type":2,"area":262}},{"x":2884,"y":48,"data":{"alt":1,"type":2,"area":262}},{"x":2885,"y":48,"data":{"alt":1,"type":2,"area":262}},{"x":2886,"y":48,"data":{"alt":1,"type":2,"area":262}},{"x":2887,"y":48,"data":{"alt":1,"type":2,"area":262}},{"x":2888,"y":48,"data":{"alt":1,"type":2,"area":262}},{"x":2889,"y":48,"data":{"alt":1,"type":2,"area":262}},{"x":2890,"y":48,"data":{"alt":1,"type":2,"area":262}},{"x":2891,"y":48,"data":{"alt":1,"type":2,"area":262}},{"x":2892,"y":48,"data":{"alt":1,"type":2,"area":262}},{"x":2893,"y":48,"data":{"alt":1,"type":2,"area":262}},{"x":2894,"y":48,"data":{"alt":1,"type":2,"area":262}},{"x":2895,"y":48,"data":{"alt":1,"type":2,"area":262}},{"x":2896,"y":48,"data":{"alt":1,"type":2,"area":262}},{"x":2897,"y":48,"data":{"alt":1,"type":2,"area":262}},{"x":2898,"y":48,"data":{"alt":1,"type":2,"area":262}},{"x":2899,"y":48,"data":{"alt":1,"type":2,"area":262}},{"x":2900,"y":48,"data":{"alt":1,"type":2,"area":262}},{"x":2901,"y":48,"data":{"alt":1,"type":2,"area":262}},{"x":2902,"y":48,"data":{"alt":1,"type":2,"area":262}},{"x":2903,"y":48,"data":{"alt":1,"type":2,"area":262}},{"x":2904,"y":48,"data":{"alt":1,"type":2,"area":262}},{"x":2905,"y":48,"data":{"alt":1,"type":2,"area":262}},{"x":2906,"y":48,"data":{"alt":1,"type":2,"area":262}},{"x":2907,"y":48,"data":{"alt":1,"type":2,"area":262}},{"x":2908,"y":48,"data":{"alt":1,"type":2,"res":1,"resAmount":80,"area":262}},{"x":2909,"y":48,"data":{"alt":1,"type":2,"area":262}},{"x":2910,"y":48,"data":{"alt":1,"type":2,"area":262}},{"x":2911,"y":48,"data":{"alt":1,"type":2,"area":262}},{"x":2880,"y":49,"data":{"alt":1,"type":2,"area":262}},{"x":2881,"y":49,"data":{"alt":1,"type":2,"area":262}},{"x":2882,"y":49,"data":{"alt":1,"type":2,"area":262}},{"x":2883,"y":49,"data":{"alt":1,"type":2,"area":262}},{"x":2884,"y":49,"data":{"alt":1,"type":2,"area":262}},{"x":2885,"y":49,"data":{"alt":1,"type":2,"area":262}},{"x":2886,"y":49,"data":{"alt":1,"type":2,"area":262}},{"x":2887,"y":49,"data":{"alt":1,"type":2,"area":262}},{"x":2888,"y":49,"data":{"alt":1,"type":2,"area":262}},{"x":2889,"y":49,"data":{"alt":1,"type":2,"area":262}},{"x":2890,"y":49,"data":{"alt":1,"type":2,"area":262}},{"x":2891,"y":49,"data":{"alt":1,"type":2,"area":262}},{"x":2892,"y":49,"data":{"alt":1,"type":2,"area":262}},{"x":2893,"y":49,"data":{"alt":1,"type":2,"area":262}},{"x":2894,"y":49,"data":{"alt":1,"type":2,"area":262}},{"x":2895,"y":49,"data":{"alt":1,"type":2,"area":262}},{"x":2896,"y":49,"data":{"alt":1,"type":2,"area":262}},{"x":2897,"y":49,"data":{"alt":1,"type":2,"area":262}},{"x":2898,"y":49,"data":{"alt":1,"type":2,"area":262}},{"x":2899,"y":49,"data":{"alt":1,"type":2,"area":262}},{"x":2900,"y":49,"data":{"alt":1,"type":2,"area":262}},{"x":2901,"y":49,"data":{"alt":1,"type":2,"area":262}},{"x":2902,"y":49,"data":{"alt":1,"type":2,"area":262}},{"x":2903,"y":49,"data":{"alt":1,"type":2,"area":262}},{"x":2904,"y":49,"data":{"alt":1,"type":2,"area":262}},{"x":2905,"y":49,"data":{"alt":1,"type":2,"area":262}},{"x":2906,"y":49,"data":{"alt":1,"type":2,"area":262}},{"x":2907,"y":49,"data":{"alt":1,"type":2,"area":262}},{"x":2908,"y":49,"data":{"alt":1,"type":2,"area":262}},{"x":2909,"y":49,"data":{"alt":1,"type":2,"area":262}},{"x":2910,"y":49,"data":{"alt":1,"type":2,"area":262}},{"x":2911,"y":49,"data":{"alt":1,"type":2,"area":262}},{"x":2880,"y":50,"data":{"alt":1,"type":2,"area":262}},{"x":2881,"y":50,"data":{"alt":1,"type":2,"area":262}},{"x":2882,"y":50,"data":{"alt":1,"type":2,"area":262}},{"x":2883,"y":50,"data":{"alt":1,"type":2,"area":262}},{"x":2884,"y":50,"data":{"alt":1,"type":2,"area":262}},{"x":2885,"y":50,"data":{"alt":1,"type":2,"area":262}},{"x":2886,"y":50,"data":{"alt":1,"type":2,"area":262}},{"x":2887,"y":50,"data":{"alt":1,"type":2,"area":262}},{"x":2888,"y":50,"data":{"alt":1,"type":2,"area":262}},{"x":2889,"y":50,"data":{"alt":1,"type":2,"area":262}},{"x":2890,"y":50,"data":{"alt":1,"type":2,"area":262}},{"x":2891,"y":50,"data":{"alt":1,"type":2,"area":262}},{"x":2892,"y":50,"data":{"alt":1,"type":2,"area":262}},{"x":2893,"y":50,"data":{"alt":1,"type":2,"area":262}},{"x":2894,"y":50,"data":{"alt":1,"type":2,"area":262}},{"x":2895,"y":50,"data":{"alt":1,"type":2,"area":262}},{"x":2896,"y":50,"data":{"alt":1,"type":2,"area":262}},{"x":2897,"y":50,"data":{"alt":1,"type":2,"area":262}},{"x":2898,"y":50,"data":{"alt":1,"type":2,"area":262}},{"x":2899,"y":50,"data":{"alt":1,"type":2,"area":262}},{"x":2900,"y":50,"data":{"alt":1,"type":2,"area":262}},{"x":2901,"y":50,"data":{"alt":1,"type":2,"area":262}},{"x":2902,"y":50,"data":{"alt":1,"type":2,"area":262}},{"x":2903,"y":50,"data":{"alt":1,"type":2,"area":262}},{"x":2904,"y":50,"data":{"alt":1,"type":2,"area":262}},{"x":2905,"y":50,"data":{"alt":1,"type":2,"area":262}},{"x":2906,"y":50,"data":{"alt":1,"type":2,"area":262}},{"x":2907,"y":50,"data":{"alt":1,"type":2,"area":262}},{"x":2908,"y":50,"data":{"alt":1,"type":2,"area":262}},{"x":2909,"y":50,"data":{"alt":1,"type":2,"area":262}},{"x":2910,"y":50,"data":{"alt":1,"type":2,"area":262}},{"x":2911,"y":50,"data":{"alt":1,"type":2,"area":262}},{"x":2880,"y":51,"data":{"alt":1,"type":2,"area":262}},{"x":2881,"y":51,"data":{"alt":1,"type":2,"area":262}},{"x":2882,"y":51,"data":{"alt":1,"type":2,"area":262}},{"x":2883,"y":51,"data":{"alt":1,"type":2,"area":262}},{"x":2884,"y":51,"data":{"alt":1,"type":2,"area":262}},{"x":2885,"y":51,"data":{"alt":1,"type":2,"area":262}},{"x":2886,"y":51,"data":{"alt":1,"type":2,"area":262}},{"x":2887,"y":51,"data":{"alt":1,"type":2,"area":262}},{"x":2888,"y":51,"data":{"alt":1,"type":2,"area":262}},{"x":2889,"y":51,"data":{"alt":1,"type":2,"area":262}},{"x":2890,"y":51,"data":{"alt":1,"type":2,"area":262}},{"x":2891,"y":51,"data":{"alt":1,"type":2,"area":262}},{"x":2892,"y":51,"data":{"alt":1,"type":2,"area":262}},{"x":2893,"y":51,"data":{"alt":1,"type":2,"area":262}},{"x":2894,"y":51,"data":{"alt":1,"type":2,"area":262}},{"x":2895,"y":51,"data":{"alt":1,"type":2,"area":262}},{"x":2896,"y":51,"data":{"alt":1,"type":2,"area":262}},{"x":2897,"y":51,"data":{"alt":1,"type":2,"area":262}},{"x":2898,"y":51,"data":{"alt":1,"type":2,"area":262}},{"x":2899,"y":51,"data":{"alt":1,"type":2,"area":262}},{"x":2900,"y":51,"data":{"alt":1,"type":2,"area":262}},{"x":2901,"y":51,"data":{"alt":1,"type":2,"area":262}},{"x":2902,"y":51,"data":{"alt":1,"type":2,"area":262}},{"x":2903,"y":51,"data":{"alt":1,"type":2,"area":262}},{"x":2904,"y":51,"data":{"alt":1,"type":2,"area":262}},{"x":2905,"y":51,"data":{"alt":1,"type":2,"area":262}},{"x":2906,"y":51,"data":{"alt":1,"type":2,"area":262}},{"x":2907,"y":51,"data":{"alt":1,"type":2,"area":262}},{"x":2908,"y":51,"data":{"alt":1,"type":2,"area":262}},{"x":2909,"y":51,"data":{"alt":1,"type":2,"area":262}},{"x":2910,"y":51,"data":{"alt":1,"type":2,"area":262}},{"x":2911,"y":51,"data":{"alt":1,"type":2,"area":262}},{"x":2880,"y":52,"data":{"alt":1,"type":2,"area":262}},{"x":2881,"y":52,"data":{"alt":1,"type":2,"area":262}},{"x":2882,"y":52,"data":{"alt":1,"type":2,"area":262}},{"x":2883,"y":52,"data":{"alt":1,"type":2,"area":262}},{"x":2884,"y":52,"data":{"alt":1,"type":2,"area":262}},{"x":2885,"y":52,"data":{"alt":1,"type":2,"area":262}},{"x":2886,"y":52,"data":{"alt":1,"type":2,"area":262}},{"x":2887,"y":52,"data":{"alt":1,"type":2,"area":262}},{"x":2888,"y":52,"data":{"alt":1,"type":2,"area":262}},{"x":2889,"y":52,"data":{"alt":1,"type":2,"area":262}},{"x":2890,"y":52,"data":{"alt":1,"type":2,"area":262}},{"x":2891,"y":52,"data":{"alt":1,"type":2,"area":262}},{"x":2892,"y":52,"data":{"alt":1,"type":2,"area":262}},{"x":2893,"y":52,"data":{"alt":1,"type":2,"area":262}},{"x":2894,"y":52,"data":{"alt":1,"type":2,"area":262}},{"x":2895,"y":52,"data":{"alt":1,"type":2,"area":262}},{"x":2896,"y":52,"data":{"alt":1,"type":2,"area":262}},{"x":2897,"y":52,"data":{"alt":1,"type":2,"area":262}},{"x":2898,"y":52,"data":{"alt":1,"type":2,"area":262}},{"x":2899,"y":52,"data":{"alt":1,"type":2,"area":262}},{"x":2900,"y":52,"data":{"alt":1,"type":2,"area":262}},{"x":2901,"y":52,"data":{"alt":1,"type":2,"area":262}},{"x":2902,"y":52,"data":{"alt":1,"type":2,"area":262}},{"x":2903,"y":52,"data":{"alt":1,"type":2,"area":262}},{"x":2904,"y":52,"data":{"alt":1,"type":2,"area":262}},{"x":2905,"y":52,"data":{"alt":1,"type":2,"area":262}},{"x":2906,"y":52,"data":{"alt":1,"type":2,"area":262}},{"x":2907,"y":52,"data":{"alt":1,"type":2,"area":262}},{"x":2908,"y":52,"data":{"alt":1,"type":2,"area":262}},{"x":2909,"y":52,"data":{"alt":1,"type":2,"area":262}},{"x":2910,"y":52,"data":{"alt":1,"type":2,"area":262}},{"x":2911,"y":52,"data":{"alt":1,"type":2,"area":262}},{"x":2880,"y":53,"data":{"alt":1,"type":2,"area":262}},{"x":2881,"y":53,"data":{"alt":1,"type":2,"area":262}},{"x":2882,"y":53,"data":{"alt":1,"type":2,"area":262}},{"x":2883,"y":53,"data":{"alt":1,"type":2,"area":262}},{"x":2884,"y":53,"data":{"alt":1,"type":2,"area":262}},{"x":2885,"y":53,"data":{"alt":1,"type":2,"area":262}},{"x":2886,"y":53,"data":{"alt":1,"type":2,"area":262}},{"x":2887,"y":53,"data":{"alt":1,"type":2,"area":262}},{"x":2888,"y":53,"data":{"alt":1,"type":2,"area":262}},{"x":2889,"y":53,"data":{"alt":1,"type":2,"area":262}},{"x":2890,"y":53,"data":{"alt":1,"type":2,"area":262}},{"x":2891,"y":53,"data":{"alt":1,"type":2,"area":262}},{"x":2892,"y":53,"data":{"alt":1,"type":2,"area":262}},{"x":2893,"y":53,"data":{"alt":1,"type":2,"area":262}},{"x":2894,"y":53,"data":{"alt":1,"type":2,"area":262}},{"x":2895,"y":53,"data":{"alt":1,"type":2,"area":262}},{"x":2896,"y":53,"data":{"alt":1,"type":2,"area":262}},{"x":2897,"y":53,"data":{"alt":1,"type":2,"area":262}},{"x":2898,"y":53,"data":{"alt":1,"type":2,"area":262}},{"x":2899,"y":53,"data":{"alt":1,"type":2,"area":262}},{"x":2900,"y":53,"data":{"alt":1,"type":2,"area":262}},{"x":2901,"y":53,"data":{"alt":1,"type":2,"area":262}},{"x":2902,"y":53,"data":{"alt":1,"type":2,"area":262}},{"x":2903,"y":53,"data":{"alt":1,"type":2,"area":262}},{"x":2904,"y":53,"data":{"alt":1,"type":2,"area":262}},{"x":2905,"y":53,"data":{"alt":1,"type":2,"area":262}},{"x":2906,"y":53,"data":{"alt":1,"type":2,"area":262}},{"x":2907,"y":53,"data":{"alt":1,"type":2,"area":262}},{"x":2908,"y":53,"data":{"alt":1,"type":2,"area":262}},{"x":2909,"y":53,"data":{"alt":1,"type":2,"area":262}},{"x":2910,"y":53,"data":{"alt":1,"type":2,"area":262}},{"x":2911,"y":53,"data":{"alt":1,"type":2,"area":262}},{"x":2880,"y":54,"data":{"alt":1,"type":2,"area":262}},{"x":2881,"y":54,"data":{"alt":1,"type":2,"area":262}},{"x":2882,"y":54,"data":{"alt":1,"type":2,"area":262}},{"x":2883,"y":54,"data":{"alt":1,"type":2,"area":262}},{"x":2884,"y":54,"data":{"alt":1,"type":2,"area":262}},{"x":2885,"y":54,"data":{"alt":1,"type":2,"area":262}},{"x":2886,"y":54,"data":{"alt":1,"type":2,"area":262}},{"x":2887,"y":54,"data":{"alt":1,"type":2,"area":262}},{"x":2888,"y":54,"data":{"alt":1,"type":2,"area":262}},{"x":2889,"y":54,"data":{"alt":1,"type":2,"area":262}},{"x":2890,"y":54,"data":{"alt":1,"type":2,"area":262}},{"x":2891,"y":54,"data":{"alt":1,"type":2,"area":262}},{"x":2892,"y":54,"data":{"alt":1,"type":2,"area":262}},{"x":2893,"y":54,"data":{"alt":1,"type":2,"area":262}},{"x":2894,"y":54,"data":{"alt":1,"type":2,"area":262}},{"x":2895,"y":54,"data":{"alt":1,"type":2,"area":262}},{"x":2896,"y":54,"data":{"alt":1,"type":2,"area":262}},{"x":2897,"y":54,"data":{"alt":1,"type":2,"area":262}},{"x":2898,"y":54,"data":{"alt":1,"type":2,"area":262}},{"x":2899,"y":54,"data":{"alt":1,"type":2,"area":262}},{"x":2900,"y":54,"data":{"alt":1,"type":2,"area":262}},{"x":2901,"y":54,"data":{"alt":1,"type":2,"area":262}},{"x":2902,"y":54,"data":{"alt":1,"type":2,"area":262}},{"x":2903,"y":54,"data":{"alt":1,"type":2,"area":262}},{"x":2904,"y":54,"data":{"alt":1,"type":2,"area":262}},{"x":2905,"y":54,"data":{"alt":1,"type":2,"area":262}},{"x":2906,"y":54,"data":{"alt":1,"type":2,"area":262}},{"x":2907,"y":54,"data":{"alt":1,"type":2,"area":262}},{"x":2908,"y":54,"data":{"alt":1,"type":2,"area":262}},{"x":2909,"y":54,"data":{"alt":1,"type":2,"area":262}},{"x":2910,"y":54,"data":{"alt":1,"type":2,"area":262}},{"x":2911,"y":54,"data":{"alt":1,"type":2,"area":262}},{"x":2880,"y":55,"data":{"alt":1,"type":2,"area":262}},{"x":2881,"y":55,"data":{"alt":1,"type":2,"area":262}},{"x":2882,"y":55,"data":{"alt":1,"type":2,"area":262}},{"x":2883,"y":55,"data":{"alt":1,"type":2,"area":262}},{"x":2884,"y":55,"data":{"alt":1,"type":2,"area":262}},{"x":2885,"y":55,"data":{"alt":1,"type":2,"area":262}},{"x":2886,"y":55,"data":{"alt":1,"type":2,"area":262}},{"x":2887,"y":55,"data":{"alt":1,"type":2,"area":262}},{"x":2888,"y":55,"data":{"alt":1,"type":2,"area":262}},{"x":2889,"y":55,"data":{"alt":1,"type":2,"area":262}},{"x":2890,"y":55,"data":{"alt":1,"type":2,"area":262}},{"x":2891,"y":55,"data":{"alt":1,"type":2,"area":262}},{"x":2892,"y":55,"data":{"alt":1,"type":2,"area":262}},{"x":2893,"y":55,"data":{"alt":1,"type":2,"area":262}},{"x":2894,"y":55,"data":{"alt":1,"type":2,"area":262}},{"x":2895,"y":55,"data":{"alt":1,"type":2,"area":262}},{"x":2896,"y":55,"data":{"alt":1,"type":2,"area":262}},{"x":2897,"y":55,"data":{"alt":1,"type":2,"area":262}},{"x":2898,"y":55,"data":{"alt":1,"type":2,"area":262}},{"x":2899,"y":55,"data":{"alt":1,"type":2,"area":262}},{"x":2900,"y":55,"data":{"alt":1,"type":2,"area":262}},{"x":2901,"y":55,"data":{"alt":1,"type":2,"area":262}},{"x":2902,"y":55,"data":{"alt":1,"type":2,"area":262}},{"x":2903,"y":55,"data":{"alt":1,"type":2,"area":262}},{"x":2904,"y":55,"data":{"alt":1,"type":2,"area":262}},{"x":2905,"y":55,"data":{"alt":1,"type":2,"area":262}},{"x":2906,"y":55,"data":{"alt":1,"type":2,"area":262}},{"x":2907,"y":55,"data":{"alt":1,"type":2,"area":262}},{"x":2908,"y":55,"data":{"alt":1,"type":2,"area":262}},{"x":2909,"y":55,"data":{"alt":1,"type":2,"area":262}},{"x":2910,"y":55,"data":{"alt":1,"type":2,"area":262}},{"x":2911,"y":55,"data":{"alt":1,"type":2,"area":262}},{"x":2880,"y":56,"data":{"alt":1,"type":2,"area":262}},{"x":2881,"y":56,"data":{"alt":1,"type":2,"area":262}},{"x":2882,"y":56,"data":{"alt":1,"type":2,"area":262}},{"x":2883,"y":56,"data":{"alt":1,"type":2,"area":262}},{"x":2884,"y":56,"data":{"alt":1,"type":2,"area":262}},{"x":2885,"y":56,"data":{"alt":1,"type":2,"area":262}},{"x":2886,"y":56,"data":{"alt":1,"type":2,"area":262}},{"x":2887,"y":56,"data":{"alt":1,"type":2,"area":262}},{"x":2888,"y":56,"data":{"alt":1,"type":2,"area":262}},{"x":2889,"y":56,"data":{"alt":1,"type":2,"area":262}},{"x":2890,"y":56,"data":{"alt":1,"type":2,"area":262}},{"x":2891,"y":56,"data":{"alt":1,"type":2,"area":262}},{"x":2892,"y":56,"data":{"alt":1,"type":2,"area":262}},{"x":2893,"y":56,"data":{"alt":1,"type":2,"area":262}},{"x":2894,"y":56,"data":{"alt":1,"type":2,"area":262}},{"x":2895,"y":56,"data":{"alt":1,"type":2,"area":262}},{"x":2896,"y":56,"data":{"alt":1,"type":2,"area":262}},{"x":2897,"y":56,"data":{"alt":1,"type":2,"area":262}},{"x":2898,"y":56,"data":{"alt":1,"type":2,"area":262}},{"x":2899,"y":56,"data":{"alt":1,"type":2,"area":262}},{"x":2900,"y":56,"data":{"alt":1,"type":2,"area":262}},{"x":2901,"y":56,"data":{"alt":1,"type":2,"area":262}},{"x":2902,"y":56,"data":{"alt":1,"type":2,"area":262}},{"x":2903,"y":56,"data":{"alt":1,"type":2,"area":262}},{"x":2904,"y":56,"data":{"alt":1,"type":2,"area":262}},{"x":2905,"y":56,"data":{"alt":1,"type":2,"area":262}},{"x":2906,"y":56,"data":{"alt":1,"type":2,"area":262}},{"x":2907,"y":56,"data":{"alt":1,"type":2,"area":262}},{"x":2908,"y":56,"data":{"alt":1,"type":2,"area":262}},{"x":2909,"y":56,"data":{"alt":1,"type":2,"area":262}},{"x":2910,"y":56,"data":{"alt":1,"type":2,"area":262}},{"x":2911,"y":56,"data":{"alt":1,"type":2,"area":262}},{"x":2880,"y":57,"data":{"alt":1,"type":2,"area":262}},{"x":2881,"y":57,"data":{"alt":1,"type":2,"area":262}},{"x":2882,"y":57,"data":{"alt":1,"type":2,"area":262}},{"x":2883,"y":57,"data":{"alt":1,"type":2,"area":262}},{"x":2884,"y":57,"data":{"alt":1,"type":2,"area":262}},{"x":2885,"y":57,"data":{"alt":1,"type":2,"area":262}},{"x":2886,"y":57,"data":{"alt":1,"type":2,"area":262}},{"x":2887,"y":57,"data":{"alt":1,"type":2,"area":262}},{"x":2888,"y":57,"data":{"alt":1,"type":2,"area":262}},{"x":2889,"y":57,"data":{"alt":1,"type":2,"area":262}},{"x":2890,"y":57,"data":{"alt":1,"type":2,"area":262}},{"x":2891,"y":57,"data":{"alt":1,"type":2,"area":262}},{"x":2892,"y":57,"data":{"alt":1,"type":2,"area":262}},{"x":2893,"y":57,"data":{"alt":1,"type":2,"area":262}},{"x":2894,"y":57,"data":{"alt":1,"type":2,"area":262}},{"x":2895,"y":57,"data":{"alt":1,"type":2,"area":262}},{"x":2896,"y":57,"data":{"alt":1,"type":2,"area":262}},{"x":2897,"y":57,"data":{"alt":1,"type":2,"area":262}},{"x":2898,"y":57,"data":{"alt":1,"type":2,"area":262}},{"x":2899,"y":57,"data":{"alt":1,"type":2,"area":262}},{"x":2900,"y":57,"data":{"alt":1,"type":2,"area":262}},{"x":2901,"y":57,"data":{"alt":1,"type":2,"area":262}},{"x":2902,"y":57,"data":{"alt":1,"type":2,"area":262}},{"x":2903,"y":57,"data":{"alt":1,"type":2,"area":262}},{"x":2904,"y":57,"data":{"alt":1,"type":2,"area":262}},{"x":2905,"y":57,"data":{"alt":1,"type":2,"area":262}},{"x":2906,"y":57,"data":{"alt":1,"type":2,"area":262}},{"x":2907,"y":57,"data":{"alt":1,"type":2,"area":262}},{"x":2908,"y":57,"data":{"alt":1,"type":2,"area":262}},{"x":2909,"y":57,"data":{"alt":1,"type":2,"area":262}},{"x":2910,"y":57,"data":{"alt":1,"type":2,"area":262}},{"x":2911,"y":57,"data":{"alt":1,"type":2,"area":262}},{"x":2880,"y":58,"data":{"alt":1,"type":2,"area":262}},{"x":2881,"y":58,"data":{"alt":1,"type":2,"area":262}},{"x":2882,"y":58,"data":{"alt":1,"type":2,"area":262}},{"x":2883,"y":58,"data":{"alt":1,"type":2,"area":262}},{"x":2884,"y":58,"data":{"alt":1,"type":2,"area":262}},{"x":2885,"y":58,"data":{"alt":1,"type":2,"area":262}},{"x":2886,"y":58,"data":{"alt":1,"type":2,"area":262}},{"x":2887,"y":58,"data":{"alt":1,"type":2,"area":262}},{"x":2888,"y":58,"data":{"alt":1,"type":2,"area":262}},{"x":2889,"y":58,"data":{"alt":1,"type":2,"area":262}},{"x":2890,"y":58,"data":{"alt":1,"type":2,"area":262}},{"x":2891,"y":58,"data":{"alt":1,"type":2,"area":262}},{"x":2892,"y":58,"data":{"alt":1,"type":2,"area":262}},{"x":2893,"y":58,"data":{"alt":1,"type":2,"area":262}},{"x":2894,"y":58,"data":{"alt":1,"type":2,"area":262}},{"x":2895,"y":58,"data":{"alt":1,"type":2,"area":262}},{"x":2896,"y":58,"data":{"alt":1,"type":2,"area":262}},{"x":2897,"y":58,"data":{"alt":1,"type":2,"area":262}},{"x":2898,"y":58,"data":{"alt":1,"type":2,"area":262}},{"x":2899,"y":58,"data":{"alt":1,"type":2,"area":262}},{"x":2900,"y":58,"data":{"alt":1,"type":2,"area":262}},{"x":2901,"y":58,"data":{"alt":1,"type":2,"area":262}},{"x":2902,"y":58,"data":{"alt":1,"type":2,"area":262}},{"x":2903,"y":58,"data":{"alt":1,"type":2,"area":262}},{"x":2904,"y":58,"data":{"alt":1,"type":2,"area":262}},{"x":2905,"y":58,"data":{"alt":1,"type":2,"area":262}},{"x":2906,"y":58,"data":{"alt":1,"type":2,"area":262}},{"x":2907,"y":58,"data":{"alt":1,"type":2,"area":262}},{"x":2908,"y":58,"data":{"alt":1,"type":2,"area":262}},{"x":2909,"y":58,"data":{"alt":1,"type":2,"area":262}},{"x":2910,"y":58,"data":{"alt":1,"type":2,"area":262}},{"x":2911,"y":58,"data":{"alt":1,"type":2,"area":262}},{"x":2880,"y":59,"data":{"alt":1,"type":1,"area":262}},{"x":2881,"y":59,"data":{"alt":1,"type":2,"area":262}},{"x":2882,"y":59,"data":{"alt":1,"type":2,"area":262}},{"x":2883,"y":59,"data":{"alt":1,"type":2,"area":262}},{"x":2884,"y":59,"data":{"alt":1,"type":2,"area":262}},{"x":2885,"y":59,"data":{"alt":1,"type":2,"area":262}},{"x":2886,"y":59,"data":{"alt":1,"type":2,"area":262}},{"x":2887,"y":59,"data":{"alt":1,"type":2,"area":262}},{"x":2888,"y":59,"data":{"alt":1,"type":2,"area":262}},{"x":2889,"y":59,"data":{"alt":1,"type":2,"area":262}},{"x":2890,"y":59,"data":{"alt":1,"type":2,"area":262}},{"x":2891,"y":59,"data":{"alt":1,"type":2,"area":262}},{"x":2892,"y":59,"data":{"alt":1,"type":2,"area":262}},{"x":2893,"y":59,"data":{"alt":1,"type":2,"area":262}},{"x":2894,"y":59,"data":{"alt":1,"type":2,"area":262}},{"x":2895,"y":59,"data":{"alt":1,"type":2,"area":262}},{"x":2896,"y":59,"data":{"alt":1,"type":2,"area":262}},{"x":2897,"y":59,"data":{"alt":1,"type":2,"area":262}},{"x":2898,"y":59,"data":{"alt":1,"type":2,"area":262}},{"x":2899,"y":59,"data":{"alt":1,"type":2,"area":262}},{"x":2900,"y":59,"data":{"alt":1,"type":2,"area":262}},{"x":2901,"y":59,"data":{"alt":1,"type":2,"area":262}},{"x":2902,"y":59,"data":{"alt":1,"type":2,"area":262}},{"x":2903,"y":59,"data":{"alt":1,"type":2,"area":262}},{"x":2904,"y":59,"data":{"alt":1,"type":2,"area":262}},{"x":2905,"y":59,"data":{"alt":1,"type":2,"area":262}},{"x":2906,"y":59,"data":{"alt":1,"type":2,"area":262}},{"x":2907,"y":59,"data":{"alt":1,"type":2,"area":262}},{"x":2908,"y":59,"data":{"alt":1,"type":2,"area":262}},{"x":2909,"y":59,"data":{"alt":1,"type":2,"area":262}},{"x":2910,"y":59,"data":{"alt":1,"type":2,"area":262}},{"x":2911,"y":59,"data":{"alt":1,"type":2,"area":262}},{"x":2880,"y":60,"data":{"alt":1,"type":2,"area":262}},{"x":2881,"y":60,"data":{"alt":1,"type":1,"area":262}},{"x":2882,"y":60,"data":{"alt":1,"type":1,"area":262}},{"x":2883,"y":60,"data":{"alt":1,"type":1,"area":262}},{"x":2884,"y":60,"data":{"alt":1,"type":1,"area":262}},{"x":2885,"y":60,"data":{"alt":1,"type":2,"area":262}},{"x":2886,"y":60,"data":{"alt":1,"type":2,"area":262}},{"x":2887,"y":60,"data":{"alt":1,"type":2,"area":262}},{"x":2888,"y":60,"data":{"alt":1,"type":2,"area":262}},{"x":2889,"y":60,"data":{"alt":1,"type":2,"area":262}},{"x":2890,"y":60,"data":{"alt":1,"type":2,"area":262}},{"x":2891,"y":60,"data":{"alt":1,"type":2,"area":262}},{"x":2892,"y":60,"data":{"alt":1,"type":2,"area":262}},{"x":2893,"y":60,"data":{"alt":1,"type":2,"area":262}},{"x":2894,"y":60,"data":{"alt":1,"type":2,"area":262}},{"x":2895,"y":60,"data":{"alt":1,"type":2,"area":262}},{"x":2896,"y":60,"data":{"alt":1,"type":2,"area":262}},{"x":2897,"y":60,"data":{"alt":1,"type":2,"area":262}},{"x":2898,"y":60,"data":{"alt":1,"type":2,"area":262}},{"x":2899,"y":60,"data":{"alt":1,"type":2,"area":262}},{"x":2900,"y":60,"data":{"alt":1,"type":2,"res":1,"resAmount":80,"area":262}},{"x":2901,"y":60,"data":{"alt":1,"type":2,"area":262}},{"x":2902,"y":60,"data":{"alt":1,"type":2,"area":262}},{"x":2903,"y":60,"data":{"alt":1,"type":2,"area":262}},{"x":2904,"y":60,"data":{"alt":1,"type":2,"area":262}},{"x":2905,"y":60,"data":{"alt":1,"type":2,"area":262}},{"x":2906,"y":60,"data":{"alt":1,"type":2,"area":262}},{"x":2907,"y":60,"data":{"alt":1,"type":2,"area":262}},{"x":2908,"y":60,"data":{"alt":1,"type":2,"area":262}},{"x":2909,"y":60,"data":{"alt":1,"type":2,"area":262}},{"x":2910,"y":60,"data":{"alt":1,"type":2,"area":262}},{"x":2911,"y":60,"data":{"alt":1,"type":2,"area":262}},{"x":2880,"y":61,"data":{"alt":1,"type":2,"area":262}},{"x":2881,"y":61,"data":{"alt":1,"type":2,"area":262}},{"x":2882,"y":61,"data":{"alt":1,"type":2,"area":262}},{"x":2883,"y":61,"data":{"alt":1,"type":2,"area":262}},{"x":2884,"y":61,"data":{"alt":1,"type":2,"area":262}},{"x":2885,"y":61,"data":{"alt":1,"type":1,"area":262}},{"x":2886,"y":61,"data":{"alt":1,"type":1,"area":262}},{"x":2887,"y":61,"data":{"alt":1,"type":2,"area":262}},{"x":2888,"y":61,"data":{"alt":1,"type":2,"area":262}},{"x":2889,"y":61,"data":{"alt":1,"type":2,"area":262}},{"x":2890,"y":61,"data":{"alt":1,"type":2,"area":262}},{"x":2891,"y":61,"data":{"alt":1,"type":2,"area":262}},{"x":2892,"y":61,"data":{"alt":1,"type":2,"area":262}},{"x":2893,"y":61,"data":{"alt":1,"type":2,"area":262}},{"x":2894,"y":61,"data":{"alt":1,"type":2,"area":262}},{"x":2895,"y":61,"data":{"alt":1,"type":2,"area":262}},{"x":2896,"y":61,"data":{"alt":1,"type":2,"area":262}},{"x":2897,"y":61,"data":{"alt":1,"type":2,"area":262}},{"x":2898,"y":61,"data":{"alt":1,"type":2,"area":262}},{"x":2899,"y":61,"data":{"alt":1,"type":2,"area":262}},{"x":2900,"y":61,"data":{"alt":1,"type":2,"area":262}},{"x":2901,"y":61,"data":{"alt":1,"type":2,"area":262}},{"x":2902,"y":61,"data":{"alt":1,"type":2,"area":262}},{"x":2903,"y":61,"data":{"alt":1,"type":2,"area":262}},{"x":2904,"y":61,"data":{"alt":1,"type":2,"area":262}},{"x":2905,"y":61,"data":{"alt":1,"type":2,"area":262}},{"x":2906,"y":61,"data":{"alt":1,"type":2,"area":262}},{"x":2907,"y":61,"data":{"alt":1,"type":2,"area":262}},{"x":2908,"y":61,"data":{"alt":1,"type":2,"area":262}},{"x":2909,"y":61,"data":{"alt":1,"type":2,"area":262}},{"x":2910,"y":61,"data":{"alt":1,"type":2,"area":262}},{"x":2911,"y":61,"data":{"alt":1,"type":2,"area":262}},{"x":2880,"y":62,"data":{"alt":1,"type":2,"area":262}},{"x":2881,"y":62,"data":{"alt":1,"type":2,"area":262}},{"x":2882,"y":62,"data":{"alt":1,"type":2,"area":262}},{"x":2883,"y":62,"data":{"alt":1,"type":2,"area":262}},{"x":2884,"y":62,"data":{"alt":1,"type":2,"area":262}},{"x":2885,"y":62,"data":{"alt":1,"type":2,"area":262}},{"x":2886,"y":62,"data":{"alt":1,"type":2,"area":262}},{"x":2887,"y":62,"data":{"alt":1,"type":1,"area":262}},{"x":2888,"y":62,"data":{"alt":1,"type":1,"area":262}},{"x":2889,"y":62,"data":{"alt":1,"type":1,"area":262}},{"x":2890,"y":62,"data":{"alt":1,"type":1,"area":262}},{"x":2891,"y":62,"data":{"alt":1,"type":2,"area":262}},{"x":2892,"y":62,"data":{"alt":1,"type":2,"area":262}},{"x":2893,"y":62,"data":{"alt":1,"type":2,"area":262}},{"x":2894,"y":62,"data":{"alt":1,"type":2,"area":262}},{"x":2895,"y":62,"data":{"alt":1,"type":2,"area":262}},{"x":2896,"y":62,"data":{"alt":1,"type":2,"area":262}},{"x":2897,"y":62,"data":{"alt":1,"type":2,"area":262}},{"x":2898,"y":62,"data":{"alt":1,"type":2,"area":262}},{"x":2899,"y":62,"data":{"alt":1,"type":2,"area":262}},{"x":2900,"y":62,"data":{"alt":1,"type":2,"area":262}},{"x":2901,"y":62,"data":{"alt":1,"type":2,"area":262}},{"x":2902,"y":62,"data":{"alt":1,"type":2,"area":262}},{"x":2903,"y":62,"data":{"alt":1,"type":2,"area":262}},{"x":2904,"y":62,"data":{"alt":1,"type":2,"area":262}},{"x":2905,"y":62,"data":{"alt":1,"type":2,"area":262}},{"x":2906,"y":62,"data":{"alt":1,"type":2,"area":262}},{"x":2907,"y":62,"data":{"alt":1,"type":2,"area":262}},{"x":2908,"y":62,"data":{"alt":1,"type":2,"area":262}},{"x":2909,"y":62,"data":{"alt":1,"type":2,"area":262}},{"x":2910,"y":62,"data":{"alt":1,"type":2,"area":262}},{"x":2911,"y":62,"data":{"alt":1,"type":2,"area":262}},{"x":2880,"y":63,"data":{"alt":1,"type":2,"area":262}},{"x":2881,"y":63,"data":{"alt":1,"type":2,"area":262}},{"x":2882,"y":63,"data":{"alt":1,"type":2,"area":262}},{"x":2883,"y":63,"data":{"alt":1,"type":2,"area":262}},{"x":2884,"y":63,"data":{"alt":1,"type":2,"area":262}},{"x":2885,"y":63,"data":{"alt":1,"type":2,"area":262}},{"x":2886,"y":63,"data":{"alt":1,"type":2,"area":262}},{"x":2887,"y":63,"data":{"alt":1,"type":2,"area":262}},{"x":2888,"y":63,"data":{"alt":1,"type":2,"area":262}},{"x":2890,"y":63,"data":{"alt":1,"type":2,"area":262}},{"x":2891,"y":63,"data":{"alt":1,"type":1,"area":262}},{"x":2892,"y":63,"data":{"alt":1,"type":1,"area":262}},{"x":2893,"y":63,"data":{"alt":1,"type":1,"area":262}},{"x":2894,"y":63,"data":{"alt":1,"type":1,"area":262}},{"x":2895,"y":63,"data":{"alt":1,"type":1,"area":262}},{"x":2896,"y":63,"data":{"alt":1,"type":2,"area":262}},{"x":2897,"y":63,"data":{"alt":1,"type":2,"area":262}},{"x":2898,"y":63,"data":{"alt":1,"type":2,"area":262}},{"x":2899,"y":63,"data":{"alt":1,"type":2,"area":262}},{"x":2900,"y":63,"data":{"alt":1,"type":2,"area":262}},{"x":2901,"y":63,"data":{"alt":1,"type":2,"area":262}},{"x":2902,"y":63,"data":{"alt":1,"type":2,"area":262}},{"x":2903,"y":63,"data":{"alt":1,"type":2,"area":262}},{"x":2904,"y":63,"data":{"alt":1,"type":2,"area":262}},{"x":2905,"y":63,"data":{"alt":1,"type":2,"area":262}},{"x":2906,"y":63,"data":{"alt":1,"type":2,"res":1,"resAmount":80,"area":262}},{"x":2907,"y":63,"data":{"alt":1,"type":2,"area":262}},{"x":2908,"y":63,"data":{"alt":1,"type":2,"area":262}},{"x":2909,"y":63,"data":{"alt":1,"type":2,"area":262}},{"x":2910,"y":63,"data":{"alt":1,"type":2,"area":262}},{"x":2911,"y":63,"data":{"alt":1,"type":2,"area":262}},{"x":2932,"y":40,"data":{"alt":1,"type":2,"area":262}},{"x":2929,"y":41,"data":{"alt":1,"type":2,"area":262}},{"x":2931,"y":41,"data":{"alt":1,"type":2,"area":262}},{"x":2932,"y":41,"data":{"alt":1,"type":2,"area":262}},{"x":2933,"y":41,"data":{"alt":1,"type":2,"area":262}},{"x":2912,"y":42,"data":{"alt":1,"type":2,"area":262}},{"x":2928,"y":42,"data":{"alt":1,"type":2,"area":262}},{"x":2929,"y":42,"data":{"alt":1,"type":2,"area":262}},{"x":2931,"y":42,"data":{"alt":1,"type":2,"area":262}},{"x":2932,"y":42,"data":{"alt":1,"type":2,"area":262}},{"x":2933,"y":42,"data":{"alt":1,"type":2,"area":262}},{"x":2912,"y":43,"data":{"alt":1,"type":2,"area":262}},{"x":2913,"y":43,"data":{"alt":1,"type":2,"area":262}},{"x":2928,"y":43,"data":{"alt":1,"type":2,"area":262}},{"x":2929,"y":43,"data":{"alt":1,"type":2,"area":262}},{"x":2931,"y":43,"data":{"alt":1,"type":2,"area":262}},{"x":2932,"y":43,"data":{"alt":1,"type":2,"area":262}},{"x":2933,"y":43,"data":{"alt":1,"type":2,"area":262}},{"x":2912,"y":44,"data":{"alt":1,"type":2,"area":262}},{"x":2913,"y":44,"data":{"alt":1,"type":2,"area":262}},{"x":2914,"y":44,"data":{"alt":1,"type":2,"area":262}},{"x":2915,"y":44,"data":{"alt":1,"type":2,"area":262}},{"x":2916,"y":44,"data":{"alt":1,"type":2,"area":262}},{"x":2918,"y":44,"data":{"alt":1,"type":2,"area":262}},{"x":2920,"y":44,"data":{"alt":1,"type":2,"area":262}},{"x":2923,"y":44,"data":{"alt":1,"type":2,"area":262}},{"x":2924,"y":44,"data":{"alt":1,"type":2,"area":262}},{"x":2926,"y":44,"data":{"alt":1,"type":2,"area":262}},{"x":2928,"y":44,"data":{"alt":1,"type":2,"area":262}},{"x":2929,"y":44,"data":{"alt":1,"type":2,"area":262}},{"x":2930,"y":44,"data":{"alt":1,"type":2,"area":262}},{"x":2931,"y":44,"data":{"alt":1,"type":2,"area":262}},{"x":2932,"y":44,"data":{"alt":1,"type":2,"area":262}},{"x":2912,"y":45,"data":{"alt":1,"type":2,"area":262}},{"x":2913,"y":45,"data":{"alt":1,"type":2,"area":262}},{"x":2914,"y":45,"data":{"alt":1,"type":2,"area":262}},{"x":2915,"y":45,"data":{"alt":1,"type":2,"area":262}},{"x":2916,"y":45,"data":{"alt":1,"type":2,"area":262}},{"x":2917,"y":45,"data":{"alt":1,"type":2,"area":262}},{"x":2918,"y":45,"data":{"alt":1,"type":2,"area":262}},{"x":2920,"y":45,"data":{"alt":1,"type":2,"area":262}},{"x":2921,"y":45,"data":{"alt":1,"type":2,"area":262}},{"x":2922,"y":45,"data":{"alt":1,"type":2,"area":262}},{"x":2923,"y":45,"data":{"alt":1,"type":2,"area":262}},{"x":2924,"y":45,"data":{"alt":1,"type":2,"area":262}},{"x":2925,"y":45,"data":{"alt":1,"type":2,"area":262}},{"x":2926,"y":45,"data":{"alt":1,"type":2,"area":262}},{"x":2927,"y":45,"data":{"alt":1,"type":2,"area":262}},{"x":2928,"y":45,"data":{"alt":1,"type":2,"area":262}},{"x":2929,"y":45,"data":{"alt":1,"type":2,"area":262}},{"x":2930,"y":45,"data":{"alt":1,"type":2,"area":262}},{"x":2931,"y":45,"data":{"alt":1,"type":2,"area":262}},{"x":2932,"y":45,"data":{"alt":1,"type":2,"area":262}},{"x":2933,"y":45,"data":{"alt":1,"type":2,"area":262}},{"x":2912,"y":46,"data":{"alt":1,"type":2,"area":262}},{"x":2913,"y":46,"data":{"alt":1,"type":2,"area":262}},{"x":2914,"y":46,"data":{"alt":1,"type":2,"area":262}},{"x":2915,"y":46,"data":{"alt":1,"type":2,"area":262}},{"x":2916,"y":46,"data":{"alt":1,"type":2,"area":262}},{"x":2917,"y":46,"data":{"alt":1,"type":2,"area":262}},{"x":2918,"y":46,"data":{"alt":1,"type":2,"area":262}},{"x":2919,"y":46,"data":{"alt":1,"type":2,"area":262}},{"x":2920,"y":46,"data":{"alt":1,"type":2,"area":262}},{"x":2921,"y":46,"data":{"alt":1,"type":2,"area":262}},{"x":2922,"y":46,"data":{"alt":1,"type":2,"area":262}},{"x":2923,"y":46,"data":{"alt":1,"type":2,"area":262}},{"x":2924,"y":46,"data":{"alt":1,"type":2,"area":262}},{"x":2925,"y":46,"data":{"alt":1,"type":2,"area":262}},{"x":2926,"y":46,"data":{"alt":1,"type":2,"area":262}},{"x":2927,"y":46,"data":{"alt":1,"type":2,"area":262}},{"x":2928,"y":46,"data":{"alt":1,"type":2,"area":262}},{"x":2929,"y":46,"data":{"alt":1,"type":2,"area":262}},{"x":2930,"y":46,"data":{"alt":1,"type":2,"area":262}},{"x":2931,"y":46,"data":{"alt":1,"type":2,"area":262}},{"x":2912,"y":47,"data":{"alt":1,"type":2,"area":262}},{"x":2913,"y":47,"data":{"alt":1,"type":2,"area":262}},{"x":2914,"y":47,"data":{"alt":1,"type":2,"area":262}},{"x":2915,"y":47,"data":{"alt":1,"type":2,"area":262}},{"x":2916,"y":47,"data":{"alt":1,"type":2,"area":262}},{"x":2917,"y":47,"data":{"alt":1,"type":2,"area":262}},{"x":2918,"y":47,"data":{"alt":1,"type":2,"area":262}},{"x":2919,"y":47,"data":{"alt":1,"type":2,"area":262}},{"x":2920,"y":47,"data":{"alt":1,"type":2,"area":262}},{"x":2921,"y":47,"data":{"alt":1,"type":2,"area":262}},{"x":2922,"y":47,"data":{"alt":1,"type":2,"area":262}},{"x":2923,"y":47,"data":{"alt":1,"type":2,"area":262}},{"x":2924,"y":47,"data":{"alt":1,"type":2,"area":262}},{"x":2925,"y":47,"data":{"alt":1,"type":2,"area":262}},{"x":2926,"y":47,"data":{"alt":1,"type":2,"area":262}},{"x":2927,"y":47,"data":{"alt":1,"type":2,"area":262}},{"x":2928,"y":47,"data":{"alt":1,"type":2,"area":262}},{"x":2929,"y":47,"data":{"alt":1,"type":2,"area":262}},{"x":2930,"y":47,"data":{"alt":1,"type":2,"area":262}},{"x":2931,"y":47,"data":{"alt":1,"type":2,"area":262}},{"x":2912,"y":48,"data":{"alt":1,"type":2,"area":262}},{"x":2913,"y":48,"data":{"alt":1,"type":2,"area":262}},{"x":2914,"y":48,"data":{"alt":1,"type":2,"area":262}},{"x":2915,"y":48,"data":{"alt":1,"type":2,"area":262}},{"x":2916,"y":48,"data":{"alt":1,"type":2,"area":262}},{"x":2917,"y":48,"data":{"alt":1,"type":2,"area":262}},{"x":2918,"y":48,"data":{"alt":1,"type":2,"area":262}},{"x":2919,"y":48,"data":{"alt":1,"type":2,"area":262}},{"x":2920,"y":48,"data":{"alt":1,"type":2,"area":262}},{"x":2921,"y":48,"data":{"alt":1,"type":2,"area":262}},{"x":2922,"y":48,"data":{"alt":1,"type":2,"area":262}},{"x":2923,"y":48,"data":{"alt":1,"type":2,"area":262}},{"x":2924,"y":48,"data":{"alt":1,"type":2,"area":262}},{"x":2925,"y":48,"data":{"alt":1,"type":2,"area":262}},{"x":2926,"y":48,"data":{"alt":1,"type":2,"area":262}},{"x":2927,"y":48,"data":{"alt":1,"type":2,"area":262}},{"x":2928,"y":48,"data":{"alt":1,"type":2,"area":262}},{"x":2929,"y":48,"data":{"alt":1,"type":2,"area":262}},{"x":2930,"y":48,"data":{"alt":1,"type":2,"area":262}},{"x":2931,"y":48,"data":{"alt":1,"type":2,"area":262}},{"x":2932,"y":48,"data":{"alt":1,"type":2,"area":262}},{"x":2912,"y":49,"data":{"alt":1,"type":2,"area":262}},{"x":2913,"y":49,"data":{"alt":1,"type":2,"area":262}},{"x":2914,"y":49,"data":{"alt":1,"type":2,"area":262}},{"x":2915,"y":49,"data":{"alt":1,"type":2,"area":262}},{"x":2916,"y":49,"data":{"alt":1,"type":2,"area":262}},{"x":2917,"y":49,"data":{"alt":1,"type":2,"area":262}},{"x":2918,"y":49,"data":{"alt":1,"type":2,"area":262}},{"x":2919,"y":49,"data":{"alt":1,"type":2,"area":262}},{"x":2920,"y":49,"data":{"alt":1,"type":2,"area":262}},{"x":2921,"y":49,"data":{"alt":1,"type":2,"area":262}},{"x":2922,"y":49,"data":{"alt":1,"type":2,"area":262}},{"x":2923,"y":49,"data":{"alt":1,"type":2,"area":262}},{"x":2924,"y":49,"data":{"alt":1,"type":2,"area":262}},{"x":2925,"y":49,"data":{"alt":1,"type":2,"area":262}},{"x":2926,"y":49,"data":{"alt":1,"type":2,"area":262}},{"x":2927,"y":49,"data":{"alt":1,"type":2,"area":262}},{"x":2928,"y":49,"data":{"alt":1,"type":2,"area":262}},{"x":2929,"y":49,"data":{"alt":1,"type":2,"area":262}},{"x":2930,"y":49,"data":{"alt":1,"type":2,"area":262}},{"x":2931,"y":49,"data":{"alt":1,"type":2,"area":262}},{"x":2932,"y":49,"data":{"alt":1,"type":2,"area":262}},{"x":2912,"y":50,"data":{"alt":1,"type":2,"area":262}},{"x":2913,"y":50,"data":{"alt":1,"type":2,"area":262}},{"x":2914,"y":50,"data":{"alt":1,"type":2,"area":262}},{"x":2915,"y":50,"data":{"alt":1,"type":2,"area":262}},{"x":2916,"y":50,"data":{"alt":1,"type":2,"res":1,"resAmount":40,"area":262}},{"x":2917,"y":50,"data":{"alt":1,"type":2,"area":262}},{"x":2918,"y":50,"data":{"alt":1,"type":2,"area":262}},{"x":2919,"y":50,"data":{"alt":1,"type":2,"area":262}},{"x":2920,"y":50,"data":{"alt":1,"type":2,"area":262}},{"x":2921,"y":50,"data":{"alt":1,"type":2,"area":262}},{"x":2922,"y":50,"data":{"alt":1,"type":2,"area":262}},{"x":2923,"y":50,"data":{"alt":1,"type":2,"area":262}},{"x":2924,"y":50,"data":{"alt":1,"type":2,"area":262}},{"x":2925,"y":50,"data":{"alt":1,"type":2,"area":262}},{"x":2926,"y":50,"data":{"alt":1,"type":2,"area":262}},{"x":2927,"y":50,"data":{"alt":1,"type":2,"area":262}},{"x":2928,"y":50,"data":{"alt":1,"type":2,"area":262}},{"x":2929,"y":50,"data":{"alt":1,"type":2,"area":262}},{"x":2930,"y":50,"data":{"alt":1,"type":2,"area":262}},{"x":2931,"y":50,"data":{"alt":1,"type":2,"area":262}},{"x":2932,"y":50,"data":{"alt":1,"type":2,"area":262}},{"x":2912,"y":51,"data":{"alt":1,"type":2,"area":262}},{"x":2913,"y":51,"data":{"alt":1,"type":2,"area":262}},{"x":2914,"y":51,"data":{"alt":1,"type":2,"area":262}},{"x":2915,"y":51,"data":{"alt":1,"type":2,"area":262}},{"x":2916,"y":51,"data":{"alt":1,"type":2,"area":262}},{"x":2917,"y":51,"data":{"alt":1,"type":2,"area":262}},{"x":2918,"y":51,"data":{"alt":1,"type":2,"area":262}},{"x":2919,"y":51,"data":{"alt":1,"type":2,"area":262}},{"x":2920,"y":51,"data":{"alt":1,"type":2,"res":1,"resAmount":80,"area":262}},{"x":2921,"y":51,"data":{"alt":1,"type":2,"area":262}},{"x":2922,"y":51,"data":{"alt":1,"type":2,"area":262}},{"x":2923,"y":51,"data":{"alt":1,"type":2,"area":262}},{"x":2924,"y":51,"data":{"alt":1,"type":2,"area":262}},{"x":2925,"y":51,"data":{"alt":1,"type":2,"area":262}},{"x":2926,"y":51,"data":{"alt":1,"type":2,"area":262}},{"x":2927,"y":51,"data":{"alt":1,"type":2,"area":262}},{"x":2931,"y":51,"data":{"alt":1,"type":2,"area":262}},{"x":2932,"y":51,"data":{"alt":1,"type":2,"area":262}},{"x":2912,"y":52,"data":{"alt":1,"type":2,"area":262}},{"x":2913,"y":52,"data":{"alt":1,"type":2,"area":262}},{"x":2914,"y":52,"data":{"alt":1,"type":2,"area":262}},{"x":2915,"y":52,"data":{"alt":1,"type":2,"area":262}},{"x":2916,"y":52,"data":{"alt":1,"type":2,"area":262}},{"x":2917,"y":52,"data":{"alt":1,"type":2,"area":262}},{"x":2918,"y":52,"data":{"alt":1,"type":2,"area":262}},{"x":2919,"y":52,"data":{"alt":1,"type":2,"area":262}},{"x":2920,"y":52,"data":{"alt":1,"type":2,"area":262}},{"x":2921,"y":52,"data":{"alt":1,"type":2,"area":262}},{"x":2922,"y":52,"data":{"alt":1,"type":2,"area":262}},{"x":2923,"y":52,"data":{"alt":1,"type":2,"area":262}},{"x":2924,"y":52,"data":{"alt":1,"type":2,"area":262}},{"x":2925,"y":52,"data":{"alt":1,"type":2,"area":262}},{"x":2926,"y":52,"data":{"alt":1,"type":2,"area":262}},{"x":2931,"y":52,"data":{"alt":1,"type":2,"area":262}},{"x":2932,"y":52,"data":{"alt":1,"type":2,"area":262}},{"x":2912,"y":53,"data":{"alt":1,"type":2,"area":262}},{"x":2913,"y":53,"data":{"alt":1,"type":2,"area":262}},{"x":2914,"y":53,"data":{"alt":1,"type":2,"area":262}},{"x":2915,"y":53,"data":{"alt":1,"type":2,"area":262}},{"x":2916,"y":53,"data":{"alt":1,"type":2,"area":262}},{"x":2917,"y":53,"data":{"alt":1,"type":2,"area":262}},{"x":2918,"y":53,"data":{"alt":1,"type":2,"area":262}},{"x":2919,"y":53,"data":{"alt":1,"type":2,"area":262}},{"x":2920,"y":53,"data":{"alt":1,"type":2,"area":262}},{"x":2921,"y":53,"data":{"alt":1,"type":2,"area":262}},{"x":2922,"y":53,"data":{"alt":1,"type":2,"area":262}},{"x":2923,"y":53,"data":{"alt":1,"type":2,"area":262}},{"x":2924,"y":53,"data":{"alt":1,"type":2,"area":262}},{"x":2925,"y":53,"data":{"alt":1,"type":2,"area":262}},{"x":2932,"y":53,"data":{"alt":1,"type":2,"area":262}},{"x":2912,"y":54,"data":{"alt":1,"type":2,"area":262}},{"x":2913,"y":54,"data":{"alt":1,"type":2,"area":262}},{"x":2914,"y":54,"data":{"alt":1,"type":2,"area":262}},{"x":2915,"y":54,"data":{"alt":1,"type":2,"area":262}},{"x":2916,"y":54,"data":{"alt":1,"type":2,"area":262}},{"x":2917,"y":54,"data":{"alt":1,"type":2,"area":262}},{"x":2918,"y":54,"data":{"alt":1,"type":2,"area":262}},{"x":2919,"y":54,"data":{"alt":1,"type":2,"area":262}},{"x":2920,"y":54,"data":{"alt":1,"type":2,"area":262}},{"x":2921,"y":54,"data":{"alt":1,"type":2,"area":262}},{"x":2922,"y":54,"data":{"alt":1,"type":2,"area":262}},{"x":2923,"y":54,"data":{"alt":1,"type":2,"area":262}},{"x":2924,"y":54,"data":{"alt":1,"type":2,"area":262}},{"x":2925,"y":54,"data":{"alt":1,"type":2,"area":262}},{"x":2926,"y":54,"data":{"alt":1,"type":2,"area":262}},{"x":2912,"y":55,"data":{"alt":1,"type":2,"area":262}},{"x":2913,"y":55,"data":{"alt":1,"type":2,"area":262}},{"x":2914,"y":55,"data":{"alt":1,"type":2,"area":262}},{"x":2915,"y":55,"data":{"alt":1,"type":2,"area":262}},{"x":2916,"y":55,"data":{"alt":1,"type":2,"area":262}},{"x":2917,"y":55,"data":{"alt":1,"type":2,"area":262}},{"x":2918,"y":55,"data":{"alt":1,"type":2,"area":262}},{"x":2919,"y":55,"data":{"alt":1,"type":2,"area":262}},{"x":2920,"y":55,"data":{"alt":1,"type":2,"area":262}},{"x":2921,"y":55,"data":{"alt":1,"type":2,"area":262}},{"x":2922,"y":55,"data":{"alt":1,"type":2,"area":262}},{"x":2923,"y":55,"data":{"alt":1,"type":2,"area":262}},{"x":2924,"y":55,"data":{"alt":1,"type":2,"area":262}},{"x":2925,"y":55,"data":{"alt":1,"type":2,"area":262}},{"x":2926,"y":55,"data":{"alt":1,"type":2,"area":262}},{"x":2927,"y":55,"data":{"alt":1,"type":2,"area":262}},{"x":2928,"y":55,"data":{"alt":1,"type":2,"area":262}},{"x":2912,"y":56,"data":{"alt":1,"type":2,"area":262}},{"x":2913,"y":56,"data":{"alt":1,"type":2,"area":262}},{"x":2914,"y":56,"data":{"alt":1,"type":2,"area":262}},{"x":2915,"y":56,"data":{"alt":1,"type":2,"area":262}},{"x":2916,"y":56,"data":{"alt":1,"type":2,"area":262}},{"x":2917,"y":56,"data":{"alt":1,"type":2,"area":262}},{"x":2918,"y":56,"data":{"alt":1,"type":2,"area":262}},{"x":2919,"y":56,"data":{"alt":1,"type":2,"area":262}},{"x":2920,"y":56,"data":{"alt":1,"type":2,"area":262}},{"x":2921,"y":56,"data":{"alt":1,"type":2,"area":262}},{"x":2922,"y":56,"data":{"alt":1,"type":2,"area":262}},{"x":2923,"y":56,"data":{"alt":1,"type":2,"area":262}},{"x":2924,"y":56,"data":{"alt":1,"type":2,"area":262}},{"x":2925,"y":56,"data":{"alt":1,"type":2,"area":262}},{"x":2926,"y":56,"data":{"alt":1,"type":2,"area":262}},{"x":2927,"y":56,"data":{"alt":1,"type":2,"area":262}},{"x":2928,"y":56,"data":{"alt":1,"type":2,"area":262}},{"x":2912,"y":57,"data":{"alt":1,"type":2,"area":262}},{"x":2913,"y":57,"data":{"alt":1,"type":2,"area":262}},{"x":2914,"y":57,"data":{"alt":1,"type":2,"area":262}},{"x":2915,"y":57,"data":{"alt":1,"type":2,"area":262}},{"x":2916,"y":57,"data":{"alt":1,"type":2,"area":262}},{"x":2917,"y":57,"data":{"alt":1,"type":2,"area":262}},{"x":2918,"y":57,"data":{"alt":1,"type":2,"area":262}},{"x":2919,"y":57,"data":{"alt":1,"type":2,"area":262}},{"x":2920,"y":57,"data":{"alt":1,"type":2,"area":262}},{"x":2921,"y":57,"data":{"alt":1,"type":2,"area":262}},{"x":2922,"y":57,"data":{"alt":1,"type":2,"area":262}},{"x":2923,"y":57,"data":{"alt":1,"type":2,"area":262}},{"x":2924,"y":57,"data":{"alt":1,"type":2,"area":262}},{"x":2925,"y":57,"data":{"alt":1,"type":2,"area":262}},{"x":2926,"y":57,"data":{"alt":1,"type":2,"area":262}},{"x":2927,"y":57,"data":{"alt":1,"type":2,"area":262}},{"x":2912,"y":58,"data":{"alt":1,"type":2,"area":262}},{"x":2913,"y":58,"data":{"alt":1,"type":2,"area":262}},{"x":2914,"y":58,"data":{"alt":1,"type":2,"area":262}},{"x":2915,"y":58,"data":{"alt":1,"type":2,"area":262}},{"x":2916,"y":58,"data":{"alt":1,"type":2,"area":262}},{"x":2917,"y":58,"data":{"alt":1,"type":2,"area":262}},{"x":2918,"y":58,"data":{"alt":1,"type":2,"area":262}},{"x":2919,"y":58,"data":{"alt":1,"type":2,"area":262}},{"x":2920,"y":58,"data":{"alt":1,"type":2,"area":262}},{"x":2921,"y":58,"data":{"alt":1,"type":2,"area":262}},{"x":2922,"y":58,"data":{"alt":1,"type":2,"area":262}},{"x":2923,"y":58,"data":{"alt":1,"type":2,"area":262}},{"x":2924,"y":58,"data":{"alt":1,"type":2,"area":262}},{"x":2925,"y":58,"data":{"alt":1,"type":2,"area":262}},{"x":2912,"y":59,"data":{"alt":1,"type":2,"area":262}},{"x":2913,"y":59,"data":{"alt":1,"type":2,"area":262}},{"x":2914,"y":59,"data":{"alt":1,"type":2,"area":262}},{"x":2915,"y":59,"data":{"alt":1,"type":2,"area":262}},{"x":2916,"y":59,"data":{"alt":1,"type":2,"area":262}},{"x":2917,"y":59,"data":{"alt":1,"type":2,"area":262}},{"x":2918,"y":59,"data":{"alt":1,"type":2,"area":262}},{"x":2919,"y":59,"data":{"alt":1,"type":2,"area":262}},{"x":2920,"y":59,"data":{"alt":1,"type":2,"area":262}},{"x":2921,"y":59,"data":{"alt":1,"type":2,"area":262}},{"x":2922,"y":59,"data":{"alt":1,"type":2,"area":262}},{"x":2923,"y":59,"data":{"alt":1,"type":2,"area":262}},{"x":2924,"y":59,"data":{"alt":1,"type":2,"area":262}},{"x":2912,"y":60,"data":{"alt":1,"type":2,"area":262}},{"x":2913,"y":60,"data":{"alt":1,"type":2,"area":262}},{"x":2914,"y":60,"data":{"alt":1,"type":2,"area":262}},{"x":2915,"y":60,"data":{"alt":1,"type":2,"area":262}},{"x":2916,"y":60,"data":{"alt":1,"type":2,"area":262}},{"x":2917,"y":60,"data":{"alt":1,"type":2,"area":262}},{"x":2918,"y":60,"data":{"alt":1,"type":2,"area":262}},{"x":2919,"y":60,"data":{"alt":1,"type":2,"area":262}},{"x":2920,"y":60,"data":{"alt":1,"type":2,"area":262}},{"x":2921,"y":60,"data":{"alt":1,"type":2,"area":262}},{"x":2922,"y":60,"data":{"alt":1,"type":2,"area":262}},{"x":2923,"y":60,"data":{"alt":1,"type":2,"area":262}},{"x":2912,"y":61,"data":{"alt":1,"type":2,"area":262}},{"x":2913,"y":61,"data":{"alt":1,"type":2,"area":262}},{"x":2914,"y":61,"data":{"alt":1,"type":2,"area":262}},{"x":2915,"y":61,"data":{"alt":1,"type":2,"area":262}},{"x":2916,"y":61,"data":{"alt":1,"type":2,"area":262}},{"x":2917,"y":61,"data":{"alt":1,"type":2,"area":262}},{"x":2918,"y":61,"data":{"alt":1,"type":2,"area":262}},{"x":2919,"y":61,"data":{"alt":1,"type":2,"area":262}},{"x":2920,"y":61,"data":{"alt":1,"type":2,"area":262}},{"x":2921,"y":61,"data":{"alt":1,"type":2,"area":262}},{"x":2922,"y":61,"data":{"alt":1,"type":2,"area":262}},{"x":2912,"y":62,"data":{"alt":1,"type":2,"area":262}},{"x":2913,"y":62,"data":{"alt":1,"type":2,"area":262}},{"x":2914,"y":62,"data":{"alt":1,"type":2,"area":262}},{"x":2915,"y":62,"data":{"alt":1,"type":2,"area":262}},{"x":2916,"y":62,"data":{"alt":1,"type":2,"area":262}},{"x":2917,"y":62,"data":{"alt":1,"type":2,"area":262}},{"x":2918,"y":62,"data":{"alt":1,"type":2,"area":262}},{"x":2919,"y":62,"data":{"alt":1,"type":2,"area":262}},{"x":2920,"y":62,"data":{"alt":1,"type":2,"area":262}},{"x":2912,"y":63,"data":{"alt":1,"type":2,"area":262}},{"x":2913,"y":63,"data":{"alt":1,"type":2,"area":262}},{"x":2914,"y":63,"data":{"alt":1,"type":2,"area":262}},{"x":2915,"y":63,"data":{"alt":1,"type":2,"area":262}},{"x":2916,"y":63,"data":{"alt":1,"type":2,"res":1,"resAmount":80,"area":262}},{"x":2917,"y":63,"data":{"alt":1,"type":2,"area":262}},{"x":2918,"y":63,"data":{"alt":1,"type":2,"area":262}},{"x":2919,"y":63,"data":{"alt":1,"type":2,"area":262}},{"x":2920,"y":63,"data":{"alt":1,"type":2,"area":262}},{"x":2912,"y":64,"data":{"alt":1,"type":2,"area":262}},{"x":2913,"y":64,"data":{"alt":1,"type":2,"area":262}},{"x":2914,"y":64,"data":{"alt":1,"type":2,"area":262}},{"x":2915,"y":64,"data":{"alt":1,"type":2,"area":262}},{"x":2916,"y":64,"data":{"alt":1,"type":2,"area":262}},{"x":2917,"y":64,"data":{"alt":1,"type":2,"area":262}},{"x":2918,"y":64,"data":{"alt":1,"type":2,"area":262}},{"x":2912,"y":65,"data":{"alt":1,"type":2,"area":262}},{"x":2913,"y":65,"data":{"alt":1,"type":2,"area":262}},{"x":2914,"y":65,"data":{"alt":1,"type":2,"area":262}},{"x":2915,"y":65,"data":{"alt":1,"type":2,"area":262}},{"x":2916,"y":65,"data":{"alt":1,"type":2,"area":262}},{"x":2912,"y":66,"data":{"alt":1,"type":2,"area":262}},{"x":2913,"y":66,"data":{"alt":1,"type":2,"area":262}},{"x":2914,"y":66,"data":{"alt":1,"type":2,"area":262}},{"x":2915,"y":66,"data":{"alt":1,"type":2,"area":262}},{"x":2916,"y":66,"data":{"alt":1,"type":2,"area":262}},{"x":2917,"y":66,"data":{"alt":1,"type":2,"area":262}},{"x":2912,"y":67,"data":{"alt":1,"type":2,"area":262}},{"x":2913,"y":67,"data":{"alt":1,"type":2,"area":262}},{"x":2914,"y":67,"data":{"alt":1,"type":2,"area":262}},{"x":2915,"y":67,"data":{"alt":1,"type":2,"area":262}},{"x":2916,"y":67,"data":{"alt":1,"type":2,"area":262}},{"x":2912,"y":68,"data":{"alt":1,"type":2,"area":262}},{"x":2913,"y":68,"data":{"alt":1,"type":2,"area":262}},{"x":2914,"y":68,"data":{"alt":1,"type":2,"area":262}},{"x":2915,"y":68,"data":{"alt":1,"type":2,"area":262}},{"x":2916,"y":68,"data":{"alt":1,"type":2,"area":262}},{"x":2912,"y":69,"data":{"alt":1,"type":2,"area":262}},{"x":2913,"y":69,"data":{"alt":1,"type":2,"area":262}},{"x":2914,"y":69,"data":{"alt":1,"type":2,"area":262}},{"x":2915,"y":69,"data":{"alt":1,"type":2,"area":262}},{"x":2912,"y":70,"data":{"alt":1,"type":2,"area":262}},{"x":2913,"y":70,"data":{"alt":1,"type":2,"area":262}},{"x":2914,"y":70,"data":{"alt":1,"type":2,"area":262}},{"x":2915,"y":70,"data":{"alt":1,"type":2,"area":262}},{"x":2912,"y":71,"data":{"alt":1,"type":2,"area":262}},{"x":2913,"y":71,"data":{"alt":1,"type":2,"area":262}},{"x":2914,"y":71,"data":{"alt":1,"type":2,"area":262}},{"x":2912,"y":72,"data":{"alt":1,"type":2,"area":262}},{"x":2913,"y":72,"data":{"alt":1,"type":2,"area":262}},{"x":2912,"y":73,"data":{"alt":1,"type":2,"area":262}},{"x":2913,"y":73,"data":{"alt":1,"type":2,"area":262}},{"x":2912,"y":74,"data":{"alt":1,"type":2,"area":262}},{"x":2913,"y":74,"data":{"alt":1,"type":2,"area":262}},{"x":2912,"y":75,"data":{"alt":1,"type":2,"area":262}},{"x":2913,"y":75,"data":{"alt":1,"type":2,"area":262}},{"x":2912,"y":76,"data":{"alt":1,"type":1,"area":262}},{"x":2913,"y":76,"data":{"alt":1,"type":2,"area":262}},{"x":2912,"y":77,"data":{"alt":1,"type":1,"area":262}},{"x":2912,"y":78,"data":{"alt":1,"type":1,"area":262}}]