[{"x":2899,"y":1159,"data":{"alt":2,"type":1,"area":264}},{"x":2902,"y":1159,"data":{"alt":2,"type":2,"area":264}},{"x":2899,"y":1160,"data":{"alt":2,"type":1,"area":264}},{"x":2900,"y":1160,"data":{"alt":2,"type":1,"area":264}},{"x":2901,"y":1160,"data":{"alt":2,"type":1,"area":264}},{"x":2902,"y":1160,"data":{"alt":2,"type":1,"area":264}},{"x":2903,"y":1160,"data":{"alt":2,"type":1,"area":264}},{"x":2898,"y":1161,"data":{"alt":2,"type":1,"area":264}},{"x":2899,"y":1161,"data":{"alt":2,"type":2,"area":264}},{"x":2900,"y":1161,"data":{"alt":2,"type":2,"area":264}},{"x":2898,"y":1162,"data":{"alt":2,"type":2,"area":264}},{"x":2899,"y":1162,"data":{"alt":2,"type":1,"area":264}},{"x":2900,"y":1162,"data":{"alt":2,"type":2,"area":264}},{"x":2900,"y":1163,"data":{"alt":2,"type":1,"area":264}},{"x":2899,"y":1164,"data":{"alt":2,"type":1,"area":264}},{"x":2900,"y":1164,"data":{"alt":2,"type":2,"area":264}}]