[{"x":432,"y":608,"data":{"alt":1,"fertility":60,"region":2111,"area":265}},{"x":433,"y":608,"data":{"alt":1,"fertility":60,"region":2111,"area":265}},{"x":437,"y":608,"data":{"alt":1,"fertility":60,"region":2111,"area":265}},{"x":438,"y":608,"data":{"alt":1,"fertility":60,"region":2111,"area":265}},{"x":439,"y":608,"data":{"alt":1,"fertility":60,"region":2111,"area":265}},{"x":440,"y":608,"data":{"alt":1,"fertility":60,"region":2111,"area":265}},{"x":441,"y":608,"data":{"alt":1,"fertility":60,"region":2111,"area":265}},{"x":432,"y":609,"data":{"alt":1,"fertility":60,"region":2111,"area":265}},{"x":433,"y":609,"data":{"alt":1,"fertility":60,"region":2111,"area":265}},{"x":434,"y":609,"data":{"alt":1,"fertility":60,"region":2111,"area":265}},{"x":435,"y":609,"data":{"alt":1,"fertility":60,"region":2111,"area":265}},{"x":437,"y":609,"data":{"alt":1,"fertility":60,"region":2111,"area":265}},{"x":438,"y":609,"data":{"alt":1,"fertility":60,"region":2111,"area":265}},{"x":439,"y":609,"data":{"alt":1,"fertility":60,"region":2111,"area":265}},{"x":440,"y":609,"data":{"alt":1,"fertility":60,"region":2111,"area":265}},{"x":441,"y":609,"data":{"alt":1,"fertility":60,"region":2111,"area":265}},{"x":432,"y":610,"data":{"alt":1,"fertility":60,"region":2111,"area":265}},{"x":433,"y":610,"data":{"alt":1,"fertility":60,"region":2111,"area":265}},{"x":434,"y":610,"data":{"alt":1,"fertility":60,"region":2111,"area":265}},{"x":435,"y":610,"data":{"alt":1,"fertility":60,"region":2111,"area":265}},{"x":436,"y":610,"data":{"alt":1,"fertility":60,"region":2111,"area":265}},{"x":437,"y":610,"data":{"alt":1,"fertility":60,"region":2111,"area":265}},{"x":438,"y":610,"data":{"alt":1,"fertility":60,"region":2111,"area":265}},{"x":439,"y":610,"data":{"alt":1,"fertility":60,"region":2111,"area":265}},{"x":440,"y":610,"data":{"alt":1,"fertility":60,"region":2111,"area":265}},{"x":441,"y":610,"data":{"alt":1,"fertility":60,"region":2111,"area":265}},{"x":442,"y":610,"data":{"alt":1,"fertility":60,"region":2111,"area":265}},{"x":444,"y":610,"data":{"alt":1,"fertility":60,"region":2111,"area":265}},{"x":430,"y":611,"data":{"alt":1,"fertility":60,"region":2111,"area":265}},{"x":431,"y":611,"data":{"alt":1,"fertility":60,"region":2111,"area":265}},{"x":432,"y":611,"data":{"alt":1,"fertility":60,"region":2111,"area":265}},{"x":433,"y":611,"data":{"alt":1,"fertility":60,"region":2111,"area":265}},{"x":434,"y":611,"data":{"alt":1,"fertility":60,"region":2111,"area":265}},{"x":435,"y":611,"data":{"alt":1,"fertility":60,"region":2111,"area":265}},{"x":436,"y":611,"data":{"alt":1,"fertility":60,"region":2111,"area":265}},{"x":437,"y":611,"data":{"alt":1,"fertility":60,"region":2111,"area":265}},{"x":438,"y":611,"data":{"alt":1,"fertility":60,"region":2111,"area":265}},{"x":439,"y":611,"data":{"alt":1,"fertility":60,"region":2111,"area":265}},{"x":440,"y":611,"data":{"alt":1,"fertility":60,"region":2111,"area":265}},{"x":441,"y":611,"data":{"alt":1,"fertility":60,"region":2111,"area":265}},{"x":442,"y":611,"data":{"alt":1,"fertility":60,"region":2111,"area":265}},{"x":443,"y":611,"data":{"alt":1,"fertility":60,"region":2111,"area":265}},{"x":430,"y":612,"data":{"alt":1,"fertility":60,"region":2111,"area":265}},{"x":431,"y":612,"data":{"alt":1,"fertility":60,"region":2111,"area":265}},{"x":432,"y":612,"data":{"alt":1,"fertility":60,"region":2111,"area":265}},{"x":433,"y":612,"data":{"alt":1,"fertility":60,"region":2111,"area":265}},{"x":434,"y":612,"data":{"alt":1,"fertility":60,"region":2111,"area":265}},{"x":435,"y":612,"data":{"alt":1,"fertility":60,"region":2111,"area":265}},{"x":436,"y":612,"data":{"alt":1,"fertility":60,"region":2111,"area":265}},{"x":437,"y":612,"data":{"alt":1,"fertility":60,"region":2111,"area":265}},{"x":438,"y":612,"data":{"alt":1,"fertility":60,"region":2111,"area":265}},{"x":439,"y":612,"data":{"alt":1,"fertility":60,"region":2111,"area":265}},{"x":440,"y":612,"data":{"alt":1,"fertility":60,"region":2111,"area":265}},{"x":441,"y":612,"data":{"alt":1,"fertility":60,"region":2111,"area":265}},{"x":442,"y":612,"data":{"alt":1,"fertility":60,"region":2111,"area":265}},{"x":443,"y":612,"data":{"alt":1,"fertility":60,"region":2111,"area":265}},{"x":444,"y":612,"data":{"alt":1,"fertility":60,"region":2111,"area":265}},{"x":445,"y":612,"data":{"alt":1,"fertility":60,"region":2111,"area":265}},{"x":446,"y":612,"data":{"alt":1,"fertility":60,"region":2111,"area":265}},{"x":429,"y":613,"data":{"alt":1,"fertility":60,"region":2111,"area":265}},{"x":430,"y":613,"data":{"alt":1,"fertility":60,"region":2111,"area":265}},{"x":431,"y":613,"data":{"alt":1,"fertility":60,"region":2111,"area":265}},{"x":432,"y":613,"data":{"alt":1,"fertility":60,"region":2111,"area":265}},{"x":433,"y":613,"data":{"alt":1,"fertility":60,"region":2111,"area":265}},{"x":434,"y":613,"data":{"alt":1,"fertility":60,"region":2111,"area":265}},{"x":435,"y":613,"data":{"alt":1,"fertility":60,"region":2111,"area":265}},{"x":436,"y":613,"data":{"alt":1,"fertility":60,"region":2111,"area":265}},{"x":437,"y":613,"data":{"alt":1,"fertility":60,"region":2111,"area":265}},{"x":438,"y":613,"data":{"alt":1,"fertility":60,"region":2111,"area":265}},{"x":439,"y":613,"data":{"alt":1,"fertility":60,"region":2111,"area":265}},{"x":440,"y":613,"data":{"alt":1,"fertility":60,"region":2111,"area":265}},{"x":441,"y":613,"data":{"alt":1,"fertility":60,"region":2111,"area":265}},{"x":442,"y":613,"data":{"alt":1,"fertility":60,"region":2111,"area":265}},{"x":443,"y":613,"data":{"alt":1,"fertility":60,"region":2111,"area":265}},{"x":444,"y":613,"data":{"alt":1,"fertility":60,"forest":20,"region":2111,"area":265}},{"x":445,"y":613,"data":{"alt":1,"fertility":60,"region":2111,"area":265}},{"x":446,"y":613,"data":{"alt":1,"fertility":60,"region":2111,"area":265}},{"x":447,"y":613,"data":{"alt":1,"fertility":60,"region":2111,"area":265}},{"x":429,"y":614,"data":{"alt":1,"fertility":60,"forest":20,"region":2111,"area":265}},{"x":430,"y":614,"data":{"alt":1,"fertility":60,"region":2111,"area":265}},{"x":431,"y":614,"data":{"alt":1,"fertility":60,"region":2111,"area":265}},{"x":432,"y":614,"data":{"alt":1,"fertility":60,"region":2111,"area":265}},{"x":433,"y":614,"data":{"alt":1,"fertility":60,"region":2111,"area":265}},{"x":434,"y":614,"data":{"alt":1,"fertility":60,"region":2111,"area":265}},{"x":435,"y":614,"data":{"alt":1,"fertility":60,"region":2111,"area":265}},{"x":436,"y":614,"data":{"alt":1,"fertility":60,"region":2111,"area":265}},{"x":437,"y":614,"data":{"alt":1,"fertility":60,"region":2111,"area":265}},{"x":438,"y":614,"data":{"alt":1,"fertility":60,"region":2111,"area":265}},{"x":439,"y":614,"data":{"alt":1,"fertility":60,"region":2111,"area":265}},{"x":440,"y":614,"data":{"alt":1,"fertility":60,"region":2111,"area":265}},{"x":441,"y":614,"data":{"alt":1,"fertility":60,"region":2111,"area":265}},{"x":442,"y":614,"data":{"alt":1,"fertility":60,"region":2111,"area":265}},{"x":443,"y":614,"data":{"alt":1,"fertility":60,"region":2111,"area":265}},{"x":444,"y":614,"data":{"alt":1,"fertility":60,"region":2111,"area":265}},{"x":445,"y":614,"data":{"alt":1,"fertility":60,"region":2111,"area":265}},{"x":446,"y":614,"data":{"alt":1,"fertility":60,"region":2111,"area":265}},{"x":447,"y":614,"data":{"alt":1,"fertility":60,"region":2111,"area":265}},{"x":429,"y":615,"data":{"alt":1,"fertility":60,"region":2111,"area":265}},{"x":430,"y":615,"data":{"alt":1,"fertility":60,"region":2111,"area":265}},{"x":431,"y":615,"data":{"alt":1,"fertility":60,"region":2111,"area":265}},{"x":432,"y":615,"data":{"alt":1,"fertility":60,"region":2111,"area":265}},{"x":433,"y":615,"data":{"alt":1,"fertility":60,"region":2111,"area":265}},{"x":434,"y":615,"data":{"alt":1,"fertility":60,"region":2111,"area":265}},{"x":435,"y":615,"data":{"alt":1,"fertility":60,"region":2111,"area":265}},{"x":436,"y":615,"data":{"alt":1,"fertility":60,"region":2111,"area":265}},{"x":437,"y":615,"data":{"alt":1,"fertility":60,"region":2111,"area":265}},{"x":438,"y":615,"data":{"alt":1,"fertility":60,"region":2111,"area":265}},{"x":439,"y":615,"data":{"alt":1,"fertility":60,"region":2111,"area":265}},{"x":440,"y":615,"data":{"alt":1,"fertility":60,"region":2111,"area":265}},{"x":441,"y":615,"data":{"alt":1,"fertility":60,"region":2111,"area":265}},{"x":442,"y":615,"data":{"alt":1,"fertility":60,"region":2111,"area":265}},{"x":443,"y":615,"data":{"alt":1,"fertility":60,"region":2111,"area":265}},{"x":444,"y":615,"data":{"alt":1,"fertility":60,"region":2111,"area":265}},{"x":445,"y":615,"data":{"alt":1,"fertility":60,"region":2111,"area":265}},{"x":446,"y":615,"data":{"alt":1,"fertility":60,"region":2111,"area":265}},{"x":447,"y":615,"data":{"alt":1,"fertility":60,"region":2111,"area":265}},{"x":429,"y":616,"data":{"alt":1,"fertility":60,"region":2111,"area":265}},{"x":430,"y":616,"data":{"alt":1,"fertility":60,"region":2111,"area":265}},{"x":431,"y":616,"data":{"alt":1,"fertility":60,"region":2111,"area":265}},{"x":432,"y":616,"data":{"alt":1,"fertility":60,"region":2111,"area":265}},{"x":433,"y":616,"data":{"alt":1,"fertility":60,"region":2111,"area":265}},{"x":434,"y":616,"data":{"alt":1,"fertility":60,"region":2111,"area":265}},{"x":435,"y":616,"data":{"alt":1,"fertility":60,"region":2111,"area":265}},{"x":436,"y":616,"data":{"alt":1,"fertility":60,"region":2111,"area":265}},{"x":437,"y":616,"data":{"alt":1,"fertility":60,"forest":20,"region":2111,"area":265}},{"x":438,"y":616,"data":{"alt":1,"fertility":60,"region":2111,"area":265}},{"x":439,"y":616,"data":{"alt":1,"fertility":60,"region":2111,"area":265}},{"x":440,"y":616,"data":{"alt":1,"fertility":60,"region":2111,"area":265}},{"x":441,"y":616,"data":{"alt":1,"fertility":60,"region":2111,"area":265}},{"x":442,"y":616,"data":{"alt":1,"fertility":60,"region":2111,"area":265}},{"x":443,"y":616,"data":{"alt":1,"fertility":60,"region":2111,"area":265}},{"x":444,"y":616,"data":{"alt":1,"fertility":60,"region":2111,"area":265}},{"x":445,"y":616,"data":{"alt":1,"fertility":60,"region":2111,"area":265}},{"x":446,"y":616,"data":{"alt":1,"fertility":60,"region":2111,"area":265}},{"x":447,"y":616,"data":{"alt":1,"fertility":60,"region":2111,"area":265}},{"x":429,"y":617,"data":{"alt":1,"fertility":60,"region":2111,"area":265}},{"x":430,"y":617,"data":{"alt":1,"fertility":60,"region":2111,"area":265}},{"x":431,"y":617,"data":{"alt":1,"fertility":60,"region":2111,"area":265}},{"x":432,"y":617,"data":{"alt":1,"fertility":60,"region":2111,"area":265}},{"x":433,"y":617,"data":{"alt":1,"fertility":60,"region":2111,"area":265}},{"x":434,"y":617,"data":{"alt":1,"fertility":60,"region":2111,"area":265}},{"x":435,"y":617,"data":{"alt":1,"fertility":60,"region":2111,"area":265}},{"x":436,"y":617,"data":{"alt":1,"fertility":60,"region":2111,"area":265}},{"x":437,"y":617,"data":{"alt":1,"fertility":60,"region":2111,"area":265}},{"x":438,"y":617,"data":{"alt":1,"fertility":60,"region":2111,"area":265}},{"x":439,"y":617,"data":{"alt":1,"fertility":60,"region":2111,"area":265}},{"x":440,"y":617,"data":{"alt":1,"fertility":60,"region":2111,"area":265}},{"x":441,"y":617,"data":{"alt":1,"fertility":60,"region":2111,"area":265}},{"x":442,"y":617,"data":{"alt":1,"fertility":60,"region":2111,"area":265}},{"x":443,"y":617,"data":{"alt":1,"fertility":60,"region":2111,"area":265}},{"x":444,"y":617,"data":{"alt":1,"fertility":60,"region":2111,"area":265}},{"x":445,"y":617,"data":{"alt":1,"fertility":60,"region":2111,"area":265}},{"x":428,"y":618,"data":{"alt":1,"fertility":60,"region":2111,"area":265}},{"x":429,"y":618,"data":{"alt":1,"fertility":60,"region":2111,"area":265}},{"x":430,"y":618,"data":{"alt":1,"fertility":60,"region":2111,"area":265}},{"x":431,"y":618,"data":{"alt":1,"fertility":60,"region":2111,"area":265}},{"x":432,"y":618,"data":{"alt":1,"fertility":60,"region":2111,"area":265}},{"x":433,"y":618,"data":{"alt":1,"fertility":60,"region":2111,"area":265}},{"x":434,"y":618,"data":{"alt":1,"fertility":60,"region":2111,"area":265}},{"x":435,"y":618,"data":{"alt":1,"fertility":60,"region":2111,"area":265}},{"x":436,"y":618,"data":{"alt":1,"fertility":60,"region":2111,"area":265}},{"x":437,"y":618,"data":{"alt":1,"fertility":60,"region":2111,"area":265}},{"x":438,"y":618,"data":{"alt":1,"fertility":60,"region":2111,"area":265}},{"x":439,"y":618,"data":{"alt":1,"fertility":60,"region":2111,"area":265}},{"x":440,"y":618,"data":{"alt":1,"fertility":60,"region":2111,"area":265}},{"x":441,"y":618,"data":{"alt":1,"fertility":60,"region":2111,"area":265}},{"x":442,"y":618,"data":{"alt":1,"fertility":60,"region":2111,"area":265}},{"x":443,"y":618,"data":{"alt":1,"fertility":60,"region":2111,"area":265}},{"x":444,"y":618,"data":{"alt":1,"fertility":60,"region":2111,"area":265}},{"x":445,"y":618,"data":{"alt":1,"fertility":60,"region":2111,"area":265}},{"x":446,"y":618,"data":{"alt":1,"fertility":60,"region":2111,"area":265}},{"x":428,"y":619,"data":{"alt":1,"fertility":60,"region":2111,"area":265}},{"x":429,"y":619,"data":{"alt":1,"fertility":60,"region":2111,"area":265}},{"x":430,"y":619,"data":{"alt":1,"fertility":60,"region":2111,"area":265}},{"x":431,"y":619,"data":{"alt":1,"fertility":60,"region":2111,"area":265}},{"x":432,"y":619,"data":{"alt":1,"fertility":60,"region":2111,"area":265}},{"x":433,"y":619,"data":{"alt":1,"fertility":60,"region":2111,"area":265}},{"x":434,"y":619,"data":{"alt":1,"fertility":60,"region":2111,"area":265}},{"x":435,"y":619,"data":{"alt":1,"fertility":60,"region":2111,"area":265}},{"x":436,"y":619,"data":{"alt":1,"fertility":60,"region":2111,"area":265}},{"x":437,"y":619,"data":{"alt":1,"fertility":60,"region":2111,"area":265}},{"x":438,"y":619,"data":{"alt":1,"fertility":60,"region":2111,"area":265}},{"x":439,"y":619,"data":{"alt":1,"fertility":60,"region":2111,"area":265}},{"x":440,"y":619,"data":{"alt":1,"fertility":60,"region":2111,"area":265}},{"x":427,"y":620,"data":{"alt":1,"fertility":60,"region":2121,"area":265}},{"x":428,"y":620,"data":{"alt":1,"fertility":60,"region":2111,"area":265}},{"x":429,"y":620,"data":{"alt":1,"fertility":60,"region":2111,"area":265}},{"x":430,"y":620,"data":{"alt":1,"fertility":60,"region":2111,"area":265}},{"x":431,"y":620,"data":{"alt":1,"fertility":60,"region":2111,"area":265}},{"x":432,"y":620,"data":{"alt":1,"fertility":60,"region":2111,"area":265}},{"x":433,"y":620,"data":{"alt":1,"fertility":60,"region":2111,"area":265}},{"x":434,"y":620,"data":{"alt":1,"fertility":60,"region":2111,"area":265}},{"x":435,"y":620,"data":{"alt":1,"fertility":60,"region":2111,"area":265}},{"x":436,"y":620,"data":{"alt":1,"fertility":60,"region":2111,"area":265}},{"x":437,"y":620,"data":{"alt":1,"fertility":60,"region":2111,"area":265}},{"x":426,"y":621,"data":{"alt":1,"fertility":60,"region":2121,"area":265}},{"x":427,"y":621,"data":{"alt":1,"fertility":60,"region":2121,"area":265}},{"x":428,"y":621,"data":{"alt":1,"fertility":60,"region":2111,"area":265}},{"x":429,"y":621,"data":{"alt":1,"fertility":60,"region":2111,"area":265}},{"x":430,"y":621,"data":{"alt":1,"fertility":60,"region":2111,"area":265}},{"x":431,"y":621,"data":{"alt":1,"fertility":60,"region":2111,"area":265}},{"x":432,"y":621,"data":{"alt":1,"fertility":60,"region":2111,"area":265}},{"x":433,"y":621,"data":{"alt":1,"fertility":60,"region":2111,"area":265}},{"x":434,"y":621,"data":{"alt":1,"fertility":60,"region":2111,"area":265}},{"x":435,"y":621,"data":{"alt":1,"fertility":60,"region":2111,"area":265}},{"x":436,"y":621,"data":{"alt":1,"fertility":60,"region":2111,"area":265}},{"x":427,"y":622,"data":{"alt":1,"fertility":60,"forest":40,"region":2121,"area":265}},{"x":428,"y":622,"data":{"alt":1,"fertility":60,"region":2111,"area":265}},{"x":429,"y":622,"data":{"alt":1,"fertility":60,"region":2111,"area":265}},{"x":430,"y":622,"data":{"alt":1,"fertility":60,"region":2111,"area":265}},{"x":431,"y":622,"data":{"alt":1,"fertility":60,"region":2111,"area":265}},{"x":432,"y":622,"data":{"alt":1,"fertility":60,"region":2111,"area":265}},{"x":433,"y":622,"data":{"alt":1,"fertility":60,"region":2111,"area":265}},{"x":434,"y":622,"data":{"alt":1,"fertility":60,"region":2111,"area":265}},{"x":427,"y":623,"data":{"alt":1,"fertility":60,"region":2121,"area":265}},{"x":428,"y":623,"data":{"alt":1,"fertility":60,"region":2111,"area":265}},{"x":429,"y":623,"data":{"alt":1,"fertility":60,"region":2111,"area":265}},{"x":430,"y":623,"data":{"alt":1,"fertility":60,"region":2111,"area":265}},{"x":431,"y":623,"data":{"alt":1,"fertility":60,"region":2111,"area":265}},{"x":432,"y":623,"data":{"alt":1,"fertility":60,"region":2111,"area":265}},{"x":433,"y":623,"data":{"alt":1,"fertility":60,"region":2111,"area":265}},{"x":434,"y":623,"data":{"alt":1,"fertility":60,"region":2111,"area":265}},{"x":426,"y":624,"data":{"alt":1,"fertility":60,"region":2121,"area":265}},{"x":427,"y":624,"data":{"alt":1,"fertility":60,"region":2121,"area":265}},{"x":428,"y":624,"data":{"alt":1,"fertility":60,"region":2111,"area":265}},{"x":429,"y":624,"data":{"alt":1,"fertility":60,"region":2111,"area":265}},{"x":430,"y":624,"data":{"alt":1,"fertility":60,"region":2111,"area":265}},{"x":431,"y":624,"data":{"alt":1,"fertility":60,"region":2111,"area":265}},{"x":432,"y":624,"data":{"alt":1,"fertility":60,"region":2111,"area":265}},{"x":433,"y":624,"data":{"alt":1,"fertility":60,"region":2111,"area":265}},{"x":434,"y":624,"data":{"alt":1,"fertility":60,"region":2111,"area":265}},{"x":435,"y":624,"data":{"alt":1,"fertility":60,"region":2111,"area":265}},{"x":427,"y":625,"data":{"alt":1,"fertility":60,"forest":80,"region":2121,"area":265}},{"x":428,"y":625,"data":{"alt":1,"fertility":60,"region":2111,"area":265}},{"x":429,"y":625,"data":{"alt":1,"fertility":60,"region":2111,"area":265}},{"x":430,"y":625,"data":{"alt":1,"fertility":60,"region":2111,"area":265}},{"x":431,"y":625,"data":{"alt":1,"fertility":60,"region":2111,"area":265}},{"x":432,"y":625,"data":{"alt":1,"fertility":60,"region":2111,"area":265}},{"x":433,"y":625,"data":{"alt":1,"fertility":60,"region":2111,"area":265}},{"x":434,"y":625,"data":{"alt":1,"fertility":60,"region":2111,"area":265}},{"x":435,"y":625,"data":{"alt":1,"fertility":60,"region":2111,"area":265}},{"x":436,"y":625,"data":{"alt":1,"fertility":60,"region":2111,"area":265}},{"x":427,"y":626,"data":{"alt":1,"fertility":60,"region":2121,"area":265}},{"x":428,"y":626,"data":{"alt":1,"fertility":60,"region":2111,"area":265}},{"x":429,"y":626,"data":{"alt":1,"fertility":60,"region":2111,"area":265}},{"x":430,"y":626,"data":{"alt":1,"fertility":60,"region":2111,"area":265}},{"x":431,"y":626,"data":{"alt":1,"fertility":60,"region":2111,"area":265}},{"x":432,"y":626,"data":{"alt":1,"fertility":60,"region":2111,"area":265}},{"x":433,"y":626,"data":{"alt":1,"fertility":60,"region":2111,"area":265}},{"x":434,"y":626,"data":{"alt":1,"fertility":60,"region":2111,"area":265}},{"x":435,"y":626,"data":{"alt":1,"fertility":60,"region":2111,"area":265}},{"x":436,"y":626,"data":{"alt":1,"fertility":60,"region":2111,"area":265}},{"x":426,"y":627,"data":{"alt":1,"fertility":60,"region":2121,"area":265}},{"x":427,"y":627,"data":{"alt":1,"fertility":60,"region":2121,"area":265}},{"x":428,"y":627,"data":{"alt":1,"fertility":60,"region":2111,"area":265}},{"x":429,"y":627,"data":{"alt":1,"fertility":60,"region":2111,"area":265}},{"x":430,"y":627,"data":{"alt":1,"fertility":60,"region":2111,"area":265}},{"x":431,"y":627,"data":{"alt":1,"fertility":60,"region":2111,"area":265}},{"x":432,"y":627,"data":{"alt":1,"fertility":60,"region":2111,"area":265}},{"x":433,"y":627,"data":{"alt":1,"fertility":60,"region":2111,"area":265}},{"x":434,"y":627,"data":{"alt":1,"fertility":60,"region":2111,"area":265}},{"x":435,"y":627,"data":{"alt":1,"fertility":60,"region":2111,"area":265}},{"x":436,"y":627,"data":{"alt":1,"fertility":60,"region":2111,"area":265}},{"x":437,"y":627,"data":{"alt":1,"fertility":60,"region":2111,"area":265}},{"x":425,"y":628,"data":{"alt":1,"fertility":60,"region":2121,"area":265}},{"x":426,"y":628,"data":{"alt":1,"fertility":60,"region":2121,"area":265}},{"x":427,"y":628,"data":{"alt":1,"fertility":60,"region":2121,"area":265}},{"x":428,"y":628,"data":{"alt":1,"fertility":60,"region":2111,"area":265}},{"x":429,"y":628,"data":{"alt":1,"fertility":60,"region":2111,"area":265}},{"x":430,"y":628,"data":{"alt":1,"fertility":60,"region":2111,"area":265}},{"x":431,"y":628,"data":{"alt":1,"fertility":60,"region":2111,"area":265}},{"x":432,"y":628,"data":{"alt":1,"fertility":60,"region":2111,"area":265}},{"x":433,"y":628,"data":{"alt":1,"fertility":60,"region":2111,"area":265}},{"x":434,"y":628,"data":{"alt":1,"fertility":60,"region":2111,"area":265}},{"x":435,"y":628,"data":{"alt":1,"fertility":60,"region":2111,"area":265}},{"x":436,"y":628,"data":{"alt":1,"fertility":60,"region":2111,"area":265}},{"x":437,"y":628,"data":{"alt":1,"fertility":60,"region":2111,"area":265}},{"x":438,"y":628,"data":{"alt":1,"fertility":60,"region":2111,"area":265}},{"x":424,"y":629,"data":{"alt":1,"fertility":60,"region":2121,"area":265}},{"x":425,"y":629,"data":{"alt":1,"fertility":60,"region":2121,"area":265}},{"x":426,"y":629,"data":{"alt":1,"fertility":60,"region":2121,"area":265}},{"x":427,"y":629,"data":{"alt":1,"fertility":60,"region":2121,"area":265}},{"x":428,"y":629,"data":{"alt":1,"fertility":60,"region":2111,"area":265}},{"x":429,"y":629,"data":{"alt":1,"fertility":60,"region":2111,"area":265}},{"x":430,"y":629,"data":{"alt":1,"fertility":60,"region":2111,"area":265}},{"x":431,"y":629,"data":{"alt":1,"fertility":60,"region":2111,"area":265}},{"x":432,"y":629,"data":{"alt":1,"fertility":60,"region":2111,"area":265}},{"x":433,"y":629,"data":{"alt":1,"fertility":60,"region":2111,"area":265}},{"x":434,"y":629,"data":{"alt":1,"fertility":60,"region":2111,"area":265}},{"x":435,"y":629,"data":{"alt":1,"fertility":60,"region":2111,"area":265}},{"x":436,"y":629,"data":{"alt":1,"fertility":60,"region":2111,"area":265}},{"x":437,"y":629,"data":{"alt":1,"fertility":60,"region":2111,"area":265}},{"x":438,"y":629,"data":{"alt":1,"fertility":60,"region":2111,"area":265}},{"x":439,"y":629,"data":{"alt":1,"fertility":60,"region":2111,"area":265}},{"x":424,"y":630,"data":{"alt":1,"fertility":60,"region":2121,"area":265}},{"x":425,"y":630,"data":{"alt":1,"fertility":60,"region":2121,"area":265}},{"x":426,"y":630,"data":{"alt":1,"fertility":60,"region":2121,"area":265}},{"x":427,"y":630,"data":{"alt":1,"fertility":60,"region":2121,"area":265}},{"x":428,"y":630,"data":{"alt":1,"fertility":60,"region":2111,"area":265}},{"x":429,"y":630,"data":{"alt":1,"fertility":60,"region":2111,"area":265}},{"x":430,"y":630,"data":{"alt":1,"fertility":60,"region":2111,"area":265}},{"x":431,"y":630,"data":{"alt":1,"fertility":60,"region":2111,"area":265}},{"x":432,"y":630,"data":{"alt":1,"fertility":60,"region":2111,"area":265}},{"x":433,"y":630,"data":{"alt":1,"fertility":60,"region":2111,"area":265}},{"x":434,"y":630,"data":{"alt":1,"fertility":60,"region":2111,"area":265}},{"x":435,"y":630,"data":{"alt":1,"fertility":60,"forest":20,"region":2111,"area":265}},{"x":436,"y":630,"data":{"alt":1,"fertility":60,"region":2111,"area":265}},{"x":437,"y":630,"data":{"alt":1,"fertility":60,"region":2111,"area":265}},{"x":438,"y":630,"data":{"alt":1,"fertility":60,"region":2111,"area":265}},{"x":439,"y":630,"data":{"alt":1,"fertility":60,"region":2111,"area":265}},{"x":423,"y":631,"data":{"alt":1,"fertility":60,"region":2121,"area":265}},{"x":424,"y":631,"data":{"alt":1,"fertility":60,"region":2121,"area":265}},{"x":425,"y":631,"data":{"alt":1,"fertility":60,"region":2121,"area":265}},{"x":426,"y":631,"data":{"alt":1,"fertility":60,"region":2121,"area":265}},{"x":427,"y":631,"data":{"alt":1,"fertility":60,"region":2121,"area":265}},{"x":428,"y":631,"data":{"alt":1,"fertility":60,"region":2111,"area":265}},{"x":429,"y":631,"data":{"alt":1,"fertility":60,"region":2111,"area":265}},{"x":430,"y":631,"data":{"alt":1,"fertility":60,"region":2111,"area":265}},{"x":431,"y":631,"data":{"alt":1,"fertility":60,"region":2111,"area":265}},{"x":432,"y":631,"data":{"alt":1,"fertility":60,"region":2111,"area":265}},{"x":433,"y":631,"data":{"alt":1,"fertility":60,"region":2111,"area":265}},{"x":434,"y":631,"data":{"alt":1,"fertility":60,"region":2111,"area":265}},{"x":435,"y":631,"data":{"alt":1,"fertility":60,"region":2111,"area":265}},{"x":436,"y":631,"data":{"alt":1,"fertility":60,"region":2111,"area":265}},{"x":437,"y":631,"data":{"alt":1,"fertility":60,"region":2111,"area":265}},{"x":438,"y":631,"data":{"alt":1,"fertility":60,"region":2111,"area":265}},{"x":439,"y":631,"data":{"alt":1,"fertility":60,"region":2111,"area":265}},{"x":440,"y":631,"data":{"alt":1,"fertility":60,"region":2111,"area":265}},{"x":441,"y":631,"data":{"alt":1,"fertility":60,"region":2111,"area":265}},{"x":442,"y":631,"data":{"alt":1,"fertility":60,"region":2111,"area":265}},{"x":443,"y":631,"data":{"alt":1,"fertility":60,"forest":20,"region":2111,"area":265}},{"x":423,"y":632,"data":{"alt":1,"fertility":60,"region":2121,"area":265}},{"x":424,"y":632,"data":{"alt":1,"fertility":60,"region":2121,"area":265}},{"x":425,"y":632,"data":{"alt":1,"fertility":60,"region":2121,"area":265}},{"x":426,"y":632,"data":{"alt":1,"fertility":60,"region":2121,"area":265}},{"x":427,"y":632,"data":{"alt":1,"fertility":60,"region":2121,"area":265}},{"x":428,"y":632,"data":{"alt":1,"fertility":60,"region":2111,"area":265}},{"x":429,"y":632,"data":{"alt":1,"fertility":60,"region":2111,"area":265}},{"x":430,"y":632,"data":{"alt":1,"fertility":60,"region":2111,"area":265}},{"x":431,"y":632,"data":{"alt":1,"fertility":60,"region":2111,"area":265}},{"x":432,"y":632,"data":{"alt":1,"fertility":60,"region":2111,"area":265}},{"x":433,"y":632,"data":{"alt":1,"fertility":60,"region":2111,"area":265}},{"x":434,"y":632,"data":{"alt":1,"fertility":60,"region":2111,"area":265}},{"x":435,"y":632,"data":{"alt":1,"fertility":60,"region":2111,"area":265}},{"x":436,"y":632,"data":{"alt":1,"fertility":60,"region":2111,"area":265}},{"x":437,"y":632,"data":{"alt":1,"fertility":60,"region":2111,"area":265}},{"x":438,"y":632,"data":{"alt":1,"fertility":60,"region":2111,"area":265}},{"x":439,"y":632,"data":{"alt":1,"fertility":60,"region":2111,"area":265}},{"x":440,"y":632,"data":{"alt":1,"fertility":60,"region":2111,"area":265}},{"x":441,"y":632,"data":{"alt":1,"fertility":60,"region":2111,"area":265}},{"x":442,"y":632,"data":{"alt":1,"fertility":60,"region":2111,"area":265}},{"x":443,"y":632,"data":{"alt":1,"fertility":60,"region":2111,"area":265}},{"x":444,"y":632,"data":{"alt":1,"fertility":60,"forest":20,"region":2111,"area":265}},{"x":423,"y":633,"data":{"alt":1,"fertility":60,"region":2121,"area":265}},{"x":424,"y":633,"data":{"alt":1,"fertility":60,"region":2121,"area":265}},{"x":425,"y":633,"data":{"alt":1,"fertility":60,"region":2121,"area":265}},{"x":426,"y":633,"data":{"alt":1,"fertility":60,"region":2121,"area":265}},{"x":427,"y":633,"data":{"alt":1,"fertility":60,"region":2121,"area":265}},{"x":428,"y":633,"data":{"alt":1,"fertility":60,"region":2111,"area":265}},{"x":429,"y":633,"data":{"alt":1,"fertility":60,"region":2111,"area":265}},{"x":430,"y":633,"data":{"alt":1,"fertility":60,"region":2111,"area":265}},{"x":431,"y":633,"data":{"alt":1,"fertility":60,"region":2111,"area":265}},{"x":432,"y":633,"data":{"alt":1,"fertility":60,"region":2111,"area":265}},{"x":433,"y":633,"data":{"alt":1,"fertility":60,"region":2111,"area":265}},{"x":434,"y":633,"data":{"alt":1,"fertility":60,"region":2111,"area":265}},{"x":435,"y":633,"data":{"alt":1,"fertility":60,"region":2111,"area":265}},{"x":436,"y":633,"data":{"alt":1,"fertility":60,"region":2111,"area":265}},{"x":437,"y":633,"data":{"alt":1,"fertility":60,"forest":40,"region":2111,"area":265}},{"x":438,"y":633,"data":{"alt":1,"fertility":60,"region":2111,"area":265}},{"x":439,"y":633,"data":{"alt":1,"fertility":60,"region":2111,"area":265}},{"x":440,"y":633,"data":{"alt":1,"fertility":60,"region":2111,"area":265}},{"x":441,"y":633,"data":{"alt":1,"fertility":60,"region":2111,"area":265}},{"x":442,"y":633,"data":{"alt":1,"fertility":60,"region":2111,"area":265}},{"x":443,"y":633,"data":{"alt":1,"fertility":60,"region":2111,"area":265}},{"x":423,"y":634,"data":{"alt":1,"fertility":60,"region":2121,"area":265}},{"x":424,"y":634,"data":{"alt":1,"fertility":60,"region":2121,"area":265}},{"x":425,"y":634,"data":{"alt":1,"fertility":60,"region":2121,"area":265}},{"x":426,"y":634,"data":{"alt":1,"fertility":60,"region":2121,"area":265}},{"x":427,"y":634,"data":{"alt":1,"fertility":60,"region":2121,"area":265}},{"x":428,"y":634,"data":{"alt":1,"fertility":60,"region":2111,"area":265}},{"x":429,"y":634,"data":{"alt":1,"fertility":60,"region":2111,"area":265}},{"x":430,"y":634,"data":{"alt":1,"fertility":60,"region":2111,"area":265}},{"x":431,"y":634,"data":{"alt":1,"fertility":60,"region":2111,"area":265}},{"x":432,"y":634,"data":{"alt":1,"fertility":60,"region":2111,"area":265}},{"x":433,"y":634,"data":{"alt":1,"fertility":60,"region":2111,"area":265}},{"x":434,"y":634,"data":{"alt":1,"fertility":60,"region":2111,"area":265}},{"x":435,"y":634,"data":{"alt":1,"fertility":60,"region":2111,"area":265}},{"x":436,"y":634,"data":{"alt":1,"fertility":60,"region":2111,"area":265}},{"x":437,"y":634,"data":{"alt":1,"fertility":60,"region":2111,"area":265}},{"x":438,"y":634,"data":{"alt":1,"fertility":60,"region":2111,"area":265}},{"x":439,"y":634,"data":{"alt":1,"fertility":60,"region":2111,"area":265}},{"x":440,"y":634,"data":{"alt":1,"fertility":60,"region":2111,"area":265}},{"x":441,"y":634,"data":{"alt":1,"fertility":60,"region":2111,"area":265}},{"x":422,"y":635,"data":{"alt":1,"fertility":60,"region":2121,"area":265}},{"x":423,"y":635,"data":{"alt":1,"fertility":60,"region":2121,"area":265}},{"x":424,"y":635,"data":{"alt":1,"fertility":60,"region":2121,"area":265}},{"x":425,"y":635,"data":{"alt":1,"fertility":60,"region":2121,"area":265}},{"x":426,"y":635,"data":{"alt":1,"fertility":60,"region":2121,"area":265}},{"x":427,"y":635,"data":{"alt":1,"fertility":60,"region":2121,"area":265}},{"x":428,"y":635,"data":{"alt":1,"fertility":60,"region":2111,"area":265}},{"x":429,"y":635,"data":{"alt":1,"fertility":60,"region":2111,"area":265}},{"x":430,"y":635,"data":{"alt":1,"fertility":60,"region":2111,"area":265}},{"x":431,"y":635,"data":{"alt":1,"fertility":60,"region":2111,"area":265}},{"x":432,"y":635,"data":{"alt":1,"fertility":60,"region":2111,"area":265}},{"x":433,"y":635,"data":{"alt":1,"fertility":60,"region":2111,"area":265}},{"x":434,"y":635,"data":{"alt":1,"fertility":60,"region":2111,"area":265}},{"x":435,"y":635,"data":{"alt":1,"fertility":60,"region":2111,"area":265}},{"x":436,"y":635,"data":{"alt":1,"fertility":60,"region":2111,"area":265}},{"x":437,"y":635,"data":{"alt":1,"fertility":60,"forest":20,"region":2111,"area":265}},{"x":438,"y":635,"data":{"alt":1,"fertility":60,"region":2111,"area":265}},{"x":439,"y":635,"data":{"alt":1,"fertility":60,"region":2111,"area":265}},{"x":440,"y":635,"data":{"alt":1,"fertility":60,"region":2111,"area":265}},{"x":441,"y":635,"data":{"alt":1,"fertility":60,"region":2111,"area":265}},{"x":419,"y":636,"data":{"alt":1,"fertility":60,"region":2121,"area":265}},{"x":420,"y":636,"data":{"alt":1,"fertility":60,"region":2121,"area":265}},{"x":421,"y":636,"data":{"alt":1,"fertility":60,"region":2121,"area":265}},{"x":422,"y":636,"data":{"alt":1,"fertility":60,"region":2121,"area":265}},{"x":423,"y":636,"data":{"alt":1,"fertility":60,"region":2121,"area":265}},{"x":424,"y":636,"data":{"alt":1,"fertility":60,"region":2121,"area":265}},{"x":425,"y":636,"data":{"alt":1,"fertility":60,"region":2121,"area":265}},{"x":426,"y":636,"data":{"alt":1,"fertility":60,"region":2121,"area":265}},{"x":427,"y":636,"data":{"alt":1,"fertility":60,"region":2121,"area":265}},{"x":428,"y":636,"data":{"alt":1,"fertility":60,"region":2111,"area":265}},{"x":429,"y":636,"data":{"alt":1,"fertility":60,"region":2111,"area":265}},{"x":430,"y":636,"data":{"alt":1,"fertility":60,"region":2111,"area":265}},{"x":431,"y":636,"data":{"alt":1,"fertility":60,"region":2111,"area":265}},{"x":432,"y":636,"data":{"alt":1,"fertility":60,"region":2111,"area":265}},{"x":433,"y":636,"data":{"alt":1,"fertility":60,"region":2111,"area":265}},{"x":434,"y":636,"data":{"alt":1,"fertility":60,"forest":20,"region":2111,"area":265}},{"x":435,"y":636,"data":{"alt":1,"fertility":60,"region":2111,"area":265}},{"x":436,"y":636,"data":{"alt":1,"fertility":60,"region":2111,"area":265}},{"x":437,"y":636,"data":{"alt":1,"fertility":60,"region":2111,"area":265}},{"x":438,"y":636,"data":{"alt":1,"fertility":60,"region":2111,"area":265}},{"x":439,"y":636,"data":{"alt":1,"fertility":60,"region":2111,"area":265}},{"x":419,"y":637,"data":{"alt":1,"fertility":60,"region":2121,"area":265}},{"x":420,"y":637,"data":{"alt":1,"fertility":60,"region":2121,"area":265}},{"x":421,"y":637,"data":{"alt":1,"fertility":60,"region":2121,"area":265}},{"x":422,"y":637,"data":{"alt":1,"fertility":60,"region":2121,"area":265}},{"x":423,"y":637,"data":{"alt":1,"fertility":60,"region":2121,"area":265}},{"x":424,"y":637,"data":{"alt":1,"fertility":60,"region":2121,"area":265}},{"x":425,"y":637,"data":{"alt":1,"fertility":60,"region":2121,"area":265}},{"x":426,"y":637,"data":{"alt":1,"fertility":60,"region":2121,"area":265}},{"x":427,"y":637,"data":{"alt":1,"fertility":60,"region":2121,"area":265}},{"x":428,"y":637,"data":{"alt":1,"fertility":60,"region":2111,"area":265}},{"x":429,"y":637,"data":{"alt":1,"fertility":60,"region":2111,"area":265}},{"x":430,"y":637,"data":{"alt":1,"fertility":60,"region":2111,"area":265}},{"x":431,"y":637,"data":{"alt":1,"fertility":60,"region":2111,"area":265}},{"x":432,"y":637,"data":{"alt":1,"fertility":60,"region":2111,"area":265}},{"x":433,"y":637,"data":{"alt":1,"fertility":60,"region":2111,"area":265}},{"x":434,"y":637,"data":{"alt":1,"fertility":60,"forest":20,"region":2111,"area":265}},{"x":435,"y":637,"data":{"alt":1,"fertility":60,"region":2111,"area":265}},{"x":436,"y":637,"data":{"alt":1,"fertility":60,"forest":20,"region":2111,"area":265}},{"x":437,"y":637,"data":{"alt":1,"fertility":60,"region":2111,"area":265}},{"x":438,"y":637,"data":{"alt":1,"fertility":60,"region":2111,"area":265}},{"x":439,"y":637,"data":{"alt":1,"fertility":60,"region":2111,"area":265}},{"x":419,"y":638,"data":{"alt":1,"fertility":60,"region":2121,"area":265}},{"x":420,"y":638,"data":{"alt":1,"fertility":60,"region":2121,"area":265}},{"x":421,"y":638,"data":{"alt":1,"fertility":60,"region":2121,"area":265}},{"x":422,"y":638,"data":{"alt":1,"fertility":60,"region":2121,"area":265}},{"x":423,"y":638,"data":{"alt":1,"fertility":60,"region":2121,"area":265}},{"x":424,"y":638,"data":{"alt":1,"fertility":60,"region":2121,"area":265}},{"x":425,"y":638,"data":{"alt":1,"fertility":60,"region":2121,"area":265}},{"x":426,"y":638,"data":{"alt":1,"fertility":60,"forest":20,"region":2121,"area":265}},{"x":427,"y":638,"data":{"alt":1,"fertility":60,"region":2121,"area":265}},{"x":428,"y":638,"data":{"alt":1,"fertility":60,"region":2111,"area":265}},{"x":429,"y":638,"data":{"alt":1,"fertility":60,"region":2111,"area":265}},{"x":430,"y":638,"data":{"alt":1,"fertility":60,"region":2111,"area":265}},{"x":431,"y":638,"data":{"alt":1,"fertility":60,"region":2111,"area":265}},{"x":432,"y":638,"data":{"alt":1,"fertility":60,"region":2111,"area":265}},{"x":433,"y":638,"data":{"alt":1,"fertility":60,"region":2111,"area":265}},{"x":434,"y":638,"data":{"alt":1,"fertility":60,"region":2111,"area":265}},{"x":435,"y":638,"data":{"alt":1,"fertility":60,"region":2111,"area":265}},{"x":436,"y":638,"data":{"alt":1,"fertility":60,"region":2111,"area":265}},{"x":437,"y":638,"data":{"alt":1,"fertility":60,"region":2111,"area":265}},{"x":438,"y":638,"data":{"alt":1,"fertility":60,"region":2111,"area":265}},{"x":417,"y":639,"data":{"alt":1,"fertility":60,"region":2121,"area":265}},{"x":418,"y":639,"data":{"alt":1,"fertility":60,"region":2121,"area":265}},{"x":419,"y":639,"data":{"alt":1,"fertility":60,"region":2121,"area":265}},{"x":420,"y":639,"data":{"alt":1,"fertility":60,"region":2121,"area":265}},{"x":421,"y":639,"data":{"alt":1,"fertility":60,"region":2121,"area":265}},{"x":422,"y":639,"data":{"alt":1,"fertility":60,"region":2121,"area":265}},{"x":423,"y":639,"data":{"alt":1,"fertility":60,"forest":20,"region":2121,"area":265}},{"x":424,"y":639,"data":{"alt":1,"fertility":60,"region":2121,"area":265}},{"x":428,"y":639,"data":{"alt":1,"fertility":60,"region":2111,"area":265}},{"x":429,"y":639,"data":{"alt":1,"fertility":60,"region":2111,"area":265}},{"x":430,"y":639,"data":{"alt":1,"fertility":60,"region":2111,"area":265}},{"x":431,"y":639,"data":{"alt":1,"fertility":60,"region":2111,"area":265}},{"x":432,"y":639,"data":{"alt":1,"fertility":60,"region":2111,"area":265}},{"x":433,"y":639,"data":{"alt":1,"fertility":60,"region":2111,"area":265}},{"x":434,"y":639,"data":{"alt":1,"fertility":60,"region":2111,"area":265}},{"x":435,"y":639,"data":{"alt":1,"fertility":60,"region":2111,"area":265}},{"x":436,"y":639,"data":{"alt":1,"fertility":60,"region":2111,"area":265}},{"x":416,"y":640,"data":{"alt":1,"fertility":60,"region":2121,"area":265}},{"x":417,"y":640,"data":{"alt":1,"fertility":60,"region":2121,"area":265}},{"x":418,"y":640,"data":{"alt":1,"fertility":60,"forest":40,"region":2121,"area":265}},{"x":419,"y":640,"data":{"alt":1,"fertility":60,"forest":20,"region":2121,"area":265}},{"x":420,"y":640,"data":{"alt":1,"fertility":60,"region":2121,"area":265}},{"x":421,"y":640,"data":{"alt":1,"fertility":60,"region":2121,"area":265}},{"x":422,"y":640,"data":{"alt":1,"fertility":60,"region":2121,"area":265}},{"x":423,"y":640,"data":{"alt":1,"fertility":60,"region":2121,"area":265}},{"x":424,"y":640,"data":{"alt":1,"fertility":60,"region":2121,"area":265}},{"x":429,"y":640,"data":{"alt":1,"fertility":60,"region":2111,"area":265}},{"x":430,"y":640,"data":{"alt":1,"fertility":60,"region":2111,"area":265}},{"x":431,"y":640,"data":{"alt":1,"fertility":60,"region":2111,"area":265}},{"x":432,"y":640,"data":{"alt":1,"fertility":60,"region":2111,"area":265}},{"x":433,"y":640,"data":{"alt":1,"fertility":60,"region":2111,"area":265}},{"x":434,"y":640,"data":{"alt":1,"fertility":60,"region":2111,"area":265}},{"x":435,"y":640,"data":{"alt":1,"fertility":60,"region":2111,"area":265}},{"x":436,"y":640,"data":{"alt":1,"fertility":60,"region":2111,"area":265}},{"x":437,"y":640,"data":{"alt":1,"fertility":60,"region":2111,"area":265}},{"x":416,"y":641,"data":{"alt":1,"fertility":60,"region":2121,"area":265}},{"x":418,"y":641,"data":{"alt":1,"fertility":60,"region":2121,"area":265}},{"x":420,"y":641,"data":{"alt":1,"fertility":60,"region":2121,"area":265}},{"x":421,"y":641,"data":{"alt":1,"fertility":60,"region":2121,"area":265}},{"x":422,"y":641,"data":{"alt":1,"fertility":60,"region":2121,"area":265}},{"x":423,"y":641,"data":{"alt":1,"fertility":60,"region":2121,"area":265}},{"x":424,"y":641,"data":{"alt":1,"fertility":60,"region":2121,"area":265}},{"x":431,"y":641,"data":{"alt":1,"fertility":60,"region":2111,"area":265}},{"x":432,"y":641,"data":{"alt":1,"fertility":60,"region":2111,"area":265}},{"x":433,"y":641,"data":{"alt":1,"fertility":60,"region":2111,"area":265}},{"x":434,"y":641,"data":{"alt":1,"fertility":60,"region":2111,"area":265}},{"x":435,"y":641,"data":{"alt":1,"fertility":60,"region":2111,"area":265}},{"x":436,"y":641,"data":{"alt":1,"fertility":60,"region":2111,"area":265}},{"x":437,"y":641,"data":{"alt":1,"fertility":60,"region":2111,"area":265}},{"x":424,"y":642,"data":{"alt":1,"fertility":60,"region":2121,"area":265}},{"x":433,"y":642,"data":{"alt":1,"fertility":60,"region":2111,"area":265}},{"x":434,"y":642,"data":{"alt":1,"fertility":60,"region":2111,"area":265}},{"x":435,"y":642,"data":{"alt":1,"fertility":60,"region":2111,"area":265}},{"x":434,"y":643,"data":{"alt":1,"fertility":60,"region":2111,"area":265}},{"x":448,"y":614,"data":{"alt":1,"fertility":60,"region":2111,"area":265}},{"x":448,"y":615,"data":{"alt":1,"fertility":60,"forest":20,"region":2111,"area":265}},{"x":448,"y":616,"data":{"alt":1,"fertility":60,"region":2111,"area":265}},{"x":448,"y":617,"data":{"alt":1,"fertility":60,"region":2111,"area":265}}]