[{"x":2934,"y":1184,"data":{"alt":100,"type":1,"area":266}},{"x":2935,"y":1184,"data":{"alt":100,"type":2,"area":266}},{"x":2936,"y":1184,"data":{"alt":100,"type":2,"area":266}},{"x":2937,"y":1184,"data":{"alt":100,"type":2,"area":266}},{"x":2938,"y":1184,"data":{"alt":100,"type":2,"area":266}},{"x":2934,"y":1185,"data":{"alt":100,"type":2,"area":266}},{"x":2935,"y":1185,"data":{"alt":100,"type":1,"area":266}},{"x":2936,"y":1185,"data":{"alt":100,"type":1,"area":266}},{"x":2938,"y":1185,"data":{"alt":100,"type":2,"area":266}},{"x":2934,"y":1186,"data":{"alt":100,"type":1,"area":266}},{"x":2935,"y":1186,"data":{"alt":100,"type":2,"area":266}},{"x":2935,"y":1187,"data":{"alt":100,"type":1,"area":266}},{"x":2936,"y":1187,"data":{"alt":100,"type":1,"area":266}}]