[{"x":2943,"y":2694,"data":{"alt":58,"type":1,"area":268}},{"x":2943,"y":2695,"data":{"alt":58,"type":1,"area":268}},{"x":2943,"y":2696,"data":{"alt":58,"type":1,"area":268}},{"x":2943,"y":2697,"data":{"alt":58,"type":1,"area":268}},{"x":2943,"y":2698,"data":{"alt":58,"type":1,"area":268}},{"x":2943,"y":2699,"data":{"alt":58,"type":1,"area":268}},{"x":2943,"y":2700,"data":{"alt":58,"type":1,"area":268}},{"x":2943,"y":2701,"data":{"alt":58,"type":1,"area":268}},{"x":2943,"y":2702,"data":{"alt":58,"type":1,"area":268}},{"x":2943,"y":2703,"data":{"alt":58,"type":1,"area":268}}]