[{"x":431,"y":2834,"data":{"alt":6,"fertility":100,"region":2135,"area":271}},{"x":428,"y":2835,"data":{"alt":6,"fertility":100,"region":2135,"area":271}},{"x":429,"y":2835,"data":{"alt":6,"fertility":100,"region":2135,"area":271}},{"x":430,"y":2835,"data":{"alt":6,"fertility":100,"region":2135,"area":271}},{"x":431,"y":2835,"data":{"alt":6,"fertility":100,"region":2135,"area":271}},{"x":432,"y":2835,"data":{"alt":6,"fertility":100,"region":2135,"area":271}},{"x":429,"y":2836,"data":{"alt":6,"fertility":100,"forest":20,"region":2135,"area":271}},{"x":430,"y":2836,"data":{"alt":6,"fertility":100,"region":2135,"area":271}},{"x":431,"y":2836,"data":{"alt":6,"fertility":100,"forest":20,"region":2135,"area":271}},{"x":432,"y":2836,"data":{"alt":6,"fertility":100,"region":2135,"area":271}},{"x":433,"y":2836,"data":{"alt":6,"fertility":100,"region":2135,"area":271}},{"x":429,"y":2837,"data":{"alt":6,"fertility":100,"region":2135,"area":271}},{"x":430,"y":2837,"data":{"alt":6,"fertility":100,"forest":20,"region":2135,"area":271}},{"x":431,"y":2837,"data":{"alt":6,"fertility":100,"forest":20,"region":2135,"area":271}},{"x":432,"y":2837,"data":{"alt":6,"fertility":100,"forest":20,"region":2135,"area":271}},{"x":428,"y":2838,"data":{"alt":6,"fertility":100,"region":2135,"area":271}},{"x":429,"y":2838,"data":{"alt":6,"fertility":100,"region":2135,"area":271}},{"x":430,"y":2838,"data":{"alt":6,"fertility":100,"region":2135,"area":271}},{"x":431,"y":2838,"data":{"alt":6,"fertility":100,"region":2135,"area":271}},{"x":429,"y":2839,"data":{"alt":6,"fertility":100,"region":2135,"area":271}},{"x":430,"y":2839,"data":{"alt":6,"fertility":100,"region":2135,"area":271}}]