[{"x":2974,"y":901,"data":{"alt":5,"type":2,"area":272}},{"x":2974,"y":902,"data":{"alt":5,"type":2,"area":272}},{"x":2975,"y":902,"data":{"alt":5,"type":2,"area":272}},{"x":2975,"y":903,"data":{"alt":5,"type":2,"area":272}},{"x":2975,"y":904,"data":{"alt":5,"type":2,"area":272}},{"x":2975,"y":905,"data":{"alt":5,"type":2,"area":272}},{"x":2976,"y":901,"data":{"alt":5,"type":2,"area":272}},{"x":2976,"y":902,"data":{"alt":5,"type":2,"area":272}},{"x":2977,"y":902,"data":{"alt":5,"type":2,"area":272}},{"x":2976,"y":903,"data":{"alt":5,"type":2,"area":272}},{"x":2977,"y":903,"data":{"alt":5,"type":2,"area":272}},{"x":2976,"y":904,"data":{"alt":5,"type":2,"area":272}},{"x":2976,"y":905,"data":{"alt":5,"type":2,"area":272}},{"x":2976,"y":906,"data":{"alt":5,"type":2,"area":272}},{"x":2977,"y":906,"data":{"alt":5,"type":2,"area":272}},{"x":2976,"y":907,"data":{"alt":5,"type":2,"area":272}},{"x":2977,"y":907,"data":{"alt":5,"type":2,"area":272}},{"x":2976,"y":908,"data":{"alt":5,"type":2,"area":272}}]