[{"x":434,"y":2840,"data":{"alt":6,"fertility":100,"region":2135,"area":275}},{"x":435,"y":2840,"data":{"alt":6,"fertility":100,"region":2135,"area":275}},{"x":432,"y":2841,"data":{"alt":6,"fertility":100,"region":2135,"area":275}},{"x":433,"y":2841,"data":{"alt":6,"fertility":100,"region":2135,"area":275}},{"x":434,"y":2841,"data":{"alt":6,"fertility":100,"region":2135,"area":275}},{"x":435,"y":2841,"data":{"alt":6,"fertility":100,"region":2135,"area":275}},{"x":434,"y":2842,"data":{"alt":6,"fertility":100,"region":2135,"area":275}},{"x":435,"y":2842,"data":{"alt":6,"fertility":100,"forest":20,"region":2135,"area":275}}]