[{"x":3005,"y":904,"data":{"alt":5,"type":1,"area":276}},{"x":3006,"y":904,"data":{"alt":5,"type":1,"area":276}},{"x":3007,"y":904,"data":{"alt":5,"type":1,"area":276}},{"x":3008,"y":904,"data":{"alt":5,"type":1,"area":276}},{"x":3009,"y":904,"data":{"alt":5,"type":1,"area":276}},{"x":3010,"y":904,"data":{"alt":5,"type":1,"area":276}},{"x":3011,"y":904,"data":{"alt":5,"type":1,"area":276}},{"x":3012,"y":904,"data":{"alt":5,"type":1,"area":276}},{"x":3013,"y":904,"data":{"alt":5,"type":1,"area":276}},{"x":3014,"y":904,"data":{"alt":5,"type":1,"area":276}}]