[{"x":435,"y":2831,"data":{"alt":6,"fertility":100,"region":2135,"area":277}},{"x":436,"y":2831,"data":{"alt":6,"fertility":100,"region":2135,"area":277}},{"x":437,"y":2831,"data":{"alt":6,"fertility":100,"forest":40,"region":2135,"area":277}},{"x":438,"y":2831,"data":{"alt":6,"fertility":100,"region":2135,"area":277}},{"x":436,"y":2832,"data":{"alt":6,"fertility":100,"region":2135,"area":277}},{"x":437,"y":2832,"data":{"alt":6,"fertility":100,"region":2135,"area":277}},{"x":438,"y":2832,"data":{"alt":6,"fertility":100,"region":2135,"area":277}},{"x":436,"y":2833,"data":{"alt":6,"fertility":100,"forest":40,"region":2135,"area":277}},{"x":437,"y":2833,"data":{"alt":6,"fertility":100,"region":2135,"area":277}},{"x":438,"y":2833,"data":{"alt":6,"fertility":100,"region":2135,"area":277}},{"x":436,"y":2834,"data":{"alt":6,"fertility":100,"region":2135,"area":277}},{"x":437,"y":2834,"data":{"alt":6,"fertility":100,"region":2135,"area":277}},{"x":436,"y":2835,"data":{"alt":6,"fertility":100,"region":2135,"area":277}},{"x":437,"y":2835,"data":{"alt":6,"fertility":100,"forest":40,"region":2135,"area":277}},{"x":438,"y":2835,"data":{"alt":6,"fertility":100,"region":2135,"area":277}},{"x":439,"y":2835,"data":{"alt":6,"fertility":100,"region":2135,"area":277}},{"x":440,"y":2835,"data":{"alt":6,"fertility":100,"region":2135,"area":277}},{"x":438,"y":2836,"data":{"alt":6,"fertility":100,"region":2135,"area":277}},{"x":439,"y":2836,"data":{"alt":6,"fertility":100,"region":2135,"area":277}},{"x":440,"y":2836,"data":{"alt":6,"fertility":100,"region":2135,"area":277}},{"x":441,"y":2836,"data":{"alt":6,"fertility":100,"region":2135,"area":277}},{"x":438,"y":2837,"data":{"alt":6,"fertility":100,"region":2135,"area":277}},{"x":439,"y":2837,"data":{"alt":6,"fertility":100,"region":2135,"area":277}},{"x":440,"y":2837,"data":{"alt":6,"fertility":100,"region":2135,"area":277}},{"x":441,"y":2837,"data":{"alt":6,"fertility":100,"region":2135,"area":277}},{"x":439,"y":2838,"data":{"alt":6,"fertility":100,"region":2135,"area":277}},{"x":440,"y":2838,"data":{"alt":6,"fertility":100,"forest":40,"region":2135,"area":277}},{"x":442,"y":2838,"data":{"alt":6,"fertility":100,"region":2135,"area":277}},{"x":443,"y":2838,"data":{"alt":6,"fertility":100,"region":2135,"area":277}},{"x":444,"y":2838,"data":{"alt":6,"fertility":100,"region":2135,"area":277}},{"x":440,"y":2839,"data":{"alt":6,"fertility":100,"forest":40,"region":2135,"area":277}},{"x":441,"y":2839,"data":{"alt":6,"fertility":100,"region":2135,"area":277}},{"x":442,"y":2839,"data":{"alt":6,"fertility":100,"region":2135,"area":277}},{"x":443,"y":2839,"data":{"alt":6,"fertility":100,"region":2135,"area":277}},{"x":441,"y":2840,"data":{"alt":6,"fertility":100,"region":2135,"area":277}},{"x":442,"y":2840,"data":{"alt":6,"fertility":100,"region":2135,"area":277}},{"x":443,"y":2840,"data":{"alt":6,"fertility":100,"forest":40,"region":2135,"area":277}},{"x":444,"y":2840,"data":{"alt":7,"fertility":100,"forest":40,"region":2135,"area":277}},{"x":439,"y":2841,"data":{"alt":6,"fertility":100,"region":2135,"area":277}},{"x":440,"y":2841,"data":{"alt":6,"fertility":100,"region":2135,"area":277}},{"x":441,"y":2841,"data":{"alt":6,"fertility":100,"forest":40,"region":2135,"area":277}},{"x":442,"y":2841,"data":{"alt":6,"fertility":100,"region":2135,"area":277}},{"x":443,"y":2841,"data":{"alt":7,"fertility":100,"region":2135,"area":277}},{"x":441,"y":2842,"data":{"alt":6,"fertility":100,"region":2135,"area":277}},{"x":442,"y":2842,"data":{"alt":7,"fertility":100,"region":2135,"area":277}}]