[{"x":3015,"y":903,"data":{"alt":5,"type":1,"area":278}},{"x":3016,"y":903,"data":{"alt":5,"type":1,"area":278}},{"x":3017,"y":903,"data":{"alt":5,"type":1,"area":278}},{"x":3018,"y":903,"data":{"alt":5,"type":1,"area":278}},{"x":3019,"y":903,"data":{"alt":5,"type":1,"area":278}},{"x":3020,"y":903,"data":{"alt":5,"type":1,"area":278}},{"x":3021,"y":903,"data":{"alt":5,"type":1,"area":278}},{"x":3022,"y":903,"data":{"alt":5,"type":1,"area":278}},{"x":3023,"y":903,"data":{"alt":5,"type":1,"area":278}},{"x":3024,"y":903,"data":{"alt":5,"type":1,"res":1,"resAmount":20,"area":278}},{"x":3025,"y":903,"data":{"alt":5,"type":1,"res":1,"resAmount":20,"area":278}},{"x":3026,"y":903,"data":{"alt":5,"type":1,"res":1,"resAmount":20,"area":278}},{"x":3027,"y":903,"data":{"alt":5,"type":1,"res":1,"resAmount":40,"area":278}},{"x":3028,"y":903,"data":{"alt":5,"type":1,"res":1,"resAmount":40,"area":278}},{"x":3029,"y":903,"data":{"alt":5,"type":1,"res":1,"resAmount":20,"area":278}},{"x":3030,"y":903,"data":{"alt":5,"type":1,"area":278}},{"x":3031,"y":903,"data":{"alt":5,"type":1,"area":278}},{"x":3032,"y":903,"data":{"alt":5,"type":1,"area":278}},{"x":3033,"y":903,"data":{"alt":5,"type":1,"res":1,"resAmount":40,"area":278}},{"x":3034,"y":903,"data":{"alt":5,"type":1,"res":1,"resAmount":40,"area":278}},{"x":3035,"y":903,"data":{"alt":5,"type":1,"res":1,"resAmount":40,"area":278}},{"x":3036,"y":903,"data":{"alt":5,"type":1,"res":1,"resAmount":40,"area":278}},{"x":3037,"y":903,"data":{"alt":5,"type":1,"res":1,"resAmount":40,"area":278}}]