[{"x":182,"y":32,"data":{"alt":6,"type":1,"area":28}},{"x":182,"y":33,"data":{"alt":6,"type":1,"area":28}},{"x":182,"y":34,"data":{"alt":6,"type":1,"area":28}},{"x":182,"y":35,"data":{"alt":6,"type":1,"area":28}},{"x":182,"y":36,"data":{"alt":6,"type":1,"area":28}},{"x":182,"y":37,"data":{"alt":6,"type":1,"area":28}},{"x":182,"y":38,"data":{"alt":6,"type":1,"area":28}},{"x":182,"y":39,"data":{"alt":6,"type":1,"area":28}},{"x":182,"y":40,"data":{"alt":6,"type":1,"area":28}},{"x":182,"y":41,"data":{"alt":6,"type":1,"area":28}},{"x":182,"y":42,"data":{"alt":6,"type":1,"area":28}},{"x":182,"y":43,"data":{"alt":6,"type":1,"area":28}},{"x":182,"y":44,"data":{"alt":6,"type":1,"area":28}},{"x":182,"y":45,"data":{"alt":6,"type":1,"area":28}},{"x":182,"y":46,"data":{"alt":6,"type":1,"area":28}},{"x":182,"y":47,"data":{"alt":6,"type":1,"area":28}},{"x":182,"y":48,"data":{"alt":6,"type":1,"area":28}},{"x":182,"y":49,"data":{"alt":6,"type":1,"area":28}},{"x":182,"y":50,"data":{"alt":6,"type":1,"area":28}},{"x":182,"y":51,"data":{"alt":6,"type":1,"area":28}},{"x":182,"y":13,"data":{"alt":5,"type":1,"area":28}},{"x":182,"y":14,"data":{"alt":5,"type":1,"area":28}},{"x":182,"y":15,"data":{"alt":5,"type":1,"area":28}},{"x":182,"y":16,"data":{"alt":5,"type":1,"area":28}},{"x":182,"y":17,"data":{"alt":5,"type":1,"area":28}},{"x":182,"y":18,"data":{"alt":6,"type":1,"area":28}},{"x":182,"y":19,"data":{"alt":6,"type":1,"area":28}},{"x":182,"y":20,"data":{"alt":6,"type":1,"area":28}},{"x":182,"y":21,"data":{"alt":6,"type":1,"area":28}},{"x":182,"y":22,"data":{"alt":6,"type":1,"area":28}},{"x":182,"y":23,"data":{"alt":6,"type":1,"area":28}},{"x":182,"y":24,"data":{"alt":6,"type":1,"area":28}},{"x":182,"y":25,"data":{"alt":6,"type":1,"area":28}},{"x":182,"y":26,"data":{"alt":6,"type":1,"area":28}},{"x":182,"y":27,"data":{"alt":6,"type":1,"area":28}},{"x":182,"y":28,"data":{"alt":6,"type":1,"area":28}},{"x":182,"y":29,"data":{"alt":6,"type":1,"area":28}},{"x":182,"y":30,"data":{"alt":6,"type":1,"area":28}},{"x":182,"y":31,"data":{"alt":6,"type":1,"area":28}}]