[{"x":3018,"y":515,"data":{"alt":2,"type":2,"area":280}},{"x":3019,"y":515,"data":{"alt":2,"type":2,"area":280}},{"x":3018,"y":516,"data":{"alt":2,"type":2,"area":280}},{"x":3019,"y":516,"data":{"alt":2,"type":2,"area":280}},{"x":3020,"y":516,"data":{"alt":2,"type":2,"area":280}},{"x":3017,"y":517,"data":{"alt":2,"type":2,"area":280}},{"x":3018,"y":517,"data":{"alt":2,"type":2,"area":280}},{"x":3019,"y":517,"data":{"alt":2,"type":2,"area":280}},{"x":3020,"y":517,"data":{"alt":2,"type":2,"area":280}},{"x":3019,"y":518,"data":{"alt":2,"type":2,"area":280}},{"x":3020,"y":518,"data":{"alt":2,"type":2,"area":280}},{"x":3019,"y":519,"data":{"alt":2,"type":2,"area":280}}]