[{"x":446,"y":2816,"data":{"alt":6,"fertility":100,"region":2135,"area":281}},{"x":447,"y":2816,"data":{"alt":6,"fertility":100,"region":2135,"area":281}},{"x":446,"y":2817,"data":{"alt":6,"fertility":100,"region":2135,"area":281}},{"x":447,"y":2817,"data":{"alt":6,"fertility":100,"region":2135,"area":281}},{"x":446,"y":2818,"data":{"alt":6,"fertility":100,"region":2135,"area":281}},{"x":447,"y":2818,"data":{"alt":6,"fertility":100,"region":2135,"area":281}},{"x":446,"y":2819,"data":{"alt":6,"fertility":100,"region":2135,"area":281}},{"x":447,"y":2819,"data":{"alt":6,"fertility":100,"region":2135,"area":281}},{"x":447,"y":2820,"data":{"alt":6,"fertility":100,"forest":40,"region":2135,"area":281}},{"x":447,"y":2814,"data":{"alt":6,"fertility":100,"region":2135,"area":281}},{"x":447,"y":2815,"data":{"alt":6,"fertility":100,"forest":40,"region":2135,"area":281}},{"x":448,"y":2817,"data":{"alt":6,"fertility":100,"forest":40,"region":2135,"area":281}},{"x":448,"y":2818,"data":{"alt":6,"fertility":100,"region":2135,"area":281}},{"x":449,"y":2818,"data":{"alt":6,"fertility":100,"region":2135,"area":281}},{"x":448,"y":2819,"data":{"alt":6,"fertility":100,"region":2135,"area":281}},{"x":449,"y":2819,"data":{"alt":6,"fertility":100,"region":2135,"area":281}},{"x":448,"y":2814,"data":{"alt":6,"fertility":100,"region":2135,"area":281}},{"x":448,"y":2815,"data":{"alt":6,"fertility":100,"region":2135,"area":281}}]