[{"x":3029,"y":736,"data":{"alt":3,"type":2,"area":282}},{"x":3030,"y":736,"data":{"alt":3,"type":2,"area":282}},{"x":3032,"y":736,"data":{"alt":3,"type":2,"area":282}},{"x":3033,"y":736,"data":{"alt":3,"type":2,"area":282}},{"x":3034,"y":736,"data":{"alt":3,"type":2,"area":282}},{"x":3035,"y":736,"data":{"alt":3,"type":1,"area":282}},{"x":3036,"y":736,"data":{"alt":3,"type":2,"area":282}},{"x":3037,"y":736,"data":{"alt":3,"type":2,"area":282}},{"x":3038,"y":736,"data":{"alt":3,"type":2,"area":282}},{"x":3039,"y":736,"data":{"alt":3,"type":2,"area":282}},{"x":3028,"y":737,"data":{"alt":3,"type":2,"area":282}},{"x":3029,"y":737,"data":{"alt":3,"type":2,"area":282}},{"x":3030,"y":737,"data":{"alt":3,"type":2,"area":282}},{"x":3031,"y":737,"data":{"alt":3,"type":2,"area":282}},{"x":3032,"y":737,"data":{"alt":3,"type":2,"area":282}},{"x":3033,"y":737,"data":{"alt":3,"type":2,"area":282}},{"x":3034,"y":737,"data":{"alt":3,"type":2,"area":282}},{"x":3035,"y":737,"data":{"alt":3,"type":2,"area":282}},{"x":3036,"y":737,"data":{"alt":3,"type":1,"area":282}},{"x":3037,"y":737,"data":{"alt":3,"type":2,"area":282}},{"x":3038,"y":737,"data":{"alt":3,"type":2,"area":282}},{"x":3039,"y":737,"data":{"alt":3,"type":2,"area":282}},{"x":3028,"y":738,"data":{"alt":3,"type":2,"area":282}},{"x":3029,"y":738,"data":{"alt":3,"type":2,"area":282}},{"x":3030,"y":738,"data":{"alt":3,"type":2,"area":282}},{"x":3031,"y":738,"data":{"alt":3,"type":2,"area":282}},{"x":3032,"y":738,"data":{"alt":3,"type":2,"area":282}},{"x":3033,"y":738,"data":{"alt":3,"type":2,"area":282}},{"x":3034,"y":738,"data":{"alt":3,"type":2,"area":282}},{"x":3035,"y":738,"data":{"alt":3,"type":2,"area":282}},{"x":3036,"y":738,"data":{"alt":3,"type":2,"area":282}},{"x":3037,"y":738,"data":{"alt":3,"type":1,"area":282}},{"x":3038,"y":738,"data":{"alt":3,"type":2,"area":282}},{"x":3039,"y":738,"data":{"alt":3,"type":2,"area":282}},{"x":3026,"y":739,"data":{"alt":3,"type":1,"area":282}},{"x":3027,"y":739,"data":{"alt":3,"type":1,"area":282}},{"x":3028,"y":739,"data":{"alt":3,"type":1,"area":282}},{"x":3029,"y":739,"data":{"alt":3,"type":1,"area":282}},{"x":3030,"y":739,"data":{"alt":3,"type":1,"area":282}},{"x":3031,"y":739,"data":{"alt":3,"type":1,"area":282}},{"x":3032,"y":739,"data":{"alt":3,"type":1,"area":282}},{"x":3033,"y":739,"data":{"alt":3,"type":1,"area":282}},{"x":3034,"y":739,"data":{"alt":3,"type":1,"area":282}},{"x":3035,"y":739,"data":{"alt":3,"type":1,"area":282}},{"x":3036,"y":739,"data":{"alt":3,"type":1,"area":282}},{"x":3037,"y":739,"data":{"alt":3,"type":2,"area":282}},{"x":3038,"y":739,"data":{"alt":3,"type":2,"area":282}},{"x":3039,"y":739,"data":{"alt":3,"type":2,"area":282}},{"x":3030,"y":740,"data":{"alt":3,"type":2,"area":282}},{"x":3031,"y":740,"data":{"alt":3,"type":2,"area":282}},{"x":3032,"y":740,"data":{"alt":3,"type":2,"area":282}},{"x":3033,"y":740,"data":{"alt":3,"type":2,"area":282}},{"x":3034,"y":740,"data":{"alt":3,"type":2,"area":282}},{"x":3035,"y":740,"data":{"alt":3,"type":2,"area":282}},{"x":3036,"y":740,"data":{"alt":3,"type":2,"area":282}},{"x":3037,"y":740,"data":{"alt":3,"type":2,"area":282}},{"x":3038,"y":740,"data":{"alt":3,"type":2,"area":282}},{"x":3039,"y":740,"data":{"alt":3,"type":2,"area":282}},{"x":3028,"y":741,"data":{"alt":3,"type":2,"area":282}},{"x":3029,"y":741,"data":{"alt":3,"type":2,"area":282}},{"x":3030,"y":741,"data":{"alt":3,"type":2,"area":282}},{"x":3031,"y":741,"data":{"alt":3,"type":2,"area":282}},{"x":3032,"y":741,"data":{"alt":3,"type":2,"area":282}},{"x":3033,"y":741,"data":{"alt":3,"type":2,"area":282}},{"x":3034,"y":741,"data":{"alt":3,"type":2,"area":282}},{"x":3035,"y":741,"data":{"alt":3,"type":2,"area":282}},{"x":3036,"y":741,"data":{"alt":3,"type":2,"area":282}},{"x":3037,"y":741,"data":{"alt":3,"type":2,"area":282}},{"x":3038,"y":741,"data":{"alt":3,"type":2,"area":282}},{"x":3039,"y":741,"data":{"alt":3,"type":2,"area":282}},{"x":3028,"y":742,"data":{"alt":3,"type":2,"area":282}},{"x":3029,"y":742,"data":{"alt":3,"type":2,"area":282}},{"x":3030,"y":742,"data":{"alt":3,"type":2,"area":282}},{"x":3031,"y":742,"data":{"alt":3,"type":2,"area":282}},{"x":3032,"y":742,"data":{"alt":3,"type":2,"area":282}},{"x":3033,"y":742,"data":{"alt":3,"type":2,"area":282}},{"x":3034,"y":742,"data":{"alt":3,"type":2,"area":282}},{"x":3035,"y":742,"data":{"alt":3,"type":2,"area":282}},{"x":3029,"y":743,"data":{"alt":3,"type":2,"area":282}},{"x":3032,"y":743,"data":{"alt":3,"type":2,"area":282}},{"x":3033,"y":743,"data":{"alt":3,"type":2,"area":282}},{"x":3032,"y":744,"data":{"alt":3,"type":2,"area":282}},{"x":3026,"y":713,"data":{"alt":3,"type":2,"area":282}},{"x":3025,"y":714,"data":{"alt":3,"type":2,"area":282}},{"x":3026,"y":714,"data":{"alt":3,"type":2,"area":282}},{"x":3027,"y":714,"data":{"alt":3,"type":2,"area":282}},{"x":3028,"y":714,"data":{"alt":3,"type":2,"area":282}},{"x":3023,"y":715,"data":{"alt":3,"type":2,"area":282}},{"x":3024,"y":715,"data":{"alt":3,"type":2,"area":282}},{"x":3025,"y":715,"data":{"alt":3,"type":2,"area":282}},{"x":3026,"y":715,"data":{"alt":3,"type":2,"area":282}},{"x":3027,"y":715,"data":{"alt":3,"type":2,"area":282}},{"x":3028,"y":715,"data":{"alt":3,"type":2,"area":282}},{"x":3029,"y":715,"data":{"alt":3,"type":2,"area":282}},{"x":3032,"y":715,"data":{"alt":3,"type":2,"area":282}},{"x":3023,"y":716,"data":{"alt":3,"type":1,"area":282}},{"x":3024,"y":716,"data":{"alt":3,"type":1,"area":282}},{"x":3025,"y":716,"data":{"alt":3,"type":1,"area":282}},{"x":3026,"y":716,"data":{"alt":3,"type":2,"area":282}},{"x":3027,"y":716,"data":{"alt":3,"type":2,"area":282}},{"x":3028,"y":716,"data":{"alt":3,"type":2,"area":282}},{"x":3032,"y":716,"data":{"alt":3,"type":2,"area":282}},{"x":3026,"y":717,"data":{"alt":3,"type":1,"area":282}},{"x":3027,"y":717,"data":{"alt":3,"type":2,"area":282}},{"x":3028,"y":717,"data":{"alt":3,"type":2,"area":282}},{"x":3029,"y":717,"data":{"alt":3,"type":2,"area":282}},{"x":3030,"y":717,"data":{"alt":3,"type":2,"area":282}},{"x":3031,"y":717,"data":{"alt":3,"type":2,"area":282}},{"x":3032,"y":717,"data":{"alt":3,"type":2,"area":282}},{"x":3033,"y":717,"data":{"alt":3,"type":2,"area":282}},{"x":3026,"y":718,"data":{"alt":3,"type":1,"area":282}},{"x":3027,"y":718,"data":{"alt":3,"type":2,"area":282}},{"x":3028,"y":718,"data":{"alt":3,"type":2,"area":282}},{"x":3029,"y":718,"data":{"alt":3,"type":2,"area":282}},{"x":3030,"y":718,"data":{"alt":3,"type":2,"area":282}},{"x":3031,"y":718,"data":{"alt":3,"type":2,"area":282}},{"x":3032,"y":718,"data":{"alt":3,"type":2,"area":282}},{"x":3033,"y":718,"data":{"alt":3,"type":2,"area":282}},{"x":3021,"y":719,"data":{"alt":3,"type":2,"area":282}},{"x":3026,"y":719,"data":{"alt":3,"type":1,"area":282}},{"x":3027,"y":719,"data":{"alt":3,"type":2,"area":282}},{"x":3028,"y":719,"data":{"alt":3,"type":2,"area":282}},{"x":3029,"y":719,"data":{"alt":3,"type":2,"area":282}},{"x":3030,"y":719,"data":{"alt":3,"type":2,"area":282}},{"x":3031,"y":719,"data":{"alt":3,"type":2,"area":282}},{"x":3032,"y":719,"data":{"alt":3,"type":2,"area":282}},{"x":3033,"y":719,"data":{"alt":3,"type":2,"area":282}},{"x":3034,"y":719,"data":{"alt":3,"type":2,"area":282}},{"x":3021,"y":720,"data":{"alt":3,"type":2,"area":282}},{"x":3022,"y":720,"data":{"alt":3,"type":2,"area":282}},{"x":3026,"y":720,"data":{"alt":3,"type":1,"area":282}},{"x":3027,"y":720,"data":{"alt":3,"type":2,"area":282}},{"x":3028,"y":720,"data":{"alt":3,"type":2,"area":282}},{"x":3029,"y":720,"data":{"alt":3,"type":2,"area":282}},{"x":3030,"y":720,"data":{"alt":3,"type":2,"area":282}},{"x":3031,"y":720,"data":{"alt":3,"type":2,"area":282}},{"x":3032,"y":720,"data":{"alt":3,"type":2,"area":282}},{"x":3033,"y":720,"data":{"alt":3,"type":2,"area":282}},{"x":3034,"y":720,"data":{"alt":3,"type":2,"area":282}},{"x":3021,"y":721,"data":{"alt":3,"type":2,"area":282}},{"x":3022,"y":721,"data":{"alt":3,"type":2,"area":282}},{"x":3026,"y":721,"data":{"alt":3,"type":2,"area":282}},{"x":3027,"y":721,"data":{"alt":3,"type":1,"area":282}},{"x":3028,"y":721,"data":{"alt":3,"type":2,"area":282}},{"x":3029,"y":721,"data":{"alt":3,"type":2,"area":282}},{"x":3030,"y":721,"data":{"alt":3,"type":2,"area":282}},{"x":3031,"y":721,"data":{"alt":3,"type":2,"area":282}},{"x":3032,"y":721,"data":{"alt":3,"type":2,"area":282}},{"x":3033,"y":721,"data":{"alt":3,"type":2,"area":282}},{"x":3034,"y":721,"data":{"alt":3,"type":2,"area":282}},{"x":3020,"y":722,"data":{"alt":3,"type":2,"area":282}},{"x":3021,"y":722,"data":{"alt":3,"type":2,"area":282}},{"x":3022,"y":722,"data":{"alt":3,"type":2,"area":282}},{"x":3023,"y":722,"data":{"alt":3,"type":2,"area":282}},{"x":3024,"y":722,"data":{"alt":3,"type":2,"area":282}},{"x":3025,"y":722,"data":{"alt":3,"type":2,"area":282}},{"x":3026,"y":722,"data":{"alt":3,"type":2,"area":282}},{"x":3027,"y":722,"data":{"alt":3,"type":1,"area":282}},{"x":3028,"y":722,"data":{"alt":3,"type":2,"area":282}},{"x":3029,"y":722,"data":{"alt":3,"type":2,"area":282}},{"x":3030,"y":722,"data":{"alt":3,"type":2,"area":282}},{"x":3031,"y":722,"data":{"alt":3,"type":2,"area":282}},{"x":3032,"y":722,"data":{"alt":3,"type":2,"area":282}},{"x":3033,"y":722,"data":{"alt":3,"type":2,"area":282}},{"x":3034,"y":722,"data":{"alt":3,"type":2,"area":282}},{"x":3035,"y":722,"data":{"alt":3,"type":2,"area":282}},{"x":3019,"y":723,"data":{"alt":3,"type":2,"area":282}},{"x":3020,"y":723,"data":{"alt":3,"type":2,"area":282}},{"x":3021,"y":723,"data":{"alt":3,"type":2,"area":282}},{"x":3022,"y":723,"data":{"alt":3,"type":2,"area":282}},{"x":3026,"y":723,"data":{"alt":3,"type":2,"area":282}},{"x":3027,"y":723,"data":{"alt":3,"type":1,"area":282}},{"x":3028,"y":723,"data":{"alt":3,"type":2,"area":282}},{"x":3029,"y":723,"data":{"alt":3,"type":2,"area":282}},{"x":3030,"y":723,"data":{"alt":3,"type":2,"area":282}},{"x":3031,"y":723,"data":{"alt":3,"type":2,"area":282}},{"x":3032,"y":723,"data":{"alt":3,"type":2,"area":282}},{"x":3033,"y":723,"data":{"alt":3,"type":2,"area":282}},{"x":3034,"y":723,"data":{"alt":3,"type":2,"area":282}},{"x":3035,"y":723,"data":{"alt":3,"type":2,"area":282}},{"x":3020,"y":724,"data":{"alt":3,"type":2,"area":282}},{"x":3021,"y":724,"data":{"alt":3,"type":2,"area":282}},{"x":3022,"y":724,"data":{"alt":3,"type":2,"area":282}},{"x":3027,"y":724,"data":{"alt":3,"type":1,"area":282}},{"x":3028,"y":724,"data":{"alt":3,"type":2,"area":282}},{"x":3029,"y":724,"data":{"alt":3,"type":2,"area":282}},{"x":3030,"y":724,"data":{"alt":3,"type":2,"area":282}},{"x":3031,"y":724,"data":{"alt":3,"type":2,"area":282}},{"x":3032,"y":724,"data":{"alt":3,"type":2,"area":282}},{"x":3033,"y":724,"data":{"alt":3,"type":2,"area":282}},{"x":3034,"y":724,"data":{"alt":3,"type":2,"area":282}},{"x":3035,"y":724,"data":{"alt":3,"type":2,"area":282}},{"x":3036,"y":724,"data":{"alt":3,"type":2,"area":282}},{"x":3037,"y":724,"data":{"alt":3,"type":2,"area":282}},{"x":3038,"y":724,"data":{"alt":3,"type":2,"area":282}},{"x":3020,"y":725,"data":{"alt":3,"type":2,"area":282}},{"x":3021,"y":725,"data":{"alt":3,"type":2,"area":282}},{"x":3022,"y":725,"data":{"alt":3,"type":2,"area":282}},{"x":3023,"y":725,"data":{"alt":3,"type":2,"area":282}},{"x":3024,"y":725,"data":{"alt":3,"type":2,"area":282}},{"x":3025,"y":725,"data":{"alt":3,"type":2,"area":282}},{"x":3026,"y":725,"data":{"alt":3,"type":1,"area":282}},{"x":3027,"y":725,"data":{"alt":3,"type":2,"area":282}},{"x":3028,"y":725,"data":{"alt":3,"type":2,"area":282}},{"x":3029,"y":725,"data":{"alt":3,"type":2,"area":282}},{"x":3030,"y":725,"data":{"alt":3,"type":2,"area":282}},{"x":3031,"y":725,"data":{"alt":3,"type":2,"area":282}},{"x":3032,"y":725,"data":{"alt":3,"type":2,"area":282}},{"x":3033,"y":725,"data":{"alt":3,"type":2,"area":282}},{"x":3034,"y":725,"data":{"alt":3,"type":2,"area":282}},{"x":3035,"y":725,"data":{"alt":3,"type":2,"area":282}},{"x":3036,"y":725,"data":{"alt":3,"type":2,"area":282}},{"x":3037,"y":725,"data":{"alt":3,"type":2,"area":282}},{"x":3038,"y":725,"data":{"alt":3,"type":2,"area":282}},{"x":3022,"y":726,"data":{"alt":3,"type":2,"area":282}},{"x":3026,"y":726,"data":{"alt":3,"type":1,"area":282}},{"x":3027,"y":726,"data":{"alt":3,"type":2,"area":282}},{"x":3028,"y":726,"data":{"alt":3,"type":2,"area":282}},{"x":3029,"y":726,"data":{"alt":3,"type":2,"area":282}},{"x":3030,"y":726,"data":{"alt":3,"type":2,"area":282}},{"x":3031,"y":726,"data":{"alt":3,"type":2,"area":282}},{"x":3032,"y":726,"data":{"alt":3,"type":2,"area":282}},{"x":3033,"y":726,"data":{"alt":3,"type":2,"area":282}},{"x":3034,"y":726,"data":{"alt":3,"type":2,"area":282}},{"x":3035,"y":726,"data":{"alt":3,"type":2,"area":282}},{"x":3036,"y":726,"data":{"alt":3,"type":2,"area":282}},{"x":3037,"y":726,"data":{"alt":3,"type":2,"area":282}},{"x":3027,"y":727,"data":{"alt":3,"type":1,"area":282}},{"x":3029,"y":727,"data":{"alt":3,"type":2,"area":282}},{"x":3030,"y":727,"data":{"alt":3,"type":2,"area":282}},{"x":3031,"y":727,"data":{"alt":3,"type":2,"area":282}},{"x":3032,"y":727,"data":{"alt":3,"type":2,"area":282}},{"x":3033,"y":727,"data":{"alt":3,"type":2,"area":282}},{"x":3034,"y":727,"data":{"alt":3,"type":2,"area":282}},{"x":3035,"y":727,"data":{"alt":3,"type":2,"area":282}},{"x":3036,"y":727,"data":{"alt":3,"type":2,"area":282}},{"x":3037,"y":727,"data":{"alt":3,"type":2,"area":282}},{"x":3038,"y":727,"data":{"alt":3,"type":2,"area":282}},{"x":3039,"y":727,"data":{"alt":3,"type":2,"area":282}},{"x":3029,"y":728,"data":{"alt":3,"type":2,"area":282}},{"x":3030,"y":728,"data":{"alt":3,"type":2,"area":282}},{"x":3031,"y":728,"data":{"alt":3,"type":2,"area":282}},{"x":3032,"y":728,"data":{"alt":3,"type":2,"area":282}},{"x":3033,"y":728,"data":{"alt":3,"type":2,"area":282}},{"x":3034,"y":728,"data":{"alt":3,"type":2,"area":282}},{"x":3035,"y":728,"data":{"alt":3,"type":2,"area":282}},{"x":3036,"y":728,"data":{"alt":3,"type":2,"area":282}},{"x":3037,"y":728,"data":{"alt":3,"type":2,"area":282}},{"x":3038,"y":728,"data":{"alt":3,"type":2,"area":282}},{"x":3039,"y":728,"data":{"alt":3,"type":2,"area":282}},{"x":3028,"y":729,"data":{"alt":3,"type":1,"area":282}},{"x":3029,"y":729,"data":{"alt":3,"type":1,"area":282}},{"x":3030,"y":729,"data":{"alt":3,"type":2,"area":282}},{"x":3031,"y":729,"data":{"alt":3,"type":2,"area":282}},{"x":3032,"y":729,"data":{"alt":3,"type":2,"area":282}},{"x":3033,"y":729,"data":{"alt":3,"type":2,"area":282}},{"x":3034,"y":729,"data":{"alt":3,"type":2,"area":282}},{"x":3035,"y":729,"data":{"alt":3,"type":2,"area":282}},{"x":3036,"y":729,"data":{"alt":3,"type":2,"area":282}},{"x":3037,"y":729,"data":{"alt":3,"type":2,"area":282}},{"x":3038,"y":729,"data":{"alt":3,"type":2,"area":282}},{"x":3039,"y":729,"data":{"alt":3,"type":2,"area":282}},{"x":3029,"y":730,"data":{"alt":3,"type":2,"area":282}},{"x":3030,"y":730,"data":{"alt":3,"type":1,"area":282}},{"x":3031,"y":730,"data":{"alt":3,"type":2,"area":282}},{"x":3032,"y":730,"data":{"alt":3,"type":2,"area":282}},{"x":3033,"y":730,"data":{"alt":3,"type":2,"area":282}},{"x":3034,"y":730,"data":{"alt":3,"type":2,"area":282}},{"x":3035,"y":730,"data":{"alt":3,"type":2,"area":282}},{"x":3036,"y":730,"data":{"alt":3,"type":2,"area":282}},{"x":3037,"y":730,"data":{"alt":3,"type":2,"area":282}},{"x":3038,"y":730,"data":{"alt":3,"type":2,"area":282}},{"x":3039,"y":730,"data":{"alt":3,"type":2,"area":282}},{"x":3029,"y":731,"data":{"alt":3,"type":2,"area":282}},{"x":3030,"y":731,"data":{"alt":3,"type":2,"area":282}},{"x":3031,"y":731,"data":{"alt":3,"type":1,"area":282}},{"x":3032,"y":731,"data":{"alt":3,"type":1,"area":282}},{"x":3033,"y":731,"data":{"alt":3,"type":2,"area":282}},{"x":3034,"y":731,"data":{"alt":3,"type":2,"area":282}},{"x":3035,"y":731,"data":{"alt":3,"type":2,"area":282}},{"x":3036,"y":731,"data":{"alt":3,"type":2,"area":282}},{"x":3037,"y":731,"data":{"alt":3,"type":2,"area":282}},{"x":3038,"y":731,"data":{"alt":3,"type":2,"area":282}},{"x":3039,"y":731,"data":{"alt":3,"type":2,"area":282}},{"x":3029,"y":732,"data":{"alt":3,"type":2,"area":282}},{"x":3030,"y":732,"data":{"alt":3,"type":2,"area":282}},{"x":3031,"y":732,"data":{"alt":3,"type":2,"area":282}},{"x":3033,"y":732,"data":{"alt":3,"type":1,"area":282}},{"x":3034,"y":732,"data":{"alt":3,"type":2,"area":282}},{"x":3035,"y":732,"data":{"alt":3,"type":2,"area":282}},{"x":3036,"y":732,"data":{"alt":3,"type":2,"area":282}},{"x":3037,"y":732,"data":{"alt":3,"type":2,"area":282}},{"x":3038,"y":732,"data":{"alt":3,"type":2,"area":282}},{"x":3039,"y":732,"data":{"alt":3,"type":2,"area":282}},{"x":3029,"y":733,"data":{"alt":3,"type":2,"area":282}},{"x":3030,"y":733,"data":{"alt":3,"type":2,"area":282}},{"x":3033,"y":733,"data":{"alt":3,"type":2,"area":282}},{"x":3034,"y":733,"data":{"alt":3,"type":1,"area":282}},{"x":3035,"y":733,"data":{"alt":3,"type":2,"area":282}},{"x":3036,"y":733,"data":{"alt":3,"type":2,"area":282}},{"x":3037,"y":733,"data":{"alt":3,"type":2,"area":282}},{"x":3038,"y":733,"data":{"alt":3,"type":2,"res":1,"resAmount":20,"area":282}},{"x":3039,"y":733,"data":{"alt":3,"type":2,"area":282}},{"x":3029,"y":734,"data":{"alt":3,"type":2,"area":282}},{"x":3030,"y":734,"data":{"alt":3,"type":2,"area":282}},{"x":3034,"y":734,"data":{"alt":3,"type":2,"area":282}},{"x":3035,"y":734,"data":{"alt":3,"type":1,"area":282}},{"x":3036,"y":734,"data":{"alt":3,"type":2,"area":282}},{"x":3037,"y":734,"data":{"alt":3,"type":2,"area":282}},{"x":3038,"y":734,"data":{"alt":3,"type":2,"area":282}},{"x":3039,"y":734,"data":{"alt":3,"type":2,"area":282}},{"x":3029,"y":735,"data":{"alt":3,"type":2,"area":282}},{"x":3030,"y":735,"data":{"alt":3,"type":2,"area":282}},{"x":3032,"y":735,"data":{"alt":3,"type":2,"area":282}},{"x":3033,"y":735,"data":{"alt":3,"type":2,"area":282}},{"x":3034,"y":735,"data":{"alt":3,"type":2,"area":282}},{"x":3035,"y":735,"data":{"alt":3,"type":1,"area":282}},{"x":3036,"y":735,"data":{"alt":3,"type":2,"area":282}},{"x":3037,"y":735,"data":{"alt":3,"type":2,"area":282}},{"x":3038,"y":735,"data":{"alt":3,"type":2,"area":282}},{"x":3039,"y":735,"data":{"alt":3,"type":2,"area":282}},{"x":3040,"y":726,"data":{"alt":3,"type":2,"area":282}},{"x":3042,"y":726,"data":{"alt":3,"type":2,"area":282}},{"x":3043,"y":726,"data":{"alt":3,"type":2,"area":282}},{"x":3040,"y":727,"data":{"alt":3,"type":2,"area":282}},{"x":3041,"y":727,"data":{"alt":3,"type":2,"area":282}},{"x":3042,"y":727,"data":{"alt":3,"type":2,"area":282}},{"x":3043,"y":727,"data":{"alt":3,"type":2,"area":282}},{"x":3040,"y":728,"data":{"alt":3,"type":2,"area":282}},{"x":3041,"y":728,"data":{"alt":3,"type":2,"area":282}},{"x":3042,"y":728,"data":{"alt":3,"type":2,"area":282}},{"x":3043,"y":728,"data":{"alt":3,"type":2,"area":282}},{"x":3044,"y":728,"data":{"alt":3,"type":2,"area":282}},{"x":3040,"y":729,"data":{"alt":3,"type":2,"area":282}},{"x":3041,"y":729,"data":{"alt":3,"type":2,"area":282}},{"x":3042,"y":729,"data":{"alt":3,"type":2,"area":282}},{"x":3043,"y":729,"data":{"alt":3,"type":2,"area":282}},{"x":3044,"y":729,"data":{"alt":3,"type":2,"area":282}},{"x":3045,"y":729,"data":{"alt":3,"type":2,"area":282}},{"x":3040,"y":730,"data":{"alt":3,"type":2,"area":282}},{"x":3041,"y":730,"data":{"alt":3,"type":2,"area":282}},{"x":3042,"y":730,"data":{"alt":3,"type":2,"area":282}},{"x":3043,"y":730,"data":{"alt":3,"type":2,"area":282}},{"x":3044,"y":730,"data":{"alt":3,"type":2,"area":282}},{"x":3045,"y":730,"data":{"alt":3,"type":2,"area":282}},{"x":3046,"y":730,"data":{"alt":3,"type":2,"area":282}},{"x":3047,"y":730,"data":{"alt":3,"type":2,"area":282}},{"x":3048,"y":730,"data":{"alt":3,"type":2,"area":282}},{"x":3040,"y":731,"data":{"alt":3,"type":2,"area":282}},{"x":3041,"y":731,"data":{"alt":3,"type":2,"area":282}},{"x":3042,"y":731,"data":{"alt":3,"type":2,"area":282}},{"x":3043,"y":731,"data":{"alt":3,"type":2,"area":282}},{"x":3044,"y":731,"data":{"alt":3,"type":2,"area":282}},{"x":3045,"y":731,"data":{"alt":3,"type":2,"res":1,"resAmount":40,"area":282}},{"x":3046,"y":731,"data":{"alt":3,"type":2,"area":282}},{"x":3047,"y":731,"data":{"alt":3,"type":2,"area":282}},{"x":3048,"y":731,"data":{"alt":3,"type":2,"area":282}},{"x":3040,"y":732,"data":{"alt":3,"type":2,"area":282}},{"x":3041,"y":732,"data":{"alt":3,"type":2,"area":282}},{"x":3045,"y":732,"data":{"alt":3,"type":2,"area":282}},{"x":3046,"y":732,"data":{"alt":3,"type":2,"area":282}},{"x":3047,"y":732,"data":{"alt":3,"type":2,"area":282}},{"x":3040,"y":733,"data":{"alt":3,"type":2,"area":282}},{"x":3041,"y":733,"data":{"alt":3,"type":2,"area":282}},{"x":3046,"y":733,"data":{"alt":3,"type":2,"area":282}},{"x":3047,"y":733,"data":{"alt":3,"type":2,"area":282}},{"x":3040,"y":734,"data":{"alt":3,"type":2,"area":282}},{"x":3041,"y":734,"data":{"alt":3,"type":2,"area":282}},{"x":3042,"y":734,"data":{"alt":3,"type":2,"area":282}},{"x":3043,"y":734,"data":{"alt":3,"type":2,"area":282}},{"x":3044,"y":734,"data":{"alt":3,"type":2,"area":282}},{"x":3045,"y":734,"data":{"alt":3,"type":2,"area":282}},{"x":3046,"y":734,"data":{"alt":3,"type":2,"area":282}},{"x":3047,"y":734,"data":{"alt":3,"type":2,"area":282}},{"x":3048,"y":734,"data":{"alt":3,"type":2,"area":282}},{"x":3040,"y":735,"data":{"alt":3,"type":2,"area":282}},{"x":3041,"y":735,"data":{"alt":3,"type":2,"area":282}},{"x":3042,"y":735,"data":{"alt":3,"type":2,"area":282}},{"x":3043,"y":735,"data":{"alt":3,"type":2,"area":282}},{"x":3044,"y":735,"data":{"alt":3,"type":2,"area":282}},{"x":3045,"y":735,"data":{"alt":3,"type":2,"area":282}},{"x":3046,"y":735,"data":{"alt":3,"type":2,"area":282}},{"x":3040,"y":736,"data":{"alt":3,"type":2,"area":282}},{"x":3041,"y":736,"data":{"alt":3,"type":2,"area":282}},{"x":3042,"y":736,"data":{"alt":3,"type":2,"area":282}},{"x":3043,"y":736,"data":{"alt":3,"type":2,"area":282}},{"x":3044,"y":736,"data":{"alt":3,"type":2,"area":282}},{"x":3045,"y":736,"data":{"alt":3,"type":2,"area":282}},{"x":3046,"y":736,"data":{"alt":3,"type":2,"area":282}},{"x":3040,"y":737,"data":{"alt":3,"type":2,"area":282}},{"x":3041,"y":737,"data":{"alt":3,"type":2,"area":282}},{"x":3042,"y":737,"data":{"alt":3,"type":2,"area":282}},{"x":3043,"y":737,"data":{"alt":3,"type":2,"area":282}},{"x":3044,"y":737,"data":{"alt":3,"type":2,"area":282}},{"x":3045,"y":737,"data":{"alt":3,"type":2,"area":282}},{"x":3040,"y":738,"data":{"alt":3,"type":2,"area":282}},{"x":3041,"y":738,"data":{"alt":3,"type":2,"area":282}},{"x":3042,"y":738,"data":{"alt":3,"type":2,"area":282}},{"x":3043,"y":738,"data":{"alt":3,"type":2,"area":282}},{"x":3044,"y":738,"data":{"alt":3,"type":2,"area":282}},{"x":3045,"y":738,"data":{"alt":3,"type":2,"area":282}},{"x":3040,"y":739,"data":{"alt":3,"type":2,"area":282}},{"x":3041,"y":739,"data":{"alt":3,"type":2,"area":282}},{"x":3042,"y":739,"data":{"alt":3,"type":2,"area":282}},{"x":3043,"y":739,"data":{"alt":3,"type":2,"area":282}},{"x":3044,"y":739,"data":{"alt":3,"type":2,"area":282}},{"x":3045,"y":739,"data":{"alt":3,"type":2,"area":282}},{"x":3046,"y":739,"data":{"alt":3,"type":2,"area":282}},{"x":3040,"y":740,"data":{"alt":3,"type":2,"area":282}},{"x":3041,"y":740,"data":{"alt":3,"type":2,"area":282}},{"x":3042,"y":740,"data":{"alt":3,"type":2,"area":282}},{"x":3043,"y":740,"data":{"alt":3,"type":2,"area":282}},{"x":3044,"y":740,"data":{"alt":3,"type":2,"area":282}},{"x":3045,"y":740,"data":{"alt":3,"type":2,"area":282}},{"x":3046,"y":740,"data":{"alt":3,"type":2,"area":282}},{"x":3047,"y":740,"data":{"alt":3,"type":2,"area":282}},{"x":3048,"y":740,"data":{"alt":3,"type":2,"area":282}},{"x":3040,"y":741,"data":{"alt":3,"type":2,"area":282}},{"x":3041,"y":741,"data":{"alt":3,"type":2,"area":282}},{"x":3042,"y":741,"data":{"alt":3,"type":2,"area":282}},{"x":3043,"y":741,"data":{"alt":3,"type":2,"area":282}},{"x":3044,"y":741,"data":{"alt":3,"type":2,"area":282}},{"x":3045,"y":741,"data":{"alt":3,"type":2,"area":282}},{"x":3046,"y":741,"data":{"alt":3,"type":2,"area":282}},{"x":3040,"y":742,"data":{"alt":3,"type":2,"area":282}},{"x":3041,"y":742,"data":{"alt":3,"type":2,"area":282}},{"x":3042,"y":742,"data":{"alt":3,"type":2,"area":282}},{"x":3043,"y":742,"data":{"alt":3,"type":2,"area":282}},{"x":3044,"y":742,"data":{"alt":3,"type":2,"area":282}},{"x":3045,"y":742,"data":{"alt":3,"type":2,"area":282}},{"x":3046,"y":742,"data":{"alt":3,"type":2,"area":282}},{"x":3040,"y":743,"data":{"alt":3,"type":2,"area":282}},{"x":3042,"y":743,"data":{"alt":3,"type":2,"area":282}},{"x":3043,"y":743,"data":{"alt":3,"type":2,"area":282}},{"x":3044,"y":743,"data":{"alt":3,"type":2,"area":282}},{"x":3045,"y":743,"data":{"alt":3,"type":2,"area":282}},{"x":3046,"y":743,"data":{"alt":3,"type":2,"area":282}},{"x":3047,"y":743,"data":{"alt":3,"type":2,"area":282}},{"x":3044,"y":744,"data":{"alt":3,"type":2,"area":282}},{"x":3045,"y":744,"data":{"alt":3,"type":2,"area":282}},{"x":3046,"y":744,"data":{"alt":3,"type":2,"area":282}},{"x":3047,"y":744,"data":{"alt":3,"type":2,"area":282}},{"x":3048,"y":744,"data":{"alt":3,"type":2,"area":282}}]