[{"x":3035,"y":896,"data":{"alt":5,"type":2,"area":284}},{"x":3036,"y":896,"data":{"alt":5,"type":2,"res":1,"resAmount":40,"area":284}},{"x":3037,"y":896,"data":{"alt":5,"type":2,"res":1,"resAmount":40,"area":284}},{"x":3038,"y":896,"data":{"alt":5,"type":2,"res":1,"resAmount":40,"area":284}},{"x":3039,"y":896,"data":{"alt":5,"type":2,"res":1,"resAmount":40,"area":284}},{"x":3036,"y":897,"data":{"alt":5,"type":2,"res":1,"resAmount":20,"area":284}},{"x":3037,"y":897,"data":{"alt":5,"type":2,"area":284}},{"x":3038,"y":897,"data":{"alt":5,"type":2,"res":1,"resAmount":40,"area":284}},{"x":3039,"y":897,"data":{"alt":5,"type":2,"res":1,"resAmount":40,"area":284}},{"x":3037,"y":898,"data":{"alt":5,"type":2,"res":1,"resAmount":40,"area":284}},{"x":3038,"y":898,"data":{"alt":5,"type":2,"res":1,"resAmount":40,"area":284}},{"x":3039,"y":898,"data":{"alt":5,"type":2,"res":1,"resAmount":40,"area":284}},{"x":3037,"y":899,"data":{"alt":5,"type":2,"res":1,"resAmount":20,"area":284}},{"x":3038,"y":899,"data":{"alt":5,"type":2,"area":284}},{"x":3039,"y":899,"data":{"alt":5,"type":2,"res":1,"resAmount":40,"area":284}},{"x":3038,"y":900,"data":{"alt":5,"type":2,"res":1,"resAmount":40,"area":284}},{"x":3035,"y":901,"data":{"alt":5,"type":2,"res":1,"resAmount":40,"area":284}},{"x":3036,"y":901,"data":{"alt":5,"type":2,"area":284}},{"x":3037,"y":901,"data":{"alt":5,"type":2,"res":1,"resAmount":20,"area":284}},{"x":3038,"y":901,"data":{"alt":5,"type":2,"res":1,"resAmount":20,"area":284}},{"x":3039,"y":901,"data":{"alt":5,"type":1,"area":284}},{"x":3038,"y":902,"data":{"alt":5,"type":1,"res":1,"resAmount":20,"area":284}},{"x":3035,"y":888,"data":{"alt":5,"type":2,"res":1,"resAmount":20,"area":284}},{"x":3035,"y":889,"data":{"alt":5,"type":2,"area":284}},{"x":3035,"y":890,"data":{"alt":5,"type":2,"res":1,"resAmount":20,"area":284}},{"x":3036,"y":890,"data":{"alt":5,"type":2,"res":1,"resAmount":20,"area":284}},{"x":3036,"y":891,"data":{"alt":5,"type":2,"area":284}},{"x":3037,"y":891,"data":{"alt":5,"type":2,"res":1,"resAmount":20,"area":284}},{"x":3037,"y":892,"data":{"alt":5,"type":2,"area":284}},{"x":3035,"y":893,"data":{"alt":5,"type":2,"res":1,"resAmount":20,"area":284}},{"x":3036,"y":893,"data":{"alt":5,"type":2,"res":1,"resAmount":40,"area":284}},{"x":3037,"y":893,"data":{"alt":5,"type":2,"res":1,"resAmount":40,"area":284}},{"x":3036,"y":894,"data":{"alt":5,"type":2,"res":1,"resAmount":40,"area":284}},{"x":3037,"y":894,"data":{"alt":5,"type":2,"res":1,"resAmount":40,"area":284}},{"x":3036,"y":895,"data":{"alt":5,"type":2,"area":284}},{"x":3040,"y":895,"data":{"alt":5,"type":2,"res":1,"resAmount":20,"area":284}},{"x":3041,"y":895,"data":{"alt":5,"type":2,"res":1,"resAmount":20,"area":284}},{"x":3042,"y":895,"data":{"alt":5,"type":2,"res":1,"resAmount":20,"area":284}},{"x":3040,"y":896,"data":{"alt":5,"type":2,"area":284}},{"x":3041,"y":896,"data":{"alt":5,"type":2,"res":1,"resAmount":20,"area":284}},{"x":3040,"y":897,"data":{"alt":5,"type":2,"res":1,"resAmount":20,"area":284}},{"x":3041,"y":897,"data":{"alt":5,"type":2,"res":1,"resAmount":20,"area":284}},{"x":3040,"y":898,"data":{"alt":5,"type":2,"res":1,"resAmount":20,"area":284}},{"x":3040,"y":899,"data":{"alt":5,"type":2,"res":1,"resAmount":20,"area":284}},{"x":3042,"y":899,"data":{"alt":5,"type":1,"res":1,"resAmount":20,"area":284}},{"x":3040,"y":900,"data":{"alt":5,"type":1,"res":1,"resAmount":40,"area":284}},{"x":3041,"y":900,"data":{"alt":5,"type":1,"res":1,"resAmount":20,"area":284}},{"x":3042,"y":900,"data":{"alt":5,"type":1,"res":1,"resAmount":20,"area":284}}]