[{"x":455,"y":2802,"data":{"alt":6,"fertility":100,"region":2135,"area":285}},{"x":454,"y":2803,"data":{"alt":6,"fertility":100,"region":2135,"area":285}},{"x":455,"y":2803,"data":{"alt":6,"fertility":100,"region":2135,"area":285}},{"x":456,"y":2803,"data":{"alt":6,"fertility":100,"region":2135,"area":285}},{"x":453,"y":2804,"data":{"alt":6,"fertility":100,"region":2135,"area":285}},{"x":455,"y":2804,"data":{"alt":6,"fertility":100,"forest":20,"region":2135,"area":285}},{"x":456,"y":2804,"data":{"alt":6,"fertility":100,"region":2135,"area":285}},{"x":453,"y":2805,"data":{"alt":6,"fertility":100,"forest":20,"region":2135,"area":285}},{"x":453,"y":2806,"data":{"alt":6,"fertility":100,"region":2135,"area":285}},{"x":454,"y":2806,"data":{"alt":6,"fertility":100,"region":2135,"area":285}},{"x":455,"y":2806,"data":{"alt":6,"fertility":100,"region":2135,"area":285}},{"x":452,"y":2807,"data":{"alt":6,"fertility":100,"region":2135,"area":285}},{"x":453,"y":2807,"data":{"alt":6,"fertility":100,"region":2135,"area":285}},{"x":454,"y":2807,"data":{"alt":6,"fertility":100,"region":2135,"area":285}},{"x":452,"y":2808,"data":{"alt":6,"fertility":100,"region":2135,"area":285}}]