[{"x":3038,"y":608,"data":{"alt":9,"type":2,"area":286}},{"x":3039,"y":608,"data":{"alt":9,"type":2,"area":286}},{"x":3039,"y":609,"data":{"alt":9,"type":1,"area":286}},{"x":3037,"y":610,"data":{"alt":9,"type":2,"area":286}},{"x":3038,"y":610,"data":{"alt":9,"type":1,"area":286}},{"x":3039,"y":610,"data":{"alt":9,"type":2,"area":286}},{"x":3036,"y":611,"data":{"alt":9,"type":1,"area":286}},{"x":3037,"y":611,"data":{"alt":9,"type":1,"area":286}},{"x":3039,"y":611,"data":{"alt":9,"type":2,"area":286}},{"x":3039,"y":612,"data":{"alt":9,"type":2,"area":286}},{"x":3038,"y":613,"data":{"alt":9,"type":2,"area":286}},{"x":3039,"y":613,"data":{"alt":9,"type":2,"area":286}},{"x":3038,"y":614,"data":{"alt":9,"type":2,"area":286}},{"x":3039,"y":614,"data":{"alt":9,"type":2,"area":286}},{"x":3038,"y":615,"data":{"alt":9,"type":2,"area":286}},{"x":3039,"y":615,"data":{"alt":9,"type":2,"area":286}},{"x":3037,"y":616,"data":{"alt":9,"type":2,"area":286}},{"x":3038,"y":616,"data":{"alt":9,"type":2,"area":286}},{"x":3039,"y":616,"data":{"alt":9,"type":2,"area":286}},{"x":3037,"y":617,"data":{"alt":9,"type":2,"area":286}},{"x":3038,"y":617,"data":{"alt":9,"type":2,"area":286}},{"x":3038,"y":597,"data":{"alt":9,"type":2,"area":286}},{"x":3038,"y":598,"data":{"alt":9,"type":2,"area":286}},{"x":3039,"y":598,"data":{"alt":9,"type":2,"area":286}},{"x":3037,"y":599,"data":{"alt":9,"type":2,"area":286}},{"x":3038,"y":599,"data":{"alt":9,"type":2,"area":286}},{"x":3039,"y":599,"data":{"alt":9,"type":2,"area":286}},{"x":3036,"y":600,"data":{"alt":9,"type":2,"area":286}},{"x":3037,"y":600,"data":{"alt":9,"type":2,"area":286}},{"x":3038,"y":600,"data":{"alt":9,"type":2,"area":286}},{"x":3039,"y":600,"data":{"alt":9,"type":2,"area":286}},{"x":3037,"y":601,"data":{"alt":9,"type":2,"area":286}},{"x":3038,"y":601,"data":{"alt":9,"type":2,"area":286}},{"x":3039,"y":601,"data":{"alt":9,"type":2,"area":286}},{"x":3037,"y":602,"data":{"alt":9,"type":2,"area":286}},{"x":3038,"y":602,"data":{"alt":9,"type":2,"area":286}},{"x":3039,"y":602,"data":{"alt":9,"type":2,"area":286}},{"x":3039,"y":607,"data":{"alt":9,"type":2,"area":286}},{"x":3040,"y":608,"data":{"alt":9,"type":1,"area":286}},{"x":3041,"y":608,"data":{"alt":9,"type":2,"area":286}},{"x":3042,"y":608,"data":{"alt":9,"type":2,"area":286}},{"x":3043,"y":608,"data":{"alt":9,"type":2,"area":286}},{"x":3044,"y":608,"data":{"alt":9,"type":2,"area":286}},{"x":3045,"y":608,"data":{"alt":9,"type":2,"area":286}},{"x":3046,"y":608,"data":{"alt":9,"type":2,"area":286}},{"x":3047,"y":608,"data":{"alt":9,"type":2,"area":286}},{"x":3040,"y":609,"data":{"alt":9,"type":2,"area":286}},{"x":3041,"y":609,"data":{"alt":9,"type":2,"area":286}},{"x":3042,"y":609,"data":{"alt":9,"type":2,"area":286}},{"x":3043,"y":609,"data":{"alt":9,"type":2,"area":286}},{"x":3044,"y":609,"data":{"alt":9,"type":2,"area":286}},{"x":3045,"y":609,"data":{"alt":9,"type":2,"area":286}},{"x":3046,"y":609,"data":{"alt":9,"type":2,"area":286}},{"x":3047,"y":609,"data":{"alt":9,"type":2,"area":286}},{"x":3040,"y":610,"data":{"alt":9,"type":2,"area":286}},{"x":3042,"y":610,"data":{"alt":9,"type":2,"area":286}},{"x":3043,"y":610,"data":{"alt":9,"type":2,"area":286}},{"x":3044,"y":610,"data":{"alt":9,"type":2,"area":286}},{"x":3045,"y":610,"data":{"alt":9,"type":2,"area":286}},{"x":3046,"y":610,"data":{"alt":9,"type":2,"area":286}},{"x":3047,"y":610,"data":{"alt":9,"type":2,"area":286}},{"x":3048,"y":610,"data":{"alt":9,"type":2,"area":286}},{"x":3040,"y":611,"data":{"alt":9,"type":2,"area":286}},{"x":3043,"y":611,"data":{"alt":9,"type":2,"area":286}},{"x":3044,"y":611,"data":{"alt":9,"type":2,"area":286}},{"x":3045,"y":611,"data":{"alt":9,"type":2,"area":286}},{"x":3046,"y":611,"data":{"alt":9,"type":2,"area":286}},{"x":3047,"y":611,"data":{"alt":9,"type":2,"area":286}},{"x":3040,"y":612,"data":{"alt":9,"type":2,"area":286}},{"x":3046,"y":612,"data":{"alt":9,"type":2,"area":286}},{"x":3047,"y":612,"data":{"alt":9,"type":2,"area":286}},{"x":3048,"y":612,"data":{"alt":9,"type":2,"area":286}},{"x":3040,"y":613,"data":{"alt":9,"type":2,"area":286}},{"x":3045,"y":613,"data":{"alt":9,"type":2,"area":286}},{"x":3046,"y":613,"data":{"alt":9,"type":2,"area":286}},{"x":3040,"y":614,"data":{"alt":9,"type":2,"area":286}},{"x":3041,"y":595,"data":{"alt":9,"type":1,"area":286}},{"x":3041,"y":596,"data":{"alt":9,"type":1,"area":286}},{"x":3040,"y":597,"data":{"alt":9,"type":2,"area":286}},{"x":3041,"y":597,"data":{"alt":9,"type":1,"area":286}},{"x":3040,"y":598,"data":{"alt":9,"type":2,"area":286}},{"x":3041,"y":598,"data":{"alt":9,"type":2,"area":286}},{"x":3042,"y":598,"data":{"alt":9,"type":1,"area":286}},{"x":3044,"y":598,"data":{"alt":9,"type":2,"area":286}},{"x":3040,"y":599,"data":{"alt":9,"type":2,"area":286}},{"x":3041,"y":599,"data":{"alt":9,"type":2,"area":286}},{"x":3042,"y":599,"data":{"alt":9,"type":2,"area":286}},{"x":3043,"y":599,"data":{"alt":9,"type":1,"area":286}},{"x":3044,"y":599,"data":{"alt":9,"type":2,"area":286}},{"x":3040,"y":600,"data":{"alt":9,"type":2,"area":286}},{"x":3041,"y":600,"data":{"alt":9,"type":2,"area":286}},{"x":3042,"y":600,"data":{"alt":9,"type":2,"area":286}},{"x":3043,"y":600,"data":{"alt":9,"type":2,"area":286}},{"x":3044,"y":600,"data":{"alt":9,"type":1,"area":286}},{"x":3040,"y":601,"data":{"alt":9,"type":2,"area":286}},{"x":3041,"y":601,"data":{"alt":9,"type":2,"area":286}},{"x":3042,"y":601,"data":{"alt":9,"type":2,"area":286}},{"x":3043,"y":601,"data":{"alt":9,"type":2,"area":286}},{"x":3044,"y":601,"data":{"alt":9,"type":1,"area":286}},{"x":3045,"y":601,"data":{"alt":9,"type":2,"area":286}},{"x":3046,"y":601,"data":{"alt":9,"type":2,"area":286}},{"x":3040,"y":602,"data":{"alt":9,"type":2,"area":286}},{"x":3041,"y":602,"data":{"alt":9,"type":2,"area":286}},{"x":3042,"y":602,"data":{"alt":9,"type":2,"area":286}},{"x":3043,"y":602,"data":{"alt":9,"type":1,"area":286}},{"x":3044,"y":602,"data":{"alt":9,"type":2,"area":286}},{"x":3045,"y":602,"data":{"alt":9,"type":2,"area":286}},{"x":3046,"y":602,"data":{"alt":9,"type":2,"area":286}},{"x":3047,"y":602,"data":{"alt":9,"type":2,"area":286}},{"x":3040,"y":603,"data":{"alt":9,"type":2,"area":286}},{"x":3041,"y":603,"data":{"alt":9,"type":2,"area":286}},{"x":3042,"y":603,"data":{"alt":9,"type":2,"area":286}},{"x":3043,"y":603,"data":{"alt":9,"type":2,"area":286}},{"x":3044,"y":603,"data":{"alt":9,"type":1,"area":286}},{"x":3045,"y":603,"data":{"alt":9,"type":2,"area":286}},{"x":3046,"y":603,"data":{"alt":9,"type":2,"area":286}},{"x":3047,"y":603,"data":{"alt":9,"type":2,"area":286}},{"x":3048,"y":603,"data":{"alt":9,"type":2,"area":286}},{"x":3041,"y":604,"data":{"alt":9,"type":2,"area":286}},{"x":3042,"y":604,"data":{"alt":9,"type":2,"area":286}},{"x":3043,"y":604,"data":{"alt":9,"type":2,"area":286}},{"x":3044,"y":604,"data":{"alt":9,"type":1,"area":286}},{"x":3045,"y":604,"data":{"alt":9,"type":2,"area":286}},{"x":3046,"y":604,"data":{"alt":9,"type":2,"area":286}},{"x":3047,"y":604,"data":{"alt":9,"type":2,"area":286}},{"x":3048,"y":604,"data":{"alt":9,"type":2,"area":286}},{"x":3040,"y":605,"data":{"alt":9,"type":2,"area":286}},{"x":3041,"y":605,"data":{"alt":9,"type":2,"area":286}},{"x":3042,"y":605,"data":{"alt":9,"type":2,"area":286}},{"x":3043,"y":605,"data":{"alt":9,"type":2,"area":286}},{"x":3044,"y":605,"data":{"alt":9,"type":1,"area":286}},{"x":3045,"y":605,"data":{"alt":9,"type":2,"area":286}},{"x":3046,"y":605,"data":{"alt":9,"type":2,"area":286}},{"x":3047,"y":605,"data":{"alt":9,"type":2,"area":286}},{"x":3048,"y":605,"data":{"alt":9,"type":2,"area":286}},{"x":3040,"y":606,"data":{"alt":9,"type":2,"area":286}},{"x":3041,"y":606,"data":{"alt":9,"type":2,"area":286}},{"x":3042,"y":606,"data":{"alt":9,"type":2,"area":286}},{"x":3043,"y":606,"data":{"alt":9,"type":1,"area":286}},{"x":3044,"y":606,"data":{"alt":9,"type":2,"area":286}},{"x":3045,"y":606,"data":{"alt":9,"type":2,"area":286}},{"x":3046,"y":606,"data":{"alt":9,"type":2,"area":286}},{"x":3040,"y":607,"data":{"alt":9,"type":2,"area":286}},{"x":3041,"y":607,"data":{"alt":9,"type":1,"area":286}},{"x":3042,"y":607,"data":{"alt":9,"type":1,"area":286}},{"x":3043,"y":607,"data":{"alt":9,"type":2,"area":286}},{"x":3044,"y":607,"data":{"alt":9,"type":2,"area":286}},{"x":3045,"y":607,"data":{"alt":9,"type":2,"area":286}},{"x":3046,"y":607,"data":{"alt":9,"type":2,"area":286}},{"x":3047,"y":607,"data":{"alt":9,"type":2,"area":286}}]