[{"x":462,"y":2816,"data":{"alt":6,"fertility":100,"region":2135,"area":287}},{"x":463,"y":2816,"data":{"alt":6,"fertility":100,"region":2135,"area":287}},{"x":464,"y":2816,"data":{"alt":6,"fertility":100,"region":2135,"area":287}},{"x":465,"y":2816,"data":{"alt":6,"fertility":100,"region":2135,"area":287}},{"x":466,"y":2816,"data":{"alt":6,"fertility":100,"forest":40,"region":2135,"area":287}},{"x":467,"y":2816,"data":{"alt":6,"fertility":100,"region":2135,"area":287}},{"x":464,"y":2817,"data":{"alt":6,"fertility":100,"region":2135,"area":287}},{"x":465,"y":2817,"data":{"alt":6,"fertility":100,"region":2135,"area":287}},{"x":466,"y":2817,"data":{"alt":6,"fertility":100,"region":2135,"area":287}},{"x":467,"y":2817,"data":{"alt":6,"fertility":100,"region":2135,"area":287}},{"x":465,"y":2818,"data":{"alt":6,"fertility":100,"region":2135,"area":287}},{"x":466,"y":2818,"data":{"alt":6,"fertility":100,"region":2135,"area":287}},{"x":465,"y":2819,"data":{"alt":6,"fertility":100,"region":2135,"area":287}},{"x":465,"y":2820,"data":{"alt":6,"fertility":100,"region":2135,"area":287}},{"x":466,"y":2820,"data":{"alt":6,"fertility":100,"region":2135,"area":287}},{"x":467,"y":2820,"data":{"alt":7,"fertility":100,"forest":40,"region":2135,"area":287}},{"x":468,"y":2820,"data":{"alt":6,"fertility":100,"forest":20,"region":2135,"area":287}},{"x":464,"y":2821,"data":{"alt":6,"fertility":100,"region":2135,"area":287}},{"x":465,"y":2821,"data":{"alt":6,"fertility":100,"region":2135,"area":287}},{"x":466,"y":2821,"data":{"alt":6,"fertility":100,"region":2135,"area":287}},{"x":464,"y":2808,"data":{"alt":6,"fertility":100,"region":2135,"area":287}},{"x":463,"y":2809,"data":{"alt":6,"fertility":100,"region":2135,"area":287}},{"x":464,"y":2809,"data":{"alt":6,"fertility":100,"forest":40,"region":2135,"area":287}},{"x":465,"y":2809,"data":{"alt":6,"fertility":100,"region":2135,"area":287}},{"x":466,"y":2809,"data":{"alt":6,"fertility":100,"region":2135,"area":287}},{"x":463,"y":2810,"data":{"alt":6,"fertility":100,"region":2135,"area":287}},{"x":464,"y":2810,"data":{"alt":6,"fertility":100,"forest":40,"region":2135,"area":287}},{"x":465,"y":2810,"data":{"alt":6,"fertility":100,"region":2135,"area":287}},{"x":466,"y":2810,"data":{"alt":6,"fertility":100,"region":2135,"area":287}},{"x":462,"y":2811,"data":{"alt":6,"fertility":100,"region":2135,"area":287}},{"x":463,"y":2811,"data":{"alt":6,"fertility":100,"region":2135,"area":287}},{"x":464,"y":2811,"data":{"alt":6,"fertility":100,"forest":40,"region":2135,"area":287}},{"x":465,"y":2811,"data":{"alt":6,"fertility":100,"region":2135,"area":287}},{"x":466,"y":2811,"data":{"alt":6,"fertility":100,"region":2135,"area":287}},{"x":467,"y":2811,"data":{"alt":6,"fertility":100,"region":2135,"area":287}},{"x":463,"y":2812,"data":{"alt":6,"fertility":100,"forest":40,"region":2135,"area":287}},{"x":464,"y":2812,"data":{"alt":6,"fertility":100,"forest":40,"region":2135,"area":287}},{"x":465,"y":2812,"data":{"alt":6,"fertility":100,"forest":40,"region":2135,"area":287}},{"x":466,"y":2812,"data":{"alt":6,"fertility":100,"forest":40,"region":2135,"area":287}},{"x":467,"y":2812,"data":{"alt":6,"fertility":100,"forest":40,"region":2135,"area":287}},{"x":462,"y":2813,"data":{"alt":6,"fertility":100,"region":2135,"area":287}},{"x":463,"y":2813,"data":{"alt":6,"fertility":100,"region":2135,"area":287}},{"x":464,"y":2813,"data":{"alt":6,"fertility":100,"region":2135,"area":287}},{"x":465,"y":2813,"data":{"alt":6,"fertility":100,"region":2135,"area":287}},{"x":466,"y":2813,"data":{"alt":6,"fertility":100,"region":2135,"area":287}},{"x":467,"y":2813,"data":{"alt":6,"fertility":100,"region":2135,"area":287}},{"x":463,"y":2814,"data":{"alt":6,"fertility":100,"forest":40,"region":2135,"area":287}},{"x":464,"y":2814,"data":{"alt":6,"fertility":100,"region":2135,"area":287}},{"x":465,"y":2814,"data":{"alt":6,"fertility":100,"region":2135,"area":287}},{"x":466,"y":2814,"data":{"alt":6,"fertility":100,"region":2135,"area":287}},{"x":467,"y":2814,"data":{"alt":6,"fertility":100,"region":2135,"area":287}},{"x":462,"y":2815,"data":{"alt":6,"fertility":100,"region":2135,"area":287}},{"x":463,"y":2815,"data":{"alt":6,"fertility":100,"region":2135,"area":287}},{"x":464,"y":2815,"data":{"alt":6,"fertility":100,"forest":40,"region":2135,"area":287}},{"x":465,"y":2815,"data":{"alt":6,"fertility":100,"region":2135,"area":287}},{"x":466,"y":2815,"data":{"alt":6,"fertility":100,"region":2135,"area":287}},{"x":467,"y":2815,"data":{"alt":6,"fertility":100,"region":2135,"area":287}},{"x":468,"y":2815,"data":{"alt":6,"fertility":100,"region":2135,"area":287}}]