[{"x":3039,"y":567,"data":{"alt":9,"type":2,"area":288}},{"x":3040,"y":560,"data":{"alt":9,"type":1,"area":288}},{"x":3040,"y":561,"data":{"alt":9,"type":1,"area":288}},{"x":3040,"y":562,"data":{"alt":9,"type":1,"area":288}},{"x":3041,"y":562,"data":{"alt":9,"type":1,"area":288}},{"x":3040,"y":563,"data":{"alt":9,"type":1,"area":288}},{"x":3040,"y":564,"data":{"alt":9,"type":1,"area":288}},{"x":3040,"y":565,"data":{"alt":9,"type":1,"area":288}},{"x":3040,"y":566,"data":{"alt":9,"type":2,"area":288}},{"x":3041,"y":566,"data":{"alt":9,"type":1,"area":288}},{"x":3040,"y":567,"data":{"alt":9,"type":2,"area":288}},{"x":3041,"y":567,"data":{"alt":9,"type":2,"area":288}},{"x":3042,"y":567,"data":{"alt":9,"type":1,"area":288}},{"x":3040,"y":568,"data":{"alt":9,"type":2,"area":288}},{"x":3041,"y":568,"data":{"alt":9,"type":2,"area":288}},{"x":3042,"y":568,"data":{"alt":9,"type":1,"area":288}},{"x":3040,"y":569,"data":{"alt":9,"type":2,"area":288}},{"x":3041,"y":569,"data":{"alt":9,"type":2,"area":288}},{"x":3042,"y":569,"data":{"alt":9,"type":2,"area":288}},{"x":3043,"y":569,"data":{"alt":9,"type":1,"area":288}},{"x":3040,"y":570,"data":{"alt":9,"type":2,"area":288}},{"x":3041,"y":570,"data":{"alt":9,"type":2,"area":288}},{"x":3042,"y":570,"data":{"alt":9,"type":2,"area":288}},{"x":3043,"y":570,"data":{"alt":9,"type":2,"area":288}},{"x":3044,"y":570,"data":{"alt":9,"type":1,"area":288}},{"x":3044,"y":571,"data":{"alt":9,"type":1,"area":288}}]