[{"x":464,"y":652,"data":{"alt":1,"fertility":60,"region":2111,"area":289}},{"x":468,"y":652,"data":{"alt":1,"fertility":60,"region":2111,"area":289}},{"x":464,"y":653,"data":{"alt":1,"fertility":60,"region":2111,"area":289}},{"x":465,"y":653,"data":{"alt":1,"fertility":60,"region":2111,"area":289}},{"x":466,"y":653,"data":{"alt":1,"fertility":60,"region":2111,"area":289}},{"x":467,"y":653,"data":{"alt":1,"fertility":60,"region":2111,"area":289}},{"x":468,"y":653,"data":{"alt":1,"fertility":60,"region":2111,"area":289}},{"x":463,"y":654,"data":{"alt":1,"fertility":60,"region":2111,"area":289}},{"x":464,"y":654,"data":{"alt":1,"fertility":60,"region":2111,"area":289}},{"x":465,"y":654,"data":{"alt":1,"fertility":60,"region":2111,"area":289}},{"x":466,"y":654,"data":{"alt":1,"fertility":60,"region":2111,"area":289}},{"x":467,"y":654,"data":{"alt":1,"fertility":60,"region":2111,"area":289}},{"x":468,"y":654,"data":{"alt":1,"fertility":60,"region":2111,"area":289}},{"x":468,"y":655,"data":{"alt":1,"fertility":60,"region":2111,"area":289}}]