[{"x":3039,"y":577,"data":{"alt":9,"type":1,"area":290}},{"x":3039,"y":578,"data":{"alt":9,"type":1,"area":290}},{"x":3039,"y":579,"data":{"alt":9,"type":1,"area":290}},{"x":3039,"y":580,"data":{"alt":9,"type":1,"area":290}},{"x":3039,"y":581,"data":{"alt":9,"type":1,"area":290}},{"x":3039,"y":582,"data":{"alt":9,"type":1,"area":290}},{"x":3039,"y":583,"data":{"alt":9,"type":1,"area":290}},{"x":3039,"y":584,"data":{"alt":9,"type":1,"area":290}},{"x":3039,"y":585,"data":{"alt":9,"type":1,"area":290}},{"x":3039,"y":586,"data":{"alt":9,"type":1,"area":290}}]