[{"x":478,"y":276,"data":{"alt":104,"fertility":100,"forest":80,"region":2121,"area":293}},{"x":477,"y":277,"data":{"alt":104,"fertility":100,"forest":80,"region":2121,"area":293}},{"x":478,"y":277,"data":{"alt":103,"fertility":100,"region":2121,"area":293}},{"x":479,"y":277,"data":{"alt":104,"fertility":100,"forest":80,"region":2121,"area":293}},{"x":477,"y":278,"data":{"alt":104,"fertility":100,"region":2121,"area":293}},{"x":478,"y":278,"data":{"alt":104,"fertility":100,"forest":80,"region":2121,"area":293}},{"x":477,"y":279,"data":{"alt":104,"fertility":100,"forest":40,"region":2121,"area":293}},{"x":478,"y":279,"data":{"alt":104,"fertility":100,"forest":80,"region":2121,"area":293}},{"x":478,"y":280,"data":{"alt":104,"fertility":100,"region":2121,"area":293}},{"x":480,"y":278,"data":{"alt":104,"fertility":100,"forest":80,"region":2121,"area":293}}]