[{"x":3050,"y":893,"data":{"alt":5,"type":1,"area":294}},{"x":3051,"y":893,"data":{"alt":5,"type":1,"area":294}},{"x":3052,"y":893,"data":{"alt":5,"type":1,"area":294}},{"x":3053,"y":893,"data":{"alt":5,"type":1,"area":294}},{"x":3054,"y":893,"data":{"alt":5,"type":1,"area":294}},{"x":3055,"y":893,"data":{"alt":5,"type":1,"area":294}},{"x":3056,"y":893,"data":{"alt":5,"type":1,"area":294}},{"x":3057,"y":893,"data":{"alt":5,"type":1,"area":294}},{"x":3058,"y":893,"data":{"alt":5,"type":1,"area":294}},{"x":3059,"y":893,"data":{"alt":5,"type":1,"area":294}},{"x":3060,"y":893,"data":{"alt":5,"type":1,"area":294}},{"x":3061,"y":893,"data":{"alt":5,"type":1,"area":294}},{"x":3062,"y":893,"data":{"alt":5,"type":1,"area":294}},{"x":3063,"y":893,"data":{"alt":5,"type":1,"area":294}},{"x":3064,"y":893,"data":{"alt":5,"type":1,"area":294}},{"x":3065,"y":893,"data":{"alt":5,"type":1,"area":294}},{"x":3066,"y":893,"data":{"alt":5,"type":1,"area":294}},{"x":3067,"y":893,"data":{"alt":5,"type":1,"area":294}},{"x":3068,"y":893,"data":{"alt":5,"type":1,"area":294}},{"x":3069,"y":893,"data":{"alt":5,"type":1,"area":294}},{"x":3070,"y":893,"data":{"alt":5,"type":1,"area":294}},{"x":3071,"y":893,"data":{"alt":5,"type":1,"area":294}},{"x":3072,"y":893,"data":{"alt":5,"type":1,"area":294}},{"x":3073,"y":893,"data":{"alt":5,"type":1,"area":294}},{"x":3074,"y":893,"data":{"alt":5,"type":1,"area":294}},{"x":3075,"y":893,"data":{"alt":5,"type":1,"area":294}}]