[{"x":3057,"y":672,"data":{"alt":50,"type":2,"area":296}},{"x":3058,"y":672,"data":{"alt":50,"type":2,"area":296}},{"x":3059,"y":672,"data":{"alt":50,"type":2,"area":296}},{"x":3060,"y":672,"data":{"alt":50,"type":2,"area":296}},{"x":3061,"y":672,"data":{"alt":50,"type":2,"area":296}},{"x":3061,"y":660,"data":{"alt":50,"type":1,"area":296}},{"x":3061,"y":661,"data":{"alt":50,"type":1,"area":296}},{"x":3061,"y":662,"data":{"alt":50,"type":1,"area":296}},{"x":3061,"y":663,"data":{"alt":50,"type":1,"area":296}},{"x":3062,"y":663,"data":{"alt":50,"type":2,"area":296}},{"x":3063,"y":663,"data":{"alt":50,"type":2,"area":296}},{"x":3062,"y":664,"data":{"alt":50,"type":1,"area":296}},{"x":3063,"y":664,"data":{"alt":50,"type":2,"area":296}},{"x":3064,"y":664,"data":{"alt":50,"type":2,"area":296}},{"x":3062,"y":665,"data":{"alt":50,"type":1,"area":296}},{"x":3063,"y":665,"data":{"alt":50,"type":2,"area":296}},{"x":3064,"y":665,"data":{"alt":50,"type":2,"area":296}},{"x":3061,"y":666,"data":{"alt":50,"type":2,"area":296}},{"x":3062,"y":666,"data":{"alt":50,"type":1,"area":296}},{"x":3063,"y":666,"data":{"alt":50,"type":2,"area":296}},{"x":3064,"y":666,"data":{"alt":50,"type":2,"area":296}},{"x":3062,"y":667,"data":{"alt":50,"type":1,"area":296}},{"x":3062,"y":668,"data":{"alt":50,"type":1,"area":296}},{"x":3061,"y":669,"data":{"alt":50,"type":2,"area":296}},{"x":3062,"y":669,"data":{"alt":50,"type":1,"area":296}},{"x":3056,"y":670,"data":{"alt":50,"type":2,"area":296}},{"x":3058,"y":670,"data":{"alt":50,"type":2,"area":296}},{"x":3061,"y":670,"data":{"alt":50,"type":1,"area":296}},{"x":3062,"y":670,"data":{"alt":50,"type":2,"area":296}},{"x":3056,"y":671,"data":{"alt":50,"type":1,"area":296}},{"x":3057,"y":671,"data":{"alt":50,"type":1,"area":296}},{"x":3058,"y":671,"data":{"alt":50,"type":1,"area":296}},{"x":3059,"y":671,"data":{"alt":50,"type":1,"area":296}},{"x":3060,"y":671,"data":{"alt":50,"type":1,"area":296}},{"x":3061,"y":671,"data":{"alt":50,"type":2,"area":296}}]