[{"x":3076,"y":901,"data":{"alt":6,"type":2,"area":298}},{"x":3077,"y":901,"data":{"alt":6,"type":2,"area":298}},{"x":3075,"y":902,"data":{"alt":6,"type":1,"area":298}},{"x":3076,"y":902,"data":{"alt":6,"type":1,"area":298}},{"x":3077,"y":902,"data":{"alt":6,"type":1,"area":298}},{"x":3078,"y":902,"data":{"alt":6,"type":2,"area":298}},{"x":3078,"y":903,"data":{"alt":6,"type":1,"area":298}},{"x":3079,"y":903,"data":{"alt":6,"type":2,"area":298}},{"x":3077,"y":904,"data":{"alt":6,"type":2,"area":298}},{"x":3078,"y":904,"data":{"alt":6,"type":2,"area":298}},{"x":3079,"y":904,"data":{"alt":6,"type":1,"area":298}},{"x":3080,"y":904,"data":{"alt":6,"type":1,"area":298}},{"x":3079,"y":905,"data":{"alt":6,"type":2,"area":298}},{"x":3080,"y":905,"data":{"alt":6,"type":1,"area":298}}]