[{"x":495,"y":2784,"data":{"alt":6,"fertility":100,"region":2135,"area":299}},{"x":496,"y":2784,"data":{"alt":7,"fertility":100,"region":2135,"area":299}},{"x":497,"y":2784,"data":{"alt":6,"fertility":100,"region":2135,"area":299}},{"x":498,"y":2784,"data":{"alt":6,"fertility":100,"region":2135,"area":299}},{"x":499,"y":2784,"data":{"alt":6,"fertility":100,"region":2135,"area":299}},{"x":500,"y":2784,"data":{"alt":6,"fertility":100,"region":2135,"area":299}},{"x":501,"y":2784,"data":{"alt":6,"fertility":100,"region":2135,"area":299}},{"x":502,"y":2784,"data":{"alt":6,"fertility":100,"region":2135,"area":299}},{"x":495,"y":2785,"data":{"alt":6,"fertility":100,"region":2135,"area":299}},{"x":496,"y":2785,"data":{"alt":7,"fertility":100,"forest":40,"region":2135,"area":299}},{"x":497,"y":2785,"data":{"alt":7,"fertility":100,"forest":40,"region":2135,"area":299}},{"x":498,"y":2785,"data":{"alt":6,"fertility":100,"forest":40,"region":2135,"area":299}},{"x":499,"y":2785,"data":{"alt":6,"fertility":100,"region":2135,"area":299}},{"x":500,"y":2785,"data":{"alt":6,"fertility":100,"region":2135,"area":299}},{"x":501,"y":2785,"data":{"alt":6,"fertility":100,"forest":40,"region":2135,"area":299}},{"x":502,"y":2785,"data":{"alt":6,"fertility":100,"region":2135,"area":299}},{"x":503,"y":2785,"data":{"alt":6,"fertility":100,"forest":20,"region":2135,"area":299}},{"x":504,"y":2785,"data":{"alt":6,"fertility":100,"region":2135,"area":299}},{"x":495,"y":2786,"data":{"alt":6,"fertility":100,"forest":40,"region":2135,"area":299}},{"x":496,"y":2786,"data":{"alt":7,"fertility":100,"region":2135,"area":299}},{"x":497,"y":2786,"data":{"alt":7,"fertility":100,"region":2135,"area":299}},{"x":498,"y":2786,"data":{"alt":6,"fertility":100,"region":2135,"area":299}},{"x":499,"y":2786,"data":{"alt":6,"fertility":100,"region":2135,"area":299}},{"x":500,"y":2786,"data":{"alt":7,"fertility":100,"region":2135,"area":299}},{"x":501,"y":2786,"data":{"alt":6,"fertility":100,"region":2135,"area":299}},{"x":502,"y":2786,"data":{"alt":6,"fertility":100,"region":2135,"area":299}},{"x":503,"y":2786,"data":{"alt":6,"fertility":100,"region":2135,"area":299}},{"x":504,"y":2786,"data":{"alt":7,"fertility":100,"region":2135,"area":299}},{"x":505,"y":2786,"data":{"alt":6,"fertility":100,"forest":20,"region":2135,"area":299}},{"x":494,"y":2787,"data":{"alt":6,"fertility":100,"region":2135,"area":299}},{"x":495,"y":2787,"data":{"alt":6,"fertility":100,"region":2135,"area":299}},{"x":496,"y":2787,"data":{"alt":7,"fertility":100,"region":2135,"area":299}},{"x":497,"y":2787,"data":{"alt":7,"fertility":100,"region":2135,"area":299}},{"x":498,"y":2787,"data":{"alt":7,"fertility":80,"region":2135,"area":299}},{"x":499,"y":2787,"data":{"alt":7,"fertility":80,"region":2135,"area":299}},{"x":500,"y":2787,"data":{"alt":7,"fertility":80,"region":2135,"area":299}},{"x":501,"y":2787,"data":{"alt":7,"fertility":100,"region":2135,"area":299}},{"x":502,"y":2787,"data":{"alt":7,"fertility":100,"forest":40,"region":2135,"area":299}},{"x":503,"y":2787,"data":{"alt":7,"fertility":100,"region":2135,"area":299}},{"x":504,"y":2787,"data":{"alt":6,"fertility":100,"forest":40,"region":2135,"area":299}},{"x":505,"y":2787,"data":{"alt":6,"fertility":100,"region":2135,"area":299}},{"x":506,"y":2787,"data":{"alt":6,"fertility":100,"region":2135,"area":299}},{"x":495,"y":2788,"data":{"alt":6,"fertility":100,"forest":40,"region":2135,"area":299}},{"x":496,"y":2788,"data":{"alt":7,"fertility":100,"region":2135,"area":299}},{"x":497,"y":2788,"data":{"alt":7,"fertility":100,"region":2135,"area":299}},{"x":498,"y":2788,"data":{"alt":7,"fertility":80,"region":2135,"area":299}},{"x":499,"y":2788,"data":{"alt":8,"fertility":80,"region":2135,"area":299}},{"x":500,"y":2788,"data":{"alt":8,"fertility":80,"region":2135,"area":299}},{"x":501,"y":2788,"data":{"alt":8,"fertility":80,"region":2135,"area":299}},{"x":502,"y":2788,"data":{"alt":8,"fertility":80,"region":2135,"area":299}},{"x":503,"y":2788,"data":{"alt":7,"fertility":100,"region":2135,"area":299}},{"x":504,"y":2788,"data":{"alt":6,"fertility":100,"region":2135,"area":299}},{"x":505,"y":2788,"data":{"alt":6,"fertility":100,"region":2135,"area":299}},{"x":494,"y":2789,"data":{"alt":6,"fertility":100,"forest":40,"region":2135,"area":299}},{"x":495,"y":2789,"data":{"alt":6,"fertility":100,"region":2135,"area":299}},{"x":496,"y":2789,"data":{"alt":8,"fertility":100,"region":2135,"area":299}},{"x":497,"y":2789,"data":{"alt":7,"fertility":100,"region":2135,"area":299}},{"x":498,"y":2789,"data":{"alt":7,"fertility":80,"forest":40,"region":2135,"area":299}},{"x":499,"y":2789,"data":{"alt":8,"fertility":80,"region":2135,"area":299}},{"x":500,"y":2789,"data":{"alt":8,"fertility":80,"region":2135,"area":299}},{"x":501,"y":2789,"data":{"alt":7,"fertility":80,"region":2135,"area":299}},{"x":502,"y":2789,"data":{"alt":8,"fertility":80,"forest":40,"region":2135,"area":299}},{"x":503,"y":2789,"data":{"alt":7,"fertility":100,"forest":20,"region":2135,"area":299}},{"x":504,"y":2789,"data":{"alt":6,"fertility":100,"region":2135,"area":299}},{"x":505,"y":2789,"data":{"alt":6,"fertility":100,"region":2135,"area":299}},{"x":507,"y":2789,"data":{"alt":6,"fertility":100,"region":2135,"area":299}},{"x":510,"y":2789,"data":{"alt":6,"fertility":100,"region":2135,"area":299}},{"x":511,"y":2789,"data":{"alt":6,"fertility":100,"region":2135,"area":299}},{"x":492,"y":2790,"data":{"alt":6,"fertility":100,"region":2135,"area":299}},{"x":493,"y":2790,"data":{"alt":6,"fertility":100,"region":2135,"area":299}},{"x":494,"y":2790,"data":{"alt":7,"fertility":100,"forest":40,"region":2135,"area":299}},{"x":495,"y":2790,"data":{"alt":7,"fertility":100,"region":2135,"area":299}},{"x":496,"y":2790,"data":{"alt":7,"fertility":100,"forest":40,"region":2135,"area":299}},{"x":497,"y":2790,"data":{"alt":7,"fertility":100,"forest":40,"region":2135,"area":299}},{"x":498,"y":2790,"data":{"alt":8,"fertility":80,"region":2135,"area":299}},{"x":499,"y":2790,"data":{"alt":9,"fertility":80,"region":2135,"area":299}},{"x":500,"y":2790,"data":{"alt":7,"fertility":80,"region":2135,"area":299}},{"x":501,"y":2790,"data":{"alt":7,"fertility":80,"region":2135,"area":299}},{"x":502,"y":2790,"data":{"alt":7,"fertility":80,"region":2135,"area":299}},{"x":503,"y":2790,"data":{"alt":7,"fertility":100,"region":2135,"area":299}},{"x":504,"y":2790,"data":{"alt":7,"fertility":100,"region":2135,"area":299}},{"x":505,"y":2790,"data":{"alt":6,"fertility":100,"region":2135,"area":299}},{"x":506,"y":2790,"data":{"alt":6,"fertility":100,"region":2135,"area":299}},{"x":507,"y":2790,"data":{"alt":6,"fertility":100,"region":2135,"area":299}},{"x":508,"y":2790,"data":{"alt":6,"fertility":100,"region":2135,"area":299}},{"x":509,"y":2790,"data":{"alt":6,"fertility":100,"region":2135,"area":299}},{"x":510,"y":2790,"data":{"alt":6,"fertility":100,"region":2135,"area":299}},{"x":511,"y":2790,"data":{"alt":6,"fertility":100,"region":2135,"area":299}},{"x":492,"y":2791,"data":{"alt":6,"fertility":100,"region":2135,"area":299}},{"x":493,"y":2791,"data":{"alt":6,"fertility":100,"forest":80,"region":2135,"area":299}},{"x":494,"y":2791,"data":{"alt":6,"fertility":100,"region":2135,"area":299}},{"x":495,"y":2791,"data":{"alt":7,"fertility":100,"region":2135,"area":299}},{"x":496,"y":2791,"data":{"alt":7,"fertility":100,"forest":40,"region":2135,"area":299}},{"x":497,"y":2791,"data":{"alt":7,"fertility":80,"region":2135,"area":299}},{"x":498,"y":2791,"data":{"alt":8,"fertility":80,"forest":40,"region":2135,"area":299}},{"x":499,"y":2791,"data":{"alt":9,"fertility":80,"forest":40,"region":2135,"area":299}},{"x":500,"y":2791,"data":{"alt":9,"fertility":80,"region":2135,"area":299}},{"x":501,"y":2791,"data":{"alt":7,"fertility":80,"region":2135,"area":299}},{"x":502,"y":2791,"data":{"alt":7,"fertility":80,"region":2135,"area":299}},{"x":503,"y":2791,"data":{"alt":7,"fertility":100,"region":2135,"area":299}},{"x":504,"y":2791,"data":{"alt":6,"fertility":100,"region":2135,"area":299}},{"x":505,"y":2791,"data":{"alt":6,"fertility":100,"region":2135,"area":299}},{"x":506,"y":2791,"data":{"alt":6,"fertility":100,"region":2135,"area":299}},{"x":507,"y":2791,"data":{"alt":6,"fertility":100,"region":2135,"area":299}},{"x":508,"y":2791,"data":{"alt":6,"fertility":100,"region":2135,"area":299}},{"x":509,"y":2791,"data":{"alt":6,"fertility":100,"region":2135,"area":299}},{"x":510,"y":2791,"data":{"alt":6,"fertility":100,"region":2135,"area":299}},{"x":511,"y":2791,"data":{"alt":6,"fertility":100,"forest":40,"region":2135,"area":299}},{"x":493,"y":2792,"data":{"alt":6,"fertility":100,"region":2135,"area":299}},{"x":494,"y":2792,"data":{"alt":6,"fertility":100,"region":2135,"area":299}},{"x":495,"y":2792,"data":{"alt":7,"fertility":100,"region":2135,"area":299}},{"x":496,"y":2792,"data":{"alt":7,"fertility":100,"region":2135,"area":299}},{"x":497,"y":2792,"data":{"alt":7,"fertility":100,"forest":40,"region":2135,"area":299}},{"x":498,"y":2792,"data":{"alt":6,"fertility":100,"forest":40,"region":2135,"area":299}},{"x":499,"y":2792,"data":{"alt":8,"fertility":80,"region":2135,"area":299}},{"x":500,"y":2792,"data":{"alt":9,"fertility":80,"region":2135,"area":299}},{"x":501,"y":2792,"data":{"alt":7,"fertility":80,"region":2135,"area":299}},{"x":502,"y":2792,"data":{"alt":6,"fertility":100,"region":2135,"area":299}},{"x":503,"y":2792,"data":{"alt":6,"fertility":100,"forest":40,"region":2135,"area":299}},{"x":504,"y":2792,"data":{"alt":7,"fertility":100,"region":2135,"area":299}},{"x":505,"y":2792,"data":{"alt":6,"fertility":100,"region":2135,"area":299}},{"x":506,"y":2792,"data":{"alt":6,"fertility":100,"region":2135,"area":299}},{"x":507,"y":2792,"data":{"alt":6,"fertility":100,"region":2135,"area":299}},{"x":508,"y":2792,"data":{"alt":6,"fertility":100,"region":2135,"area":299}},{"x":509,"y":2792,"data":{"alt":6,"fertility":100,"region":2135,"area":299}},{"x":510,"y":2792,"data":{"alt":7,"fertility":100,"region":2135,"area":299}},{"x":511,"y":2792,"data":{"alt":6,"fertility":100,"region":2135,"area":299}},{"x":494,"y":2793,"data":{"alt":6,"fertility":100,"forest":40,"region":2135,"area":299}},{"x":495,"y":2793,"data":{"alt":6,"fertility":100,"region":2135,"area":299}},{"x":496,"y":2793,"data":{"alt":7,"fertility":100,"region":2135,"area":299}},{"x":497,"y":2793,"data":{"alt":7,"fertility":100,"region":2135,"area":299}},{"x":498,"y":2793,"data":{"alt":8,"fertility":100,"forest":40,"region":2135,"area":299}},{"x":499,"y":2793,"data":{"alt":8,"fertility":100,"region":2135,"area":299}},{"x":500,"y":2793,"data":{"alt":8,"fertility":100,"region":2135,"area":299}},{"x":501,"y":2793,"data":{"alt":7,"fertility":100,"forest":40,"region":2135,"area":299}},{"x":502,"y":2793,"data":{"alt":6,"fertility":100,"forest":80,"region":2135,"area":299}},{"x":503,"y":2793,"data":{"alt":7,"fertility":100,"region":2135,"area":299}},{"x":504,"y":2793,"data":{"alt":6,"fertility":100,"region":2135,"area":299}},{"x":505,"y":2793,"data":{"alt":6,"fertility":100,"forest":40,"region":2135,"area":299}},{"x":506,"y":2793,"data":{"alt":6,"fertility":100,"region":2135,"area":299}},{"x":507,"y":2793,"data":{"alt":6,"fertility":100,"forest":40,"region":2135,"area":299}},{"x":508,"y":2793,"data":{"alt":6,"fertility":100,"region":2135,"area":299}},{"x":509,"y":2793,"data":{"alt":6,"fertility":100,"region":2135,"area":299}},{"x":510,"y":2793,"data":{"alt":7,"fertility":100,"region":2135,"area":299}},{"x":511,"y":2793,"data":{"alt":7,"fertility":100,"region":2135,"area":299}},{"x":495,"y":2794,"data":{"alt":6,"fertility":100,"region":2135,"area":299}},{"x":496,"y":2794,"data":{"alt":7,"fertility":100,"region":2135,"area":299}},{"x":497,"y":2794,"data":{"alt":7,"fertility":100,"region":2135,"area":299}},{"x":498,"y":2794,"data":{"alt":6,"fertility":100,"forest":40,"region":2135,"area":299}},{"x":499,"y":2794,"data":{"alt":6,"fertility":100,"forest":40,"region":2135,"area":299}},{"x":500,"y":2794,"data":{"alt":6,"fertility":100,"forest":80,"region":2135,"area":299}},{"x":501,"y":2794,"data":{"alt":6,"fertility":100,"forest":40,"region":2135,"area":299}},{"x":502,"y":2794,"data":{"alt":7,"fertility":100,"forest":80,"region":2135,"area":299}},{"x":503,"y":2794,"data":{"alt":6,"fertility":100,"region":2135,"area":299}},{"x":504,"y":2794,"data":{"alt":6,"fertility":100,"forest":80,"region":2135,"area":299}},{"x":505,"y":2794,"data":{"alt":6,"fertility":100,"region":2135,"area":299}},{"x":506,"y":2794,"data":{"alt":6,"fertility":100,"region":2135,"area":299}},{"x":507,"y":2794,"data":{"alt":6,"fertility":100,"region":2135,"area":299}},{"x":508,"y":2794,"data":{"alt":7,"fertility":100,"region":2135,"area":299}},{"x":509,"y":2794,"data":{"alt":7,"fertility":100,"region":2135,"area":299}},{"x":510,"y":2794,"data":{"alt":7,"fertility":100,"region":2135,"area":299}},{"x":511,"y":2794,"data":{"alt":6,"fertility":100,"region":2135,"area":299}},{"x":495,"y":2795,"data":{"alt":6,"fertility":100,"region":2135,"area":299}},{"x":496,"y":2795,"data":{"alt":6,"fertility":100,"region":2135,"area":299}},{"x":497,"y":2795,"data":{"alt":6,"fertility":100,"region":2135,"area":299}},{"x":498,"y":2795,"data":{"alt":6,"fertility":100,"region":2135,"area":299}},{"x":499,"y":2795,"data":{"alt":6,"fertility":100,"forest":40,"region":2135,"area":299}},{"x":500,"y":2795,"data":{"alt":6,"fertility":100,"region":2135,"area":299}},{"x":501,"y":2795,"data":{"alt":6,"fertility":100,"region":2135,"area":299}},{"x":502,"y":2795,"data":{"alt":6,"fertility":100,"region":2135,"area":299}},{"x":503,"y":2795,"data":{"alt":6,"fertility":100,"region":2135,"area":299}},{"x":504,"y":2795,"data":{"alt":6,"fertility":100,"forest":80,"region":2135,"area":299}},{"x":505,"y":2795,"data":{"alt":6,"fertility":100,"region":2135,"area":299}},{"x":506,"y":2795,"data":{"alt":6,"fertility":100,"region":2135,"area":299}},{"x":507,"y":2795,"data":{"alt":6,"fertility":100,"region":2135,"area":299}},{"x":508,"y":2795,"data":{"alt":6,"fertility":100,"region":2135,"area":299}},{"x":509,"y":2795,"data":{"alt":7,"fertility":100,"forest":80,"region":2135,"area":299}},{"x":510,"y":2795,"data":{"alt":7,"fertility":100,"region":2135,"area":299}},{"x":511,"y":2795,"data":{"alt":6,"fertility":100,"forest":80,"region":2135,"area":299}},{"x":497,"y":2796,"data":{"alt":6,"fertility":100,"region":2135,"area":299}},{"x":498,"y":2796,"data":{"alt":6,"fertility":100,"region":2135,"area":299}},{"x":499,"y":2796,"data":{"alt":6,"fertility":100,"region":2135,"area":299}},{"x":503,"y":2796,"data":{"alt":6,"fertility":100,"region":2135,"area":299}},{"x":504,"y":2796,"data":{"alt":6,"fertility":100,"region":2135,"area":299}},{"x":505,"y":2796,"data":{"alt":6,"fertility":100,"region":2135,"area":299}},{"x":507,"y":2796,"data":{"alt":6,"fertility":100,"region":2135,"area":299}},{"x":508,"y":2796,"data":{"alt":6,"fertility":100,"region":2135,"area":299}},{"x":509,"y":2796,"data":{"alt":6,"fertility":100,"region":2135,"area":299}},{"x":510,"y":2796,"data":{"alt":6,"fertility":100,"forest":80,"region":2135,"area":299}},{"x":511,"y":2796,"data":{"alt":6,"fertility":100,"forest":80,"region":2135,"area":299}},{"x":504,"y":2797,"data":{"alt":6,"fertility":100,"region":2135,"area":299}},{"x":507,"y":2797,"data":{"alt":6,"fertility":100,"region":2135,"area":299}},{"x":508,"y":2797,"data":{"alt":6,"fertility":100,"region":2135,"area":299}},{"x":509,"y":2797,"data":{"alt":6,"fertility":100,"forest":80,"region":2135,"area":299}},{"x":510,"y":2797,"data":{"alt":6,"fertility":100,"region":2135,"area":299}},{"x":508,"y":2798,"data":{"alt":6,"fertility":100,"region":2135,"area":299}},{"x":509,"y":2798,"data":{"alt":6,"fertility":100,"region":2135,"area":299}},{"x":510,"y":2798,"data":{"alt":6,"fertility":100,"region":2135,"area":299}},{"x":511,"y":2798,"data":{"alt":6,"fertility":100,"forest":80,"region":2135,"area":299}},{"x":499,"y":2782,"data":{"alt":6,"fertility":100,"region":2135,"area":299}},{"x":496,"y":2783,"data":{"alt":6,"fertility":100,"region":2135,"area":299}},{"x":497,"y":2783,"data":{"alt":6,"fertility":100,"region":2135,"area":299}},{"x":498,"y":2783,"data":{"alt":6,"fertility":100,"region":2135,"area":299}},{"x":499,"y":2783,"data":{"alt":6,"fertility":100,"region":2135,"area":299}},{"x":500,"y":2783,"data":{"alt":6,"fertility":100,"forest":40,"region":2135,"area":299}},{"x":501,"y":2783,"data":{"alt":6,"fertility":100,"forest":40,"region":2135,"area":299}},{"x":513,"y":2787,"data":{"alt":6,"fertility":100,"forest":20,"region":2135,"area":299}},{"x":514,"y":2787,"data":{"alt":6,"fertility":100,"region":2135,"area":299}},{"x":512,"y":2788,"data":{"alt":6,"fertility":100,"forest":20,"region":2135,"area":299}},{"x":513,"y":2788,"data":{"alt":6,"fertility":100,"region":2135,"area":299}},{"x":514,"y":2788,"data":{"alt":6,"fertility":100,"region":2135,"area":299}},{"x":513,"y":2789,"data":{"alt":6,"fertility":100,"region":2135,"area":299}},{"x":512,"y":2790,"data":{"alt":6,"fertility":100,"region":2135,"area":299}},{"x":513,"y":2790,"data":{"alt":6,"fertility":100,"forest":40,"region":2135,"area":299}},{"x":514,"y":2790,"data":{"alt":6,"fertility":100,"region":2135,"area":299}},{"x":512,"y":2791,"data":{"alt":6,"fertility":100,"region":2135,"area":299}},{"x":513,"y":2791,"data":{"alt":6,"fertility":100,"region":2135,"area":299}},{"x":512,"y":2792,"data":{"alt":7,"fertility":100,"region":2135,"area":299}},{"x":513,"y":2792,"data":{"alt":6,"fertility":100,"region":2135,"area":299}},{"x":512,"y":2793,"data":{"alt":7,"fertility":100,"forest":80,"region":2135,"area":299}},{"x":512,"y":2794,"data":{"alt":6,"fertility":100,"forest":80,"region":2135,"area":299}},{"x":512,"y":2795,"data":{"alt":6,"fertility":100,"forest":80,"region":2135,"area":299}},{"x":512,"y":2796,"data":{"alt":6,"fertility":100,"forest":80,"region":2135,"area":299}},{"x":512,"y":2797,"data":{"alt":6,"fertility":100,"region":2135,"area":299}}]