[{"x":191,"y":446,"data":{"alt":5,"type":2,"area":30}},{"x":191,"y":447,"data":{"alt":5,"type":2,"area":30}},{"x":192,"y":448,"data":{"alt":5,"type":1,"area":30}},{"x":193,"y":448,"data":{"alt":5,"type":2,"area":30}},{"x":194,"y":448,"data":{"alt":5,"type":2,"area":30}},{"x":195,"y":448,"data":{"alt":5,"type":2,"area":30}},{"x":196,"y":448,"data":{"alt":5,"type":2,"area":30}},{"x":192,"y":449,"data":{"alt":5,"type":2,"area":30}},{"x":193,"y":449,"data":{"alt":5,"type":1,"area":30}},{"x":194,"y":449,"data":{"alt":5,"type":2,"area":30}},{"x":195,"y":449,"data":{"alt":5,"type":2,"area":30}},{"x":193,"y":450,"data":{"alt":5,"type":2,"area":30}},{"x":194,"y":450,"data":{"alt":5,"type":1,"area":30}},{"x":195,"y":450,"data":{"alt":5,"type":2,"area":30}},{"x":195,"y":451,"data":{"alt":5,"type":1,"area":30}},{"x":192,"y":443,"data":{"alt":5,"type":1,"area":30}},{"x":192,"y":444,"data":{"alt":5,"type":1,"area":30}},{"x":192,"y":445,"data":{"alt":5,"type":2,"area":30}},{"x":193,"y":445,"data":{"alt":5,"type":1,"area":30}},{"x":192,"y":446,"data":{"alt":5,"type":2,"area":30}},{"x":193,"y":446,"data":{"alt":5,"type":2,"area":30}},{"x":194,"y":446,"data":{"alt":5,"type":1,"area":30}},{"x":192,"y":447,"data":{"alt":5,"type":2,"area":30}},{"x":193,"y":447,"data":{"alt":5,"type":1,"area":30}},{"x":194,"y":447,"data":{"alt":5,"type":2,"area":30}}]