[{"x":3083,"y":480,"data":{"alt":2,"type":2,"area":300}},{"x":3084,"y":480,"data":{"alt":2,"type":1,"area":300}},{"x":3085,"y":480,"data":{"alt":2,"type":1,"area":300}},{"x":3086,"y":480,"data":{"alt":2,"type":2,"area":300}},{"x":3087,"y":480,"data":{"alt":2,"type":2,"area":300}},{"x":3088,"y":480,"data":{"alt":2,"type":1,"area":300}},{"x":3089,"y":480,"data":{"alt":2,"type":1,"area":300}},{"x":3090,"y":480,"data":{"alt":2,"type":1,"area":300}},{"x":3091,"y":480,"data":{"alt":2,"type":2,"area":300}},{"x":3092,"y":480,"data":{"alt":2,"type":1,"area":300}},{"x":3093,"y":480,"data":{"alt":2,"type":1,"area":300}},{"x":3094,"y":480,"data":{"alt":2,"type":1,"area":300}},{"x":3095,"y":480,"data":{"alt":2,"type":1,"area":300}},{"x":3096,"y":480,"data":{"alt":2,"type":1,"area":300}},{"x":3097,"y":480,"data":{"alt":2,"type":2,"area":300}},{"x":3098,"y":480,"data":{"alt":2,"type":2,"area":300}},{"x":3099,"y":480,"data":{"alt":2,"type":1,"area":300}},{"x":3100,"y":480,"data":{"alt":2,"type":2,"area":300}},{"x":3082,"y":481,"data":{"alt":2,"type":2,"area":300}},{"x":3083,"y":481,"data":{"alt":2,"type":2,"area":300}},{"x":3084,"y":481,"data":{"alt":2,"type":2,"area":300}},{"x":3085,"y":481,"data":{"alt":2,"type":2,"area":300}},{"x":3086,"y":481,"data":{"alt":2,"type":1,"area":300}},{"x":3087,"y":481,"data":{"alt":2,"type":1,"area":300}},{"x":3088,"y":481,"data":{"alt":2,"type":2,"area":300}},{"x":3089,"y":481,"data":{"alt":2,"type":2,"area":300}},{"x":3090,"y":481,"data":{"alt":2,"type":2,"area":300}},{"x":3091,"y":481,"data":{"alt":2,"type":2,"area":300}},{"x":3092,"y":481,"data":{"alt":2,"type":2,"area":300}},{"x":3093,"y":481,"data":{"alt":2,"type":2,"area":300}},{"x":3094,"y":481,"data":{"alt":2,"type":2,"area":300}},{"x":3095,"y":481,"data":{"alt":2,"type":2,"area":300}},{"x":3096,"y":481,"data":{"alt":2,"type":2,"area":300}},{"x":3097,"y":481,"data":{"alt":2,"type":2,"area":300}},{"x":3098,"y":481,"data":{"alt":2,"type":2,"area":300}},{"x":3100,"y":481,"data":{"alt":2,"type":1,"area":300}},{"x":3101,"y":481,"data":{"alt":2,"type":1,"area":300}},{"x":3102,"y":481,"data":{"alt":2,"type":1,"area":300}},{"x":3084,"y":482,"data":{"alt":2,"type":2,"area":300}},{"x":3085,"y":482,"data":{"alt":2,"type":2,"area":300}},{"x":3086,"y":482,"data":{"alt":2,"type":2,"area":300}},{"x":3087,"y":482,"data":{"alt":2,"type":2,"area":300}},{"x":3088,"y":482,"data":{"alt":2,"type":2,"area":300}},{"x":3089,"y":482,"data":{"alt":2,"type":2,"area":300}},{"x":3090,"y":482,"data":{"alt":2,"type":2,"area":300}},{"x":3091,"y":482,"data":{"alt":2,"type":2,"area":300}},{"x":3092,"y":482,"data":{"alt":2,"type":2,"area":300}},{"x":3093,"y":482,"data":{"alt":2,"type":2,"area":300}},{"x":3094,"y":482,"data":{"alt":2,"type":2,"area":300}},{"x":3095,"y":482,"data":{"alt":2,"type":2,"area":300}},{"x":3100,"y":482,"data":{"alt":2,"type":2,"area":300}},{"x":3101,"y":482,"data":{"alt":2,"type":2,"area":300}},{"x":3102,"y":482,"data":{"alt":2,"type":2,"area":300}},{"x":3103,"y":482,"data":{"alt":2,"type":1,"area":300}},{"x":3084,"y":483,"data":{"alt":2,"type":2,"area":300}},{"x":3085,"y":483,"data":{"alt":2,"type":2,"area":300}},{"x":3086,"y":483,"data":{"alt":2,"type":2,"area":300}},{"x":3087,"y":483,"data":{"alt":2,"type":2,"area":300}},{"x":3088,"y":483,"data":{"alt":2,"type":2,"area":300}},{"x":3089,"y":483,"data":{"alt":2,"type":2,"area":300}},{"x":3090,"y":483,"data":{"alt":2,"type":2,"area":300}},{"x":3091,"y":483,"data":{"alt":2,"type":2,"area":300}},{"x":3092,"y":483,"data":{"alt":2,"type":2,"area":300}},{"x":3100,"y":483,"data":{"alt":2,"type":2,"area":300}},{"x":3101,"y":483,"data":{"alt":2,"type":2,"area":300}},{"x":3102,"y":483,"data":{"alt":2,"type":2,"area":300}},{"x":3085,"y":484,"data":{"alt":2,"type":2,"area":300}},{"x":3086,"y":484,"data":{"alt":2,"type":2,"area":300}},{"x":3087,"y":484,"data":{"alt":2,"type":2,"area":300}},{"x":3088,"y":484,"data":{"alt":2,"type":2,"area":300}},{"x":3089,"y":484,"data":{"alt":2,"type":2,"area":300}},{"x":3090,"y":484,"data":{"alt":2,"type":2,"area":300}},{"x":3100,"y":484,"data":{"alt":2,"type":2,"area":300}},{"x":3089,"y":485,"data":{"alt":2,"type":2,"area":300}},{"x":3086,"y":463,"data":{"alt":2,"type":2,"area":300}},{"x":3086,"y":464,"data":{"alt":2,"type":2,"area":300}},{"x":3087,"y":464,"data":{"alt":2,"type":2,"area":300}},{"x":3086,"y":465,"data":{"alt":2,"type":2,"area":300}},{"x":3087,"y":465,"data":{"alt":2,"type":2,"area":300}},{"x":3088,"y":465,"data":{"alt":2,"type":2,"area":300}},{"x":3089,"y":465,"data":{"alt":2,"type":2,"area":300}},{"x":3085,"y":466,"data":{"alt":2,"type":2,"area":300}},{"x":3086,"y":466,"data":{"alt":2,"type":2,"area":300}},{"x":3087,"y":466,"data":{"alt":2,"type":2,"area":300}},{"x":3088,"y":466,"data":{"alt":2,"type":2,"area":300}},{"x":3089,"y":466,"data":{"alt":2,"type":2,"area":300}},{"x":3084,"y":467,"data":{"alt":2,"type":2,"area":300}},{"x":3085,"y":467,"data":{"alt":2,"type":2,"area":300}},{"x":3086,"y":467,"data":{"alt":2,"type":2,"area":300}},{"x":3087,"y":467,"data":{"alt":2,"type":2,"area":300}},{"x":3088,"y":467,"data":{"alt":2,"type":2,"area":300}},{"x":3089,"y":467,"data":{"alt":2,"type":2,"area":300}},{"x":3083,"y":468,"data":{"alt":2,"type":2,"area":300}},{"x":3084,"y":468,"data":{"alt":2,"type":2,"area":300}},{"x":3085,"y":468,"data":{"alt":2,"type":2,"area":300}},{"x":3086,"y":468,"data":{"alt":2,"type":2,"area":300}},{"x":3087,"y":468,"data":{"alt":2,"type":2,"area":300}},{"x":3088,"y":468,"data":{"alt":2,"type":2,"area":300}},{"x":3089,"y":468,"data":{"alt":2,"type":2,"area":300}},{"x":3090,"y":468,"data":{"alt":2,"type":2,"area":300}},{"x":3083,"y":469,"data":{"alt":2,"type":2,"area":300}},{"x":3084,"y":469,"data":{"alt":2,"type":2,"area":300}},{"x":3085,"y":469,"data":{"alt":2,"type":2,"area":300}},{"x":3086,"y":469,"data":{"alt":2,"type":2,"area":300}},{"x":3087,"y":469,"data":{"alt":2,"type":2,"area":300}},{"x":3088,"y":469,"data":{"alt":2,"type":2,"area":300}},{"x":3085,"y":470,"data":{"alt":2,"type":2,"area":300}},{"x":3086,"y":470,"data":{"alt":2,"type":2,"area":300}},{"x":3087,"y":470,"data":{"alt":2,"type":2,"area":300}},{"x":3088,"y":470,"data":{"alt":2,"type":2,"area":300}},{"x":3089,"y":470,"data":{"alt":2,"type":2,"area":300}},{"x":3090,"y":470,"data":{"alt":2,"type":2,"area":300}},{"x":3086,"y":471,"data":{"alt":2,"type":2,"area":300}},{"x":3087,"y":471,"data":{"alt":2,"type":2,"area":300}},{"x":3088,"y":471,"data":{"alt":2,"type":2,"area":300}},{"x":3089,"y":471,"data":{"alt":2,"type":2,"area":300}},{"x":3090,"y":471,"data":{"alt":2,"type":2,"area":300}},{"x":3091,"y":471,"data":{"alt":2,"type":2,"area":300}},{"x":3092,"y":471,"data":{"alt":2,"type":2,"area":300}},{"x":3086,"y":472,"data":{"alt":2,"type":2,"area":300}},{"x":3087,"y":472,"data":{"alt":2,"type":2,"area":300}},{"x":3088,"y":472,"data":{"alt":2,"type":2,"area":300}},{"x":3089,"y":472,"data":{"alt":2,"type":2,"area":300}},{"x":3090,"y":472,"data":{"alt":2,"type":2,"area":300}},{"x":3091,"y":472,"data":{"alt":2,"type":2,"area":300}},{"x":3092,"y":472,"data":{"alt":2,"type":2,"area":300}},{"x":3086,"y":473,"data":{"alt":2,"type":2,"area":300}},{"x":3087,"y":473,"data":{"alt":2,"type":2,"area":300}},{"x":3088,"y":473,"data":{"alt":2,"type":2,"area":300}},{"x":3089,"y":473,"data":{"alt":2,"type":2,"area":300}},{"x":3090,"y":473,"data":{"alt":2,"type":2,"area":300}},{"x":3091,"y":473,"data":{"alt":2,"type":2,"area":300}},{"x":3092,"y":473,"data":{"alt":2,"type":2,"area":300}},{"x":3093,"y":473,"data":{"alt":2,"type":2,"area":300}},{"x":3084,"y":474,"data":{"alt":2,"type":2,"area":300}},{"x":3085,"y":474,"data":{"alt":2,"type":2,"area":300}},{"x":3086,"y":474,"data":{"alt":2,"type":2,"area":300}},{"x":3087,"y":474,"data":{"alt":2,"type":2,"area":300}},{"x":3088,"y":474,"data":{"alt":2,"type":2,"area":300}},{"x":3089,"y":474,"data":{"alt":2,"type":2,"area":300}},{"x":3090,"y":474,"data":{"alt":2,"type":2,"area":300}},{"x":3091,"y":474,"data":{"alt":2,"type":2,"area":300}},{"x":3092,"y":474,"data":{"alt":2,"type":2,"area":300}},{"x":3093,"y":474,"data":{"alt":2,"type":2,"area":300}},{"x":3082,"y":475,"data":{"alt":2,"type":1,"area":300}},{"x":3083,"y":475,"data":{"alt":2,"type":2,"area":300}},{"x":3084,"y":475,"data":{"alt":2,"type":2,"area":300}},{"x":3085,"y":475,"data":{"alt":2,"type":2,"area":300}},{"x":3086,"y":475,"data":{"alt":2,"type":2,"area":300}},{"x":3087,"y":475,"data":{"alt":2,"type":2,"area":300}},{"x":3088,"y":475,"data":{"alt":2,"type":2,"area":300}},{"x":3089,"y":475,"data":{"alt":2,"type":2,"area":300}},{"x":3090,"y":475,"data":{"alt":2,"type":2,"area":300}},{"x":3091,"y":475,"data":{"alt":2,"type":2,"area":300}},{"x":3092,"y":475,"data":{"alt":2,"type":2,"area":300}},{"x":3093,"y":475,"data":{"alt":2,"type":2,"area":300}},{"x":3094,"y":475,"data":{"alt":2,"type":2,"area":300}},{"x":3082,"y":476,"data":{"alt":2,"type":1,"area":300}},{"x":3083,"y":476,"data":{"alt":2,"type":2,"area":300}},{"x":3084,"y":476,"data":{"alt":2,"type":2,"area":300}},{"x":3085,"y":476,"data":{"alt":2,"type":2,"area":300}},{"x":3086,"y":476,"data":{"alt":2,"type":2,"area":300}},{"x":3087,"y":476,"data":{"alt":2,"type":2,"area":300}},{"x":3088,"y":476,"data":{"alt":2,"type":2,"area":300}},{"x":3089,"y":476,"data":{"alt":2,"type":2,"area":300}},{"x":3090,"y":476,"data":{"alt":2,"type":2,"area":300}},{"x":3091,"y":476,"data":{"alt":2,"type":2,"area":300}},{"x":3092,"y":476,"data":{"alt":2,"type":2,"area":300}},{"x":3093,"y":476,"data":{"alt":2,"type":2,"area":300}},{"x":3094,"y":476,"data":{"alt":2,"type":2,"area":300}},{"x":3082,"y":477,"data":{"alt":2,"type":1,"area":300}},{"x":3083,"y":477,"data":{"alt":2,"type":2,"area":300}},{"x":3084,"y":477,"data":{"alt":2,"type":2,"area":300}},{"x":3085,"y":477,"data":{"alt":2,"type":2,"area":300}},{"x":3086,"y":477,"data":{"alt":2,"type":2,"area":300}},{"x":3087,"y":477,"data":{"alt":2,"type":2,"area":300}},{"x":3088,"y":477,"data":{"alt":2,"type":2,"area":300}},{"x":3089,"y":477,"data":{"alt":2,"type":2,"area":300}},{"x":3090,"y":477,"data":{"alt":2,"type":2,"area":300}},{"x":3091,"y":477,"data":{"alt":2,"type":2,"area":300}},{"x":3092,"y":477,"data":{"alt":2,"type":2,"area":300}},{"x":3093,"y":477,"data":{"alt":2,"type":2,"area":300}},{"x":3094,"y":477,"data":{"alt":2,"type":2,"area":300}},{"x":3095,"y":477,"data":{"alt":2,"type":2,"area":300}},{"x":3080,"y":478,"data":{"alt":2,"type":2,"area":300}},{"x":3081,"y":478,"data":{"alt":2,"type":2,"area":300}},{"x":3082,"y":478,"data":{"alt":2,"type":1,"area":300}},{"x":3083,"y":478,"data":{"alt":2,"type":2,"area":300}},{"x":3084,"y":478,"data":{"alt":2,"type":2,"area":300}},{"x":3085,"y":478,"data":{"alt":2,"type":2,"area":300}},{"x":3086,"y":478,"data":{"alt":2,"type":2,"area":300}},{"x":3087,"y":478,"data":{"alt":2,"type":2,"area":300}},{"x":3088,"y":478,"data":{"alt":2,"type":2,"area":300}},{"x":3089,"y":478,"data":{"alt":2,"type":2,"area":300}},{"x":3090,"y":478,"data":{"alt":2,"type":2,"area":300}},{"x":3091,"y":478,"data":{"alt":2,"type":2,"area":300}},{"x":3092,"y":478,"data":{"alt":2,"type":2,"area":300}},{"x":3093,"y":478,"data":{"alt":2,"type":2,"area":300}},{"x":3094,"y":478,"data":{"alt":2,"type":2,"area":300}},{"x":3095,"y":478,"data":{"alt":2,"type":2,"area":300}},{"x":3096,"y":478,"data":{"alt":2,"type":2,"area":300}},{"x":3097,"y":478,"data":{"alt":2,"type":2,"area":300}},{"x":3098,"y":478,"data":{"alt":2,"type":2,"area":300}},{"x":3100,"y":478,"data":{"alt":2,"type":2,"area":300}},{"x":3101,"y":478,"data":{"alt":2,"type":2,"area":300}},{"x":3083,"y":479,"data":{"alt":2,"type":1,"area":300}},{"x":3084,"y":479,"data":{"alt":2,"type":2,"area":300}},{"x":3085,"y":479,"data":{"alt":2,"type":2,"area":300}},{"x":3086,"y":479,"data":{"alt":2,"type":2,"area":300}},{"x":3087,"y":479,"data":{"alt":2,"type":2,"area":300}},{"x":3088,"y":479,"data":{"alt":2,"type":2,"area":300}},{"x":3089,"y":479,"data":{"alt":2,"type":2,"area":300}},{"x":3090,"y":479,"data":{"alt":2,"type":2,"area":300}},{"x":3091,"y":479,"data":{"alt":2,"type":1,"area":300}},{"x":3092,"y":479,"data":{"alt":2,"type":2,"area":300}},{"x":3093,"y":479,"data":{"alt":2,"type":2,"area":300}},{"x":3094,"y":479,"data":{"alt":2,"type":2,"area":300}},{"x":3095,"y":479,"data":{"alt":2,"type":2,"area":300}},{"x":3096,"y":479,"data":{"alt":2,"type":2,"area":300}},{"x":3097,"y":479,"data":{"alt":2,"type":1,"area":300}},{"x":3098,"y":479,"data":{"alt":2,"type":1,"area":300}},{"x":3099,"y":479,"data":{"alt":2,"type":2,"area":300}},{"x":3100,"y":479,"data":{"alt":2,"type":2,"area":300}},{"x":3101,"y":479,"data":{"alt":2,"type":2,"area":300}}]