[{"x":3097,"y":894,"data":{"alt":7,"type":2,"area":304}},{"x":3097,"y":895,"data":{"alt":7,"type":2,"area":304}},{"x":3098,"y":895,"data":{"alt":7,"type":2,"area":304}},{"x":3099,"y":895,"data":{"alt":7,"type":2,"area":304}},{"x":3100,"y":895,"data":{"alt":7,"type":2,"area":304}},{"x":3097,"y":896,"data":{"alt":7,"type":2,"area":304}},{"x":3098,"y":896,"data":{"alt":7,"type":1,"area":304}},{"x":3099,"y":896,"data":{"alt":7,"type":1,"area":304}},{"x":3100,"y":896,"data":{"alt":7,"type":1,"area":304}},{"x":3097,"y":897,"data":{"alt":7,"type":1,"area":304}},{"x":3098,"y":897,"data":{"alt":7,"type":2,"area":304}},{"x":3099,"y":897,"data":{"alt":7,"type":2,"area":304}},{"x":3100,"y":897,"data":{"alt":7,"type":2,"area":304}},{"x":3101,"y":897,"data":{"alt":7,"type":1,"area":304}},{"x":3095,"y":898,"data":{"alt":7,"type":2,"area":304}},{"x":3097,"y":898,"data":{"alt":7,"type":1,"area":304}},{"x":3098,"y":898,"data":{"alt":7,"type":2,"area":304}},{"x":3099,"y":898,"data":{"alt":7,"type":2,"area":304}},{"x":3100,"y":898,"data":{"alt":7,"type":2,"area":304}},{"x":3095,"y":899,"data":{"alt":7,"type":1,"area":304}},{"x":3096,"y":899,"data":{"alt":7,"type":1,"area":304}},{"x":3097,"y":899,"data":{"alt":7,"type":2,"area":304}},{"x":3091,"y":900,"data":{"alt":6,"type":2,"area":304}},{"x":3092,"y":900,"data":{"alt":6,"type":1,"area":304}},{"x":3093,"y":900,"data":{"alt":6,"type":1,"area":304}},{"x":3094,"y":900,"data":{"alt":7,"type":1,"area":304}},{"x":3095,"y":900,"data":{"alt":7,"type":1,"area":304}},{"x":3096,"y":900,"data":{"alt":7,"type":2,"area":304}},{"x":3090,"y":901,"data":{"alt":6,"type":1,"area":304}},{"x":3091,"y":901,"data":{"alt":6,"type":1,"area":304}},{"x":3095,"y":901,"data":{"alt":7,"type":1,"area":304}},{"x":3096,"y":901,"data":{"alt":7,"type":2,"area":304}},{"x":3090,"y":902,"data":{"alt":6,"type":1,"area":304}},{"x":3091,"y":902,"data":{"alt":6,"type":2,"area":304}},{"x":3095,"y":902,"data":{"alt":7,"type":1,"area":304}},{"x":3096,"y":902,"data":{"alt":7,"type":2,"area":304}}]