[{"x":3120,"y":512,"data":{"alt":52,"type":2,"area":306}},{"x":3115,"y":505,"data":{"alt":52,"type":1,"area":306}},{"x":3116,"y":505,"data":{"alt":52,"type":1,"area":306}},{"x":3115,"y":506,"data":{"alt":52,"type":2,"area":306}},{"x":3116,"y":506,"data":{"alt":52,"type":2,"area":306}},{"x":3117,"y":506,"data":{"alt":52,"type":1,"area":306}},{"x":3119,"y":506,"data":{"alt":52,"type":1,"area":306}},{"x":3116,"y":507,"data":{"alt":52,"type":2,"area":306}},{"x":3117,"y":507,"data":{"alt":52,"type":2,"area":306}},{"x":3118,"y":507,"data":{"alt":52,"type":1,"area":306}},{"x":3119,"y":507,"data":{"alt":52,"type":2,"area":306}},{"x":3117,"y":508,"data":{"alt":52,"type":2,"area":306}},{"x":3118,"y":508,"data":{"alt":52,"type":2,"area":306}},{"x":3118,"y":509,"data":{"alt":52,"type":2,"area":306}},{"x":3119,"y":509,"data":{"alt":52,"type":2,"area":306}},{"x":3120,"y":509,"data":{"alt":52,"type":2,"area":306}},{"x":3119,"y":510,"data":{"alt":52,"type":2,"area":306}},{"x":3120,"y":510,"data":{"alt":52,"type":2,"area":306}},{"x":3121,"y":510,"data":{"alt":52,"type":2,"area":306}},{"x":3119,"y":511,"data":{"alt":52,"type":2,"area":306}},{"x":3120,"y":511,"data":{"alt":52,"type":2,"area":306}},{"x":3121,"y":511,"data":{"alt":52,"type":2,"area":306}}]