[{"x":512,"y":704,"data":{"alt":2,"fertility":60,"region":2111,"area":307}},{"x":513,"y":704,"data":{"alt":2,"fertility":60,"region":2111,"area":307}},{"x":514,"y":704,"data":{"alt":1,"fertility":60,"region":2111,"area":307}},{"x":512,"y":698,"data":{"alt":1,"fertility":60,"region":2111,"area":307}},{"x":514,"y":698,"data":{"alt":1,"fertility":60,"region":2111,"area":307}},{"x":515,"y":698,"data":{"alt":1,"fertility":60,"region":2111,"area":307}},{"x":516,"y":698,"data":{"alt":1,"fertility":60,"forest":20,"region":2111,"area":307}},{"x":512,"y":699,"data":{"alt":1,"fertility":60,"region":2111,"area":307}},{"x":513,"y":699,"data":{"alt":1,"fertility":60,"region":2111,"area":307}},{"x":514,"y":699,"data":{"alt":1,"fertility":60,"region":2111,"area":307}},{"x":515,"y":699,"data":{"alt":1,"fertility":60,"region":2111,"area":307}},{"x":516,"y":699,"data":{"alt":1,"fertility":60,"region":2111,"area":307}},{"x":512,"y":700,"data":{"alt":2,"fertility":60,"region":2111,"area":307}},{"x":513,"y":700,"data":{"alt":1,"fertility":60,"region":2111,"area":307}},{"x":514,"y":700,"data":{"alt":1,"fertility":60,"region":2111,"area":307}},{"x":515,"y":700,"data":{"alt":1,"fertility":60,"region":2111,"area":307}},{"x":516,"y":700,"data":{"alt":1,"fertility":60,"region":2111,"area":307}},{"x":512,"y":701,"data":{"alt":4,"fertility":60,"region":2111,"area":307}},{"x":513,"y":701,"data":{"alt":2,"fertility":100,"region":2111,"area":307}},{"x":514,"y":701,"data":{"alt":1,"fertility":60,"region":2111,"area":307}},{"x":515,"y":701,"data":{"alt":1,"fertility":60,"region":2111,"area":307}},{"x":516,"y":701,"data":{"alt":1,"fertility":60,"region":2111,"area":307}},{"x":517,"y":701,"data":{"alt":1,"fertility":60,"forest":20,"region":2111,"area":307}},{"x":512,"y":702,"data":{"alt":2,"fertility":60,"region":2111,"area":307}},{"x":513,"y":702,"data":{"alt":2,"fertility":60,"forest":20,"region":2111,"area":307}},{"x":514,"y":702,"data":{"alt":1,"fertility":60,"region":2111,"area":307}},{"x":515,"y":702,"data":{"alt":1,"fertility":60,"region":2111,"area":307}},{"x":516,"y":702,"data":{"alt":1,"fertility":60,"region":2111,"area":307}},{"x":517,"y":702,"data":{"alt":1,"fertility":60,"region":2111,"area":307}},{"x":512,"y":703,"data":{"alt":2,"fertility":60,"region":2111,"area":307}},{"x":513,"y":703,"data":{"alt":2,"fertility":60,"region":2111,"area":307}},{"x":514,"y":703,"data":{"alt":2,"fertility":60,"region":2111,"area":307}},{"x":515,"y":703,"data":{"alt":1,"fertility":60,"region":2111,"area":307}},{"x":516,"y":703,"data":{"alt":1,"fertility":60,"region":2111,"area":307}},{"x":511,"y":698,"data":{"alt":1,"fertility":60,"region":2111,"area":307}},{"x":509,"y":699,"data":{"alt":1,"fertility":60,"region":2111,"area":307}},{"x":510,"y":699,"data":{"alt":1,"fertility":60,"region":2111,"area":307}},{"x":511,"y":699,"data":{"alt":1,"fertility":60,"region":2111,"area":307}},{"x":510,"y":700,"data":{"alt":1,"fertility":60,"region":2111,"area":307}},{"x":511,"y":700,"data":{"alt":2,"fertility":60,"region":2111,"area":307}},{"x":510,"y":701,"data":{"alt":1,"fertility":60,"region":2111,"area":307}},{"x":511,"y":701,"data":{"alt":2,"fertility":60,"region":2111,"area":307}},{"x":510,"y":702,"data":{"alt":1,"fertility":60,"region":2111,"area":307}},{"x":511,"y":702,"data":{"alt":2,"fertility":60,"region":2111,"area":307}},{"x":510,"y":703,"data":{"alt":2,"fertility":60,"region":2111,"area":307}},{"x":511,"y":703,"data":{"alt":2,"fertility":60,"region":2111,"area":307}},{"x":510,"y":704,"data":{"alt":1,"fertility":60,"region":2111,"area":307}},{"x":511,"y":704,"data":{"alt":2,"fertility":60,"region":2111,"area":307}}]