[{"x":512,"y":96,"data":{"alt":3,"fertility":100,"region":2121,"area":309}},{"x":513,"y":96,"data":{"alt":4,"fertility":100,"region":2121,"area":309}},{"x":514,"y":96,"data":{"alt":4,"fertility":100,"region":2121,"area":309}},{"x":512,"y":97,"data":{"alt":3,"fertility":100,"forest":40,"region":2121,"area":309}},{"x":513,"y":97,"data":{"alt":3,"fertility":100,"region":2121,"area":309}},{"x":514,"y":97,"data":{"alt":3,"fertility":100,"forest":40,"region":2121,"area":309}},{"x":511,"y":96,"data":{"alt":4,"fertility":100,"region":2121,"area":309}}]