[{"x":3135,"y":2720,"data":{"alt":2,"type":2,"area":310}},{"x":3134,"y":2721,"data":{"alt":2,"type":2,"area":310}},{"x":3135,"y":2721,"data":{"alt":2,"type":2,"area":310}},{"x":3134,"y":2722,"data":{"alt":2,"type":2,"area":310}},{"x":3135,"y":2722,"data":{"alt":2,"type":2,"area":310}},{"x":3134,"y":2723,"data":{"alt":2,"type":2,"area":310}},{"x":3135,"y":2723,"data":{"alt":2,"type":2,"area":310}},{"x":3135,"y":2724,"data":{"alt":2,"type":2,"area":310}},{"x":3136,"y":2717,"data":{"alt":2,"type":2,"area":310}},{"x":3136,"y":2718,"data":{"alt":2,"type":2,"area":310}},{"x":3137,"y":2718,"data":{"alt":2,"type":2,"area":310}},{"x":3138,"y":2718,"data":{"alt":2,"type":2,"area":310}},{"x":3136,"y":2719,"data":{"alt":2,"type":2,"area":310}},{"x":3137,"y":2719,"data":{"alt":2,"type":2,"area":310}},{"x":3138,"y":2719,"data":{"alt":2,"type":2,"area":310}},{"x":3136,"y":2720,"data":{"alt":2,"type":2,"area":310}},{"x":3137,"y":2720,"data":{"alt":2,"type":2,"area":310}},{"x":3138,"y":2720,"data":{"alt":2,"type":2,"area":310}},{"x":3139,"y":2720,"data":{"alt":2,"type":2,"area":310}},{"x":3136,"y":2721,"data":{"alt":2,"type":2,"area":310}},{"x":3137,"y":2721,"data":{"alt":2,"type":2,"area":310}},{"x":3136,"y":2722,"data":{"alt":2,"type":2,"area":310}},{"x":3137,"y":2722,"data":{"alt":2,"type":2,"area":310}},{"x":3136,"y":2723,"data":{"alt":2,"type":2,"area":310}},{"x":3136,"y":2724,"data":{"alt":2,"type":2,"area":310}}]