[{"x":517,"y":1286,"data":{"alt":1,"fertility":60,"region":2101,"area":313}},{"x":518,"y":1286,"data":{"alt":1,"fertility":60,"region":2101,"area":313}},{"x":519,"y":1286,"data":{"alt":1,"fertility":60,"region":2101,"area":313}},{"x":516,"y":1287,"data":{"alt":1,"fertility":60,"forest":40,"region":2101,"area":313}},{"x":517,"y":1287,"data":{"alt":1,"fertility":60,"region":2101,"area":313}},{"x":516,"y":1288,"data":{"alt":1,"fertility":60,"region":2101,"area":313}},{"x":517,"y":1288,"data":{"alt":1,"fertility":60,"region":2101,"area":313}},{"x":518,"y":1288,"data":{"alt":1,"fertility":60,"region":2101,"area":313}},{"x":514,"y":1289,"data":{"alt":1,"fertility":60,"region":2101,"area":313}},{"x":515,"y":1289,"data":{"alt":1,"fertility":60,"region":2101,"area":313}},{"x":517,"y":1289,"data":{"alt":1,"fertility":60,"region":2101,"area":313}},{"x":518,"y":1289,"data":{"alt":1,"fertility":60,"region":2101,"area":313}},{"x":519,"y":1289,"data":{"alt":1,"fertility":60,"region":2101,"area":313}}]