[{"x":3152,"y":840,"data":{"alt":53,"type":2,"area":314}},{"x":3152,"y":841,"data":{"alt":53,"type":2,"area":314}},{"x":3153,"y":841,"data":{"alt":53,"type":2,"area":314}},{"x":3158,"y":841,"data":{"alt":53,"type":2,"area":314}},{"x":3152,"y":842,"data":{"alt":53,"type":2,"area":314}},{"x":3153,"y":842,"data":{"alt":53,"type":2,"area":314}},{"x":3154,"y":842,"data":{"alt":53,"type":2,"area":314}},{"x":3155,"y":842,"data":{"alt":53,"type":2,"area":314}},{"x":3157,"y":842,"data":{"alt":53,"type":2,"area":314}},{"x":3158,"y":842,"data":{"alt":53,"type":2,"area":314}},{"x":3160,"y":842,"data":{"alt":54,"type":1,"area":314}},{"x":3153,"y":843,"data":{"alt":53,"type":2,"area":314}},{"x":3154,"y":843,"data":{"alt":53,"type":2,"area":314}},{"x":3155,"y":843,"data":{"alt":53,"type":2,"area":314}},{"x":3156,"y":843,"data":{"alt":53,"type":2,"area":314}},{"x":3157,"y":843,"data":{"alt":53,"type":2,"area":314}},{"x":3158,"y":843,"data":{"alt":53,"type":2,"area":314}},{"x":3159,"y":843,"data":{"alt":53,"type":2,"area":314}},{"x":3160,"y":843,"data":{"alt":53,"type":1,"area":314}},{"x":3152,"y":844,"data":{"alt":53,"type":2,"area":314}},{"x":3153,"y":844,"data":{"alt":53,"type":2,"area":314}},{"x":3154,"y":844,"data":{"alt":53,"type":2,"area":314}},{"x":3155,"y":844,"data":{"alt":53,"type":2,"area":314}},{"x":3156,"y":844,"data":{"alt":53,"type":2,"area":314}},{"x":3157,"y":844,"data":{"alt":53,"type":2,"area":314}},{"x":3158,"y":844,"data":{"alt":53,"type":2,"area":314}},{"x":3159,"y":844,"data":{"alt":53,"type":2,"area":314}},{"x":3160,"y":844,"data":{"alt":53,"type":1,"area":314}},{"x":3161,"y":844,"data":{"alt":53,"type":2,"area":314}},{"x":3152,"y":845,"data":{"alt":53,"type":2,"area":314}},{"x":3153,"y":845,"data":{"alt":53,"type":2,"area":314}},{"x":3154,"y":845,"data":{"alt":53,"type":2,"area":314}},{"x":3155,"y":845,"data":{"alt":53,"type":2,"area":314}},{"x":3156,"y":845,"data":{"alt":53,"type":2,"area":314}},{"x":3157,"y":845,"data":{"alt":53,"type":2,"area":314}},{"x":3158,"y":845,"data":{"alt":53,"type":2,"area":314}},{"x":3159,"y":845,"data":{"alt":53,"type":1,"area":314}},{"x":3160,"y":845,"data":{"alt":53,"type":2,"area":314}},{"x":3152,"y":846,"data":{"alt":53,"type":2,"area":314}},{"x":3153,"y":846,"data":{"alt":53,"type":2,"area":314}},{"x":3154,"y":846,"data":{"alt":53,"type":2,"area":314}},{"x":3155,"y":846,"data":{"alt":53,"type":2,"area":314}},{"x":3156,"y":846,"data":{"alt":53,"type":1,"area":314}},{"x":3157,"y":846,"data":{"alt":53,"type":1,"area":314}},{"x":3158,"y":846,"data":{"alt":53,"type":1,"area":314}},{"x":3159,"y":846,"data":{"alt":53,"type":2,"area":314}},{"x":3160,"y":846,"data":{"alt":53,"type":2,"area":314}},{"x":3161,"y":846,"data":{"alt":53,"type":2,"area":314}},{"x":3151,"y":847,"data":{"alt":53,"type":2,"area":314}},{"x":3152,"y":847,"data":{"alt":53,"type":2,"area":314}},{"x":3153,"y":847,"data":{"alt":53,"type":2,"area":314}},{"x":3154,"y":847,"data":{"alt":53,"type":2,"area":314}},{"x":3155,"y":847,"data":{"alt":53,"type":1,"area":314}},{"x":3156,"y":847,"data":{"alt":53,"type":2,"area":314}},{"x":3157,"y":847,"data":{"alt":53,"type":2,"area":314}},{"x":3158,"y":847,"data":{"alt":53,"type":2,"area":314}},{"x":3159,"y":847,"data":{"alt":53,"type":2,"area":314}},{"x":3160,"y":847,"data":{"alt":53,"type":2,"area":314}},{"x":3161,"y":847,"data":{"alt":53,"type":2,"area":314}},{"x":3150,"y":848,"data":{"alt":53,"type":2,"area":314}},{"x":3151,"y":848,"data":{"alt":53,"type":2,"area":314}},{"x":3152,"y":848,"data":{"alt":53,"type":1,"area":314}},{"x":3153,"y":848,"data":{"alt":53,"type":2,"area":314}},{"x":3154,"y":848,"data":{"alt":53,"type":1,"area":314}},{"x":3155,"y":848,"data":{"alt":53,"type":2,"area":314}},{"x":3156,"y":848,"data":{"alt":53,"type":2,"area":314}},{"x":3157,"y":848,"data":{"alt":53,"type":2,"area":314}},{"x":3158,"y":848,"data":{"alt":53,"type":2,"area":314}},{"x":3159,"y":848,"data":{"alt":53,"type":2,"area":314}},{"x":3160,"y":848,"data":{"alt":53,"type":2,"area":314}},{"x":3151,"y":849,"data":{"alt":53,"type":1,"area":314}},{"x":3152,"y":849,"data":{"alt":53,"type":2,"area":314}},{"x":3153,"y":849,"data":{"alt":53,"type":1,"area":314}},{"x":3154,"y":849,"data":{"alt":53,"type":2,"area":314}},{"x":3155,"y":849,"data":{"alt":53,"type":2,"area":314}},{"x":3156,"y":849,"data":{"alt":53,"type":2,"area":314}},{"x":3157,"y":849,"data":{"alt":53,"type":2,"area":314}},{"x":3158,"y":849,"data":{"alt":53,"type":2,"area":314}},{"x":3159,"y":849,"data":{"alt":53,"type":2,"area":314}},{"x":3160,"y":849,"data":{"alt":53,"type":2,"area":314}},{"x":3150,"y":850,"data":{"alt":53,"type":1,"area":314}},{"x":3151,"y":850,"data":{"alt":53,"type":2,"area":314}},{"x":3152,"y":850,"data":{"alt":53,"type":2,"area":314}},{"x":3153,"y":850,"data":{"alt":53,"type":2,"area":314}},{"x":3154,"y":850,"data":{"alt":53,"type":2,"area":314}},{"x":3155,"y":850,"data":{"alt":53,"type":2,"area":314}},{"x":3156,"y":850,"data":{"alt":53,"type":2,"area":314}},{"x":3157,"y":850,"data":{"alt":53,"type":2,"area":314}},{"x":3158,"y":850,"data":{"alt":53,"type":2,"area":314}},{"x":3159,"y":850,"data":{"alt":53,"type":2,"area":314}},{"x":3152,"y":851,"data":{"alt":53,"type":2,"area":314}},{"x":3153,"y":851,"data":{"alt":53,"type":2,"area":314}},{"x":3154,"y":851,"data":{"alt":53,"type":2,"area":314}},{"x":3155,"y":851,"data":{"alt":53,"type":2,"area":314}},{"x":3156,"y":851,"data":{"alt":53,"type":2,"area":314}},{"x":3157,"y":851,"data":{"alt":53,"type":2,"area":314}},{"x":3158,"y":851,"data":{"alt":53,"type":2,"area":314}},{"x":3159,"y":851,"data":{"alt":53,"type":2,"area":314}},{"x":3160,"y":851,"data":{"alt":53,"type":2,"area":314}},{"x":3153,"y":852,"data":{"alt":53,"type":2,"area":314}},{"x":3154,"y":852,"data":{"alt":53,"type":2,"area":314}},{"x":3155,"y":852,"data":{"alt":53,"type":2,"area":314}},{"x":3156,"y":852,"data":{"alt":53,"type":2,"area":314}},{"x":3157,"y":852,"data":{"alt":53,"type":2,"area":314}},{"x":3158,"y":852,"data":{"alt":53,"type":2,"area":314}},{"x":3159,"y":852,"data":{"alt":53,"type":2,"area":314}},{"x":3160,"y":852,"data":{"alt":53,"type":2,"area":314}},{"x":3161,"y":852,"data":{"alt":53,"type":2,"area":314}},{"x":3153,"y":853,"data":{"alt":53,"type":2,"area":314}},{"x":3154,"y":853,"data":{"alt":53,"type":2,"area":314}},{"x":3155,"y":853,"data":{"alt":53,"type":2,"area":314}},{"x":3156,"y":853,"data":{"alt":53,"type":2,"area":314}},{"x":3157,"y":853,"data":{"alt":53,"type":2,"area":314}},{"x":3158,"y":853,"data":{"alt":53,"type":2,"area":314}},{"x":3159,"y":853,"data":{"alt":53,"type":2,"area":314}},{"x":3153,"y":854,"data":{"alt":53,"type":2,"area":314}},{"x":3154,"y":854,"data":{"alt":53,"type":2,"area":314}},{"x":3155,"y":854,"data":{"alt":53,"type":2,"area":314}},{"x":3156,"y":854,"data":{"alt":53,"type":2,"area":314}},{"x":3157,"y":854,"data":{"alt":53,"type":2,"area":314}},{"x":3153,"y":855,"data":{"alt":53,"type":2,"area":314}},{"x":3154,"y":855,"data":{"alt":53,"type":2,"area":314}},{"x":3155,"y":855,"data":{"alt":53,"type":2,"area":314}},{"x":3156,"y":855,"data":{"alt":53,"type":2,"area":314}},{"x":3157,"y":855,"data":{"alt":53,"type":2,"area":314}},{"x":3153,"y":856,"data":{"alt":53,"type":2,"area":314}},{"x":3154,"y":856,"data":{"alt":53,"type":2,"area":314}},{"x":3155,"y":856,"data":{"alt":53,"type":2,"area":314}},{"x":3156,"y":856,"data":{"alt":53,"type":2,"area":314}},{"x":3157,"y":856,"data":{"alt":53,"type":2,"area":314}},{"x":3158,"y":856,"data":{"alt":53,"type":2,"area":314}},{"x":3153,"y":857,"data":{"alt":53,"type":2,"area":314}},{"x":3154,"y":857,"data":{"alt":53,"type":2,"area":314}},{"x":3155,"y":857,"data":{"alt":53,"type":2,"area":314}},{"x":3156,"y":857,"data":{"alt":53,"type":2,"area":314}},{"x":3153,"y":858,"data":{"alt":53,"type":2,"area":314}},{"x":3154,"y":858,"data":{"alt":53,"type":2,"area":314}},{"x":3155,"y":858,"data":{"alt":53,"type":2,"area":314}},{"x":3154,"y":859,"data":{"alt":53,"type":2,"area":314}},{"x":3154,"y":860,"data":{"alt":53,"type":2,"area":314}}]