[{"x":521,"y":95,"data":{"alt":3,"fertility":100,"region":2121,"area":315}},{"x":516,"y":96,"data":{"alt":4,"fertility":100,"region":2121,"area":315}},{"x":520,"y":96,"data":{"alt":4,"fertility":100,"region":2121,"area":315}},{"x":521,"y":96,"data":{"alt":4,"fertility":100,"region":2121,"area":315}},{"x":522,"y":96,"data":{"alt":4,"fertility":100,"region":2121,"area":315}},{"x":516,"y":97,"data":{"alt":3,"fertility":100,"region":2121,"area":315}},{"x":517,"y":97,"data":{"alt":4,"fertility":100,"region":2121,"area":315}},{"x":518,"y":97,"data":{"alt":4,"fertility":100,"region":2121,"area":315}},{"x":519,"y":97,"data":{"alt":4,"fertility":100,"region":2121,"area":315}},{"x":520,"y":97,"data":{"alt":4,"fertility":100,"region":2121,"area":315}},{"x":521,"y":97,"data":{"alt":4,"fertility":100,"region":2121,"area":315}},{"x":522,"y":97,"data":{"alt":4,"fertility":100,"region":2121,"area":315}},{"x":518,"y":98,"data":{"alt":4,"fertility":100,"forest":80,"region":2121,"area":315}},{"x":519,"y":98,"data":{"alt":3,"fertility":100,"region":2121,"area":315}}]