[{"x":3161,"y":96,"data":{"alt":57,"type":2,"area":316}},{"x":3162,"y":96,"data":{"alt":57,"type":2,"area":316}},{"x":3163,"y":96,"data":{"alt":57,"type":2,"area":316}},{"x":3164,"y":96,"data":{"alt":57,"type":2,"area":316}},{"x":3165,"y":96,"data":{"alt":57,"type":2,"area":316}},{"x":3166,"y":96,"data":{"alt":57,"type":2,"area":316}},{"x":3167,"y":96,"data":{"alt":57,"type":2,"area":316}},{"x":3161,"y":97,"data":{"alt":57,"type":2,"area":316}},{"x":3162,"y":97,"data":{"alt":57,"type":2,"area":316}},{"x":3163,"y":97,"data":{"alt":57,"type":2,"area":316}},{"x":3164,"y":97,"data":{"alt":57,"type":2,"area":316}},{"x":3165,"y":97,"data":{"alt":57,"type":2,"area":316}},{"x":3166,"y":97,"data":{"alt":57,"type":2,"area":316}},{"x":3167,"y":97,"data":{"alt":57,"type":2,"area":316}},{"x":3162,"y":98,"data":{"alt":57,"type":2,"area":316}},{"x":3163,"y":98,"data":{"alt":57,"type":2,"area":316}},{"x":3164,"y":98,"data":{"alt":57,"type":2,"area":316}},{"x":3165,"y":98,"data":{"alt":57,"type":2,"area":316}},{"x":3166,"y":98,"data":{"alt":57,"type":2,"area":316}},{"x":3167,"y":98,"data":{"alt":57,"type":2,"area":316}},{"x":3163,"y":99,"data":{"alt":57,"type":2,"area":316}},{"x":3164,"y":99,"data":{"alt":57,"type":2,"area":316}},{"x":3165,"y":99,"data":{"alt":57,"type":2,"area":316}},{"x":3166,"y":99,"data":{"alt":57,"type":2,"area":316}},{"x":3167,"y":99,"data":{"alt":57,"type":2,"area":316}},{"x":3163,"y":100,"data":{"alt":57,"type":2,"area":316}},{"x":3164,"y":100,"data":{"alt":57,"type":2,"area":316}},{"x":3165,"y":100,"data":{"alt":57,"type":2,"area":316}},{"x":3166,"y":100,"data":{"alt":57,"type":2,"area":316}},{"x":3167,"y":100,"data":{"alt":57,"type":2,"area":316}},{"x":3163,"y":101,"data":{"alt":57,"type":2,"area":316}},{"x":3164,"y":101,"data":{"alt":57,"type":2,"area":316}},{"x":3165,"y":101,"data":{"alt":57,"type":2,"area":316}},{"x":3166,"y":101,"data":{"alt":57,"type":2,"area":316}},{"x":3167,"y":101,"data":{"alt":57,"type":2,"area":316}},{"x":3163,"y":102,"data":{"alt":57,"type":2,"area":316}},{"x":3164,"y":102,"data":{"alt":57,"type":2,"area":316}},{"x":3165,"y":102,"data":{"alt":57,"type":2,"area":316}},{"x":3166,"y":102,"data":{"alt":57,"type":2,"area":316}},{"x":3167,"y":102,"data":{"alt":57,"type":2,"area":316}},{"x":3164,"y":103,"data":{"alt":57,"type":2,"area":316}},{"x":3165,"y":103,"data":{"alt":57,"type":2,"area":316}},{"x":3166,"y":103,"data":{"alt":57,"type":2,"area":316}},{"x":3167,"y":103,"data":{"alt":57,"type":2,"area":316}},{"x":3166,"y":104,"data":{"alt":57,"type":2,"area":316}},{"x":3167,"y":104,"data":{"alt":57,"type":2,"area":316}},{"x":3166,"y":105,"data":{"alt":57,"type":2,"area":316}},{"x":3167,"y":105,"data":{"alt":57,"type":2,"area":316}},{"x":3166,"y":106,"data":{"alt":57,"type":2,"area":316}},{"x":3167,"y":106,"data":{"alt":57,"type":2,"area":316}},{"x":3167,"y":107,"data":{"alt":57,"type":2,"area":316}},{"x":3161,"y":88,"data":{"alt":57,"type":2,"area":316}},{"x":3164,"y":88,"data":{"alt":57,"type":2,"area":316}},{"x":3167,"y":88,"data":{"alt":57,"type":2,"area":316}},{"x":3160,"y":89,"data":{"alt":57,"type":2,"area":316}},{"x":3161,"y":89,"data":{"alt":57,"type":2,"area":316}},{"x":3162,"y":89,"data":{"alt":57,"type":2,"area":316}},{"x":3163,"y":89,"data":{"alt":57,"type":2,"area":316}},{"x":3164,"y":89,"data":{"alt":57,"type":2,"area":316}},{"x":3165,"y":89,"data":{"alt":57,"type":2,"area":316}},{"x":3166,"y":89,"data":{"alt":57,"type":2,"area":316}},{"x":3167,"y":89,"data":{"alt":57,"type":2,"area":316}},{"x":3156,"y":90,"data":{"alt":57,"type":2,"area":316}},{"x":3157,"y":90,"data":{"alt":57,"type":2,"area":316}},{"x":3158,"y":90,"data":{"alt":57,"type":1,"area":316}},{"x":3159,"y":90,"data":{"alt":57,"type":2,"area":316}},{"x":3160,"y":90,"data":{"alt":57,"type":2,"area":316}},{"x":3161,"y":90,"data":{"alt":57,"type":2,"area":316}},{"x":3162,"y":90,"data":{"alt":57,"type":2,"area":316}},{"x":3163,"y":90,"data":{"alt":57,"type":2,"area":316}},{"x":3164,"y":90,"data":{"alt":57,"type":2,"area":316}},{"x":3165,"y":90,"data":{"alt":57,"type":2,"area":316}},{"x":3166,"y":90,"data":{"alt":57,"type":2,"area":316}},{"x":3167,"y":90,"data":{"alt":57,"type":2,"area":316}},{"x":3155,"y":91,"data":{"alt":57,"type":1,"area":316}},{"x":3156,"y":91,"data":{"alt":57,"type":2,"area":316}},{"x":3157,"y":91,"data":{"alt":57,"type":1,"area":316}},{"x":3158,"y":91,"data":{"alt":57,"type":2,"area":316}},{"x":3159,"y":91,"data":{"alt":57,"type":1,"area":316}},{"x":3160,"y":91,"data":{"alt":57,"type":2,"area":316}},{"x":3161,"y":91,"data":{"alt":57,"type":2,"area":316}},{"x":3162,"y":91,"data":{"alt":57,"type":2,"area":316}},{"x":3163,"y":91,"data":{"alt":57,"type":2,"area":316}},{"x":3164,"y":91,"data":{"alt":57,"type":2,"area":316}},{"x":3165,"y":91,"data":{"alt":57,"type":2,"area":316}},{"x":3166,"y":91,"data":{"alt":57,"type":2,"area":316}},{"x":3167,"y":91,"data":{"alt":57,"type":2,"area":316}},{"x":3156,"y":92,"data":{"alt":57,"type":1,"area":316}},{"x":3157,"y":92,"data":{"alt":57,"type":2,"area":316}},{"x":3158,"y":92,"data":{"alt":57,"type":2,"area":316}},{"x":3159,"y":92,"data":{"alt":57,"type":2,"area":316}},{"x":3160,"y":92,"data":{"alt":57,"type":1,"area":316}},{"x":3161,"y":92,"data":{"alt":57,"type":2,"area":316}},{"x":3162,"y":92,"data":{"alt":57,"type":2,"area":316}},{"x":3163,"y":92,"data":{"alt":57,"type":2,"area":316}},{"x":3164,"y":92,"data":{"alt":57,"type":2,"area":316}},{"x":3165,"y":92,"data":{"alt":57,"type":2,"area":316}},{"x":3166,"y":92,"data":{"alt":57,"type":2,"area":316}},{"x":3167,"y":92,"data":{"alt":57,"type":2,"area":316}},{"x":3158,"y":93,"data":{"alt":57,"type":2,"area":316}},{"x":3159,"y":93,"data":{"alt":57,"type":2,"area":316}},{"x":3160,"y":93,"data":{"alt":57,"type":2,"area":316}},{"x":3161,"y":93,"data":{"alt":57,"type":1,"area":316}},{"x":3162,"y":93,"data":{"alt":57,"type":2,"area":316}},{"x":3163,"y":93,"data":{"alt":57,"type":2,"area":316}},{"x":3164,"y":93,"data":{"alt":57,"type":2,"area":316}},{"x":3165,"y":93,"data":{"alt":57,"type":1,"area":316}},{"x":3166,"y":93,"data":{"alt":57,"type":2,"area":316}},{"x":3167,"y":93,"data":{"alt":57,"type":1,"area":316}},{"x":3160,"y":94,"data":{"alt":57,"type":2,"area":316}},{"x":3161,"y":94,"data":{"alt":57,"type":2,"area":316}},{"x":3162,"y":94,"data":{"alt":57,"type":1,"area":316}},{"x":3163,"y":94,"data":{"alt":57,"type":1,"area":316}},{"x":3164,"y":94,"data":{"alt":57,"type":1,"area":316}},{"x":3165,"y":94,"data":{"alt":57,"type":2,"area":316}},{"x":3166,"y":94,"data":{"alt":57,"type":1,"area":316}},{"x":3167,"y":94,"data":{"alt":57,"type":2,"area":316}},{"x":3160,"y":95,"data":{"alt":57,"type":2,"area":316}},{"x":3161,"y":95,"data":{"alt":57,"type":2,"area":316}},{"x":3162,"y":95,"data":{"alt":57,"type":2,"area":316}},{"x":3163,"y":95,"data":{"alt":57,"type":2,"area":316}},{"x":3164,"y":95,"data":{"alt":57,"type":2,"area":316}},{"x":3165,"y":95,"data":{"alt":57,"type":2,"area":316}},{"x":3166,"y":95,"data":{"alt":57,"type":2,"area":316}},{"x":3167,"y":95,"data":{"alt":57,"type":2,"area":316}},{"x":3168,"y":96,"data":{"alt":57,"type":2,"area":316}},{"x":3169,"y":96,"data":{"alt":57,"type":2,"area":316}},{"x":3170,"y":96,"data":{"alt":57,"type":2,"area":316}},{"x":3171,"y":96,"data":{"alt":57,"type":2,"area":316}},{"x":3172,"y":96,"data":{"alt":57,"type":2,"area":316}},{"x":3173,"y":96,"data":{"alt":57,"type":2,"area":316}},{"x":3168,"y":97,"data":{"alt":57,"type":2,"area":316}},{"x":3169,"y":97,"data":{"alt":57,"type":2,"area":316}},{"x":3170,"y":97,"data":{"alt":57,"type":2,"area":316}},{"x":3171,"y":97,"data":{"alt":57,"type":2,"area":316}},{"x":3172,"y":97,"data":{"alt":57,"type":2,"area":316}},{"x":3168,"y":98,"data":{"alt":57,"type":2,"area":316}},{"x":3169,"y":98,"data":{"alt":57,"type":2,"area":316}},{"x":3170,"y":98,"data":{"alt":57,"type":2,"area":316}},{"x":3171,"y":98,"data":{"alt":57,"type":2,"area":316}},{"x":3172,"y":98,"data":{"alt":57,"type":2,"area":316}},{"x":3173,"y":98,"data":{"alt":57,"type":2,"area":316}},{"x":3174,"y":98,"data":{"alt":57,"type":2,"area":316}},{"x":3168,"y":99,"data":{"alt":57,"type":2,"area":316}},{"x":3169,"y":99,"data":{"alt":57,"type":2,"area":316}},{"x":3170,"y":99,"data":{"alt":57,"type":2,"area":316}},{"x":3171,"y":99,"data":{"alt":57,"type":2,"area":316}},{"x":3172,"y":99,"data":{"alt":57,"type":2,"area":316}},{"x":3173,"y":99,"data":{"alt":57,"type":2,"area":316}},{"x":3174,"y":99,"data":{"alt":57,"type":2,"area":316}},{"x":3168,"y":100,"data":{"alt":57,"type":2,"area":316}},{"x":3169,"y":100,"data":{"alt":57,"type":2,"area":316}},{"x":3170,"y":100,"data":{"alt":57,"type":2,"area":316}},{"x":3171,"y":100,"data":{"alt":57,"type":2,"area":316}},{"x":3172,"y":100,"data":{"alt":57,"type":2,"area":316}},{"x":3173,"y":100,"data":{"alt":57,"type":2,"res":1,"resAmount":40,"area":316}},{"x":3168,"y":101,"data":{"alt":57,"type":2,"area":316}},{"x":3169,"y":101,"data":{"alt":57,"type":2,"area":316}},{"x":3170,"y":101,"data":{"alt":57,"type":2,"area":316}},{"x":3171,"y":101,"data":{"alt":57,"type":2,"area":316}},{"x":3172,"y":101,"data":{"alt":57,"type":2,"area":316}},{"x":3173,"y":101,"data":{"alt":57,"type":2,"area":316}},{"x":3168,"y":102,"data":{"alt":57,"type":2,"area":316}},{"x":3169,"y":102,"data":{"alt":57,"type":2,"area":316}},{"x":3170,"y":102,"data":{"alt":57,"type":2,"area":316}},{"x":3171,"y":102,"data":{"alt":57,"type":2,"area":316}},{"x":3172,"y":102,"data":{"alt":57,"type":2,"area":316}},{"x":3173,"y":102,"data":{"alt":57,"type":2,"area":316}},{"x":3168,"y":103,"data":{"alt":57,"type":2,"area":316}},{"x":3169,"y":103,"data":{"alt":57,"type":2,"area":316}},{"x":3170,"y":103,"data":{"alt":57,"type":2,"area":316}},{"x":3171,"y":103,"data":{"alt":57,"type":2,"area":316}},{"x":3172,"y":103,"data":{"alt":57,"type":2,"area":316}},{"x":3173,"y":103,"data":{"alt":57,"type":2,"area":316}},{"x":3174,"y":103,"data":{"alt":57,"type":2,"area":316}},{"x":3168,"y":104,"data":{"alt":57,"type":2,"area":316}},{"x":3169,"y":104,"data":{"alt":57,"type":2,"area":316}},{"x":3170,"y":104,"data":{"alt":57,"type":2,"area":316}},{"x":3171,"y":104,"data":{"alt":57,"type":2,"area":316}},{"x":3172,"y":104,"data":{"alt":57,"type":2,"area":316}},{"x":3173,"y":104,"data":{"alt":57,"type":2,"area":316}},{"x":3174,"y":104,"data":{"alt":57,"type":2,"area":316}},{"x":3168,"y":105,"data":{"alt":57,"type":2,"area":316}},{"x":3169,"y":105,"data":{"alt":57,"type":2,"area":316}},{"x":3170,"y":105,"data":{"alt":57,"type":2,"area":316}},{"x":3171,"y":105,"data":{"alt":57,"type":2,"area":316}},{"x":3172,"y":105,"data":{"alt":57,"type":2,"area":316}},{"x":3173,"y":105,"data":{"alt":57,"type":2,"area":316}},{"x":3174,"y":105,"data":{"alt":57,"type":2,"area":316}},{"x":3175,"y":105,"data":{"alt":57,"type":2,"area":316}},{"x":3168,"y":106,"data":{"alt":57,"type":2,"area":316}},{"x":3169,"y":106,"data":{"alt":57,"type":2,"area":316}},{"x":3170,"y":106,"data":{"alt":57,"type":2,"area":316}},{"x":3171,"y":106,"data":{"alt":57,"type":2,"area":316}},{"x":3172,"y":106,"data":{"alt":57,"type":2,"area":316}},{"x":3173,"y":106,"data":{"alt":57,"type":2,"area":316}},{"x":3174,"y":106,"data":{"alt":57,"type":2,"area":316}},{"x":3175,"y":106,"data":{"alt":57,"type":2,"area":316}},{"x":3168,"y":107,"data":{"alt":57,"type":2,"area":316}},{"x":3169,"y":107,"data":{"alt":57,"type":2,"area":316}},{"x":3170,"y":107,"data":{"alt":57,"type":2,"area":316}},{"x":3171,"y":107,"data":{"alt":57,"type":2,"area":316}},{"x":3172,"y":107,"data":{"alt":57,"type":2,"area":316}},{"x":3173,"y":107,"data":{"alt":57,"type":2,"area":316}},{"x":3174,"y":107,"data":{"alt":57,"type":2,"area":316}},{"x":3168,"y":108,"data":{"alt":57,"type":2,"area":316}},{"x":3169,"y":108,"data":{"alt":57,"type":2,"area":316}},{"x":3170,"y":108,"data":{"alt":57,"type":2,"area":316}},{"x":3171,"y":108,"data":{"alt":57,"type":2,"area":316}},{"x":3172,"y":108,"data":{"alt":57,"type":2,"area":316}},{"x":3173,"y":108,"data":{"alt":57,"type":2,"area":316}},{"x":3173,"y":109,"data":{"alt":57,"type":2,"area":316}},{"x":3174,"y":109,"data":{"alt":57,"type":2,"area":316}},{"x":3168,"y":87,"data":{"alt":57,"type":1,"area":316}},{"x":3169,"y":87,"data":{"alt":57,"type":2,"area":316}},{"x":3170,"y":87,"data":{"alt":57,"type":2,"area":316}},{"x":3171,"y":87,"data":{"alt":57,"type":2,"area":316}},{"x":3175,"y":87,"data":{"alt":57,"type":2,"area":316}},{"x":3176,"y":87,"data":{"alt":57,"type":2,"area":316}},{"x":3177,"y":87,"data":{"alt":57,"type":2,"area":316}},{"x":3168,"y":88,"data":{"alt":57,"type":1,"area":316}},{"x":3169,"y":88,"data":{"alt":57,"type":2,"area":316}},{"x":3170,"y":88,"data":{"alt":57,"type":2,"area":316}},{"x":3171,"y":88,"data":{"alt":57,"type":2,"area":316}},{"x":3172,"y":88,"data":{"alt":57,"type":2,"area":316}},{"x":3173,"y":88,"data":{"alt":57,"type":2,"area":316}},{"x":3174,"y":88,"data":{"alt":57,"type":2,"area":316}},{"x":3175,"y":88,"data":{"alt":57,"type":2,"area":316}},{"x":3176,"y":88,"data":{"alt":57,"type":2,"area":316}},{"x":3177,"y":88,"data":{"alt":57,"type":2,"area":316}},{"x":3168,"y":89,"data":{"alt":57,"type":1,"area":316}},{"x":3169,"y":89,"data":{"alt":57,"type":2,"area":316}},{"x":3170,"y":89,"data":{"alt":57,"type":2,"area":316}},{"x":3171,"y":89,"data":{"alt":57,"type":2,"area":316}},{"x":3172,"y":89,"data":{"alt":57,"type":2,"area":316}},{"x":3173,"y":89,"data":{"alt":57,"type":2,"area":316}},{"x":3174,"y":89,"data":{"alt":57,"type":2,"area":316}},{"x":3175,"y":89,"data":{"alt":57,"type":2,"area":316}},{"x":3176,"y":89,"data":{"alt":57,"type":2,"area":316}},{"x":3168,"y":90,"data":{"alt":57,"type":1,"area":316}},{"x":3169,"y":90,"data":{"alt":57,"type":2,"area":316}},{"x":3170,"y":90,"data":{"alt":57,"type":2,"area":316}},{"x":3171,"y":90,"data":{"alt":57,"type":2,"area":316}},{"x":3172,"y":90,"data":{"alt":57,"type":2,"area":316}},{"x":3173,"y":90,"data":{"alt":57,"type":2,"area":316}},{"x":3174,"y":90,"data":{"alt":57,"type":2,"area":316}},{"x":3175,"y":90,"data":{"alt":57,"type":2,"area":316}},{"x":3176,"y":90,"data":{"alt":57,"type":2,"area":316}},{"x":3177,"y":90,"data":{"alt":57,"type":2,"area":316}},{"x":3168,"y":91,"data":{"alt":57,"type":1,"area":316}},{"x":3169,"y":91,"data":{"alt":57,"type":2,"area":316}},{"x":3170,"y":91,"data":{"alt":57,"type":2,"area":316}},{"x":3171,"y":91,"data":{"alt":57,"type":2,"area":316}},{"x":3172,"y":91,"data":{"alt":57,"type":2,"area":316}},{"x":3173,"y":91,"data":{"alt":57,"type":2,"area":316}},{"x":3174,"y":91,"data":{"alt":57,"type":2,"area":316}},{"x":3175,"y":91,"data":{"alt":57,"type":2,"area":316}},{"x":3176,"y":91,"data":{"alt":57,"type":2,"area":316}},{"x":3177,"y":91,"data":{"alt":57,"type":2,"area":316}},{"x":3168,"y":92,"data":{"alt":57,"type":1,"area":316}},{"x":3169,"y":92,"data":{"alt":57,"type":2,"area":316}},{"x":3170,"y":92,"data":{"alt":57,"type":2,"area":316}},{"x":3171,"y":92,"data":{"alt":57,"type":2,"area":316}},{"x":3172,"y":92,"data":{"alt":57,"type":2,"area":316}},{"x":3173,"y":92,"data":{"alt":57,"type":2,"area":316}},{"x":3174,"y":92,"data":{"alt":57,"type":2,"area":316}},{"x":3175,"y":92,"data":{"alt":57,"type":2,"area":316}},{"x":3176,"y":92,"data":{"alt":57,"type":2,"area":316}},{"x":3168,"y":93,"data":{"alt":57,"type":2,"area":316}},{"x":3169,"y":93,"data":{"alt":57,"type":2,"area":316}},{"x":3170,"y":93,"data":{"alt":57,"type":2,"area":316}},{"x":3171,"y":93,"data":{"alt":57,"type":2,"area":316}},{"x":3172,"y":93,"data":{"alt":57,"type":2,"area":316}},{"x":3173,"y":93,"data":{"alt":57,"type":2,"area":316}},{"x":3174,"y":93,"data":{"alt":57,"type":2,"area":316}},{"x":3175,"y":93,"data":{"alt":57,"type":2,"area":316}},{"x":3168,"y":94,"data":{"alt":57,"type":2,"area":316}},{"x":3169,"y":94,"data":{"alt":57,"type":2,"area":316}},{"x":3170,"y":94,"data":{"alt":57,"type":2,"area":316}},{"x":3171,"y":94,"data":{"alt":57,"type":2,"area":316}},{"x":3172,"y":94,"data":{"alt":57,"type":2,"area":316}},{"x":3173,"y":94,"data":{"alt":57,"type":2,"area":316}},{"x":3168,"y":95,"data":{"alt":57,"type":2,"area":316}},{"x":3169,"y":95,"data":{"alt":57,"type":2,"area":316}},{"x":3170,"y":95,"data":{"alt":57,"type":2,"area":316}},{"x":3171,"y":95,"data":{"alt":57,"type":2,"area":316}},{"x":3172,"y":95,"data":{"alt":57,"type":2,"area":316}}]