[{"x":524,"y":1280,"data":{"alt":2,"fertility":60,"region":2101,"area":317}},{"x":525,"y":1280,"data":{"alt":2,"fertility":60,"region":2101,"area":317}},{"x":526,"y":1280,"data":{"alt":2,"fertility":60,"region":2101,"area":317}},{"x":527,"y":1280,"data":{"alt":2,"fertility":60,"region":2101,"area":317}},{"x":528,"y":1280,"data":{"alt":3,"fertility":60,"region":2101,"area":317}},{"x":529,"y":1280,"data":{"alt":3,"fertility":60,"region":2101,"area":317}},{"x":530,"y":1280,"data":{"alt":2,"fertility":60,"region":2101,"area":317}},{"x":531,"y":1280,"data":{"alt":2,"fertility":60,"region":2101,"area":317}},{"x":532,"y":1280,"data":{"alt":1,"fertility":60,"region":2101,"area":317}},{"x":533,"y":1280,"data":{"alt":1,"fertility":60,"region":2101,"area":317}},{"x":534,"y":1280,"data":{"alt":1,"fertility":60,"region":2101,"area":317}},{"x":535,"y":1280,"data":{"alt":1,"fertility":60,"region":2101,"area":317}},{"x":536,"y":1280,"data":{"alt":1,"fertility":60,"region":2101,"area":317}},{"x":537,"y":1280,"data":{"alt":1,"fertility":60,"region":2101,"area":317}},{"x":538,"y":1280,"data":{"alt":1,"fertility":60,"region":2101,"area":317}},{"x":539,"y":1280,"data":{"alt":1,"fertility":60,"region":2101,"area":317}},{"x":540,"y":1280,"data":{"alt":1,"fertility":60,"region":2101,"area":317}},{"x":541,"y":1280,"data":{"alt":1,"fertility":60,"region":2101,"area":317}},{"x":542,"y":1280,"data":{"alt":1,"fertility":60,"region":2101,"area":317}},{"x":543,"y":1280,"data":{"alt":1,"fertility":60,"region":2101,"area":317}},{"x":523,"y":1281,"data":{"alt":1,"fertility":60,"region":2101,"area":317}},{"x":524,"y":1281,"data":{"alt":2,"fertility":60,"region":2101,"area":317}},{"x":525,"y":1281,"data":{"alt":2,"fertility":60,"region":2101,"area":317}},{"x":526,"y":1281,"data":{"alt":2,"fertility":60,"region":2101,"area":317}},{"x":527,"y":1281,"data":{"alt":2,"fertility":60,"region":2101,"area":317}},{"x":528,"y":1281,"data":{"alt":3,"fertility":60,"region":2101,"area":317}},{"x":529,"y":1281,"data":{"alt":3,"fertility":60,"region":2101,"area":317}},{"x":530,"y":1281,"data":{"alt":2,"fertility":60,"region":2101,"area":317}},{"x":531,"y":1281,"data":{"alt":2,"fertility":60,"region":2101,"area":317}},{"x":532,"y":1281,"data":{"alt":2,"fertility":60,"region":2101,"area":317}},{"x":533,"y":1281,"data":{"alt":2,"fertility":60,"region":2101,"area":317}},{"x":534,"y":1281,"data":{"alt":1,"fertility":60,"region":2101,"area":317}},{"x":535,"y":1281,"data":{"alt":1,"fertility":60,"region":2101,"area":317}},{"x":536,"y":1281,"data":{"alt":1,"fertility":60,"region":2101,"area":317}},{"x":537,"y":1281,"data":{"alt":1,"fertility":60,"region":2101,"area":317}},{"x":538,"y":1281,"data":{"alt":1,"fertility":60,"region":2101,"area":317}},{"x":539,"y":1281,"data":{"alt":1,"fertility":100,"region":2101,"area":317}},{"x":540,"y":1281,"data":{"alt":1,"fertility":60,"region":2101,"area":317}},{"x":541,"y":1281,"data":{"alt":1,"fertility":60,"region":2101,"area":317}},{"x":542,"y":1281,"data":{"alt":1,"fertility":60,"region":2101,"area":317}},{"x":543,"y":1281,"data":{"alt":1,"fertility":60,"region":2101,"area":317}},{"x":523,"y":1282,"data":{"alt":2,"fertility":60,"region":2101,"area":317}},{"x":524,"y":1282,"data":{"alt":2,"fertility":60,"region":2101,"area":317}},{"x":525,"y":1282,"data":{"alt":2,"fertility":60,"region":2101,"area":317}},{"x":526,"y":1282,"data":{"alt":2,"fertility":60,"region":2101,"area":317}},{"x":527,"y":1282,"data":{"alt":3,"fertility":60,"region":2101,"area":317}},{"x":528,"y":1282,"data":{"alt":3,"fertility":60,"region":2101,"area":317}},{"x":529,"y":1282,"data":{"alt":2,"fertility":60,"region":2101,"area":317}},{"x":530,"y":1282,"data":{"alt":2,"fertility":60,"region":2101,"area":317}},{"x":531,"y":1282,"data":{"alt":2,"fertility":60,"forest":40,"region":2101,"area":317}},{"x":532,"y":1282,"data":{"alt":2,"fertility":60,"region":2101,"area":317}},{"x":533,"y":1282,"data":{"alt":1,"fertility":60,"region":2101,"area":317}},{"x":534,"y":1282,"data":{"alt":1,"fertility":60,"region":2101,"area":317}},{"x":535,"y":1282,"data":{"alt":1,"fertility":60,"region":2101,"area":317}},{"x":536,"y":1282,"data":{"alt":1,"fertility":60,"region":2101,"area":317}},{"x":537,"y":1282,"data":{"alt":1,"fertility":60,"region":2101,"area":317}},{"x":538,"y":1282,"data":{"alt":1,"fertility":60,"region":2101,"area":317}},{"x":539,"y":1282,"data":{"alt":1,"fertility":60,"region":2101,"area":317}},{"x":540,"y":1282,"data":{"alt":1,"fertility":60,"region":2101,"area":317}},{"x":541,"y":1282,"data":{"alt":1,"fertility":60,"region":2101,"area":317}},{"x":542,"y":1282,"data":{"alt":1,"fertility":60,"region":2101,"area":317}},{"x":543,"y":1282,"data":{"alt":1,"fertility":60,"region":2101,"area":317}},{"x":523,"y":1283,"data":{"alt":2,"fertility":60,"region":2101,"area":317}},{"x":524,"y":1283,"data":{"alt":2,"fertility":60,"region":2101,"area":317}},{"x":525,"y":1283,"data":{"alt":2,"fertility":60,"region":2101,"area":317}},{"x":526,"y":1283,"data":{"alt":3,"fertility":60,"region":2101,"area":317}},{"x":527,"y":1283,"data":{"alt":2,"fertility":60,"region":2101,"area":317}},{"x":528,"y":1283,"data":{"alt":3,"fertility":60,"region":2101,"area":317}},{"x":529,"y":1283,"data":{"alt":2,"fertility":60,"region":2101,"area":317}},{"x":530,"y":1283,"data":{"alt":2,"fertility":60,"region":2101,"area":317}},{"x":531,"y":1283,"data":{"alt":2,"fertility":60,"region":2101,"area":317}},{"x":532,"y":1283,"data":{"alt":2,"fertility":60,"region":2101,"area":317}},{"x":533,"y":1283,"data":{"alt":1,"fertility":60,"region":2101,"area":317}},{"x":534,"y":1283,"data":{"alt":1,"fertility":60,"region":2101,"area":317}},{"x":535,"y":1283,"data":{"alt":1,"fertility":60,"forest":40,"region":2101,"area":317}},{"x":536,"y":1283,"data":{"alt":1,"fertility":60,"region":2101,"area":317}},{"x":537,"y":1283,"data":{"alt":1,"fertility":60,"region":2101,"area":317}},{"x":538,"y":1283,"data":{"alt":1,"fertility":60,"region":2101,"area":317}},{"x":539,"y":1283,"data":{"alt":1,"fertility":60,"region":2101,"area":317}},{"x":540,"y":1283,"data":{"alt":1,"fertility":60,"forest":40,"region":2101,"area":317}},{"x":541,"y":1283,"data":{"alt":1,"fertility":60,"region":2101,"area":317}},{"x":542,"y":1283,"data":{"alt":1,"fertility":60,"region":2101,"area":317}},{"x":543,"y":1283,"data":{"alt":1,"fertility":60,"region":2101,"area":317}},{"x":522,"y":1284,"data":{"alt":2,"fertility":60,"region":2101,"area":317}},{"x":523,"y":1284,"data":{"alt":2,"fertility":60,"region":2101,"area":317}},{"x":524,"y":1284,"data":{"alt":2,"fertility":60,"region":2101,"area":317}},{"x":525,"y":1284,"data":{"alt":2,"fertility":60,"region":2101,"area":317}},{"x":526,"y":1284,"data":{"alt":2,"fertility":60,"region":2101,"area":317}},{"x":527,"y":1284,"data":{"alt":2,"fertility":60,"region":2101,"area":317}},{"x":528,"y":1284,"data":{"alt":2,"fertility":60,"region":2101,"area":317}},{"x":529,"y":1284,"data":{"alt":2,"fertility":60,"region":2101,"area":317}},{"x":530,"y":1284,"data":{"alt":2,"fertility":60,"region":2101,"area":317}},{"x":531,"y":1284,"data":{"alt":2,"fertility":60,"region":2101,"area":317}},{"x":532,"y":1284,"data":{"alt":1,"fertility":60,"region":2101,"area":317}},{"x":533,"y":1284,"data":{"alt":1,"fertility":60,"region":2101,"area":317}},{"x":534,"y":1284,"data":{"alt":1,"fertility":60,"region":2101,"area":317}},{"x":535,"y":1284,"data":{"alt":1,"fertility":60,"region":2101,"area":317}},{"x":536,"y":1284,"data":{"alt":1,"fertility":60,"region":2101,"area":317}},{"x":537,"y":1284,"data":{"alt":1,"fertility":60,"region":2101,"area":317}},{"x":538,"y":1284,"data":{"alt":1,"fertility":60,"region":2101,"area":317}},{"x":539,"y":1284,"data":{"alt":1,"fertility":60,"region":2101,"area":317}},{"x":540,"y":1284,"data":{"alt":1,"fertility":60,"region":2101,"area":317}},{"x":541,"y":1284,"data":{"alt":1,"fertility":60,"region":2101,"area":317}},{"x":542,"y":1284,"data":{"alt":1,"fertility":60,"region":2101,"area":317}},{"x":543,"y":1284,"data":{"alt":1,"fertility":60,"region":2101,"area":317}},{"x":522,"y":1285,"data":{"alt":2,"fertility":60,"region":2101,"area":317}},{"x":523,"y":1285,"data":{"alt":2,"fertility":60,"forest":20,"region":2101,"area":317}},{"x":524,"y":1285,"data":{"alt":2,"fertility":60,"forest":20,"region":2101,"area":317}},{"x":525,"y":1285,"data":{"alt":2,"fertility":60,"region":2101,"area":317}},{"x":526,"y":1285,"data":{"alt":2,"fertility":60,"region":2101,"area":317}},{"x":527,"y":1285,"data":{"alt":2,"fertility":60,"region":2101,"area":317}},{"x":528,"y":1285,"data":{"alt":2,"fertility":60,"region":2101,"area":317}},{"x":529,"y":1285,"data":{"alt":2,"fertility":60,"region":2101,"area":317}},{"x":530,"y":1285,"data":{"alt":1,"fertility":60,"region":2101,"area":317}},{"x":531,"y":1285,"data":{"alt":2,"fertility":60,"region":2101,"area":317}},{"x":532,"y":1285,"data":{"alt":1,"fertility":60,"region":2101,"area":317}},{"x":533,"y":1285,"data":{"alt":1,"fertility":60,"region":2101,"area":317}},{"x":534,"y":1285,"data":{"alt":1,"fertility":60,"region":2101,"area":317}},{"x":535,"y":1285,"data":{"alt":1,"fertility":60,"region":2101,"area":317}},{"x":536,"y":1285,"data":{"alt":1,"fertility":60,"region":2101,"area":317}},{"x":537,"y":1285,"data":{"alt":1,"fertility":60,"region":2101,"area":317}},{"x":538,"y":1285,"data":{"alt":1,"fertility":60,"region":2101,"area":317}},{"x":539,"y":1285,"data":{"alt":1,"fertility":60,"region":2101,"area":317}},{"x":540,"y":1285,"data":{"alt":1,"fertility":60,"region":2101,"area":317}},{"x":541,"y":1285,"data":{"alt":1,"fertility":60,"region":2101,"area":317}},{"x":542,"y":1285,"data":{"alt":1,"fertility":60,"region":2101,"area":317}},{"x":543,"y":1285,"data":{"alt":1,"fertility":60,"region":2101,"area":317}},{"x":521,"y":1286,"data":{"alt":2,"fertility":60,"region":2101,"area":317}},{"x":522,"y":1286,"data":{"alt":2,"fertility":60,"region":2101,"area":317}},{"x":523,"y":1286,"data":{"alt":2,"fertility":60,"region":2101,"area":317}},{"x":524,"y":1286,"data":{"alt":2,"fertility":60,"region":2101,"area":317}},{"x":525,"y":1286,"data":{"alt":2,"fertility":60,"region":2101,"area":317}},{"x":526,"y":1286,"data":{"alt":2,"fertility":60,"region":2101,"area":317}},{"x":527,"y":1286,"data":{"alt":1,"fertility":60,"region":2101,"area":317}},{"x":528,"y":1286,"data":{"alt":2,"fertility":60,"region":2101,"area":317}},{"x":529,"y":1286,"data":{"alt":1,"fertility":60,"region":2101,"area":317}},{"x":530,"y":1286,"data":{"alt":1,"fertility":60,"region":2101,"area":317}},{"x":531,"y":1286,"data":{"alt":1,"fertility":60,"region":2101,"area":317}},{"x":532,"y":1286,"data":{"alt":1,"fertility":60,"region":2101,"area":317}},{"x":533,"y":1286,"data":{"alt":1,"fertility":60,"region":2101,"area":317}},{"x":534,"y":1286,"data":{"alt":1,"fertility":60,"region":2101,"area":317}},{"x":535,"y":1286,"data":{"alt":1,"fertility":60,"region":2101,"area":317}},{"x":536,"y":1286,"data":{"alt":1,"fertility":60,"region":2101,"area":317}},{"x":537,"y":1286,"data":{"alt":1,"fertility":60,"region":2101,"area":317}},{"x":538,"y":1286,"data":{"alt":1,"fertility":60,"region":2101,"area":317}},{"x":539,"y":1286,"data":{"alt":1,"fertility":60,"region":2101,"area":317}},{"x":540,"y":1286,"data":{"alt":1,"fertility":60,"region":2101,"area":317}},{"x":541,"y":1286,"data":{"alt":1,"fertility":60,"region":2101,"area":317}},{"x":542,"y":1286,"data":{"alt":1,"fertility":60,"region":2101,"area":317}},{"x":543,"y":1286,"data":{"alt":1,"fertility":60,"region":2101,"area":317}},{"x":522,"y":1287,"data":{"alt":2,"fertility":60,"region":2101,"area":317}},{"x":523,"y":1287,"data":{"alt":2,"fertility":60,"region":2101,"area":317}},{"x":524,"y":1287,"data":{"alt":1,"fertility":60,"region":2101,"area":317}},{"x":525,"y":1287,"data":{"alt":1,"fertility":60,"region":2101,"area":317}},{"x":526,"y":1287,"data":{"alt":1,"fertility":60,"region":2101,"area":317}},{"x":527,"y":1287,"data":{"alt":1,"fertility":60,"region":2101,"area":317}},{"x":528,"y":1287,"data":{"alt":1,"fertility":60,"region":2101,"area":317}},{"x":529,"y":1287,"data":{"alt":1,"fertility":60,"region":2101,"area":317}},{"x":530,"y":1287,"data":{"alt":1,"fertility":60,"region":2101,"area":317}},{"x":531,"y":1287,"data":{"alt":1,"fertility":60,"region":2101,"area":317}},{"x":532,"y":1287,"data":{"alt":1,"fertility":60,"region":2101,"area":317}},{"x":533,"y":1287,"data":{"alt":1,"fertility":60,"region":2101,"area":317}},{"x":534,"y":1287,"data":{"alt":1,"fertility":60,"region":2101,"area":317}},{"x":535,"y":1287,"data":{"alt":1,"fertility":60,"region":2101,"area":317}},{"x":536,"y":1287,"data":{"alt":1,"fertility":60,"region":2101,"area":317}},{"x":537,"y":1287,"data":{"alt":1,"fertility":60,"region":2101,"area":317}},{"x":538,"y":1287,"data":{"alt":1,"fertility":60,"region":2101,"area":317}},{"x":539,"y":1287,"data":{"alt":1,"fertility":60,"region":2101,"area":317}},{"x":540,"y":1287,"data":{"alt":1,"fertility":60,"region":2101,"area":317}},{"x":541,"y":1287,"data":{"alt":1,"fertility":60,"region":2101,"area":317}},{"x":542,"y":1287,"data":{"alt":1,"fertility":60,"region":2101,"area":317}},{"x":543,"y":1287,"data":{"alt":1,"fertility":60,"region":2101,"area":317}},{"x":523,"y":1288,"data":{"alt":2,"fertility":60,"region":2101,"area":317}},{"x":524,"y":1288,"data":{"alt":1,"fertility":60,"region":2101,"area":317}},{"x":525,"y":1288,"data":{"alt":1,"fertility":60,"region":2101,"area":317}},{"x":526,"y":1288,"data":{"alt":1,"fertility":60,"region":2101,"area":317}},{"x":527,"y":1288,"data":{"alt":1,"fertility":60,"region":2101,"area":317}},{"x":528,"y":1288,"data":{"alt":2,"fertility":60,"region":2101,"area":317}},{"x":529,"y":1288,"data":{"alt":1,"fertility":60,"region":2101,"area":317}},{"x":530,"y":1288,"data":{"alt":1,"fertility":60,"region":2101,"area":317}},{"x":531,"y":1288,"data":{"alt":1,"fertility":60,"region":2101,"area":317}},{"x":532,"y":1288,"data":{"alt":1,"fertility":60,"region":2101,"area":317}},{"x":533,"y":1288,"data":{"alt":1,"fertility":60,"region":2101,"area":317}},{"x":534,"y":1288,"data":{"alt":1,"fertility":60,"region":2101,"area":317}},{"x":535,"y":1288,"data":{"alt":1,"fertility":60,"region":2101,"area":317}},{"x":536,"y":1288,"data":{"alt":1,"fertility":60,"region":2101,"area":317}},{"x":537,"y":1288,"data":{"alt":1,"fertility":60,"region":2101,"area":317}},{"x":538,"y":1288,"data":{"alt":1,"fertility":60,"region":2101,"area":317}},{"x":539,"y":1288,"data":{"alt":1,"fertility":60,"region":2101,"area":317}},{"x":540,"y":1288,"data":{"alt":1,"fertility":60,"region":2101,"area":317}},{"x":541,"y":1288,"data":{"alt":1,"fertility":60,"region":2101,"area":317}},{"x":542,"y":1288,"data":{"alt":1,"fertility":60,"region":2101,"area":317}},{"x":543,"y":1288,"data":{"alt":1,"fertility":60,"region":2101,"area":317}},{"x":522,"y":1289,"data":{"alt":1,"fertility":60,"region":2101,"area":317}},{"x":523,"y":1289,"data":{"alt":1,"fertility":60,"region":2101,"area":317}},{"x":524,"y":1289,"data":{"alt":1,"fertility":60,"region":2101,"area":317}},{"x":525,"y":1289,"data":{"alt":1,"fertility":60,"region":2101,"area":317}},{"x":526,"y":1289,"data":{"alt":1,"fertility":60,"region":2101,"area":317}},{"x":527,"y":1289,"data":{"alt":1,"fertility":60,"region":2101,"area":317}},{"x":528,"y":1289,"data":{"alt":1,"fertility":60,"region":2101,"area":317}},{"x":529,"y":1289,"data":{"alt":1,"fertility":60,"region":2101,"area":317}},{"x":530,"y":1289,"data":{"alt":1,"fertility":60,"region":2101,"area":317}},{"x":531,"y":1289,"data":{"alt":1,"fertility":60,"region":2101,"area":317}},{"x":532,"y":1289,"data":{"alt":1,"fertility":60,"region":2101,"area":317}},{"x":533,"y":1289,"data":{"alt":1,"fertility":60,"region":2101,"area":317}},{"x":534,"y":1289,"data":{"alt":1,"fertility":60,"region":2101,"area":317}},{"x":535,"y":1289,"data":{"alt":1,"fertility":60,"region":2101,"area":317}},{"x":536,"y":1289,"data":{"alt":1,"fertility":60,"region":2101,"area":317}},{"x":537,"y":1289,"data":{"alt":1,"fertility":60,"region":2101,"area":317}},{"x":538,"y":1289,"data":{"alt":1,"fertility":60,"region":2101,"area":317}},{"x":539,"y":1289,"data":{"alt":1,"fertility":60,"region":2101,"area":317}},{"x":540,"y":1289,"data":{"alt":1,"fertility":60,"region":2101,"area":317}},{"x":541,"y":1289,"data":{"alt":1,"fertility":60,"region":2101,"area":317}},{"x":542,"y":1289,"data":{"alt":1,"fertility":60,"region":2101,"area":317}},{"x":543,"y":1289,"data":{"alt":1,"fertility":60,"region":2101,"area":317}},{"x":521,"y":1290,"data":{"alt":1,"fertility":60,"region":2101,"area":317}},{"x":522,"y":1290,"data":{"alt":1,"fertility":60,"region":2101,"area":317}},{"x":523,"y":1290,"data":{"alt":1,"fertility":60,"region":2101,"area":317}},{"x":524,"y":1290,"data":{"alt":1,"fertility":60,"region":2101,"area":317}},{"x":525,"y":1290,"data":{"alt":1,"fertility":60,"region":2101,"area":317}},{"x":526,"y":1290,"data":{"alt":2,"fertility":60,"region":2101,"area":317}},{"x":527,"y":1290,"data":{"alt":1,"fertility":60,"region":2101,"area":317}},{"x":528,"y":1290,"data":{"alt":1,"fertility":60,"region":2101,"area":317}},{"x":529,"y":1290,"data":{"alt":1,"fertility":60,"region":2101,"area":317}},{"x":530,"y":1290,"data":{"alt":1,"fertility":60,"region":2101,"area":317}},{"x":531,"y":1290,"data":{"alt":1,"fertility":60,"region":2101,"area":317}},{"x":532,"y":1290,"data":{"alt":1,"fertility":60,"region":2101,"area":317}},{"x":533,"y":1290,"data":{"alt":1,"fertility":60,"region":2101,"area":317}},{"x":534,"y":1290,"data":{"alt":1,"fertility":60,"region":2101,"area":317}},{"x":535,"y":1290,"data":{"alt":1,"fertility":60,"region":2101,"area":317}},{"x":536,"y":1290,"data":{"alt":1,"fertility":60,"region":2101,"area":317}},{"x":537,"y":1290,"data":{"alt":1,"fertility":60,"region":2101,"area":317}},{"x":538,"y":1290,"data":{"alt":1,"fertility":60,"region":2101,"area":317}},{"x":539,"y":1290,"data":{"alt":1,"fertility":60,"region":2101,"area":317}},{"x":540,"y":1290,"data":{"alt":1,"fertility":60,"region":2101,"area":317}},{"x":541,"y":1290,"data":{"alt":1,"fertility":60,"region":2101,"area":317}},{"x":542,"y":1290,"data":{"alt":1,"fertility":60,"region":2101,"area":317}},{"x":543,"y":1290,"data":{"alt":1,"fertility":60,"region":2101,"area":317}},{"x":523,"y":1291,"data":{"alt":1,"fertility":60,"region":2101,"area":317}},{"x":526,"y":1291,"data":{"alt":1,"fertility":60,"region":2101,"area":317}},{"x":527,"y":1291,"data":{"alt":1,"fertility":60,"region":2101,"area":317}},{"x":528,"y":1291,"data":{"alt":1,"fertility":60,"region":2101,"area":317}},{"x":529,"y":1291,"data":{"alt":1,"fertility":60,"region":2101,"area":317}},{"x":530,"y":1291,"data":{"alt":1,"fertility":60,"region":2101,"area":317}},{"x":531,"y":1291,"data":{"alt":1,"fertility":60,"region":2101,"area":317}},{"x":532,"y":1291,"data":{"alt":1,"fertility":60,"region":2101,"area":317}},{"x":533,"y":1291,"data":{"alt":1,"fertility":60,"region":2101,"area":317}},{"x":534,"y":1291,"data":{"alt":1,"fertility":60,"region":2101,"area":317}},{"x":535,"y":1291,"data":{"alt":1,"fertility":60,"region":2101,"area":317}},{"x":536,"y":1291,"data":{"alt":1,"fertility":60,"region":2101,"area":317}},{"x":537,"y":1291,"data":{"alt":1,"fertility":60,"region":2101,"area":317}},{"x":538,"y":1291,"data":{"alt":1,"fertility":60,"region":2101,"area":317}},{"x":539,"y":1291,"data":{"alt":1,"fertility":60,"region":2101,"area":317}},{"x":540,"y":1291,"data":{"alt":1,"fertility":60,"region":2101,"area":317}},{"x":541,"y":1291,"data":{"alt":1,"fertility":60,"region":2101,"area":317}},{"x":542,"y":1291,"data":{"alt":1,"fertility":60,"region":2101,"area":317}},{"x":543,"y":1291,"data":{"alt":1,"fertility":60,"region":2101,"area":317}},{"x":526,"y":1292,"data":{"alt":1,"fertility":60,"region":2101,"area":317}},{"x":527,"y":1292,"data":{"alt":1,"fertility":60,"region":2101,"area":317}},{"x":528,"y":1292,"data":{"alt":1,"fertility":60,"region":2101,"area":317}},{"x":529,"y":1292,"data":{"alt":1,"fertility":60,"region":2101,"area":317}},{"x":530,"y":1292,"data":{"alt":1,"fertility":60,"region":2101,"area":317}},{"x":531,"y":1292,"data":{"alt":1,"fertility":60,"region":2101,"area":317}},{"x":532,"y":1292,"data":{"alt":1,"fertility":60,"region":2101,"area":317}},{"x":533,"y":1292,"data":{"alt":1,"fertility":60,"region":2101,"area":317}},{"x":534,"y":1292,"data":{"alt":1,"fertility":60,"region":2101,"area":317}},{"x":535,"y":1292,"data":{"alt":1,"fertility":60,"region":2101,"area":317}},{"x":536,"y":1292,"data":{"alt":1,"fertility":60,"region":2101,"area":317}},{"x":537,"y":1292,"data":{"alt":1,"fertility":60,"region":2101,"area":317}},{"x":538,"y":1292,"data":{"alt":1,"fertility":60,"region":2101,"area":317}},{"x":539,"y":1292,"data":{"alt":1,"fertility":60,"region":2101,"area":317}},{"x":540,"y":1292,"data":{"alt":1,"fertility":60,"region":2101,"area":317}},{"x":541,"y":1292,"data":{"alt":1,"fertility":60,"region":2101,"area":317}},{"x":542,"y":1292,"data":{"alt":1,"fertility":60,"region":2101,"area":317}},{"x":543,"y":1292,"data":{"alt":1,"fertility":60,"region":2101,"area":317}},{"x":522,"y":1293,"data":{"alt":1,"fertility":60,"region":2101,"area":317}},{"x":523,"y":1293,"data":{"alt":1,"fertility":60,"region":2101,"area":317}},{"x":525,"y":1293,"data":{"alt":1,"fertility":60,"region":2101,"area":317}},{"x":526,"y":1293,"data":{"alt":1,"fertility":60,"region":2101,"area":317}},{"x":527,"y":1293,"data":{"alt":1,"fertility":60,"region":2101,"area":317}},{"x":528,"y":1293,"data":{"alt":1,"fertility":60,"region":2101,"area":317}},{"x":529,"y":1293,"data":{"alt":1,"fertility":60,"region":2101,"area":317}},{"x":530,"y":1293,"data":{"alt":1,"fertility":60,"region":2101,"area":317}},{"x":531,"y":1293,"data":{"alt":1,"fertility":60,"region":2101,"area":317}},{"x":532,"y":1293,"data":{"alt":1,"fertility":60,"region":2101,"area":317}},{"x":533,"y":1293,"data":{"alt":1,"fertility":60,"region":2101,"area":317}},{"x":534,"y":1293,"data":{"alt":1,"fertility":60,"region":2101,"area":317}},{"x":535,"y":1293,"data":{"alt":1,"fertility":60,"forest":20,"region":2101,"area":317}},{"x":536,"y":1293,"data":{"alt":1,"fertility":60,"region":2101,"area":317}},{"x":537,"y":1293,"data":{"alt":1,"fertility":60,"region":2101,"area":317}},{"x":538,"y":1293,"data":{"alt":1,"fertility":60,"region":2101,"area":317}},{"x":539,"y":1293,"data":{"alt":1,"fertility":60,"region":2101,"area":317}},{"x":540,"y":1293,"data":{"alt":1,"fertility":60,"region":2101,"area":317}},{"x":541,"y":1293,"data":{"alt":1,"fertility":60,"region":2101,"area":317}},{"x":542,"y":1293,"data":{"alt":1,"fertility":60,"region":2101,"area":317}},{"x":543,"y":1293,"data":{"alt":1,"fertility":60,"region":2101,"area":317}},{"x":522,"y":1294,"data":{"alt":1,"fertility":60,"region":2101,"area":317}},{"x":523,"y":1294,"data":{"alt":1,"fertility":60,"region":2101,"area":317}},{"x":524,"y":1294,"data":{"alt":1,"fertility":60,"region":2101,"area":317}},{"x":525,"y":1294,"data":{"alt":1,"fertility":60,"region":2101,"area":317}},{"x":526,"y":1294,"data":{"alt":1,"fertility":60,"region":2101,"area":317}},{"x":527,"y":1294,"data":{"alt":1,"fertility":60,"region":2101,"area":317}},{"x":528,"y":1294,"data":{"alt":1,"fertility":60,"region":2101,"area":317}},{"x":529,"y":1294,"data":{"alt":1,"fertility":60,"region":2101,"area":317}},{"x":530,"y":1294,"data":{"alt":1,"fertility":60,"region":2101,"area":317}},{"x":531,"y":1294,"data":{"alt":1,"fertility":60,"region":2101,"area":317}},{"x":532,"y":1294,"data":{"alt":1,"fertility":60,"region":2101,"area":317}},{"x":533,"y":1294,"data":{"alt":1,"fertility":60,"region":2101,"area":317}},{"x":534,"y":1294,"data":{"alt":1,"fertility":60,"region":2101,"area":317}},{"x":535,"y":1294,"data":{"alt":1,"fertility":60,"region":2101,"area":317}},{"x":536,"y":1294,"data":{"alt":1,"fertility":60,"region":2101,"area":317}},{"x":537,"y":1294,"data":{"alt":1,"fertility":60,"region":2101,"area":317}},{"x":538,"y":1294,"data":{"alt":1,"fertility":60,"region":2101,"area":317}},{"x":539,"y":1294,"data":{"alt":1,"fertility":60,"region":2101,"area":317}},{"x":540,"y":1294,"data":{"alt":1,"fertility":60,"region":2101,"area":317}},{"x":541,"y":1294,"data":{"alt":1,"fertility":60,"region":2101,"area":317}},{"x":542,"y":1294,"data":{"alt":1,"fertility":60,"region":2101,"area":317}},{"x":543,"y":1294,"data":{"alt":1,"fertility":60,"region":2101,"area":317}},{"x":521,"y":1295,"data":{"alt":1,"fertility":60,"region":2101,"area":317}},{"x":522,"y":1295,"data":{"alt":1,"fertility":60,"region":2101,"area":317}},{"x":523,"y":1295,"data":{"alt":1,"fertility":60,"region":2101,"area":317}},{"x":524,"y":1295,"data":{"alt":1,"fertility":60,"region":2101,"area":317}},{"x":525,"y":1295,"data":{"alt":1,"fertility":60,"region":2101,"area":317}},{"x":526,"y":1295,"data":{"alt":1,"fertility":60,"region":2101,"area":317}},{"x":527,"y":1295,"data":{"alt":1,"fertility":60,"region":2101,"area":317}},{"x":528,"y":1295,"data":{"alt":1,"fertility":60,"region":2101,"area":317}},{"x":529,"y":1295,"data":{"alt":1,"fertility":60,"region":2101,"area":317}},{"x":530,"y":1295,"data":{"alt":1,"fertility":60,"region":2101,"area":317}},{"x":531,"y":1295,"data":{"alt":1,"fertility":60,"region":2101,"area":317}},{"x":532,"y":1295,"data":{"alt":1,"fertility":60,"region":2101,"area":317}},{"x":533,"y":1295,"data":{"alt":1,"fertility":60,"region":2101,"area":317}},{"x":534,"y":1295,"data":{"alt":1,"fertility":60,"region":2101,"area":317}},{"x":535,"y":1295,"data":{"alt":1,"fertility":60,"region":2101,"area":317}},{"x":536,"y":1295,"data":{"alt":1,"fertility":60,"region":2101,"area":317}},{"x":537,"y":1295,"data":{"alt":1,"fertility":60,"region":2101,"area":317}},{"x":538,"y":1295,"data":{"alt":1,"fertility":60,"region":2101,"area":317}},{"x":539,"y":1295,"data":{"alt":1,"fertility":60,"region":2101,"area":317}},{"x":540,"y":1295,"data":{"alt":1,"fertility":60,"region":2101,"area":317}},{"x":541,"y":1295,"data":{"alt":1,"fertility":60,"forest":20,"region":2101,"area":317}},{"x":542,"y":1295,"data":{"alt":1,"fertility":60,"region":2101,"area":317}},{"x":520,"y":1296,"data":{"alt":1,"fertility":60,"region":2101,"area":317}},{"x":521,"y":1296,"data":{"alt":1,"fertility":60,"region":2101,"area":317}},{"x":522,"y":1296,"data":{"alt":2,"fertility":60,"region":2101,"area":317}},{"x":523,"y":1296,"data":{"alt":2,"fertility":60,"region":2101,"area":317}},{"x":524,"y":1296,"data":{"alt":1,"fertility":60,"region":2101,"area":317}},{"x":525,"y":1296,"data":{"alt":2,"fertility":60,"region":2101,"area":317}},{"x":526,"y":1296,"data":{"alt":1,"fertility":60,"region":2101,"area":317}},{"x":527,"y":1296,"data":{"alt":1,"fertility":60,"region":2101,"area":317}},{"x":528,"y":1296,"data":{"alt":1,"fertility":60,"region":2101,"area":317}},{"x":529,"y":1296,"data":{"alt":1,"fertility":60,"region":2101,"area":317}},{"x":530,"y":1296,"data":{"alt":1,"fertility":60,"region":2101,"area":317}},{"x":531,"y":1296,"data":{"alt":1,"fertility":60,"region":2101,"area":317}},{"x":532,"y":1296,"data":{"alt":1,"fertility":60,"region":2101,"area":317}},{"x":533,"y":1296,"data":{"alt":1,"fertility":60,"forest":20,"region":2101,"area":317}},{"x":534,"y":1296,"data":{"alt":1,"fertility":60,"region":2101,"area":317}},{"x":535,"y":1296,"data":{"alt":1,"fertility":60,"region":2101,"area":317}},{"x":536,"y":1296,"data":{"alt":1,"fertility":60,"region":2101,"area":317}},{"x":537,"y":1296,"data":{"alt":1,"fertility":60,"region":2101,"area":317}},{"x":538,"y":1296,"data":{"alt":1,"fertility":60,"region":2101,"area":317}},{"x":539,"y":1296,"data":{"alt":1,"fertility":60,"forest":20,"region":2101,"area":317}},{"x":540,"y":1296,"data":{"alt":1,"fertility":60,"region":2101,"area":317}},{"x":542,"y":1296,"data":{"alt":1,"fertility":60,"region":2101,"area":317}},{"x":522,"y":1297,"data":{"alt":1,"fertility":60,"region":2101,"area":317}},{"x":523,"y":1297,"data":{"alt":1,"fertility":60,"region":2101,"area":317}},{"x":524,"y":1297,"data":{"alt":1,"fertility":60,"region":2101,"area":317}},{"x":525,"y":1297,"data":{"alt":1,"fertility":60,"region":2101,"area":317}},{"x":526,"y":1297,"data":{"alt":1,"fertility":60,"region":2101,"area":317}},{"x":527,"y":1297,"data":{"alt":1,"fertility":60,"region":2101,"area":317}},{"x":528,"y":1297,"data":{"alt":1,"fertility":60,"region":2101,"area":317}},{"x":529,"y":1297,"data":{"alt":1,"fertility":60,"region":2101,"area":317}},{"x":530,"y":1297,"data":{"alt":1,"fertility":60,"region":2101,"area":317}},{"x":531,"y":1297,"data":{"alt":1,"fertility":60,"region":2101,"area":317}},{"x":532,"y":1297,"data":{"alt":1,"fertility":60,"region":2101,"area":317}},{"x":533,"y":1297,"data":{"alt":1,"fertility":60,"region":2101,"area":317}},{"x":534,"y":1297,"data":{"alt":1,"fertility":60,"region":2101,"area":317}},{"x":535,"y":1297,"data":{"alt":1,"fertility":60,"region":2101,"area":317}},{"x":536,"y":1297,"data":{"alt":1,"fertility":60,"region":2101,"area":317}},{"x":537,"y":1297,"data":{"alt":1,"fertility":60,"region":2101,"area":317}},{"x":538,"y":1297,"data":{"alt":1,"fertility":60,"region":2101,"area":317}},{"x":539,"y":1297,"data":{"alt":1,"fertility":60,"region":2101,"area":317}},{"x":522,"y":1298,"data":{"alt":1,"fertility":60,"region":2101,"area":317}},{"x":523,"y":1298,"data":{"alt":1,"fertility":60,"region":2101,"area":317}},{"x":524,"y":1298,"data":{"alt":1,"fertility":60,"forest":20,"region":2101,"area":317}},{"x":525,"y":1298,"data":{"alt":2,"fertility":60,"forest":20,"region":2101,"area":317}},{"x":526,"y":1298,"data":{"alt":1,"fertility":60,"region":2101,"area":317}},{"x":527,"y":1298,"data":{"alt":1,"fertility":60,"region":2101,"area":317}},{"x":528,"y":1298,"data":{"alt":1,"fertility":60,"region":2101,"area":317}},{"x":529,"y":1298,"data":{"alt":1,"fertility":60,"region":2101,"area":317}},{"x":530,"y":1298,"data":{"alt":1,"fertility":60,"region":2101,"area":317}},{"x":531,"y":1298,"data":{"alt":1,"fertility":60,"region":2101,"area":317}},{"x":532,"y":1298,"data":{"alt":1,"fertility":60,"region":2101,"area":317}},{"x":533,"y":1298,"data":{"alt":1,"fertility":60,"region":2101,"area":317}},{"x":534,"y":1298,"data":{"alt":1,"fertility":60,"region":2101,"area":317}},{"x":535,"y":1298,"data":{"alt":1,"fertility":60,"region":2101,"area":317}},{"x":536,"y":1298,"data":{"alt":1,"fertility":60,"region":2101,"area":317}},{"x":537,"y":1298,"data":{"alt":1,"fertility":60,"region":2101,"area":317}},{"x":538,"y":1298,"data":{"alt":1,"fertility":60,"region":2101,"area":317}},{"x":539,"y":1298,"data":{"alt":1,"fertility":60,"region":2101,"area":317}},{"x":525,"y":1299,"data":{"alt":1,"fertility":60,"region":2101,"area":317}},{"x":526,"y":1299,"data":{"alt":1,"fertility":60,"region":2101,"area":317}},{"x":527,"y":1299,"data":{"alt":1,"fertility":60,"region":2101,"area":317}},{"x":528,"y":1299,"data":{"alt":1,"fertility":60,"region":2101,"area":317}},{"x":529,"y":1299,"data":{"alt":1,"fertility":60,"region":2101,"area":317}},{"x":530,"y":1299,"data":{"alt":1,"fertility":60,"region":2101,"area":317}},{"x":531,"y":1299,"data":{"alt":1,"fertility":60,"region":2101,"area":317}},{"x":532,"y":1299,"data":{"alt":1,"fertility":60,"region":2101,"area":317}},{"x":533,"y":1299,"data":{"alt":1,"fertility":60,"region":2101,"area":317}},{"x":534,"y":1299,"data":{"alt":1,"fertility":60,"region":2101,"area":317}},{"x":535,"y":1299,"data":{"alt":1,"fertility":60,"region":2101,"area":317}},{"x":536,"y":1299,"data":{"alt":1,"fertility":60,"region":2101,"area":317}},{"x":537,"y":1299,"data":{"alt":1,"fertility":60,"region":2101,"area":317}},{"x":538,"y":1299,"data":{"alt":1,"fertility":60,"region":2101,"area":317}},{"x":539,"y":1299,"data":{"alt":1,"fertility":60,"region":2101,"area":317}},{"x":526,"y":1300,"data":{"alt":1,"fertility":60,"region":2101,"area":317}},{"x":527,"y":1300,"data":{"alt":1,"fertility":60,"region":2101,"area":317}},{"x":529,"y":1300,"data":{"alt":1,"fertility":60,"region":2101,"area":317}},{"x":530,"y":1300,"data":{"alt":1,"fertility":60,"region":2101,"area":317}},{"x":531,"y":1300,"data":{"alt":1,"fertility":60,"region":2101,"area":317}},{"x":532,"y":1300,"data":{"alt":1,"fertility":60,"region":2101,"area":317}},{"x":533,"y":1300,"data":{"alt":1,"fertility":60,"region":2101,"area":317}},{"x":534,"y":1300,"data":{"alt":1,"fertility":60,"region":2101,"area":317}},{"x":535,"y":1300,"data":{"alt":1,"fertility":60,"region":2101,"area":317}},{"x":536,"y":1300,"data":{"alt":1,"fertility":60,"region":2101,"area":317}},{"x":537,"y":1300,"data":{"alt":1,"fertility":60,"region":2101,"area":317}},{"x":538,"y":1300,"data":{"alt":1,"fertility":60,"region":2101,"area":317}},{"x":530,"y":1301,"data":{"alt":1,"fertility":60,"region":2101,"area":317}},{"x":531,"y":1301,"data":{"alt":1,"fertility":60,"region":2101,"area":317}},{"x":532,"y":1301,"data":{"alt":1,"fertility":60,"region":2101,"area":317}},{"x":534,"y":1301,"data":{"alt":1,"fertility":60,"region":2101,"area":317}},{"x":535,"y":1301,"data":{"alt":1,"fertility":60,"region":2101,"area":317}},{"x":536,"y":1301,"data":{"alt":1,"fertility":60,"region":2101,"area":317}},{"x":537,"y":1301,"data":{"alt":1,"fertility":60,"region":2101,"area":317}},{"x":528,"y":1272,"data":{"alt":2,"fertility":60,"region":2101,"area":317}},{"x":530,"y":1272,"data":{"alt":1,"fertility":60,"region":2101,"area":317}},{"x":526,"y":1273,"data":{"alt":1,"fertility":60,"region":2101,"area":317}},{"x":528,"y":1273,"data":{"alt":2,"fertility":60,"region":2101,"area":317}},{"x":529,"y":1273,"data":{"alt":1,"fertility":60,"region":2101,"area":317}},{"x":530,"y":1273,"data":{"alt":2,"fertility":60,"region":2101,"area":317}},{"x":531,"y":1273,"data":{"alt":1,"fertility":60,"region":2101,"area":317}},{"x":536,"y":1273,"data":{"alt":1,"fertility":60,"region":2101,"area":317}},{"x":537,"y":1273,"data":{"alt":1,"fertility":60,"region":2101,"area":317}},{"x":538,"y":1273,"data":{"alt":1,"fertility":60,"region":2101,"area":317}},{"x":539,"y":1273,"data":{"alt":1,"fertility":60,"region":2101,"area":317}},{"x":540,"y":1273,"data":{"alt":1,"fertility":60,"region":2101,"area":317}},{"x":542,"y":1273,"data":{"alt":1,"fertility":60,"region":2101,"area":317}},{"x":526,"y":1274,"data":{"alt":2,"fertility":60,"region":2101,"area":317}},{"x":527,"y":1274,"data":{"alt":2,"fertility":60,"region":2101,"area":317}},{"x":528,"y":1274,"data":{"alt":2,"fertility":60,"region":2101,"area":317}},{"x":529,"y":1274,"data":{"alt":2,"fertility":60,"region":2101,"area":317}},{"x":530,"y":1274,"data":{"alt":2,"fertility":60,"region":2101,"area":317}},{"x":531,"y":1274,"data":{"alt":2,"fertility":60,"region":2101,"area":317}},{"x":534,"y":1274,"data":{"alt":1,"fertility":60,"region":2101,"area":317}},{"x":535,"y":1274,"data":{"alt":1,"fertility":60,"region":2101,"area":317}},{"x":536,"y":1274,"data":{"alt":1,"fertility":60,"region":2101,"area":317}},{"x":537,"y":1274,"data":{"alt":1,"fertility":60,"region":2101,"area":317}},{"x":538,"y":1274,"data":{"alt":2,"fertility":60,"forest":20,"region":2101,"area":317}},{"x":539,"y":1274,"data":{"alt":1,"fertility":60,"region":2101,"area":317}},{"x":540,"y":1274,"data":{"alt":1,"fertility":60,"region":2101,"area":317}},{"x":541,"y":1274,"data":{"alt":1,"fertility":60,"region":2101,"area":317}},{"x":542,"y":1274,"data":{"alt":1,"fertility":60,"region":2101,"area":317}},{"x":543,"y":1274,"data":{"alt":1,"fertility":60,"forest":20,"region":2101,"area":317}},{"x":526,"y":1275,"data":{"alt":2,"fertility":60,"region":2101,"area":317}},{"x":527,"y":1275,"data":{"alt":2,"fertility":60,"region":2101,"area":317}},{"x":528,"y":1275,"data":{"alt":2,"fertility":60,"region":2101,"area":317}},{"x":529,"y":1275,"data":{"alt":2,"fertility":60,"region":2101,"area":317}},{"x":530,"y":1275,"data":{"alt":2,"fertility":60,"region":2101,"area":317}},{"x":531,"y":1275,"data":{"alt":2,"fertility":60,"region":2101,"area":317}},{"x":532,"y":1275,"data":{"alt":2,"fertility":60,"region":2101,"area":317}},{"x":533,"y":1275,"data":{"alt":1,"fertility":60,"region":2101,"area":317}},{"x":534,"y":1275,"data":{"alt":1,"fertility":60,"region":2101,"area":317}},{"x":535,"y":1275,"data":{"alt":1,"fertility":60,"region":2101,"area":317}},{"x":536,"y":1275,"data":{"alt":1,"fertility":60,"region":2101,"area":317}},{"x":537,"y":1275,"data":{"alt":1,"fertility":60,"region":2101,"area":317}},{"x":538,"y":1275,"data":{"alt":1,"fertility":60,"region":2101,"area":317}},{"x":539,"y":1275,"data":{"alt":1,"fertility":60,"region":2101,"area":317}},{"x":540,"y":1275,"data":{"alt":1,"fertility":60,"region":2101,"area":317}},{"x":541,"y":1275,"data":{"alt":1,"fertility":60,"region":2101,"area":317}},{"x":542,"y":1275,"data":{"alt":1,"fertility":60,"region":2101,"area":317}},{"x":543,"y":1275,"data":{"alt":1,"fertility":60,"region":2101,"area":317}},{"x":525,"y":1276,"data":{"alt":2,"fertility":60,"region":2101,"area":317}},{"x":526,"y":1276,"data":{"alt":4,"fertility":60,"region":2101,"area":317}},{"x":527,"y":1276,"data":{"alt":2,"fertility":60,"region":2101,"area":317}},{"x":528,"y":1276,"data":{"alt":2,"fertility":60,"region":2101,"area":317}},{"x":529,"y":1276,"data":{"alt":2,"fertility":60,"region":2101,"area":317}},{"x":530,"y":1276,"data":{"alt":2,"fertility":60,"region":2101,"area":317}},{"x":531,"y":1276,"data":{"alt":2,"fertility":60,"region":2101,"area":317}},{"x":532,"y":1276,"data":{"alt":2,"fertility":60,"region":2101,"area":317}},{"x":533,"y":1276,"data":{"alt":1,"fertility":60,"region":2101,"area":317}},{"x":534,"y":1276,"data":{"alt":1,"fertility":60,"region":2101,"area":317}},{"x":535,"y":1276,"data":{"alt":1,"fertility":60,"region":2101,"area":317}},{"x":536,"y":1276,"data":{"alt":1,"fertility":60,"region":2101,"area":317}},{"x":537,"y":1276,"data":{"alt":1,"fertility":60,"region":2101,"area":317}},{"x":538,"y":1276,"data":{"alt":1,"fertility":60,"region":2101,"area":317}},{"x":539,"y":1276,"data":{"alt":1,"fertility":60,"region":2101,"area":317}},{"x":540,"y":1276,"data":{"alt":1,"fertility":60,"region":2101,"area":317}},{"x":541,"y":1276,"data":{"alt":1,"fertility":60,"region":2101,"area":317}},{"x":542,"y":1276,"data":{"alt":1,"fertility":60,"region":2101,"area":317}},{"x":543,"y":1276,"data":{"alt":1,"fertility":60,"region":2101,"area":317}},{"x":524,"y":1277,"data":{"alt":1,"fertility":60,"region":2101,"area":317}},{"x":525,"y":1277,"data":{"alt":1,"fertility":60,"region":2101,"area":317}},{"x":526,"y":1277,"data":{"alt":2,"fertility":60,"forest":40,"region":2101,"area":317}},{"x":527,"y":1277,"data":{"alt":2,"fertility":60,"region":2101,"area":317}},{"x":528,"y":1277,"data":{"alt":3,"fertility":60,"region":2101,"area":317}},{"x":529,"y":1277,"data":{"alt":2,"fertility":60,"region":2101,"area":317}},{"x":530,"y":1277,"data":{"alt":2,"fertility":60,"region":2101,"area":317}},{"x":531,"y":1277,"data":{"alt":2,"fertility":60,"region":2101,"area":317}},{"x":532,"y":1277,"data":{"alt":2,"fertility":60,"region":2101,"area":317}},{"x":533,"y":1277,"data":{"alt":1,"fertility":60,"region":2101,"area":317}},{"x":534,"y":1277,"data":{"alt":1,"fertility":60,"region":2101,"area":317}},{"x":535,"y":1277,"data":{"alt":1,"fertility":60,"region":2101,"area":317}},{"x":536,"y":1277,"data":{"alt":1,"fertility":60,"forest":40,"region":2101,"area":317}},{"x":537,"y":1277,"data":{"alt":1,"fertility":60,"region":2101,"area":317}},{"x":538,"y":1277,"data":{"alt":1,"fertility":60,"region":2101,"area":317}},{"x":539,"y":1277,"data":{"alt":1,"fertility":60,"region":2101,"area":317}},{"x":540,"y":1277,"data":{"alt":1,"fertility":60,"region":2101,"area":317}},{"x":541,"y":1277,"data":{"alt":1,"fertility":60,"region":2101,"area":317}},{"x":542,"y":1277,"data":{"alt":1,"fertility":60,"region":2101,"area":317}},{"x":543,"y":1277,"data":{"alt":1,"fertility":60,"region":2101,"area":317}},{"x":522,"y":1278,"data":{"alt":1,"fertility":60,"region":2101,"area":317}},{"x":523,"y":1278,"data":{"alt":2,"fertility":60,"region":2101,"area":317}},{"x":524,"y":1278,"data":{"alt":2,"fertility":60,"region":2101,"area":317}},{"x":525,"y":1278,"data":{"alt":2,"fertility":60,"region":2101,"area":317}},{"x":526,"y":1278,"data":{"alt":4,"fertility":60,"region":2101,"area":317}},{"x":527,"y":1278,"data":{"alt":2,"fertility":60,"region":2101,"area":317}},{"x":528,"y":1278,"data":{"alt":2,"fertility":60,"region":2101,"area":317}},{"x":529,"y":1278,"data":{"alt":3,"fertility":60,"region":2101,"area":317}},{"x":530,"y":1278,"data":{"alt":2,"fertility":60,"region":2101,"area":317}},{"x":531,"y":1278,"data":{"alt":2,"fertility":60,"region":2101,"area":317}},{"x":532,"y":1278,"data":{"alt":1,"fertility":60,"region":2101,"area":317}},{"x":533,"y":1278,"data":{"alt":1,"fertility":60,"forest":40,"region":2101,"area":317}},{"x":534,"y":1278,"data":{"alt":1,"fertility":60,"region":2101,"area":317}},{"x":535,"y":1278,"data":{"alt":1,"fertility":60,"region":2101,"area":317}},{"x":536,"y":1278,"data":{"alt":1,"fertility":60,"region":2101,"area":317}},{"x":537,"y":1278,"data":{"alt":1,"fertility":60,"region":2101,"area":317}},{"x":538,"y":1278,"data":{"alt":1,"fertility":60,"region":2101,"area":317}},{"x":539,"y":1278,"data":{"alt":1,"fertility":60,"region":2101,"area":317}},{"x":540,"y":1278,"data":{"alt":1,"fertility":60,"region":2101,"area":317}},{"x":541,"y":1278,"data":{"alt":1,"fertility":60,"region":2101,"area":317}},{"x":542,"y":1278,"data":{"alt":1,"fertility":60,"region":2101,"area":317}},{"x":543,"y":1278,"data":{"alt":1,"fertility":60,"region":2101,"area":317}},{"x":523,"y":1279,"data":{"alt":2,"fertility":60,"region":2101,"area":317}},{"x":524,"y":1279,"data":{"alt":2,"fertility":60,"region":2101,"area":317}},{"x":525,"y":1279,"data":{"alt":2,"fertility":60,"region":2101,"area":317}},{"x":526,"y":1279,"data":{"alt":2,"fertility":60,"region":2101,"area":317}},{"x":527,"y":1279,"data":{"alt":2,"fertility":60,"region":2101,"area":317}},{"x":528,"y":1279,"data":{"alt":2,"fertility":60,"region":2101,"area":317}},{"x":529,"y":1279,"data":{"alt":2,"fertility":60,"region":2101,"area":317}},{"x":530,"y":1279,"data":{"alt":2,"fertility":60,"region":2101,"area":317}},{"x":531,"y":1279,"data":{"alt":2,"fertility":60,"region":2101,"area":317}},{"x":532,"y":1279,"data":{"alt":1,"fertility":60,"region":2101,"area":317}},{"x":533,"y":1279,"data":{"alt":1,"fertility":60,"region":2101,"area":317}},{"x":534,"y":1279,"data":{"alt":1,"fertility":60,"region":2101,"area":317}},{"x":535,"y":1279,"data":{"alt":1,"fertility":60,"region":2101,"area":317}},{"x":536,"y":1279,"data":{"alt":1,"fertility":100,"region":2101,"area":317}},{"x":537,"y":1279,"data":{"alt":1,"fertility":60,"region":2101,"area":317}},{"x":538,"y":1279,"data":{"alt":1,"fertility":60,"region":2101,"area":317}},{"x":539,"y":1279,"data":{"alt":1,"fertility":60,"region":2101,"area":317}},{"x":540,"y":1279,"data":{"alt":1,"fertility":60,"region":2101,"area":317}},{"x":541,"y":1279,"data":{"alt":1,"fertility":60,"region":2101,"area":317}},{"x":542,"y":1279,"data":{"alt":1,"fertility":60,"region":2101,"area":317}},{"x":543,"y":1279,"data":{"alt":1,"fertility":60,"region":2101,"area":317}},{"x":544,"y":1275,"data":{"alt":1,"fertility":60,"region":2101,"area":317}},{"x":544,"y":1276,"data":{"alt":1,"fertility":60,"region":2101,"area":317}},{"x":545,"y":1276,"data":{"alt":1,"fertility":60,"region":2101,"area":317}},{"x":544,"y":1277,"data":{"alt":1,"fertility":60,"region":2101,"area":317}},{"x":545,"y":1277,"data":{"alt":1,"fertility":60,"region":2101,"area":317}},{"x":546,"y":1277,"data":{"alt":1,"fertility":60,"region":2101,"area":317}},{"x":559,"y":1277,"data":{"alt":1,"fertility":60,"region":2101,"area":317}},{"x":560,"y":1277,"data":{"alt":1,"fertility":60,"region":2101,"area":317}},{"x":544,"y":1278,"data":{"alt":1,"fertility":60,"region":2101,"area":317}},{"x":545,"y":1278,"data":{"alt":1,"fertility":60,"region":2101,"area":317}},{"x":546,"y":1278,"data":{"alt":1,"fertility":60,"region":2101,"area":317}},{"x":547,"y":1278,"data":{"alt":1,"fertility":60,"region":2101,"area":317}},{"x":558,"y":1278,"data":{"alt":1,"fertility":60,"region":2101,"area":317}},{"x":559,"y":1278,"data":{"alt":1,"fertility":60,"region":2101,"area":317}},{"x":560,"y":1278,"data":{"alt":1,"fertility":60,"region":2101,"area":317}},{"x":561,"y":1278,"data":{"alt":1,"fertility":60,"region":2101,"area":317}},{"x":544,"y":1279,"data":{"alt":1,"fertility":60,"region":2101,"area":317}},{"x":545,"y":1279,"data":{"alt":1,"fertility":60,"region":2101,"area":317}},{"x":546,"y":1279,"data":{"alt":1,"fertility":60,"region":2101,"area":317}},{"x":547,"y":1279,"data":{"alt":1,"fertility":60,"region":2101,"area":317}},{"x":548,"y":1279,"data":{"alt":1,"fertility":60,"region":2101,"area":317}},{"x":554,"y":1279,"data":{"alt":1,"fertility":60,"region":2101,"area":317}},{"x":555,"y":1279,"data":{"alt":1,"fertility":60,"region":2101,"area":317}},{"x":556,"y":1279,"data":{"alt":1,"fertility":60,"region":2101,"area":317}},{"x":557,"y":1279,"data":{"alt":1,"fertility":60,"region":2101,"area":317}},{"x":558,"y":1279,"data":{"alt":1,"fertility":60,"region":2101,"area":317}},{"x":559,"y":1279,"data":{"alt":1,"fertility":60,"region":2101,"area":317}},{"x":560,"y":1279,"data":{"alt":1,"fertility":60,"region":2101,"area":317}},{"x":561,"y":1279,"data":{"alt":1,"fertility":60,"region":2101,"area":317}},{"x":562,"y":1279,"data":{"alt":1,"fertility":60,"region":2101,"area":317}},{"x":544,"y":1280,"data":{"alt":1,"fertility":60,"region":2101,"area":317}},{"x":545,"y":1280,"data":{"alt":1,"fertility":60,"region":2101,"area":317}},{"x":546,"y":1280,"data":{"alt":1,"fertility":60,"region":2101,"area":317}},{"x":547,"y":1280,"data":{"alt":1,"fertility":60,"region":2101,"area":317}},{"x":548,"y":1280,"data":{"alt":1,"fertility":60,"region":2101,"area":317}},{"x":553,"y":1280,"data":{"alt":1,"fertility":60,"region":2101,"area":317}},{"x":554,"y":1280,"data":{"alt":1,"fertility":60,"region":2101,"area":317}},{"x":555,"y":1280,"data":{"alt":1,"fertility":60,"region":2101,"area":317}},{"x":556,"y":1280,"data":{"alt":1,"fertility":60,"region":2101,"area":317}},{"x":557,"y":1280,"data":{"alt":1,"fertility":60,"region":2101,"area":317}},{"x":558,"y":1280,"data":{"alt":1,"fertility":60,"region":2101,"area":317}},{"x":559,"y":1280,"data":{"alt":1,"fertility":60,"region":2101,"area":317}},{"x":560,"y":1280,"data":{"alt":1,"fertility":60,"region":2101,"area":317}},{"x":561,"y":1280,"data":{"alt":1,"fertility":60,"region":2101,"area":317}},{"x":562,"y":1280,"data":{"alt":1,"fertility":60,"region":2101,"area":317}},{"x":563,"y":1280,"data":{"alt":1,"fertility":60,"region":2101,"area":317}},{"x":544,"y":1281,"data":{"alt":1,"fertility":60,"region":2101,"area":317}},{"x":545,"y":1281,"data":{"alt":1,"fertility":60,"region":2101,"area":317}},{"x":546,"y":1281,"data":{"alt":1,"fertility":60,"region":2101,"area":317}},{"x":547,"y":1281,"data":{"alt":1,"fertility":60,"region":2101,"area":317}},{"x":548,"y":1281,"data":{"alt":1,"fertility":60,"region":2101,"area":317}},{"x":549,"y":1281,"data":{"alt":1,"fertility":60,"region":2101,"area":317}},{"x":550,"y":1281,"data":{"alt":1,"fertility":60,"region":2101,"area":317}},{"x":553,"y":1281,"data":{"alt":1,"fertility":60,"region":2101,"area":317}},{"x":554,"y":1281,"data":{"alt":1,"fertility":60,"region":2101,"area":317}},{"x":555,"y":1281,"data":{"alt":1,"fertility":60,"region":2101,"area":317}},{"x":556,"y":1281,"data":{"alt":1,"fertility":60,"region":2101,"area":317}},{"x":557,"y":1281,"data":{"alt":1,"fertility":60,"region":2101,"area":317}},{"x":558,"y":1281,"data":{"alt":1,"fertility":60,"region":2101,"area":317}},{"x":559,"y":1281,"data":{"alt":1,"fertility":60,"region":2101,"area":317}},{"x":560,"y":1281,"data":{"alt":1,"fertility":60,"region":2101,"area":317}},{"x":561,"y":1281,"data":{"alt":2,"fertility":60,"region":2101,"area":317}},{"x":562,"y":1281,"data":{"alt":1,"fertility":60,"region":2101,"area":317}},{"x":563,"y":1281,"data":{"alt":2,"fertility":60,"region":2101,"area":317}},{"x":544,"y":1282,"data":{"alt":1,"fertility":60,"region":2101,"area":317}},{"x":545,"y":1282,"data":{"alt":1,"fertility":60,"region":2101,"area":317}},{"x":546,"y":1282,"data":{"alt":1,"fertility":60,"region":2101,"area":317}},{"x":547,"y":1282,"data":{"alt":1,"fertility":60,"region":2101,"area":317}},{"x":548,"y":1282,"data":{"alt":1,"fertility":60,"region":2101,"area":317}},{"x":549,"y":1282,"data":{"alt":1,"fertility":60,"forest":20,"region":2101,"area":317}},{"x":550,"y":1282,"data":{"alt":1,"fertility":60,"region":2101,"area":317}},{"x":551,"y":1282,"data":{"alt":1,"fertility":60,"region":2101,"area":317}},{"x":552,"y":1282,"data":{"alt":1,"fertility":60,"region":2101,"area":317}},{"x":553,"y":1282,"data":{"alt":1,"fertility":60,"region":2101,"area":317}},{"x":554,"y":1282,"data":{"alt":1,"fertility":60,"region":2101,"area":317}},{"x":555,"y":1282,"data":{"alt":1,"fertility":60,"region":2101,"area":317}},{"x":556,"y":1282,"data":{"alt":1,"fertility":60,"region":2101,"area":317}},{"x":557,"y":1282,"data":{"alt":1,"fertility":60,"region":2101,"area":317}},{"x":558,"y":1282,"data":{"alt":1,"fertility":60,"region":2101,"area":317}},{"x":559,"y":1282,"data":{"alt":2,"fertility":60,"region":2101,"area":317}},{"x":560,"y":1282,"data":{"alt":2,"fertility":60,"region":2101,"area":317}},{"x":561,"y":1282,"data":{"alt":2,"fertility":60,"region":2101,"area":317}},{"x":562,"y":1282,"data":{"alt":2,"fertility":60,"region":2101,"area":317}},{"x":563,"y":1282,"data":{"alt":2,"fertility":60,"region":2101,"area":317}},{"x":544,"y":1283,"data":{"alt":1,"fertility":60,"region":2101,"area":317}},{"x":545,"y":1283,"data":{"alt":1,"fertility":60,"region":2101,"area":317}},{"x":546,"y":1283,"data":{"alt":1,"fertility":60,"region":2101,"area":317}},{"x":547,"y":1283,"data":{"alt":1,"fertility":60,"region":2101,"area":317}},{"x":548,"y":1283,"data":{"alt":1,"fertility":60,"region":2101,"area":317}},{"x":549,"y":1283,"data":{"alt":1,"fertility":60,"region":2101,"area":317}},{"x":550,"y":1283,"data":{"alt":1,"fertility":60,"region":2101,"area":317}},{"x":551,"y":1283,"data":{"alt":1,"fertility":60,"region":2101,"area":317}},{"x":552,"y":1283,"data":{"alt":1,"fertility":60,"region":2101,"area":317}},{"x":553,"y":1283,"data":{"alt":1,"fertility":60,"region":2101,"area":317}},{"x":554,"y":1283,"data":{"alt":1,"fertility":60,"region":2101,"area":317}},{"x":555,"y":1283,"data":{"alt":1,"fertility":60,"region":2101,"area":317}},{"x":556,"y":1283,"data":{"alt":1,"fertility":60,"region":2101,"area":317}},{"x":557,"y":1283,"data":{"alt":1,"fertility":60,"region":2101,"area":317}},{"x":558,"y":1283,"data":{"alt":1,"fertility":60,"region":2101,"area":317}},{"x":559,"y":1283,"data":{"alt":1,"fertility":60,"region":2101,"area":317}},{"x":560,"y":1283,"data":{"alt":2,"fertility":60,"region":2101,"area":317}},{"x":561,"y":1283,"data":{"alt":2,"fertility":60,"region":2101,"area":317}},{"x":562,"y":1283,"data":{"alt":2,"fertility":60,"region":2101,"area":317}},{"x":563,"y":1283,"data":{"alt":2,"fertility":60,"region":2101,"area":317}},{"x":544,"y":1284,"data":{"alt":1,"fertility":60,"region":2101,"area":317}},{"x":545,"y":1284,"data":{"alt":1,"fertility":60,"region":2101,"area":317}},{"x":546,"y":1284,"data":{"alt":1,"fertility":60,"region":2101,"area":317}},{"x":547,"y":1284,"data":{"alt":1,"fertility":60,"region":2101,"area":317}},{"x":548,"y":1284,"data":{"alt":1,"fertility":60,"region":2101,"area":317}},{"x":549,"y":1284,"data":{"alt":1,"fertility":60,"region":2101,"area":317}},{"x":550,"y":1284,"data":{"alt":1,"fertility":60,"region":2101,"area":317}},{"x":551,"y":1284,"data":{"alt":1,"fertility":60,"region":2101,"area":317}},{"x":554,"y":1284,"data":{"alt":1,"fertility":60,"region":2101,"area":317}},{"x":555,"y":1284,"data":{"alt":1,"fertility":60,"region":2101,"area":317}},{"x":557,"y":1284,"data":{"alt":1,"fertility":60,"region":2101,"area":317}},{"x":558,"y":1284,"data":{"alt":2,"fertility":60,"region":2101,"area":317}},{"x":559,"y":1284,"data":{"alt":1,"fertility":60,"region":2101,"area":317}},{"x":560,"y":1284,"data":{"alt":2,"fertility":60,"region":2101,"area":317}},{"x":561,"y":1284,"data":{"alt":2,"fertility":60,"region":2101,"area":317}},{"x":562,"y":1284,"data":{"alt":1,"fertility":60,"region":2101,"area":317}},{"x":563,"y":1284,"data":{"alt":2,"fertility":60,"region":2101,"area":317}},{"x":544,"y":1285,"data":{"alt":1,"fertility":60,"region":2101,"area":317}},{"x":545,"y":1285,"data":{"alt":1,"fertility":60,"region":2101,"area":317}},{"x":546,"y":1285,"data":{"alt":1,"fertility":60,"region":2101,"area":317}},{"x":547,"y":1285,"data":{"alt":1,"fertility":60,"region":2101,"area":317}},{"x":548,"y":1285,"data":{"alt":1,"fertility":60,"region":2101,"area":317}},{"x":549,"y":1285,"data":{"alt":1,"fertility":60,"region":2101,"area":317}},{"x":550,"y":1285,"data":{"alt":1,"fertility":60,"region":2101,"area":317}},{"x":551,"y":1285,"data":{"alt":1,"fertility":60,"region":2101,"area":317}},{"x":552,"y":1285,"data":{"alt":1,"fertility":60,"region":2101,"area":317}},{"x":558,"y":1285,"data":{"alt":2,"fertility":60,"region":2101,"area":317}},{"x":559,"y":1285,"data":{"alt":2,"fertility":60,"region":2101,"area":317}},{"x":560,"y":1285,"data":{"alt":2,"fertility":60,"region":2101,"area":317}},{"x":561,"y":1285,"data":{"alt":2,"fertility":60,"region":2101,"area":317}},{"x":563,"y":1285,"data":{"alt":2,"fertility":60,"region":2101,"area":317}},{"x":544,"y":1286,"data":{"alt":1,"fertility":60,"region":2101,"area":317}},{"x":545,"y":1286,"data":{"alt":1,"fertility":60,"region":2101,"area":317}},{"x":546,"y":1286,"data":{"alt":1,"fertility":60,"region":2101,"area":317}},{"x":547,"y":1286,"data":{"alt":1,"fertility":60,"region":2101,"area":317}},{"x":548,"y":1286,"data":{"alt":1,"fertility":60,"region":2101,"area":317}},{"x":549,"y":1286,"data":{"alt":1,"fertility":60,"region":2101,"area":317}},{"x":550,"y":1286,"data":{"alt":1,"fertility":60,"region":2101,"area":317}},{"x":551,"y":1286,"data":{"alt":1,"fertility":60,"region":2101,"area":317}},{"x":552,"y":1286,"data":{"alt":1,"fertility":60,"region":2101,"area":317}},{"x":553,"y":1286,"data":{"alt":1,"fertility":60,"region":2101,"area":317}},{"x":564,"y":1286,"data":{"alt":2,"fertility":60,"region":2101,"area":317}},{"x":544,"y":1287,"data":{"alt":1,"fertility":60,"region":2101,"area":317}},{"x":545,"y":1287,"data":{"alt":1,"fertility":60,"region":2101,"area":317}},{"x":546,"y":1287,"data":{"alt":1,"fertility":60,"region":2101,"area":317}},{"x":547,"y":1287,"data":{"alt":1,"fertility":60,"forest":20,"region":2101,"area":317}},{"x":548,"y":1287,"data":{"alt":1,"fertility":60,"region":2101,"area":317}},{"x":549,"y":1287,"data":{"alt":1,"fertility":60,"region":2101,"area":317}},{"x":550,"y":1287,"data":{"alt":1,"fertility":60,"region":2101,"area":317}},{"x":551,"y":1287,"data":{"alt":1,"fertility":60,"region":2101,"area":317}},{"x":552,"y":1287,"data":{"alt":1,"fertility":60,"region":2101,"area":317}},{"x":553,"y":1287,"data":{"alt":1,"fertility":60,"region":2101,"area":317}},{"x":544,"y":1288,"data":{"alt":1,"fertility":60,"region":2101,"area":317}},{"x":545,"y":1288,"data":{"alt":1,"fertility":60,"region":2101,"area":317}},{"x":546,"y":1288,"data":{"alt":1,"fertility":60,"region":2101,"area":317}},{"x":547,"y":1288,"data":{"alt":1,"fertility":60,"region":2101,"area":317}},{"x":548,"y":1288,"data":{"alt":1,"fertility":60,"region":2101,"area":317}},{"x":549,"y":1288,"data":{"alt":1,"fertility":60,"region":2101,"area":317}},{"x":550,"y":1288,"data":{"alt":1,"fertility":60,"region":2101,"area":317}},{"x":551,"y":1288,"data":{"alt":1,"fertility":60,"region":2101,"area":317}},{"x":552,"y":1288,"data":{"alt":1,"fertility":60,"region":2101,"area":317}},{"x":544,"y":1289,"data":{"alt":1,"fertility":60,"region":2101,"area":317}},{"x":545,"y":1289,"data":{"alt":1,"fertility":60,"region":2101,"area":317}},{"x":546,"y":1289,"data":{"alt":1,"fertility":60,"region":2101,"area":317}},{"x":547,"y":1289,"data":{"alt":1,"fertility":60,"region":2101,"area":317}},{"x":548,"y":1289,"data":{"alt":1,"fertility":60,"region":2101,"area":317}},{"x":549,"y":1289,"data":{"alt":1,"fertility":60,"region":2101,"area":317}},{"x":550,"y":1289,"data":{"alt":1,"fertility":60,"region":2101,"area":317}},{"x":551,"y":1289,"data":{"alt":1,"fertility":60,"region":2101,"area":317}},{"x":552,"y":1289,"data":{"alt":1,"fertility":60,"region":2101,"area":317}},{"x":544,"y":1290,"data":{"alt":1,"fertility":60,"region":2101,"area":317}},{"x":545,"y":1290,"data":{"alt":1,"fertility":60,"region":2101,"area":317}},{"x":546,"y":1290,"data":{"alt":1,"fertility":60,"region":2101,"area":317}},{"x":547,"y":1290,"data":{"alt":1,"fertility":60,"region":2101,"area":317}},{"x":548,"y":1290,"data":{"alt":1,"fertility":60,"region":2101,"area":317}},{"x":549,"y":1290,"data":{"alt":1,"fertility":60,"region":2101,"area":317}},{"x":544,"y":1291,"data":{"alt":1,"fertility":60,"region":2101,"area":317}},{"x":545,"y":1291,"data":{"alt":1,"fertility":60,"region":2101,"area":317}},{"x":546,"y":1291,"data":{"alt":1,"fertility":60,"region":2101,"area":317}},{"x":547,"y":1291,"data":{"alt":1,"fertility":60,"region":2101,"area":317}},{"x":548,"y":1291,"data":{"alt":1,"fertility":60,"region":2101,"area":317}},{"x":549,"y":1291,"data":{"alt":1,"fertility":60,"region":2101,"area":317}},{"x":550,"y":1291,"data":{"alt":1,"fertility":60,"region":2101,"area":317}},{"x":544,"y":1292,"data":{"alt":1,"fertility":60,"region":2101,"area":317}},{"x":545,"y":1292,"data":{"alt":1,"fertility":60,"region":2101,"area":317}},{"x":546,"y":1292,"data":{"alt":1,"fertility":60,"forest":20,"region":2101,"area":317}},{"x":547,"y":1292,"data":{"alt":1,"fertility":60,"region":2101,"area":317}},{"x":548,"y":1292,"data":{"alt":1,"fertility":60,"region":2101,"area":317}},{"x":549,"y":1292,"data":{"alt":1,"fertility":60,"region":2101,"area":317}},{"x":550,"y":1292,"data":{"alt":1,"fertility":60,"region":2101,"area":317}},{"x":544,"y":1293,"data":{"alt":1,"fertility":60,"forest":20,"region":2101,"area":317}},{"x":545,"y":1293,"data":{"alt":1,"fertility":60,"region":2101,"area":317}},{"x":546,"y":1293,"data":{"alt":1,"fertility":60,"region":2101,"area":317}},{"x":547,"y":1293,"data":{"alt":1,"fertility":60,"region":2101,"area":317}},{"x":548,"y":1293,"data":{"alt":1,"fertility":60,"region":2101,"area":317}},{"x":549,"y":1293,"data":{"alt":1,"fertility":60,"region":2101,"area":317}},{"x":546,"y":1294,"data":{"alt":1,"fertility":60,"region":2101,"area":317}},{"x":548,"y":1294,"data":{"alt":1,"fertility":60,"region":2101,"area":317}}]