[{"x":194,"y":3804,"data":{"alt":2,"type":2,"area":32}},{"x":196,"y":3804,"data":{"alt":2,"type":1,"area":32}},{"x":192,"y":3805,"data":{"alt":2,"type":2,"area":32}},{"x":193,"y":3805,"data":{"alt":2,"type":2,"area":32}},{"x":194,"y":3805,"data":{"alt":2,"type":2,"area":32}},{"x":195,"y":3805,"data":{"alt":2,"type":1,"area":32}},{"x":196,"y":3805,"data":{"alt":2,"type":2,"area":32}},{"x":194,"y":3806,"data":{"alt":2,"type":1,"area":32}},{"x":195,"y":3806,"data":{"alt":2,"type":2,"area":32}},{"x":195,"y":3807,"data":{"alt":2,"type":2,"area":32}},{"x":196,"y":3807,"data":{"alt":2,"type":2,"area":32}}]