[{"x":3239,"y":1016,"data":{"alt":59,"type":2,"area":320}},{"x":3239,"y":1017,"data":{"alt":59,"type":2,"area":320}},{"x":3239,"y":1018,"data":{"alt":59,"type":2,"area":320}},{"x":3239,"y":1019,"data":{"alt":59,"type":2,"area":320}},{"x":3242,"y":1019,"data":{"alt":59,"type":2,"area":320}},{"x":3243,"y":1019,"data":{"alt":59,"type":2,"area":320}},{"x":3244,"y":1019,"data":{"alt":59,"type":1,"area":320}},{"x":3247,"y":1019,"data":{"alt":59,"type":1,"area":320}},{"x":3239,"y":1020,"data":{"alt":59,"type":2,"area":320}},{"x":3241,"y":1020,"data":{"alt":59,"type":1,"area":320}},{"x":3242,"y":1020,"data":{"alt":59,"type":1,"area":320}},{"x":3243,"y":1020,"data":{"alt":59,"type":1,"area":320}},{"x":3247,"y":1020,"data":{"alt":59,"type":1,"area":320}},{"x":3239,"y":1021,"data":{"alt":59,"type":2,"area":320}},{"x":3241,"y":1021,"data":{"alt":59,"type":2,"area":320}},{"x":3247,"y":1021,"data":{"alt":59,"type":1,"area":320}},{"x":3238,"y":1022,"data":{"alt":59,"type":2,"area":320}},{"x":3239,"y":1022,"data":{"alt":59,"type":2,"area":320}},{"x":3240,"y":1022,"data":{"alt":59,"type":2,"area":320}},{"x":3241,"y":1022,"data":{"alt":59,"type":2,"area":320}},{"x":3242,"y":1022,"data":{"alt":59,"type":2,"area":320}},{"x":3243,"y":1022,"data":{"alt":59,"type":2,"area":320}},{"x":3245,"y":1022,"data":{"alt":59,"type":2,"area":320}},{"x":3246,"y":1022,"data":{"alt":59,"type":2,"area":320}},{"x":3247,"y":1022,"data":{"alt":59,"type":1,"area":320}},{"x":3249,"y":1022,"data":{"alt":59,"type":2,"area":320}},{"x":3239,"y":1023,"data":{"alt":59,"type":2,"area":320}},{"x":3240,"y":1023,"data":{"alt":59,"type":2,"area":320}},{"x":3241,"y":1023,"data":{"alt":59,"type":2,"area":320}},{"x":3242,"y":1023,"data":{"alt":59,"type":2,"area":320}},{"x":3243,"y":1023,"data":{"alt":59,"type":2,"area":320}},{"x":3244,"y":1023,"data":{"alt":59,"type":2,"area":320}},{"x":3245,"y":1023,"data":{"alt":59,"type":2,"area":320}},{"x":3246,"y":1023,"data":{"alt":59,"type":2,"area":320}},{"x":3247,"y":1023,"data":{"alt":59,"type":1,"area":320}},{"x":3248,"y":1023,"data":{"alt":59,"type":2,"area":320}},{"x":3249,"y":1023,"data":{"alt":59,"type":2,"area":320}},{"x":3240,"y":1024,"data":{"alt":59,"type":2,"area":320}},{"x":3243,"y":1024,"data":{"alt":59,"type":2,"area":320}},{"x":3244,"y":1024,"data":{"alt":59,"type":2,"area":320}},{"x":3245,"y":1024,"data":{"alt":59,"type":2,"area":320}},{"x":3246,"y":1024,"data":{"alt":59,"type":2,"area":320}},{"x":3247,"y":1024,"data":{"alt":59,"type":2,"area":320}},{"x":3248,"y":1024,"data":{"alt":59,"type":1,"area":320}},{"x":3240,"y":1025,"data":{"alt":59,"type":2,"area":320}},{"x":3243,"y":1025,"data":{"alt":59,"type":2,"area":320}},{"x":3245,"y":1025,"data":{"alt":59,"type":2,"area":320}},{"x":3246,"y":1025,"data":{"alt":59,"type":2,"area":320}},{"x":3247,"y":1025,"data":{"alt":59,"type":2,"area":320}},{"x":3248,"y":1025,"data":{"alt":59,"type":1,"area":320}},{"x":3249,"y":1025,"data":{"alt":59,"type":2,"area":320}},{"x":3250,"y":1025,"data":{"alt":59,"type":2,"area":320}},{"x":3251,"y":1025,"data":{"alt":59,"type":2,"area":320}},{"x":3252,"y":1025,"data":{"alt":59,"type":2,"area":320}},{"x":3254,"y":1025,"data":{"alt":59,"type":2,"area":320}},{"x":3245,"y":1026,"data":{"alt":59,"type":2,"area":320}},{"x":3246,"y":1026,"data":{"alt":59,"type":2,"area":320}},{"x":3247,"y":1026,"data":{"alt":59,"type":2,"area":320}},{"x":3248,"y":1026,"data":{"alt":59,"type":1,"area":320}},{"x":3249,"y":1026,"data":{"alt":59,"type":2,"area":320}},{"x":3250,"y":1026,"data":{"alt":59,"type":2,"area":320}},{"x":3251,"y":1026,"data":{"alt":59,"type":2,"area":320}},{"x":3252,"y":1026,"data":{"alt":59,"type":2,"area":320}},{"x":3253,"y":1026,"data":{"alt":59,"type":2,"area":320}},{"x":3254,"y":1026,"data":{"alt":59,"type":2,"area":320}},{"x":3255,"y":1026,"data":{"alt":59,"type":2,"area":320}},{"x":3246,"y":1027,"data":{"alt":59,"type":2,"area":320}},{"x":3247,"y":1027,"data":{"alt":59,"type":2,"area":320}},{"x":3248,"y":1027,"data":{"alt":59,"type":1,"area":320}},{"x":3249,"y":1027,"data":{"alt":59,"type":2,"area":320}},{"x":3250,"y":1027,"data":{"alt":59,"type":2,"area":320}},{"x":3251,"y":1027,"data":{"alt":59,"type":2,"area":320}},{"x":3252,"y":1027,"data":{"alt":59,"type":2,"area":320}},{"x":3253,"y":1027,"data":{"alt":59,"type":2,"area":320}},{"x":3244,"y":1028,"data":{"alt":59,"type":2,"area":320}},{"x":3245,"y":1028,"data":{"alt":59,"type":2,"area":320}},{"x":3246,"y":1028,"data":{"alt":59,"type":2,"area":320}},{"x":3247,"y":1028,"data":{"alt":59,"type":2,"area":320}},{"x":3248,"y":1028,"data":{"alt":59,"type":2,"area":320}},{"x":3249,"y":1028,"data":{"alt":59,"type":1,"area":320}},{"x":3250,"y":1028,"data":{"alt":59,"type":2,"area":320}},{"x":3251,"y":1028,"data":{"alt":59,"type":2,"area":320}},{"x":3252,"y":1028,"data":{"alt":59,"type":2,"area":320}},{"x":3253,"y":1028,"data":{"alt":59,"type":2,"area":320}},{"x":3254,"y":1028,"data":{"alt":59,"type":2,"area":320}},{"x":3255,"y":1028,"data":{"alt":59,"type":2,"area":320}},{"x":3243,"y":1029,"data":{"alt":59,"type":2,"area":320}},{"x":3244,"y":1029,"data":{"alt":59,"type":2,"area":320}},{"x":3245,"y":1029,"data":{"alt":59,"type":2,"area":320}},{"x":3246,"y":1029,"data":{"alt":59,"type":2,"area":320}},{"x":3247,"y":1029,"data":{"alt":59,"type":2,"area":320}},{"x":3248,"y":1029,"data":{"alt":59,"type":1,"area":320}},{"x":3249,"y":1029,"data":{"alt":59,"type":2,"area":320}},{"x":3250,"y":1029,"data":{"alt":59,"type":2,"area":320}},{"x":3251,"y":1029,"data":{"alt":59,"type":2,"area":320}},{"x":3252,"y":1029,"data":{"alt":59,"type":2,"area":320}},{"x":3253,"y":1029,"data":{"alt":59,"type":2,"area":320}},{"x":3254,"y":1029,"data":{"alt":59,"type":2,"area":320}},{"x":3255,"y":1029,"data":{"alt":59,"type":2,"area":320}},{"x":3244,"y":1030,"data":{"alt":59,"type":2,"area":320}},{"x":3245,"y":1030,"data":{"alt":59,"type":2,"area":320}},{"x":3246,"y":1030,"data":{"alt":59,"type":2,"area":320}},{"x":3247,"y":1030,"data":{"alt":59,"type":1,"area":320}},{"x":3248,"y":1030,"data":{"alt":59,"type":2,"area":320}},{"x":3249,"y":1030,"data":{"alt":59,"type":2,"area":320}},{"x":3250,"y":1030,"data":{"alt":59,"type":2,"area":320}},{"x":3251,"y":1030,"data":{"alt":59,"type":2,"area":320}},{"x":3252,"y":1030,"data":{"alt":59,"type":2,"res":1,"resAmount":80,"area":320}},{"x":3253,"y":1030,"data":{"alt":59,"type":2,"area":320}},{"x":3254,"y":1030,"data":{"alt":59,"type":2,"area":320}},{"x":3255,"y":1030,"data":{"alt":59,"type":2,"area":320}},{"x":3258,"y":1030,"data":{"alt":59,"type":2,"area":320}},{"x":3244,"y":1031,"data":{"alt":59,"type":2,"area":320}},{"x":3245,"y":1031,"data":{"alt":59,"type":2,"area":320}},{"x":3246,"y":1031,"data":{"alt":59,"type":2,"area":320}},{"x":3247,"y":1031,"data":{"alt":59,"type":2,"area":320}},{"x":3248,"y":1031,"data":{"alt":59,"type":1,"area":320}},{"x":3249,"y":1031,"data":{"alt":59,"type":2,"area":320}},{"x":3250,"y":1031,"data":{"alt":59,"type":2,"area":320}},{"x":3251,"y":1031,"data":{"alt":59,"type":2,"area":320}},{"x":3252,"y":1031,"data":{"alt":59,"type":2,"area":320}},{"x":3253,"y":1031,"data":{"alt":59,"type":2,"area":320}},{"x":3254,"y":1031,"data":{"alt":59,"type":2,"area":320}},{"x":3255,"y":1031,"data":{"alt":59,"type":2,"area":320}},{"x":3256,"y":1031,"data":{"alt":59,"type":2,"area":320}},{"x":3257,"y":1031,"data":{"alt":59,"type":2,"area":320}},{"x":3258,"y":1031,"data":{"alt":59,"type":2,"area":320}},{"x":3262,"y":1031,"data":{"alt":59,"type":2,"area":320}},{"x":3263,"y":1031,"data":{"alt":59,"type":2,"area":320}},{"x":3244,"y":1032,"data":{"alt":59,"type":2,"area":320}},{"x":3245,"y":1032,"data":{"alt":59,"type":2,"area":320}},{"x":3246,"y":1032,"data":{"alt":59,"type":2,"area":320}},{"x":3247,"y":1032,"data":{"alt":59,"type":2,"area":320}},{"x":3248,"y":1032,"data":{"alt":59,"type":1,"area":320}},{"x":3249,"y":1032,"data":{"alt":59,"type":2,"area":320}},{"x":3250,"y":1032,"data":{"alt":59,"type":2,"area":320}},{"x":3251,"y":1032,"data":{"alt":59,"type":2,"area":320}},{"x":3252,"y":1032,"data":{"alt":59,"type":2,"area":320}},{"x":3253,"y":1032,"data":{"alt":59,"type":2,"area":320}},{"x":3254,"y":1032,"data":{"alt":59,"type":2,"area":320}},{"x":3255,"y":1032,"data":{"alt":59,"type":2,"area":320}},{"x":3256,"y":1032,"data":{"alt":59,"type":2,"area":320}},{"x":3257,"y":1032,"data":{"alt":59,"type":2,"area":320}},{"x":3258,"y":1032,"data":{"alt":59,"type":2,"area":320}},{"x":3259,"y":1032,"data":{"alt":59,"type":2,"area":320}},{"x":3261,"y":1032,"data":{"alt":59,"type":2,"area":320}},{"x":3262,"y":1032,"data":{"alt":59,"type":2,"area":320}},{"x":3263,"y":1032,"data":{"alt":59,"type":2,"area":320}},{"x":3245,"y":1033,"data":{"alt":59,"type":2,"area":320}},{"x":3247,"y":1033,"data":{"alt":59,"type":2,"area":320}},{"x":3248,"y":1033,"data":{"alt":59,"type":1,"area":320}},{"x":3249,"y":1033,"data":{"alt":59,"type":2,"area":320}},{"x":3250,"y":1033,"data":{"alt":59,"type":2,"res":1,"resAmount":80,"area":320}},{"x":3251,"y":1033,"data":{"alt":59,"type":2,"area":320}},{"x":3252,"y":1033,"data":{"alt":59,"type":2,"area":320}},{"x":3253,"y":1033,"data":{"alt":59,"type":2,"area":320}},{"x":3254,"y":1033,"data":{"alt":59,"type":2,"area":320}},{"x":3255,"y":1033,"data":{"alt":59,"type":2,"area":320}},{"x":3256,"y":1033,"data":{"alt":59,"type":2,"area":320}},{"x":3257,"y":1033,"data":{"alt":59,"type":2,"area":320}},{"x":3258,"y":1033,"data":{"alt":59,"type":2,"area":320}},{"x":3259,"y":1033,"data":{"alt":59,"type":2,"area":320}},{"x":3260,"y":1033,"data":{"alt":59,"type":2,"area":320}},{"x":3261,"y":1033,"data":{"alt":59,"type":2,"area":320}},{"x":3262,"y":1033,"data":{"alt":59,"type":2,"area":320}},{"x":3263,"y":1033,"data":{"alt":59,"type":2,"area":320}},{"x":3245,"y":1034,"data":{"alt":59,"type":2,"area":320}},{"x":3249,"y":1034,"data":{"alt":59,"type":1,"area":320}},{"x":3250,"y":1034,"data":{"alt":59,"type":1,"area":320}},{"x":3251,"y":1034,"data":{"alt":59,"type":2,"area":320}},{"x":3252,"y":1034,"data":{"alt":59,"type":2,"area":320}},{"x":3253,"y":1034,"data":{"alt":59,"type":2,"area":320}},{"x":3254,"y":1034,"data":{"alt":59,"type":1,"area":320}},{"x":3255,"y":1034,"data":{"alt":59,"type":2,"area":320}},{"x":3256,"y":1034,"data":{"alt":59,"type":2,"area":320}},{"x":3257,"y":1034,"data":{"alt":59,"type":2,"area":320}},{"x":3258,"y":1034,"data":{"alt":59,"type":2,"area":320}},{"x":3259,"y":1034,"data":{"alt":59,"type":2,"area":320}},{"x":3260,"y":1034,"data":{"alt":59,"type":2,"area":320}},{"x":3261,"y":1034,"data":{"alt":59,"type":2,"area":320}},{"x":3262,"y":1034,"data":{"alt":59,"type":2,"area":320}},{"x":3263,"y":1034,"data":{"alt":59,"type":2,"area":320}},{"x":3244,"y":1035,"data":{"alt":59,"type":2,"area":320}},{"x":3245,"y":1035,"data":{"alt":59,"type":2,"area":320}},{"x":3250,"y":1035,"data":{"alt":59,"type":2,"area":320}},{"x":3251,"y":1035,"data":{"alt":59,"type":1,"area":320}},{"x":3252,"y":1035,"data":{"alt":59,"type":2,"area":320}},{"x":3253,"y":1035,"data":{"alt":59,"type":1,"area":320}},{"x":3254,"y":1035,"data":{"alt":59,"type":2,"area":320}},{"x":3255,"y":1035,"data":{"alt":59,"type":1,"area":320}},{"x":3256,"y":1035,"data":{"alt":59,"type":2,"area":320}},{"x":3257,"y":1035,"data":{"alt":59,"type":1,"area":320}},{"x":3258,"y":1035,"data":{"alt":59,"type":2,"area":320}},{"x":3259,"y":1035,"data":{"alt":59,"type":2,"area":320}},{"x":3262,"y":1035,"data":{"alt":59,"type":2,"area":320}},{"x":3263,"y":1035,"data":{"alt":59,"type":2,"area":320}},{"x":3244,"y":1036,"data":{"alt":59,"type":2,"area":320}},{"x":3245,"y":1036,"data":{"alt":59,"type":2,"area":320}},{"x":3246,"y":1036,"data":{"alt":59,"type":2,"area":320}},{"x":3250,"y":1036,"data":{"alt":59,"type":2,"area":320}},{"x":3251,"y":1036,"data":{"alt":59,"type":2,"area":320}},{"x":3252,"y":1036,"data":{"alt":59,"type":1,"area":320}},{"x":3253,"y":1036,"data":{"alt":59,"type":2,"area":320}},{"x":3254,"y":1036,"data":{"alt":59,"type":2,"area":320}},{"x":3255,"y":1036,"data":{"alt":59,"type":2,"area":320}},{"x":3256,"y":1036,"data":{"alt":59,"type":1,"area":320}},{"x":3257,"y":1036,"data":{"alt":59,"type":2,"area":320}},{"x":3258,"y":1036,"data":{"alt":59,"type":1,"area":320}},{"x":3259,"y":1036,"data":{"alt":59,"type":2,"area":320}},{"x":3262,"y":1036,"data":{"alt":59,"type":2,"area":320}},{"x":3263,"y":1036,"data":{"alt":59,"type":2,"area":320}},{"x":3245,"y":1037,"data":{"alt":59,"type":2,"area":320}},{"x":3246,"y":1037,"data":{"alt":59,"type":2,"area":320}},{"x":3251,"y":1037,"data":{"alt":59,"type":2,"area":320}},{"x":3252,"y":1037,"data":{"alt":59,"type":2,"area":320}},{"x":3253,"y":1037,"data":{"alt":59,"type":2,"area":320}},{"x":3254,"y":1037,"data":{"alt":59,"type":2,"area":320}},{"x":3255,"y":1037,"data":{"alt":59,"type":2,"area":320}},{"x":3256,"y":1037,"data":{"alt":59,"type":2,"area":320}},{"x":3257,"y":1037,"data":{"alt":59,"type":2,"area":320}},{"x":3258,"y":1037,"data":{"alt":59,"type":1,"area":320}},{"x":3259,"y":1037,"data":{"alt":59,"type":2,"area":320}},{"x":3260,"y":1037,"data":{"alt":59,"type":2,"area":320}},{"x":3262,"y":1037,"data":{"alt":59,"type":2,"area":320}},{"x":3263,"y":1037,"data":{"alt":59,"type":2,"area":320}},{"x":3252,"y":1038,"data":{"alt":59,"type":2,"area":320}},{"x":3253,"y":1038,"data":{"alt":59,"type":2,"area":320}},{"x":3254,"y":1038,"data":{"alt":59,"type":2,"area":320}},{"x":3255,"y":1038,"data":{"alt":59,"type":2,"area":320}},{"x":3256,"y":1038,"data":{"alt":59,"type":2,"area":320}},{"x":3257,"y":1038,"data":{"alt":59,"type":2,"area":320}},{"x":3258,"y":1038,"data":{"alt":59,"type":1,"area":320}},{"x":3259,"y":1038,"data":{"alt":59,"type":2,"area":320}},{"x":3260,"y":1038,"data":{"alt":59,"type":2,"area":320}},{"x":3262,"y":1038,"data":{"alt":59,"type":2,"area":320}},{"x":3252,"y":1039,"data":{"alt":59,"type":2,"area":320}},{"x":3253,"y":1039,"data":{"alt":59,"type":2,"area":320}},{"x":3254,"y":1039,"data":{"alt":59,"type":2,"area":320}},{"x":3255,"y":1039,"data":{"alt":59,"type":2,"area":320}},{"x":3256,"y":1039,"data":{"alt":59,"type":2,"area":320}},{"x":3257,"y":1039,"data":{"alt":59,"type":1,"area":320}},{"x":3258,"y":1039,"data":{"alt":59,"type":2,"area":320}},{"x":3259,"y":1039,"data":{"alt":59,"type":2,"area":320}},{"x":3254,"y":1040,"data":{"alt":59,"type":2,"area":320}},{"x":3255,"y":1040,"data":{"alt":59,"type":2,"area":320}},{"x":3256,"y":1040,"data":{"alt":59,"type":1,"area":320}},{"x":3257,"y":1040,"data":{"alt":59,"type":2,"area":320}},{"x":3255,"y":1041,"data":{"alt":59,"type":2,"area":320}},{"x":3256,"y":1041,"data":{"alt":59,"type":1,"area":320}},{"x":3257,"y":1041,"data":{"alt":59,"type":2,"area":320}},{"x":3255,"y":1042,"data":{"alt":59,"type":1,"area":320}},{"x":3256,"y":1042,"data":{"alt":59,"type":2,"area":320}},{"x":3257,"y":1042,"data":{"alt":59,"type":2,"area":320}},{"x":3256,"y":1043,"data":{"alt":59,"type":1,"area":320}},{"x":3255,"y":1044,"data":{"alt":59,"type":1,"area":320}},{"x":3256,"y":1044,"data":{"alt":59,"type":2,"area":320}},{"x":3264,"y":1030,"data":{"alt":59,"type":2,"area":320}},{"x":3264,"y":1031,"data":{"alt":59,"type":2,"area":320}},{"x":3267,"y":1031,"data":{"alt":59,"type":2,"area":320}},{"x":3264,"y":1032,"data":{"alt":59,"type":2,"area":320}},{"x":3265,"y":1032,"data":{"alt":59,"type":2,"area":320}},{"x":3266,"y":1032,"data":{"alt":59,"type":2,"area":320}},{"x":3267,"y":1032,"data":{"alt":59,"type":2,"area":320}},{"x":3268,"y":1032,"data":{"alt":59,"type":2,"area":320}},{"x":3269,"y":1032,"data":{"alt":59,"type":2,"area":320}},{"x":3264,"y":1033,"data":{"alt":59,"type":2,"area":320}},{"x":3265,"y":1033,"data":{"alt":59,"type":2,"area":320}},{"x":3266,"y":1033,"data":{"alt":59,"type":2,"area":320}},{"x":3267,"y":1033,"data":{"alt":59,"type":2,"area":320}},{"x":3268,"y":1033,"data":{"alt":59,"type":2,"area":320}},{"x":3264,"y":1034,"data":{"alt":59,"type":2,"area":320}},{"x":3265,"y":1034,"data":{"alt":59,"type":2,"area":320}},{"x":3266,"y":1034,"data":{"alt":59,"type":2,"area":320}},{"x":3267,"y":1034,"data":{"alt":59,"type":2,"area":320}},{"x":3268,"y":1034,"data":{"alt":59,"type":2,"area":320}},{"x":3264,"y":1035,"data":{"alt":59,"type":2,"area":320}},{"x":3265,"y":1035,"data":{"alt":59,"type":2,"area":320}},{"x":3266,"y":1035,"data":{"alt":59,"type":2,"area":320}},{"x":3267,"y":1035,"data":{"alt":59,"type":2,"area":320}},{"x":3264,"y":1036,"data":{"alt":59,"type":2,"area":320}},{"x":3265,"y":1036,"data":{"alt":59,"type":2,"area":320}},{"x":3266,"y":1036,"data":{"alt":59,"type":2,"area":320}},{"x":3264,"y":1037,"data":{"alt":59,"type":2,"area":320}},{"x":3264,"y":1038,"data":{"alt":59,"type":2,"area":320}}]