[{"x":527,"y":95,"data":{"alt":5,"fertility":100,"forest":40,"region":2121,"area":321}},{"x":526,"y":96,"data":{"alt":5,"fertility":100,"region":2121,"area":321}},{"x":527,"y":96,"data":{"alt":5,"fertility":100,"forest":40,"region":2121,"area":321}},{"x":528,"y":96,"data":{"alt":6,"fertility":100,"region":2121,"area":321}},{"x":529,"y":96,"data":{"alt":6,"fertility":100,"region":2121,"area":321}},{"x":530,"y":96,"data":{"alt":6,"fertility":100,"region":2121,"area":321}},{"x":531,"y":96,"data":{"alt":6,"fertility":100,"forest":40,"region":2121,"area":321}},{"x":527,"y":97,"data":{"alt":4,"fertility":100,"region":2121,"area":321}}]