[{"x":3243,"y":992,"data":{"alt":59,"type":2,"area":322}},{"x":3244,"y":992,"data":{"alt":59,"type":2,"area":322}},{"x":3245,"y":992,"data":{"alt":59,"type":1,"area":322}},{"x":3246,"y":992,"data":{"alt":59,"type":2,"area":322}},{"x":3247,"y":992,"data":{"alt":59,"type":2,"area":322}},{"x":3249,"y":992,"data":{"alt":59,"type":2,"area":322}},{"x":3250,"y":992,"data":{"alt":59,"type":2,"area":322}},{"x":3251,"y":992,"data":{"alt":59,"type":2,"area":322}},{"x":3252,"y":992,"data":{"alt":59,"type":2,"area":322}},{"x":3245,"y":993,"data":{"alt":59,"type":1,"area":322}},{"x":3246,"y":993,"data":{"alt":59,"type":2,"area":322}},{"x":3247,"y":993,"data":{"alt":59,"type":2,"area":322}},{"x":3248,"y":993,"data":{"alt":59,"type":2,"area":322}},{"x":3249,"y":993,"data":{"alt":59,"type":2,"area":322}},{"x":3250,"y":993,"data":{"alt":59,"type":2,"area":322}},{"x":3251,"y":993,"data":{"alt":59,"type":2,"area":322}},{"x":3252,"y":993,"data":{"alt":59,"type":2,"area":322}},{"x":3243,"y":994,"data":{"alt":59,"type":2,"area":322}},{"x":3244,"y":994,"data":{"alt":59,"type":2,"area":322}},{"x":3245,"y":994,"data":{"alt":59,"type":1,"area":322}},{"x":3246,"y":994,"data":{"alt":59,"type":2,"area":322}},{"x":3247,"y":994,"data":{"alt":59,"type":2,"area":322}},{"x":3248,"y":994,"data":{"alt":59,"type":2,"area":322}},{"x":3249,"y":994,"data":{"alt":59,"type":2,"area":322}},{"x":3250,"y":994,"data":{"alt":59,"type":2,"area":322}},{"x":3251,"y":994,"data":{"alt":59,"type":2,"area":322}},{"x":3252,"y":994,"data":{"alt":59,"type":2,"area":322}},{"x":3243,"y":995,"data":{"alt":59,"type":2,"area":322}},{"x":3244,"y":995,"data":{"alt":59,"type":2,"area":322}},{"x":3245,"y":995,"data":{"alt":59,"type":1,"area":322}},{"x":3246,"y":995,"data":{"alt":59,"type":2,"area":322}},{"x":3247,"y":995,"data":{"alt":59,"type":2,"area":322}},{"x":3248,"y":995,"data":{"alt":59,"type":2,"area":322}},{"x":3249,"y":995,"data":{"alt":59,"type":2,"area":322}},{"x":3250,"y":995,"data":{"alt":59,"type":2,"area":322}},{"x":3251,"y":995,"data":{"alt":59,"type":2,"area":322}},{"x":3252,"y":995,"data":{"alt":59,"type":2,"area":322}},{"x":3253,"y":995,"data":{"alt":59,"type":2,"area":322}},{"x":3254,"y":995,"data":{"alt":59,"type":2,"area":322}},{"x":3242,"y":996,"data":{"alt":59,"type":2,"area":322}},{"x":3243,"y":996,"data":{"alt":59,"type":2,"area":322}},{"x":3244,"y":996,"data":{"alt":59,"type":2,"area":322}},{"x":3245,"y":996,"data":{"alt":59,"type":1,"area":322}},{"x":3246,"y":996,"data":{"alt":59,"type":2,"area":322}},{"x":3247,"y":996,"data":{"alt":59,"type":2,"area":322}},{"x":3248,"y":996,"data":{"alt":59,"type":2,"area":322}},{"x":3249,"y":996,"data":{"alt":59,"type":2,"area":322}},{"x":3250,"y":996,"data":{"alt":59,"type":2,"area":322}},{"x":3251,"y":996,"data":{"alt":59,"type":2,"area":322}},{"x":3252,"y":996,"data":{"alt":59,"type":2,"area":322}},{"x":3253,"y":996,"data":{"alt":59,"type":2,"area":322}},{"x":3254,"y":996,"data":{"alt":59,"type":2,"area":322}},{"x":3255,"y":996,"data":{"alt":59,"type":2,"area":322}},{"x":3256,"y":996,"data":{"alt":59,"type":2,"area":322}},{"x":3242,"y":997,"data":{"alt":59,"type":2,"area":322}},{"x":3243,"y":997,"data":{"alt":59,"type":2,"area":322}},{"x":3244,"y":997,"data":{"alt":59,"type":2,"area":322}},{"x":3245,"y":997,"data":{"alt":59,"type":1,"area":322}},{"x":3246,"y":997,"data":{"alt":59,"type":2,"area":322}},{"x":3247,"y":997,"data":{"alt":59,"type":2,"area":322}},{"x":3248,"y":997,"data":{"alt":59,"type":2,"area":322}},{"x":3249,"y":997,"data":{"alt":59,"type":2,"area":322}},{"x":3250,"y":997,"data":{"alt":59,"type":2,"area":322}},{"x":3251,"y":997,"data":{"alt":59,"type":2,"area":322}},{"x":3252,"y":997,"data":{"alt":59,"type":2,"area":322}},{"x":3253,"y":997,"data":{"alt":59,"type":2,"area":322}},{"x":3254,"y":997,"data":{"alt":59,"type":2,"area":322}},{"x":3255,"y":997,"data":{"alt":59,"type":2,"area":322}},{"x":3256,"y":997,"data":{"alt":59,"type":2,"area":322}},{"x":3257,"y":997,"data":{"alt":59,"type":2,"area":322}},{"x":3258,"y":997,"data":{"alt":59,"type":2,"area":322}},{"x":3241,"y":998,"data":{"alt":59,"type":2,"area":322}},{"x":3242,"y":998,"data":{"alt":59,"type":2,"area":322}},{"x":3243,"y":998,"data":{"alt":59,"type":2,"area":322}},{"x":3244,"y":998,"data":{"alt":59,"type":2,"area":322}},{"x":3245,"y":998,"data":{"alt":59,"type":1,"area":322}},{"x":3246,"y":998,"data":{"alt":59,"type":2,"area":322}},{"x":3247,"y":998,"data":{"alt":59,"type":2,"area":322}},{"x":3248,"y":998,"data":{"alt":59,"type":2,"area":322}},{"x":3249,"y":998,"data":{"alt":59,"type":2,"area":322}},{"x":3250,"y":998,"data":{"alt":59,"type":2,"area":322}},{"x":3251,"y":998,"data":{"alt":59,"type":2,"area":322}},{"x":3252,"y":998,"data":{"alt":59,"type":2,"area":322}},{"x":3253,"y":998,"data":{"alt":59,"type":2,"area":322}},{"x":3254,"y":998,"data":{"alt":59,"type":2,"area":322}},{"x":3255,"y":998,"data":{"alt":59,"type":2,"area":322}},{"x":3256,"y":998,"data":{"alt":59,"type":2,"area":322}},{"x":3257,"y":998,"data":{"alt":59,"type":2,"area":322}},{"x":3258,"y":998,"data":{"alt":59,"type":2,"area":322}},{"x":3240,"y":999,"data":{"alt":59,"type":2,"area":322}},{"x":3241,"y":999,"data":{"alt":59,"type":2,"area":322}},{"x":3242,"y":999,"data":{"alt":59,"type":2,"area":322}},{"x":3243,"y":999,"data":{"alt":59,"type":2,"area":322}},{"x":3244,"y":999,"data":{"alt":59,"type":2,"area":322}},{"x":3245,"y":999,"data":{"alt":59,"type":1,"area":322}},{"x":3246,"y":999,"data":{"alt":59,"type":2,"area":322}},{"x":3247,"y":999,"data":{"alt":59,"type":2,"area":322}},{"x":3248,"y":999,"data":{"alt":59,"type":2,"area":322}},{"x":3249,"y":999,"data":{"alt":59,"type":2,"area":322}},{"x":3250,"y":999,"data":{"alt":59,"type":2,"area":322}},{"x":3251,"y":999,"data":{"alt":59,"type":2,"area":322}},{"x":3252,"y":999,"data":{"alt":59,"type":2,"area":322}},{"x":3253,"y":999,"data":{"alt":59,"type":2,"area":322}},{"x":3254,"y":999,"data":{"alt":59,"type":2,"area":322}},{"x":3255,"y":999,"data":{"alt":59,"type":2,"area":322}},{"x":3256,"y":999,"data":{"alt":59,"type":2,"area":322}},{"x":3257,"y":999,"data":{"alt":59,"type":2,"area":322}},{"x":3258,"y":999,"data":{"alt":59,"type":2,"area":322}},{"x":3259,"y":999,"data":{"alt":59,"type":2,"area":322}},{"x":3240,"y":1000,"data":{"alt":59,"type":2,"area":322}},{"x":3241,"y":1000,"data":{"alt":59,"type":2,"area":322}},{"x":3245,"y":1000,"data":{"alt":59,"type":1,"area":322}},{"x":3246,"y":1000,"data":{"alt":59,"type":2,"area":322}},{"x":3247,"y":1000,"data":{"alt":59,"type":2,"area":322}},{"x":3248,"y":1000,"data":{"alt":59,"type":2,"area":322}},{"x":3249,"y":1000,"data":{"alt":59,"type":2,"area":322}},{"x":3250,"y":1000,"data":{"alt":59,"type":2,"area":322}},{"x":3251,"y":1000,"data":{"alt":59,"type":2,"area":322}},{"x":3252,"y":1000,"data":{"alt":59,"type":2,"area":322}},{"x":3253,"y":1000,"data":{"alt":59,"type":2,"area":322}},{"x":3254,"y":1000,"data":{"alt":59,"type":2,"area":322}},{"x":3255,"y":1000,"data":{"alt":59,"type":2,"area":322}},{"x":3256,"y":1000,"data":{"alt":59,"type":2,"area":322}},{"x":3257,"y":1000,"data":{"alt":59,"type":2,"area":322}},{"x":3258,"y":1000,"data":{"alt":59,"type":2,"area":322}},{"x":3259,"y":1000,"data":{"alt":59,"type":2,"area":322}},{"x":3260,"y":1000,"data":{"alt":59,"type":2,"area":322}},{"x":3240,"y":1001,"data":{"alt":59,"type":2,"area":322}},{"x":3245,"y":1001,"data":{"alt":59,"type":1,"area":322}},{"x":3246,"y":1001,"data":{"alt":59,"type":2,"area":322}},{"x":3247,"y":1001,"data":{"alt":59,"type":2,"area":322}},{"x":3248,"y":1001,"data":{"alt":59,"type":2,"area":322}},{"x":3249,"y":1001,"data":{"alt":59,"type":2,"area":322}},{"x":3250,"y":1001,"data":{"alt":59,"type":2,"area":322}},{"x":3251,"y":1001,"data":{"alt":59,"type":2,"area":322}},{"x":3252,"y":1001,"data":{"alt":59,"type":2,"area":322}},{"x":3253,"y":1001,"data":{"alt":59,"type":2,"area":322}},{"x":3254,"y":1001,"data":{"alt":59,"type":2,"area":322}},{"x":3255,"y":1001,"data":{"alt":59,"type":2,"area":322}},{"x":3256,"y":1001,"data":{"alt":59,"type":2,"area":322}},{"x":3257,"y":1001,"data":{"alt":59,"type":2,"area":322}},{"x":3258,"y":1001,"data":{"alt":59,"type":2,"area":322}},{"x":3259,"y":1001,"data":{"alt":59,"type":2,"area":322}},{"x":3260,"y":1001,"data":{"alt":59,"type":2,"area":322}},{"x":3244,"y":1002,"data":{"alt":59,"type":2,"area":322}},{"x":3245,"y":1002,"data":{"alt":59,"type":1,"area":322}},{"x":3246,"y":1002,"data":{"alt":59,"type":2,"area":322}},{"x":3247,"y":1002,"data":{"alt":59,"type":2,"area":322}},{"x":3248,"y":1002,"data":{"alt":59,"type":2,"area":322}},{"x":3249,"y":1002,"data":{"alt":59,"type":2,"area":322}},{"x":3250,"y":1002,"data":{"alt":59,"type":2,"area":322}},{"x":3251,"y":1002,"data":{"alt":59,"type":2,"area":322}},{"x":3252,"y":1002,"data":{"alt":59,"type":2,"area":322}},{"x":3253,"y":1002,"data":{"alt":59,"type":2,"area":322}},{"x":3254,"y":1002,"data":{"alt":59,"type":2,"area":322}},{"x":3255,"y":1002,"data":{"alt":59,"type":2,"area":322}},{"x":3256,"y":1002,"data":{"alt":59,"type":2,"area":322}},{"x":3257,"y":1002,"data":{"alt":59,"type":2,"area":322}},{"x":3258,"y":1002,"data":{"alt":59,"type":2,"area":322}},{"x":3259,"y":1002,"data":{"alt":59,"type":2,"area":322}},{"x":3260,"y":1002,"data":{"alt":59,"type":2,"area":322}},{"x":3244,"y":1003,"data":{"alt":59,"type":2,"area":322}},{"x":3245,"y":1003,"data":{"alt":59,"type":1,"area":322}},{"x":3246,"y":1003,"data":{"alt":59,"type":2,"area":322}},{"x":3247,"y":1003,"data":{"alt":59,"type":2,"area":322}},{"x":3250,"y":1003,"data":{"alt":59,"type":2,"area":322}},{"x":3252,"y":1003,"data":{"alt":59,"type":2,"area":322}},{"x":3253,"y":1003,"data":{"alt":59,"type":2,"area":322}},{"x":3254,"y":1003,"data":{"alt":59,"type":2,"area":322}},{"x":3255,"y":1003,"data":{"alt":59,"type":2,"area":322}},{"x":3256,"y":1003,"data":{"alt":59,"type":2,"area":322}},{"x":3258,"y":1003,"data":{"alt":59,"type":2,"area":322}},{"x":3260,"y":1003,"data":{"alt":59,"type":2,"area":322}},{"x":3246,"y":1004,"data":{"alt":59,"type":1,"area":322}},{"x":3252,"y":1004,"data":{"alt":59,"type":2,"area":322}},{"x":3253,"y":1004,"data":{"alt":59,"type":2,"area":322}},{"x":3254,"y":1004,"data":{"alt":59,"type":2,"area":322}},{"x":3255,"y":1004,"data":{"alt":59,"type":2,"area":322}},{"x":3256,"y":1004,"data":{"alt":59,"type":2,"area":322}},{"x":3260,"y":1004,"data":{"alt":59,"type":2,"area":322}},{"x":3244,"y":985,"data":{"alt":59,"type":2,"area":322}},{"x":3245,"y":985,"data":{"alt":59,"type":2,"area":322}},{"x":3246,"y":985,"data":{"alt":59,"type":2,"area":322}},{"x":3247,"y":985,"data":{"alt":59,"type":2,"area":322}},{"x":3244,"y":986,"data":{"alt":59,"type":2,"area":322}},{"x":3245,"y":986,"data":{"alt":59,"type":2,"area":322}},{"x":3246,"y":986,"data":{"alt":59,"type":2,"area":322}},{"x":3247,"y":986,"data":{"alt":59,"type":2,"area":322}},{"x":3248,"y":986,"data":{"alt":59,"type":2,"area":322}},{"x":3244,"y":987,"data":{"alt":59,"type":2,"area":322}},{"x":3245,"y":987,"data":{"alt":59,"type":2,"area":322}},{"x":3246,"y":987,"data":{"alt":59,"type":2,"area":322}},{"x":3247,"y":987,"data":{"alt":59,"type":2,"area":322}},{"x":3248,"y":987,"data":{"alt":59,"type":2,"area":322}},{"x":3249,"y":987,"data":{"alt":59,"type":2,"area":322}},{"x":3250,"y":987,"data":{"alt":59,"type":2,"area":322}},{"x":3241,"y":988,"data":{"alt":59,"type":1,"area":322}},{"x":3242,"y":988,"data":{"alt":59,"type":2,"area":322}},{"x":3244,"y":988,"data":{"alt":59,"type":2,"area":322}},{"x":3245,"y":988,"data":{"alt":59,"type":2,"area":322}},{"x":3246,"y":988,"data":{"alt":59,"type":2,"area":322}},{"x":3247,"y":988,"data":{"alt":59,"type":2,"area":322}},{"x":3248,"y":988,"data":{"alt":59,"type":2,"area":322}},{"x":3249,"y":988,"data":{"alt":59,"type":2,"area":322}},{"x":3250,"y":988,"data":{"alt":59,"type":2,"area":322}},{"x":3242,"y":989,"data":{"alt":59,"type":1,"area":322}},{"x":3243,"y":989,"data":{"alt":59,"type":1,"area":322}},{"x":3244,"y":989,"data":{"alt":59,"type":2,"area":322}},{"x":3245,"y":989,"data":{"alt":59,"type":2,"area":322}},{"x":3246,"y":989,"data":{"alt":59,"type":2,"area":322}},{"x":3247,"y":989,"data":{"alt":59,"type":2,"area":322}},{"x":3250,"y":989,"data":{"alt":59,"type":2,"area":322}},{"x":3244,"y":990,"data":{"alt":59,"type":1,"area":322}},{"x":3245,"y":990,"data":{"alt":59,"type":2,"area":322}},{"x":3246,"y":990,"data":{"alt":59,"type":2,"area":322}},{"x":3247,"y":990,"data":{"alt":59,"type":2,"area":322}},{"x":3249,"y":990,"data":{"alt":59,"type":2,"area":322}},{"x":3250,"y":990,"data":{"alt":59,"type":2,"area":322}},{"x":3251,"y":990,"data":{"alt":59,"type":2,"area":322}},{"x":3243,"y":991,"data":{"alt":59,"type":2,"area":322}},{"x":3244,"y":991,"data":{"alt":59,"type":2,"area":322}},{"x":3245,"y":991,"data":{"alt":59,"type":1,"area":322}},{"x":3246,"y":991,"data":{"alt":59,"type":2,"area":322}},{"x":3247,"y":991,"data":{"alt":59,"type":2,"area":322}},{"x":3249,"y":991,"data":{"alt":59,"type":2,"area":322}},{"x":3250,"y":991,"data":{"alt":59,"type":2,"area":322}},{"x":3251,"y":991,"data":{"alt":59,"type":2,"area":322}},{"x":3252,"y":991,"data":{"alt":59,"type":2,"area":322}}]