[{"x":526,"y":100,"data":{"alt":5,"fertility":100,"region":2121,"area":323}},{"x":527,"y":100,"data":{"alt":5,"fertility":100,"region":2121,"area":323}},{"x":528,"y":100,"data":{"alt":5,"fertility":100,"forest":40,"region":2121,"area":323}},{"x":529,"y":100,"data":{"alt":5,"fertility":100,"forest":40,"region":2121,"area":323}},{"x":530,"y":100,"data":{"alt":4,"fertility":100,"region":2121,"area":323}},{"x":531,"y":100,"data":{"alt":5,"fertility":100,"region":2121,"area":323}},{"x":528,"y":101,"data":{"alt":4,"fertility":100,"region":2121,"area":323}},{"x":529,"y":101,"data":{"alt":4,"fertility":100,"region":2121,"area":323}},{"x":528,"y":102,"data":{"alt":4,"fertility":100,"region":2121,"area":323}}]