[{"x":3264,"y":512,"data":{"alt":508,"type":1,"area":324}},{"x":3264,"y":513,"data":{"alt":508,"type":1,"area":324}},{"x":3265,"y":513,"data":{"alt":508,"type":1,"area":324}},{"x":3265,"y":514,"data":{"alt":508,"type":1,"area":324}},{"x":3266,"y":514,"data":{"alt":508,"type":1,"area":324}},{"x":3266,"y":515,"data":{"alt":508,"type":1,"area":324}},{"x":3267,"y":515,"data":{"alt":508,"type":1,"area":324}},{"x":3266,"y":516,"data":{"alt":508,"type":1,"area":324}},{"x":3267,"y":516,"data":{"alt":508,"type":1,"area":324}},{"x":3268,"y":516,"data":{"alt":508,"type":1,"area":324}},{"x":3267,"y":517,"data":{"alt":508,"type":1,"area":324}}]