[{"x":528,"y":2772,"data":{"alt":7,"fertility":100,"region":2135,"area":325}},{"x":529,"y":2772,"data":{"alt":7,"fertility":100,"region":2135,"area":325}},{"x":528,"y":2773,"data":{"alt":6,"fertility":100,"region":2135,"area":325}},{"x":529,"y":2773,"data":{"alt":6,"fertility":100,"region":2135,"area":325}},{"x":530,"y":2773,"data":{"alt":6,"fertility":100,"region":2135,"area":325}},{"x":528,"y":2774,"data":{"alt":6,"fertility":100,"region":2135,"area":325}},{"x":530,"y":2774,"data":{"alt":6,"fertility":100,"region":2135,"area":325}}]