[{"x":533,"y":100,"data":{"alt":4,"fertility":100,"region":2121,"area":327}},{"x":533,"y":101,"data":{"alt":4,"fertility":100,"region":2121,"area":327}},{"x":534,"y":101,"data":{"alt":3,"fertility":100,"region":2121,"area":327}},{"x":535,"y":101,"data":{"alt":3,"fertility":100,"region":2121,"area":327}},{"x":534,"y":102,"data":{"alt":3,"fertility":100,"region":2121,"area":327}},{"x":533,"y":103,"data":{"alt":4,"fertility":100,"forest":40,"region":2121,"area":327}},{"x":534,"y":103,"data":{"alt":3,"fertility":100,"region":2121,"area":327}}]