[{"x":3295,"y":1857,"data":{"alt":9,"type":2,"area":328}},{"x":3295,"y":1859,"data":{"alt":9,"type":2,"area":328}},{"x":3294,"y":1863,"data":{"alt":9,"type":2,"area":328}},{"x":3295,"y":1863,"data":{"alt":9,"type":2,"area":328}},{"x":3294,"y":1865,"data":{"alt":9,"type":2,"area":328}},{"x":3295,"y":1865,"data":{"alt":9,"type":2,"area":328}},{"x":3296,"y":1856,"data":{"alt":9,"type":1,"area":328}},{"x":3296,"y":1857,"data":{"alt":9,"type":1,"area":328}},{"x":3297,"y":1857,"data":{"alt":9,"type":2,"area":328}},{"x":3296,"y":1858,"data":{"alt":9,"type":1,"area":328}},{"x":3297,"y":1858,"data":{"alt":9,"type":2,"area":328}},{"x":3299,"y":1858,"data":{"alt":9,"type":2,"area":328}},{"x":3300,"y":1858,"data":{"alt":9,"type":2,"area":328}},{"x":3296,"y":1859,"data":{"alt":9,"type":1,"area":328}},{"x":3299,"y":1859,"data":{"alt":9,"type":2,"area":328}},{"x":3300,"y":1859,"data":{"alt":9,"type":2,"area":328}},{"x":3301,"y":1859,"data":{"alt":9,"type":2,"area":328}},{"x":3302,"y":1859,"data":{"alt":9,"type":2,"area":328}},{"x":3296,"y":1860,"data":{"alt":9,"type":1,"area":328}},{"x":3298,"y":1860,"data":{"alt":9,"type":2,"area":328}},{"x":3299,"y":1860,"data":{"alt":9,"type":2,"area":328}},{"x":3300,"y":1860,"data":{"alt":9,"type":2,"area":328}},{"x":3301,"y":1860,"data":{"alt":9,"type":2,"area":328}},{"x":3296,"y":1861,"data":{"alt":9,"type":2,"area":328}},{"x":3297,"y":1861,"data":{"alt":9,"type":1,"area":328}},{"x":3298,"y":1861,"data":{"alt":9,"type":1,"area":328}},{"x":3299,"y":1861,"data":{"alt":9,"type":2,"area":328}},{"x":3300,"y":1861,"data":{"alt":9,"type":2,"area":328}},{"x":3301,"y":1861,"data":{"alt":9,"type":2,"area":328}},{"x":3302,"y":1861,"data":{"alt":9,"type":2,"area":328}},{"x":3296,"y":1862,"data":{"alt":9,"type":2,"area":328}},{"x":3297,"y":1862,"data":{"alt":9,"type":2,"area":328}},{"x":3298,"y":1862,"data":{"alt":9,"type":2,"area":328}},{"x":3299,"y":1862,"data":{"alt":9,"type":1,"area":328}},{"x":3300,"y":1862,"data":{"alt":9,"type":1,"area":328}},{"x":3301,"y":1862,"data":{"alt":9,"type":2,"area":328}},{"x":3302,"y":1862,"data":{"alt":9,"type":2,"area":328}},{"x":3296,"y":1863,"data":{"alt":9,"type":2,"area":328}},{"x":3297,"y":1863,"data":{"alt":9,"type":2,"area":328}},{"x":3298,"y":1863,"data":{"alt":9,"type":2,"area":328}},{"x":3299,"y":1863,"data":{"alt":9,"type":2,"area":328}},{"x":3300,"y":1863,"data":{"alt":9,"type":2,"area":328}},{"x":3301,"y":1863,"data":{"alt":9,"type":1,"area":328}},{"x":3302,"y":1863,"data":{"alt":9,"type":2,"area":328}},{"x":3296,"y":1864,"data":{"alt":9,"type":2,"area":328}},{"x":3300,"y":1864,"data":{"alt":9,"type":2,"area":328}},{"x":3302,"y":1864,"data":{"alt":9,"type":1,"area":328}},{"x":3303,"y":1864,"data":{"alt":9,"type":1,"area":328}},{"x":3296,"y":1865,"data":{"alt":9,"type":2,"area":328}},{"x":3300,"y":1865,"data":{"alt":9,"type":2,"area":328}},{"x":3303,"y":1865,"data":{"alt":9,"type":2,"area":328}}]