[{"x":3296,"y":1001,"data":{"alt":57,"type":1,"area":330}},{"x":3297,"y":1001,"data":{"alt":57,"type":1,"area":330}},{"x":3298,"y":1001,"data":{"alt":57,"type":1,"area":330}},{"x":3299,"y":1001,"data":{"alt":57,"type":1,"area":330}},{"x":3300,"y":1001,"data":{"alt":57,"type":1,"area":330}},{"x":3301,"y":1001,"data":{"alt":57,"type":1,"area":330}},{"x":3302,"y":1001,"data":{"alt":57,"type":1,"area":330}},{"x":3303,"y":1001,"data":{"alt":57,"type":1,"area":330}},{"x":3304,"y":1001,"data":{"alt":57,"type":1,"area":330}},{"x":3305,"y":1001,"data":{"alt":57,"type":1,"area":330}}]