[{"x":3299,"y":960,"data":{"alt":59,"type":2,"area":332}},{"x":3300,"y":960,"data":{"alt":59,"type":2,"area":332}},{"x":3301,"y":960,"data":{"alt":59,"type":2,"area":332}},{"x":3302,"y":960,"data":{"alt":59,"type":2,"area":332}},{"x":3303,"y":960,"data":{"alt":59,"type":2,"area":332}},{"x":3304,"y":960,"data":{"alt":59,"type":2,"area":332}},{"x":3305,"y":960,"data":{"alt":59,"type":2,"area":332}},{"x":3306,"y":960,"data":{"alt":59,"type":2,"area":332}},{"x":3307,"y":960,"data":{"alt":59,"type":2,"area":332}},{"x":3308,"y":960,"data":{"alt":59,"type":2,"area":332}},{"x":3309,"y":960,"data":{"alt":59,"type":2,"area":332}},{"x":3310,"y":960,"data":{"alt":59,"type":2,"area":332}},{"x":3311,"y":960,"data":{"alt":59,"type":2,"area":332}},{"x":3298,"y":961,"data":{"alt":59,"type":2,"area":332}},{"x":3299,"y":961,"data":{"alt":59,"type":2,"area":332}},{"x":3300,"y":961,"data":{"alt":59,"type":2,"area":332}},{"x":3301,"y":961,"data":{"alt":59,"type":2,"area":332}},{"x":3302,"y":961,"data":{"alt":59,"type":2,"area":332}},{"x":3303,"y":961,"data":{"alt":59,"type":2,"area":332}},{"x":3304,"y":961,"data":{"alt":59,"type":2,"area":332}},{"x":3305,"y":961,"data":{"alt":59,"type":2,"area":332}},{"x":3306,"y":961,"data":{"alt":59,"type":2,"area":332}},{"x":3307,"y":961,"data":{"alt":59,"type":2,"area":332}},{"x":3308,"y":961,"data":{"alt":59,"type":2,"area":332}},{"x":3309,"y":961,"data":{"alt":59,"type":2,"area":332}},{"x":3310,"y":961,"data":{"alt":59,"type":2,"area":332}},{"x":3298,"y":962,"data":{"alt":59,"type":2,"area":332}},{"x":3299,"y":962,"data":{"alt":59,"type":2,"area":332}},{"x":3300,"y":962,"data":{"alt":59,"type":2,"area":332}},{"x":3301,"y":962,"data":{"alt":59,"type":2,"area":332}},{"x":3302,"y":962,"data":{"alt":59,"type":2,"area":332}},{"x":3303,"y":962,"data":{"alt":59,"type":2,"area":332}},{"x":3304,"y":962,"data":{"alt":59,"type":2,"area":332}},{"x":3305,"y":962,"data":{"alt":59,"type":2,"area":332}},{"x":3306,"y":962,"data":{"alt":59,"type":2,"area":332}},{"x":3307,"y":962,"data":{"alt":59,"type":2,"area":332}},{"x":3308,"y":962,"data":{"alt":59,"type":2,"area":332}},{"x":3309,"y":962,"data":{"alt":59,"type":2,"area":332}},{"x":3310,"y":962,"data":{"alt":59,"type":2,"area":332}},{"x":3311,"y":962,"data":{"alt":59,"type":2,"area":332}},{"x":3299,"y":963,"data":{"alt":59,"type":2,"area":332}},{"x":3300,"y":963,"data":{"alt":59,"type":2,"area":332}},{"x":3301,"y":963,"data":{"alt":59,"type":2,"area":332}},{"x":3302,"y":963,"data":{"alt":59,"type":2,"area":332}},{"x":3303,"y":963,"data":{"alt":59,"type":2,"area":332}},{"x":3304,"y":963,"data":{"alt":59,"type":2,"area":332}},{"x":3305,"y":963,"data":{"alt":59,"type":2,"area":332}},{"x":3306,"y":963,"data":{"alt":59,"type":2,"area":332}},{"x":3307,"y":963,"data":{"alt":59,"type":2,"area":332}},{"x":3308,"y":963,"data":{"alt":59,"type":2,"area":332}},{"x":3309,"y":963,"data":{"alt":59,"type":2,"area":332}},{"x":3310,"y":963,"data":{"alt":59,"type":2,"area":332}},{"x":3311,"y":963,"data":{"alt":59,"type":2,"area":332}},{"x":3312,"y":963,"data":{"alt":59,"type":2,"area":332}},{"x":3313,"y":963,"data":{"alt":59,"type":2,"area":332}},{"x":3299,"y":964,"data":{"alt":59,"type":2,"area":332}},{"x":3300,"y":964,"data":{"alt":59,"type":2,"area":332}},{"x":3301,"y":964,"data":{"alt":59,"type":2,"area":332}},{"x":3302,"y":964,"data":{"alt":59,"type":2,"area":332}},{"x":3303,"y":964,"data":{"alt":59,"type":2,"area":332}},{"x":3304,"y":964,"data":{"alt":59,"type":2,"area":332}},{"x":3305,"y":964,"data":{"alt":59,"type":2,"area":332}},{"x":3306,"y":964,"data":{"alt":59,"type":2,"area":332}},{"x":3307,"y":964,"data":{"alt":59,"type":2,"area":332}},{"x":3309,"y":964,"data":{"alt":59,"type":2,"area":332}},{"x":3310,"y":964,"data":{"alt":59,"type":2,"area":332}},{"x":3311,"y":964,"data":{"alt":59,"type":2,"area":332}},{"x":3312,"y":964,"data":{"alt":59,"type":2,"area":332}},{"x":3313,"y":964,"data":{"alt":59,"type":2,"area":332}},{"x":3314,"y":964,"data":{"alt":59,"type":2,"area":332}},{"x":3301,"y":965,"data":{"alt":59,"type":2,"area":332}},{"x":3302,"y":965,"data":{"alt":59,"type":2,"area":332}},{"x":3303,"y":965,"data":{"alt":59,"type":2,"area":332}},{"x":3304,"y":965,"data":{"alt":59,"type":2,"area":332}},{"x":3305,"y":965,"data":{"alt":59,"type":2,"area":332}},{"x":3306,"y":965,"data":{"alt":59,"type":2,"area":332}},{"x":3310,"y":965,"data":{"alt":59,"type":2,"area":332}},{"x":3311,"y":965,"data":{"alt":59,"type":2,"area":332}},{"x":3312,"y":965,"data":{"alt":59,"type":2,"area":332}},{"x":3313,"y":965,"data":{"alt":59,"type":2,"area":332}},{"x":3314,"y":965,"data":{"alt":59,"type":2,"area":332}},{"x":3302,"y":966,"data":{"alt":59,"type":2,"area":332}},{"x":3303,"y":966,"data":{"alt":59,"type":2,"area":332}},{"x":3304,"y":966,"data":{"alt":59,"type":2,"area":332}},{"x":3305,"y":966,"data":{"alt":59,"type":2,"area":332}},{"x":3306,"y":966,"data":{"alt":59,"type":2,"area":332}},{"x":3307,"y":966,"data":{"alt":59,"type":2,"area":332}},{"x":3308,"y":966,"data":{"alt":59,"type":2,"area":332}},{"x":3309,"y":966,"data":{"alt":59,"type":2,"area":332}},{"x":3310,"y":966,"data":{"alt":59,"type":2,"area":332}},{"x":3311,"y":966,"data":{"alt":59,"type":2,"area":332}},{"x":3312,"y":966,"data":{"alt":59,"type":2,"area":332}},{"x":3313,"y":966,"data":{"alt":59,"type":2,"area":332}},{"x":3314,"y":966,"data":{"alt":59,"type":2,"area":332}},{"x":3303,"y":967,"data":{"alt":59,"type":2,"area":332}},{"x":3304,"y":967,"data":{"alt":59,"type":2,"area":332}},{"x":3305,"y":967,"data":{"alt":59,"type":2,"area":332}},{"x":3306,"y":967,"data":{"alt":59,"type":2,"area":332}},{"x":3307,"y":967,"data":{"alt":59,"type":2,"area":332}},{"x":3308,"y":967,"data":{"alt":59,"type":2,"area":332}},{"x":3309,"y":967,"data":{"alt":59,"type":2,"area":332}},{"x":3310,"y":967,"data":{"alt":59,"type":2,"area":332}},{"x":3311,"y":967,"data":{"alt":59,"type":2,"area":332}},{"x":3312,"y":967,"data":{"alt":59,"type":2,"area":332}},{"x":3313,"y":967,"data":{"alt":59,"type":2,"area":332}},{"x":3303,"y":968,"data":{"alt":59,"type":2,"area":332}},{"x":3304,"y":968,"data":{"alt":59,"type":2,"area":332}},{"x":3305,"y":968,"data":{"alt":59,"type":2,"area":332}},{"x":3306,"y":968,"data":{"alt":59,"type":2,"area":332}},{"x":3307,"y":968,"data":{"alt":59,"type":2,"area":332}},{"x":3308,"y":968,"data":{"alt":59,"type":2,"area":332}},{"x":3309,"y":968,"data":{"alt":59,"type":2,"area":332}},{"x":3310,"y":968,"data":{"alt":59,"type":2,"area":332}},{"x":3311,"y":968,"data":{"alt":59,"type":2,"area":332}},{"x":3312,"y":968,"data":{"alt":59,"type":2,"area":332}},{"x":3313,"y":968,"data":{"alt":59,"type":2,"area":332}},{"x":3303,"y":969,"data":{"alt":59,"type":2,"area":332}},{"x":3304,"y":969,"data":{"alt":59,"type":2,"area":332}},{"x":3305,"y":969,"data":{"alt":59,"type":2,"area":332}},{"x":3306,"y":969,"data":{"alt":59,"type":2,"area":332}},{"x":3307,"y":969,"data":{"alt":59,"type":2,"area":332}},{"x":3308,"y":969,"data":{"alt":59,"type":2,"area":332}},{"x":3309,"y":969,"data":{"alt":59,"type":2,"area":332}},{"x":3310,"y":969,"data":{"alt":59,"type":2,"area":332}},{"x":3311,"y":969,"data":{"alt":59,"type":2,"area":332}},{"x":3312,"y":969,"data":{"alt":59,"type":2,"area":332}},{"x":3313,"y":969,"data":{"alt":59,"type":2,"area":332}},{"x":3314,"y":969,"data":{"alt":59,"type":2,"area":332}},{"x":3319,"y":969,"data":{"alt":59,"type":2,"area":332}},{"x":3324,"y":969,"data":{"alt":59,"type":2,"area":332}},{"x":3327,"y":969,"data":{"alt":59,"type":2,"area":332}},{"x":3303,"y":970,"data":{"alt":59,"type":2,"area":332}},{"x":3304,"y":970,"data":{"alt":59,"type":2,"area":332}},{"x":3309,"y":970,"data":{"alt":59,"type":2,"area":332}},{"x":3310,"y":970,"data":{"alt":59,"type":2,"area":332}},{"x":3311,"y":970,"data":{"alt":59,"type":2,"area":332}},{"x":3312,"y":970,"data":{"alt":59,"type":2,"area":332}},{"x":3313,"y":970,"data":{"alt":59,"type":2,"area":332}},{"x":3314,"y":970,"data":{"alt":59,"type":2,"area":332}},{"x":3316,"y":970,"data":{"alt":59,"type":2,"area":332}},{"x":3317,"y":970,"data":{"alt":59,"type":2,"area":332}},{"x":3318,"y":970,"data":{"alt":59,"type":2,"area":332}},{"x":3319,"y":970,"data":{"alt":59,"type":2,"area":332}},{"x":3320,"y":970,"data":{"alt":59,"type":2,"area":332}},{"x":3321,"y":970,"data":{"alt":59,"type":2,"area":332}},{"x":3323,"y":970,"data":{"alt":59,"type":2,"area":332}},{"x":3324,"y":970,"data":{"alt":59,"type":2,"area":332}},{"x":3325,"y":970,"data":{"alt":59,"type":2,"area":332}},{"x":3326,"y":970,"data":{"alt":59,"type":2,"area":332}},{"x":3327,"y":970,"data":{"alt":59,"type":2,"area":332}},{"x":3310,"y":971,"data":{"alt":59,"type":2,"area":332}},{"x":3311,"y":971,"data":{"alt":59,"type":2,"area":332}},{"x":3312,"y":971,"data":{"alt":59,"type":2,"area":332}},{"x":3313,"y":971,"data":{"alt":59,"type":2,"area":332}},{"x":3314,"y":971,"data":{"alt":59,"type":2,"area":332}},{"x":3317,"y":971,"data":{"alt":59,"type":2,"area":332}},{"x":3318,"y":971,"data":{"alt":59,"type":2,"area":332}},{"x":3321,"y":971,"data":{"alt":59,"type":2,"area":332}},{"x":3322,"y":971,"data":{"alt":59,"type":2,"area":332}},{"x":3323,"y":971,"data":{"alt":59,"type":2,"area":332}},{"x":3324,"y":971,"data":{"alt":59,"type":2,"area":332}},{"x":3325,"y":971,"data":{"alt":59,"type":2,"area":332}},{"x":3326,"y":971,"data":{"alt":59,"type":2,"area":332}},{"x":3327,"y":971,"data":{"alt":59,"type":2,"area":332}},{"x":3312,"y":972,"data":{"alt":59,"type":2,"area":332}},{"x":3313,"y":972,"data":{"alt":59,"type":2,"area":332}},{"x":3314,"y":972,"data":{"alt":59,"type":2,"area":332}},{"x":3320,"y":972,"data":{"alt":59,"type":2,"area":332}},{"x":3321,"y":972,"data":{"alt":59,"type":2,"area":332}},{"x":3322,"y":972,"data":{"alt":59,"type":2,"area":332}},{"x":3323,"y":972,"data":{"alt":59,"type":2,"res":1,"resAmount":40,"area":332}},{"x":3324,"y":972,"data":{"alt":59,"type":2,"area":332}},{"x":3325,"y":972,"data":{"alt":59,"type":2,"area":332}},{"x":3326,"y":972,"data":{"alt":59,"type":2,"area":332}},{"x":3327,"y":972,"data":{"alt":59,"type":2,"area":332}},{"x":3310,"y":973,"data":{"alt":59,"type":2,"area":332}},{"x":3311,"y":973,"data":{"alt":59,"type":2,"area":332}},{"x":3312,"y":973,"data":{"alt":59,"type":2,"area":332}},{"x":3313,"y":973,"data":{"alt":59,"type":2,"area":332}},{"x":3314,"y":973,"data":{"alt":59,"type":2,"area":332}},{"x":3317,"y":973,"data":{"alt":59,"type":2,"area":332}},{"x":3320,"y":973,"data":{"alt":59,"type":2,"area":332}},{"x":3321,"y":973,"data":{"alt":59,"type":2,"area":332}},{"x":3322,"y":973,"data":{"alt":59,"type":2,"area":332}},{"x":3323,"y":973,"data":{"alt":59,"type":2,"area":332}},{"x":3324,"y":973,"data":{"alt":59,"type":2,"area":332}},{"x":3325,"y":973,"data":{"alt":59,"type":2,"area":332}},{"x":3326,"y":973,"data":{"alt":59,"type":2,"area":332}},{"x":3327,"y":973,"data":{"alt":59,"type":2,"area":332}},{"x":3309,"y":974,"data":{"alt":59,"type":2,"area":332}},{"x":3310,"y":974,"data":{"alt":59,"type":2,"area":332}},{"x":3311,"y":974,"data":{"alt":59,"type":2,"area":332}},{"x":3312,"y":974,"data":{"alt":59,"type":2,"area":332}},{"x":3313,"y":974,"data":{"alt":59,"type":2,"area":332}},{"x":3314,"y":974,"data":{"alt":59,"type":2,"area":332}},{"x":3316,"y":974,"data":{"alt":59,"type":2,"area":332}},{"x":3317,"y":974,"data":{"alt":59,"type":2,"area":332}},{"x":3318,"y":974,"data":{"alt":59,"type":2,"area":332}},{"x":3319,"y":974,"data":{"alt":59,"type":2,"area":332}},{"x":3320,"y":974,"data":{"alt":59,"type":2,"area":332}},{"x":3321,"y":974,"data":{"alt":59,"type":2,"area":332}},{"x":3322,"y":974,"data":{"alt":59,"type":2,"area":332}},{"x":3323,"y":974,"data":{"alt":59,"type":2,"area":332}},{"x":3324,"y":974,"data":{"alt":59,"type":2,"area":332}},{"x":3325,"y":974,"data":{"alt":59,"type":2,"area":332}},{"x":3326,"y":974,"data":{"alt":59,"type":2,"area":332}},{"x":3327,"y":974,"data":{"alt":59,"type":2,"area":332}},{"x":3308,"y":975,"data":{"alt":59,"type":2,"area":332}},{"x":3309,"y":975,"data":{"alt":59,"type":2,"area":332}},{"x":3310,"y":975,"data":{"alt":59,"type":2,"area":332}},{"x":3311,"y":975,"data":{"alt":59,"type":2,"area":332}},{"x":3312,"y":975,"data":{"alt":59,"type":2,"area":332}},{"x":3313,"y":975,"data":{"alt":59,"type":2,"area":332}},{"x":3314,"y":975,"data":{"alt":59,"type":2,"area":332}},{"x":3315,"y":975,"data":{"alt":59,"type":2,"area":332}},{"x":3316,"y":975,"data":{"alt":59,"type":2,"area":332}},{"x":3317,"y":975,"data":{"alt":59,"type":2,"area":332}},{"x":3318,"y":975,"data":{"alt":59,"type":2,"area":332}},{"x":3319,"y":975,"data":{"alt":59,"type":2,"area":332}},{"x":3320,"y":975,"data":{"alt":59,"type":2,"area":332}},{"x":3321,"y":975,"data":{"alt":59,"type":2,"area":332}},{"x":3322,"y":975,"data":{"alt":59,"type":2,"area":332}},{"x":3323,"y":975,"data":{"alt":59,"type":2,"area":332}},{"x":3324,"y":975,"data":{"alt":59,"type":2,"area":332}},{"x":3325,"y":975,"data":{"alt":59,"type":2,"area":332}},{"x":3326,"y":975,"data":{"alt":59,"type":2,"area":332}},{"x":3327,"y":975,"data":{"alt":59,"type":2,"area":332}},{"x":3311,"y":976,"data":{"alt":59,"type":2,"area":332}},{"x":3312,"y":976,"data":{"alt":59,"type":2,"area":332}},{"x":3313,"y":976,"data":{"alt":59,"type":2,"area":332}},{"x":3314,"y":976,"data":{"alt":59,"type":2,"area":332}},{"x":3315,"y":976,"data":{"alt":59,"type":2,"area":332}},{"x":3316,"y":976,"data":{"alt":59,"type":2,"area":332}},{"x":3317,"y":976,"data":{"alt":59,"type":2,"area":332}},{"x":3318,"y":976,"data":{"alt":59,"type":2,"area":332}},{"x":3319,"y":976,"data":{"alt":59,"type":2,"area":332}},{"x":3320,"y":976,"data":{"alt":59,"type":2,"area":332}},{"x":3321,"y":976,"data":{"alt":59,"type":2,"area":332}},{"x":3322,"y":976,"data":{"alt":59,"type":2,"area":332}},{"x":3323,"y":976,"data":{"alt":59,"type":2,"area":332}},{"x":3324,"y":976,"data":{"alt":59,"type":2,"area":332}},{"x":3325,"y":976,"data":{"alt":59,"type":2,"area":332}},{"x":3326,"y":976,"data":{"alt":59,"type":2,"area":332}},{"x":3327,"y":976,"data":{"alt":59,"type":2,"area":332}},{"x":3311,"y":977,"data":{"alt":59,"type":2,"area":332}},{"x":3312,"y":977,"data":{"alt":59,"type":2,"area":332}},{"x":3313,"y":977,"data":{"alt":59,"type":2,"area":332}},{"x":3314,"y":977,"data":{"alt":59,"type":2,"area":332}},{"x":3315,"y":977,"data":{"alt":59,"type":2,"area":332}},{"x":3316,"y":977,"data":{"alt":59,"type":2,"area":332}},{"x":3317,"y":977,"data":{"alt":59,"type":2,"area":332}},{"x":3318,"y":977,"data":{"alt":59,"type":2,"area":332}},{"x":3319,"y":977,"data":{"alt":59,"type":2,"area":332}},{"x":3320,"y":977,"data":{"alt":59,"type":2,"area":332}},{"x":3321,"y":977,"data":{"alt":59,"type":2,"area":332}},{"x":3322,"y":977,"data":{"alt":59,"type":2,"area":332}},{"x":3323,"y":977,"data":{"alt":59,"type":2,"area":332}},{"x":3324,"y":977,"data":{"alt":59,"type":2,"area":332}},{"x":3325,"y":977,"data":{"alt":59,"type":2,"area":332}},{"x":3326,"y":977,"data":{"alt":59,"type":2,"area":332}},{"x":3327,"y":977,"data":{"alt":59,"type":2,"area":332}},{"x":3311,"y":978,"data":{"alt":59,"type":2,"area":332}},{"x":3312,"y":978,"data":{"alt":59,"type":2,"area":332}},{"x":3313,"y":978,"data":{"alt":59,"type":2,"area":332}},{"x":3314,"y":978,"data":{"alt":59,"type":2,"area":332}},{"x":3315,"y":978,"data":{"alt":59,"type":2,"area":332}},{"x":3316,"y":978,"data":{"alt":59,"type":2,"res":1,"resAmount":80,"area":332}},{"x":3317,"y":978,"data":{"alt":59,"type":2,"area":332}},{"x":3318,"y":978,"data":{"alt":59,"type":2,"area":332}},{"x":3319,"y":978,"data":{"alt":59,"type":2,"area":332}},{"x":3320,"y":978,"data":{"alt":59,"type":2,"area":332}},{"x":3321,"y":978,"data":{"alt":59,"type":2,"area":332}},{"x":3322,"y":978,"data":{"alt":59,"type":2,"area":332}},{"x":3323,"y":978,"data":{"alt":59,"type":2,"area":332}},{"x":3324,"y":978,"data":{"alt":59,"type":2,"area":332}},{"x":3325,"y":978,"data":{"alt":59,"type":2,"area":332}},{"x":3326,"y":978,"data":{"alt":59,"type":2,"area":332}},{"x":3327,"y":978,"data":{"alt":59,"type":2,"res":1,"resAmount":80,"area":332}},{"x":3312,"y":979,"data":{"alt":59,"type":2,"area":332}},{"x":3313,"y":979,"data":{"alt":59,"type":2,"area":332}},{"x":3314,"y":979,"data":{"alt":59,"type":2,"area":332}},{"x":3315,"y":979,"data":{"alt":59,"type":2,"area":332}},{"x":3316,"y":979,"data":{"alt":59,"type":2,"area":332}},{"x":3317,"y":979,"data":{"alt":59,"type":2,"area":332}},{"x":3318,"y":979,"data":{"alt":59,"type":2,"area":332}},{"x":3319,"y":979,"data":{"alt":59,"type":2,"area":332}},{"x":3320,"y":979,"data":{"alt":59,"type":2,"area":332}},{"x":3321,"y":979,"data":{"alt":59,"type":2,"area":332}},{"x":3322,"y":979,"data":{"alt":59,"type":2,"area":332}},{"x":3323,"y":979,"data":{"alt":59,"type":2,"area":332}},{"x":3324,"y":979,"data":{"alt":59,"type":2,"area":332}},{"x":3325,"y":979,"data":{"alt":59,"type":2,"area":332}},{"x":3326,"y":979,"data":{"alt":59,"type":2,"area":332}},{"x":3327,"y":979,"data":{"alt":59,"type":2,"area":332}},{"x":3312,"y":980,"data":{"alt":59,"type":2,"area":332}},{"x":3317,"y":980,"data":{"alt":59,"type":2,"area":332}},{"x":3318,"y":980,"data":{"alt":59,"type":2,"area":332}},{"x":3319,"y":980,"data":{"alt":59,"type":2,"area":332}},{"x":3320,"y":980,"data":{"alt":59,"type":2,"area":332}},{"x":3321,"y":980,"data":{"alt":59,"type":2,"area":332}},{"x":3322,"y":980,"data":{"alt":59,"type":2,"area":332}},{"x":3323,"y":980,"data":{"alt":59,"type":2,"area":332}},{"x":3324,"y":980,"data":{"alt":59,"type":2,"area":332}},{"x":3325,"y":980,"data":{"alt":59,"type":2,"area":332}},{"x":3326,"y":980,"data":{"alt":59,"type":2,"area":332}},{"x":3327,"y":980,"data":{"alt":59,"type":2,"area":332}},{"x":3317,"y":981,"data":{"alt":59,"type":2,"area":332}},{"x":3318,"y":981,"data":{"alt":59,"type":2,"area":332}},{"x":3319,"y":981,"data":{"alt":59,"type":2,"area":332}},{"x":3320,"y":981,"data":{"alt":59,"type":2,"area":332}},{"x":3321,"y":981,"data":{"alt":59,"type":2,"area":332}},{"x":3322,"y":981,"data":{"alt":59,"type":2,"area":332}},{"x":3323,"y":981,"data":{"alt":59,"type":2,"area":332}},{"x":3324,"y":981,"data":{"alt":59,"type":2,"area":332}},{"x":3325,"y":981,"data":{"alt":59,"type":2,"area":332}},{"x":3326,"y":981,"data":{"alt":59,"type":2,"area":332}},{"x":3327,"y":981,"data":{"alt":59,"type":2,"area":332}},{"x":3318,"y":982,"data":{"alt":59,"type":2,"area":332}},{"x":3319,"y":982,"data":{"alt":59,"type":2,"area":332}},{"x":3320,"y":982,"data":{"alt":59,"type":2,"area":332}},{"x":3321,"y":982,"data":{"alt":59,"type":2,"area":332}},{"x":3322,"y":982,"data":{"alt":59,"type":2,"area":332}},{"x":3323,"y":982,"data":{"alt":59,"type":2,"area":332}},{"x":3324,"y":982,"data":{"alt":59,"type":2,"area":332}},{"x":3325,"y":982,"data":{"alt":59,"type":2,"area":332}},{"x":3326,"y":982,"data":{"alt":59,"type":2,"area":332}},{"x":3327,"y":982,"data":{"alt":59,"type":2,"area":332}},{"x":3318,"y":983,"data":{"alt":59,"type":2,"area":332}},{"x":3319,"y":983,"data":{"alt":59,"type":2,"area":332}},{"x":3320,"y":983,"data":{"alt":59,"type":2,"area":332}},{"x":3321,"y":983,"data":{"alt":59,"type":2,"area":332}},{"x":3322,"y":983,"data":{"alt":59,"type":2,"area":332}},{"x":3323,"y":983,"data":{"alt":59,"type":2,"area":332}},{"x":3324,"y":983,"data":{"alt":59,"type":2,"area":332}},{"x":3325,"y":983,"data":{"alt":59,"type":2,"area":332}},{"x":3326,"y":983,"data":{"alt":59,"type":2,"area":332}},{"x":3327,"y":983,"data":{"alt":59,"type":2,"area":332}},{"x":3317,"y":984,"data":{"alt":59,"type":2,"area":332}},{"x":3318,"y":984,"data":{"alt":59,"type":2,"area":332}},{"x":3319,"y":984,"data":{"alt":59,"type":2,"area":332}},{"x":3320,"y":984,"data":{"alt":59,"type":2,"area":332}},{"x":3321,"y":984,"data":{"alt":59,"type":2,"area":332}},{"x":3322,"y":984,"data":{"alt":59,"type":2,"area":332}},{"x":3323,"y":984,"data":{"alt":59,"type":2,"area":332}},{"x":3324,"y":984,"data":{"alt":59,"type":2,"area":332}},{"x":3325,"y":984,"data":{"alt":59,"type":2,"area":332}},{"x":3326,"y":984,"data":{"alt":59,"type":2,"area":332}},{"x":3327,"y":984,"data":{"alt":59,"type":2,"area":332}},{"x":3316,"y":985,"data":{"alt":59,"type":2,"area":332}},{"x":3317,"y":985,"data":{"alt":59,"type":2,"area":332}},{"x":3318,"y":985,"data":{"alt":59,"type":2,"area":332}},{"x":3319,"y":985,"data":{"alt":59,"type":2,"area":332}},{"x":3320,"y":985,"data":{"alt":59,"type":2,"area":332}},{"x":3321,"y":985,"data":{"alt":59,"type":2,"area":332}},{"x":3322,"y":985,"data":{"alt":59,"type":2,"area":332}},{"x":3323,"y":985,"data":{"alt":59,"type":2,"area":332}},{"x":3324,"y":985,"data":{"alt":59,"type":2,"area":332}},{"x":3325,"y":985,"data":{"alt":59,"type":2,"area":332}},{"x":3326,"y":985,"data":{"alt":59,"type":2,"area":332}},{"x":3327,"y":985,"data":{"alt":59,"type":2,"area":332}},{"x":3318,"y":986,"data":{"alt":59,"type":2,"area":332}},{"x":3319,"y":986,"data":{"alt":59,"type":2,"area":332}},{"x":3320,"y":986,"data":{"alt":59,"type":2,"area":332}},{"x":3321,"y":986,"data":{"alt":59,"type":2,"area":332}},{"x":3322,"y":986,"data":{"alt":59,"type":2,"area":332}},{"x":3323,"y":986,"data":{"alt":59,"type":2,"area":332}},{"x":3324,"y":986,"data":{"alt":59,"type":2,"area":332}},{"x":3325,"y":986,"data":{"alt":59,"type":2,"area":332}},{"x":3326,"y":986,"data":{"alt":59,"type":2,"area":332}},{"x":3327,"y":986,"data":{"alt":59,"type":2,"area":332}},{"x":3318,"y":987,"data":{"alt":59,"type":2,"area":332}},{"x":3319,"y":987,"data":{"alt":59,"type":2,"area":332}},{"x":3320,"y":987,"data":{"alt":59,"type":2,"area":332}},{"x":3321,"y":987,"data":{"alt":59,"type":2,"area":332}},{"x":3322,"y":987,"data":{"alt":59,"type":2,"area":332}},{"x":3323,"y":987,"data":{"alt":59,"type":2,"area":332}},{"x":3324,"y":987,"data":{"alt":59,"type":2,"area":332}},{"x":3325,"y":987,"data":{"alt":59,"type":2,"area":332}},{"x":3326,"y":987,"data":{"alt":59,"type":2,"area":332}},{"x":3327,"y":987,"data":{"alt":59,"type":2,"area":332}},{"x":3318,"y":988,"data":{"alt":59,"type":2,"area":332}},{"x":3319,"y":988,"data":{"alt":59,"type":2,"area":332}},{"x":3320,"y":988,"data":{"alt":59,"type":2,"area":332}},{"x":3321,"y":988,"data":{"alt":59,"type":2,"area":332}},{"x":3322,"y":988,"data":{"alt":59,"type":2,"area":332}},{"x":3323,"y":988,"data":{"alt":59,"type":2,"area":332}},{"x":3324,"y":988,"data":{"alt":59,"type":2,"area":332}},{"x":3325,"y":988,"data":{"alt":59,"type":2,"area":332}},{"x":3326,"y":988,"data":{"alt":59,"type":2,"area":332}},{"x":3327,"y":988,"data":{"alt":59,"type":2,"area":332}},{"x":3319,"y":989,"data":{"alt":59,"type":2,"area":332}},{"x":3320,"y":989,"data":{"alt":59,"type":2,"area":332}},{"x":3321,"y":989,"data":{"alt":59,"type":2,"area":332}},{"x":3322,"y":989,"data":{"alt":59,"type":2,"area":332}},{"x":3323,"y":989,"data":{"alt":59,"type":2,"area":332}},{"x":3324,"y":989,"data":{"alt":59,"type":2,"area":332}},{"x":3325,"y":989,"data":{"alt":59,"type":2,"area":332}},{"x":3326,"y":989,"data":{"alt":59,"type":2,"area":332}},{"x":3327,"y":989,"data":{"alt":59,"type":2,"area":332}},{"x":3320,"y":990,"data":{"alt":59,"type":2,"area":332}},{"x":3323,"y":990,"data":{"alt":59,"type":2,"area":332}},{"x":3324,"y":990,"data":{"alt":59,"type":2,"area":332}},{"x":3325,"y":990,"data":{"alt":59,"type":2,"area":332}},{"x":3327,"y":990,"data":{"alt":59,"type":2,"area":332}},{"x":3320,"y":991,"data":{"alt":59,"type":2,"area":332}},{"x":3327,"y":992,"data":{"alt":59,"type":2,"area":332}},{"x":3325,"y":994,"data":{"alt":59,"type":1,"area":332}},{"x":3326,"y":994,"data":{"alt":59,"type":1,"area":332}},{"x":3327,"y":994,"data":{"alt":59,"type":1,"area":332}},{"x":3305,"y":955,"data":{"alt":59,"type":2,"area":332}},{"x":3305,"y":956,"data":{"alt":59,"type":2,"area":332}},{"x":3306,"y":956,"data":{"alt":59,"type":2,"area":332}},{"x":3307,"y":956,"data":{"alt":59,"type":2,"area":332}},{"x":3310,"y":956,"data":{"alt":59,"type":2,"area":332}},{"x":3301,"y":957,"data":{"alt":59,"type":2,"area":332}},{"x":3302,"y":957,"data":{"alt":59,"type":2,"area":332}},{"x":3303,"y":957,"data":{"alt":59,"type":2,"area":332}},{"x":3304,"y":957,"data":{"alt":59,"type":2,"area":332}},{"x":3305,"y":957,"data":{"alt":59,"type":2,"area":332}},{"x":3306,"y":957,"data":{"alt":59,"type":2,"area":332}},{"x":3307,"y":957,"data":{"alt":59,"type":2,"area":332}},{"x":3308,"y":957,"data":{"alt":59,"type":2,"area":332}},{"x":3309,"y":957,"data":{"alt":59,"type":2,"area":332}},{"x":3310,"y":957,"data":{"alt":59,"type":2,"area":332}},{"x":3311,"y":957,"data":{"alt":59,"type":2,"area":332}},{"x":3300,"y":958,"data":{"alt":59,"type":2,"area":332}},{"x":3301,"y":958,"data":{"alt":59,"type":2,"area":332}},{"x":3302,"y":958,"data":{"alt":59,"type":2,"area":332}},{"x":3303,"y":958,"data":{"alt":59,"type":2,"area":332}},{"x":3304,"y":958,"data":{"alt":59,"type":2,"area":332}},{"x":3305,"y":958,"data":{"alt":59,"type":2,"area":332}},{"x":3306,"y":958,"data":{"alt":59,"type":2,"area":332}},{"x":3307,"y":958,"data":{"alt":59,"type":2,"area":332}},{"x":3308,"y":958,"data":{"alt":59,"type":2,"area":332}},{"x":3309,"y":958,"data":{"alt":59,"type":2,"area":332}},{"x":3310,"y":958,"data":{"alt":59,"type":2,"area":332}},{"x":3300,"y":959,"data":{"alt":59,"type":2,"area":332}},{"x":3301,"y":959,"data":{"alt":59,"type":2,"area":332}},{"x":3302,"y":959,"data":{"alt":59,"type":2,"area":332}},{"x":3303,"y":959,"data":{"alt":59,"type":2,"area":332}},{"x":3304,"y":959,"data":{"alt":59,"type":2,"area":332}},{"x":3305,"y":959,"data":{"alt":59,"type":2,"area":332}},{"x":3306,"y":959,"data":{"alt":59,"type":2,"area":332}},{"x":3307,"y":959,"data":{"alt":59,"type":2,"area":332}},{"x":3308,"y":959,"data":{"alt":59,"type":2,"area":332}},{"x":3309,"y":959,"data":{"alt":59,"type":2,"area":332}},{"x":3310,"y":959,"data":{"alt":59,"type":2,"area":332}},{"x":3328,"y":992,"data":{"alt":59,"type":2,"area":332}},{"x":3329,"y":992,"data":{"alt":59,"type":2,"area":332}},{"x":3330,"y":992,"data":{"alt":59,"type":2,"area":332}},{"x":3331,"y":992,"data":{"alt":59,"type":2,"area":332}},{"x":3332,"y":992,"data":{"alt":59,"type":2,"area":332}},{"x":3333,"y":992,"data":{"alt":59,"type":2,"area":332}},{"x":3334,"y":992,"data":{"alt":59,"type":2,"area":332}},{"x":3335,"y":992,"data":{"alt":59,"type":2,"area":332}},{"x":3336,"y":992,"data":{"alt":59,"type":1,"area":332}},{"x":3337,"y":992,"data":{"alt":59,"type":2,"area":332}},{"x":3328,"y":993,"data":{"alt":59,"type":2,"area":332}},{"x":3329,"y":993,"data":{"alt":59,"type":2,"area":332}},{"x":3330,"y":993,"data":{"alt":59,"type":2,"area":332}},{"x":3331,"y":993,"data":{"alt":59,"type":2,"area":332}},{"x":3332,"y":993,"data":{"alt":59,"type":2,"area":332}},{"x":3333,"y":993,"data":{"alt":59,"type":2,"area":332}},{"x":3334,"y":993,"data":{"alt":59,"type":2,"area":332}},{"x":3335,"y":993,"data":{"alt":59,"type":1,"area":332}},{"x":3336,"y":993,"data":{"alt":59,"type":2,"area":332}},{"x":3337,"y":993,"data":{"alt":59,"type":2,"area":332}},{"x":3328,"y":994,"data":{"alt":59,"type":1,"area":332}},{"x":3329,"y":994,"data":{"alt":59,"type":1,"area":332}},{"x":3330,"y":994,"data":{"alt":59,"type":1,"area":332}},{"x":3331,"y":994,"data":{"alt":59,"type":1,"area":332}},{"x":3332,"y":994,"data":{"alt":59,"type":1,"area":332}},{"x":3333,"y":994,"data":{"alt":59,"type":1,"area":332}},{"x":3334,"y":994,"data":{"alt":59,"type":1,"area":332}},{"x":3335,"y":994,"data":{"alt":59,"type":2,"area":332}},{"x":3336,"y":994,"data":{"alt":59,"type":2,"area":332}},{"x":3335,"y":995,"data":{"alt":59,"type":2,"area":332}},{"x":3336,"y":995,"data":{"alt":59,"type":2,"area":332}},{"x":3333,"y":960,"data":{"alt":59,"type":2,"area":332}},{"x":3334,"y":960,"data":{"alt":59,"type":2,"area":332}},{"x":3335,"y":960,"data":{"alt":59,"type":2,"area":332}},{"x":3336,"y":960,"data":{"alt":59,"type":2,"area":332}},{"x":3337,"y":960,"data":{"alt":59,"type":2,"area":332}},{"x":3338,"y":960,"data":{"alt":59,"type":2,"area":332}},{"x":3339,"y":960,"data":{"alt":59,"type":2,"area":332}},{"x":3340,"y":960,"data":{"alt":59,"type":2,"area":332}},{"x":3341,"y":960,"data":{"alt":59,"type":2,"area":332}},{"x":3342,"y":960,"data":{"alt":59,"type":2,"area":332}},{"x":3333,"y":961,"data":{"alt":59,"type":2,"area":332}},{"x":3334,"y":961,"data":{"alt":59,"type":2,"area":332}},{"x":3335,"y":961,"data":{"alt":59,"type":2,"area":332}},{"x":3336,"y":961,"data":{"alt":59,"type":2,"area":332}},{"x":3337,"y":961,"data":{"alt":59,"type":2,"area":332}},{"x":3338,"y":961,"data":{"alt":59,"type":2,"area":332}},{"x":3339,"y":961,"data":{"alt":59,"type":2,"area":332}},{"x":3340,"y":961,"data":{"alt":59,"type":2,"area":332}},{"x":3341,"y":961,"data":{"alt":59,"type":2,"area":332}},{"x":3342,"y":961,"data":{"alt":59,"type":2,"area":332}},{"x":3343,"y":961,"data":{"alt":59,"type":2,"area":332}},{"x":3332,"y":962,"data":{"alt":59,"type":2,"area":332}},{"x":3333,"y":962,"data":{"alt":59,"type":2,"area":332}},{"x":3334,"y":962,"data":{"alt":59,"type":2,"area":332}},{"x":3335,"y":962,"data":{"alt":59,"type":2,"area":332}},{"x":3336,"y":962,"data":{"alt":59,"type":2,"area":332}},{"x":3337,"y":962,"data":{"alt":59,"type":2,"area":332}},{"x":3338,"y":962,"data":{"alt":59,"type":2,"area":332}},{"x":3339,"y":962,"data":{"alt":59,"type":2,"area":332}},{"x":3340,"y":962,"data":{"alt":59,"type":2,"area":332}},{"x":3341,"y":962,"data":{"alt":59,"type":2,"area":332}},{"x":3342,"y":962,"data":{"alt":59,"type":2,"area":332}},{"x":3343,"y":962,"data":{"alt":59,"type":2,"area":332}},{"x":3332,"y":963,"data":{"alt":59,"type":2,"area":332}},{"x":3333,"y":963,"data":{"alt":59,"type":2,"area":332}},{"x":3334,"y":963,"data":{"alt":59,"type":2,"area":332}},{"x":3335,"y":963,"data":{"alt":59,"type":2,"area":332}},{"x":3336,"y":963,"data":{"alt":59,"type":2,"area":332}},{"x":3337,"y":963,"data":{"alt":59,"type":2,"area":332}},{"x":3338,"y":963,"data":{"alt":59,"type":2,"area":332}},{"x":3339,"y":963,"data":{"alt":59,"type":2,"area":332}},{"x":3340,"y":963,"data":{"alt":59,"type":2,"area":332}},{"x":3341,"y":963,"data":{"alt":59,"type":2,"area":332}},{"x":3342,"y":963,"data":{"alt":59,"type":2,"area":332}},{"x":3343,"y":963,"data":{"alt":59,"type":2,"area":332}},{"x":3331,"y":964,"data":{"alt":59,"type":2,"area":332}},{"x":3332,"y":964,"data":{"alt":59,"type":2,"area":332}},{"x":3333,"y":964,"data":{"alt":59,"type":2,"area":332}},{"x":3334,"y":964,"data":{"alt":59,"type":2,"area":332}},{"x":3335,"y":964,"data":{"alt":59,"type":2,"area":332}},{"x":3336,"y":964,"data":{"alt":59,"type":2,"area":332}},{"x":3337,"y":964,"data":{"alt":59,"type":2,"area":332}},{"x":3338,"y":964,"data":{"alt":59,"type":2,"area":332}},{"x":3339,"y":964,"data":{"alt":59,"type":2,"area":332}},{"x":3340,"y":964,"data":{"alt":59,"type":2,"area":332}},{"x":3341,"y":964,"data":{"alt":59,"type":2,"area":332}},{"x":3342,"y":964,"data":{"alt":59,"type":2,"area":332}},{"x":3343,"y":964,"data":{"alt":59,"type":2,"area":332}},{"x":3331,"y":965,"data":{"alt":59,"type":2,"area":332}},{"x":3332,"y":965,"data":{"alt":59,"type":2,"area":332}},{"x":3333,"y":965,"data":{"alt":59,"type":2,"area":332}},{"x":3334,"y":965,"data":{"alt":59,"type":2,"area":332}},{"x":3335,"y":965,"data":{"alt":59,"type":2,"area":332}},{"x":3336,"y":965,"data":{"alt":59,"type":2,"area":332}},{"x":3337,"y":965,"data":{"alt":59,"type":2,"area":332}},{"x":3338,"y":965,"data":{"alt":59,"type":2,"area":332}},{"x":3339,"y":965,"data":{"alt":59,"type":2,"area":332}},{"x":3340,"y":965,"data":{"alt":59,"type":2,"area":332}},{"x":3341,"y":965,"data":{"alt":59,"type":2,"area":332}},{"x":3342,"y":965,"data":{"alt":59,"type":2,"area":332}},{"x":3343,"y":965,"data":{"alt":59,"type":2,"area":332}},{"x":3344,"y":965,"data":{"alt":59,"type":2,"area":332}},{"x":3345,"y":965,"data":{"alt":59,"type":2,"area":332}},{"x":3346,"y":965,"data":{"alt":59,"type":2,"area":332}},{"x":3330,"y":966,"data":{"alt":59,"type":2,"area":332}},{"x":3331,"y":966,"data":{"alt":59,"type":2,"area":332}},{"x":3332,"y":966,"data":{"alt":59,"type":2,"area":332}},{"x":3333,"y":966,"data":{"alt":59,"type":2,"area":332}},{"x":3334,"y":966,"data":{"alt":59,"type":2,"area":332}},{"x":3335,"y":966,"data":{"alt":59,"type":2,"area":332}},{"x":3336,"y":966,"data":{"alt":59,"type":2,"area":332}},{"x":3337,"y":966,"data":{"alt":59,"type":2,"area":332}},{"x":3338,"y":966,"data":{"alt":59,"type":2,"area":332}},{"x":3339,"y":966,"data":{"alt":59,"type":2,"area":332}},{"x":3340,"y":966,"data":{"alt":59,"type":2,"area":332}},{"x":3341,"y":966,"data":{"alt":59,"type":2,"area":332}},{"x":3342,"y":966,"data":{"alt":59,"type":2,"area":332}},{"x":3343,"y":966,"data":{"alt":59,"type":2,"area":332}},{"x":3344,"y":966,"data":{"alt":59,"type":2,"area":332}},{"x":3345,"y":966,"data":{"alt":59,"type":2,"area":332}},{"x":3346,"y":966,"data":{"alt":59,"type":2,"area":332}},{"x":3330,"y":967,"data":{"alt":59,"type":2,"area":332}},{"x":3331,"y":967,"data":{"alt":59,"type":2,"area":332}},{"x":3332,"y":967,"data":{"alt":59,"type":2,"area":332}},{"x":3333,"y":967,"data":{"alt":59,"type":2,"area":332}},{"x":3334,"y":967,"data":{"alt":59,"type":2,"area":332}},{"x":3335,"y":967,"data":{"alt":59,"type":2,"area":332}},{"x":3336,"y":967,"data":{"alt":59,"type":2,"area":332}},{"x":3337,"y":967,"data":{"alt":59,"type":2,"area":332}},{"x":3338,"y":967,"data":{"alt":59,"type":2,"area":332}},{"x":3339,"y":967,"data":{"alt":59,"type":2,"area":332}},{"x":3340,"y":967,"data":{"alt":59,"type":2,"area":332}},{"x":3341,"y":967,"data":{"alt":59,"type":2,"area":332}},{"x":3342,"y":967,"data":{"alt":59,"type":2,"area":332}},{"x":3343,"y":967,"data":{"alt":59,"type":2,"area":332}},{"x":3344,"y":967,"data":{"alt":59,"type":2,"area":332}},{"x":3345,"y":967,"data":{"alt":59,"type":2,"area":332}},{"x":3346,"y":967,"data":{"alt":59,"type":2,"area":332}},{"x":3347,"y":967,"data":{"alt":59,"type":2,"area":332}},{"x":3330,"y":968,"data":{"alt":59,"type":2,"area":332}},{"x":3331,"y":968,"data":{"alt":59,"type":2,"area":332}},{"x":3332,"y":968,"data":{"alt":59,"type":2,"area":332}},{"x":3333,"y":968,"data":{"alt":59,"type":2,"area":332}},{"x":3334,"y":968,"data":{"alt":59,"type":2,"area":332}},{"x":3335,"y":968,"data":{"alt":59,"type":2,"area":332}},{"x":3336,"y":968,"data":{"alt":59,"type":2,"area":332}},{"x":3337,"y":968,"data":{"alt":59,"type":2,"area":332}},{"x":3338,"y":968,"data":{"alt":59,"type":2,"area":332}},{"x":3339,"y":968,"data":{"alt":59,"type":2,"area":332}},{"x":3340,"y":968,"data":{"alt":59,"type":2,"area":332}},{"x":3341,"y":968,"data":{"alt":59,"type":2,"area":332}},{"x":3342,"y":968,"data":{"alt":59,"type":2,"res":1,"resAmount":40,"area":332}},{"x":3343,"y":968,"data":{"alt":59,"type":2,"area":332}},{"x":3344,"y":968,"data":{"alt":59,"type":2,"area":332}},{"x":3345,"y":968,"data":{"alt":59,"type":2,"area":332}},{"x":3346,"y":968,"data":{"alt":59,"type":2,"area":332}},{"x":3329,"y":969,"data":{"alt":59,"type":2,"area":332}},{"x":3330,"y":969,"data":{"alt":59,"type":2,"area":332}},{"x":3331,"y":969,"data":{"alt":59,"type":2,"area":332}},{"x":3332,"y":969,"data":{"alt":59,"type":2,"area":332}},{"x":3333,"y":969,"data":{"alt":59,"type":2,"area":332}},{"x":3334,"y":969,"data":{"alt":59,"type":2,"area":332}},{"x":3335,"y":969,"data":{"alt":59,"type":2,"area":332}},{"x":3336,"y":969,"data":{"alt":59,"type":2,"area":332}},{"x":3337,"y":969,"data":{"alt":59,"type":2,"area":332}},{"x":3338,"y":969,"data":{"alt":59,"type":2,"area":332}},{"x":3339,"y":969,"data":{"alt":59,"type":2,"area":332}},{"x":3340,"y":969,"data":{"alt":59,"type":2,"area":332}},{"x":3341,"y":969,"data":{"alt":59,"type":2,"area":332}},{"x":3342,"y":969,"data":{"alt":59,"type":2,"area":332}},{"x":3343,"y":969,"data":{"alt":59,"type":2,"area":332}},{"x":3344,"y":969,"data":{"alt":59,"type":2,"area":332}},{"x":3345,"y":969,"data":{"alt":59,"type":2,"area":332}},{"x":3346,"y":969,"data":{"alt":59,"type":2,"area":332}},{"x":3347,"y":969,"data":{"alt":59,"type":2,"area":332}},{"x":3328,"y":970,"data":{"alt":59,"type":2,"area":332}},{"x":3329,"y":970,"data":{"alt":59,"type":2,"area":332}},{"x":3330,"y":970,"data":{"alt":59,"type":2,"area":332}},{"x":3331,"y":970,"data":{"alt":59,"type":2,"area":332}},{"x":3332,"y":970,"data":{"alt":59,"type":2,"area":332}},{"x":3333,"y":970,"data":{"alt":59,"type":2,"area":332}},{"x":3334,"y":970,"data":{"alt":59,"type":2,"area":332}},{"x":3335,"y":970,"data":{"alt":59,"type":2,"area":332}},{"x":3336,"y":970,"data":{"alt":59,"type":2,"area":332}},{"x":3337,"y":970,"data":{"alt":59,"type":2,"area":332}},{"x":3338,"y":970,"data":{"alt":59,"type":2,"area":332}},{"x":3339,"y":970,"data":{"alt":59,"type":2,"area":332}},{"x":3340,"y":970,"data":{"alt":59,"type":2,"area":332}},{"x":3341,"y":970,"data":{"alt":59,"type":2,"area":332}},{"x":3342,"y":970,"data":{"alt":59,"type":2,"area":332}},{"x":3343,"y":970,"data":{"alt":59,"type":2,"area":332}},{"x":3344,"y":970,"data":{"alt":59,"type":2,"area":332}},{"x":3345,"y":970,"data":{"alt":59,"type":2,"area":332}},{"x":3346,"y":970,"data":{"alt":59,"type":2,"area":332}},{"x":3347,"y":970,"data":{"alt":59,"type":2,"area":332}},{"x":3348,"y":970,"data":{"alt":59,"type":2,"area":332}},{"x":3349,"y":970,"data":{"alt":59,"type":2,"area":332}},{"x":3328,"y":971,"data":{"alt":59,"type":2,"area":332}},{"x":3329,"y":971,"data":{"alt":59,"type":2,"area":332}},{"x":3330,"y":971,"data":{"alt":59,"type":2,"area":332}},{"x":3331,"y":971,"data":{"alt":59,"type":2,"area":332}},{"x":3332,"y":971,"data":{"alt":59,"type":2,"area":332}},{"x":3333,"y":971,"data":{"alt":59,"type":2,"area":332}},{"x":3334,"y":971,"data":{"alt":59,"type":2,"area":332}},{"x":3335,"y":971,"data":{"alt":59,"type":2,"area":332}},{"x":3336,"y":971,"data":{"alt":59,"type":2,"area":332}},{"x":3337,"y":971,"data":{"alt":59,"type":2,"area":332}},{"x":3338,"y":971,"data":{"alt":59,"type":2,"area":332}},{"x":3339,"y":971,"data":{"alt":59,"type":2,"area":332}},{"x":3340,"y":971,"data":{"alt":59,"type":2,"area":332}},{"x":3341,"y":971,"data":{"alt":59,"type":2,"area":332}},{"x":3342,"y":971,"data":{"alt":59,"type":2,"area":332}},{"x":3343,"y":971,"data":{"alt":59,"type":2,"area":332}},{"x":3344,"y":971,"data":{"alt":59,"type":2,"area":332}},{"x":3345,"y":971,"data":{"alt":59,"type":2,"area":332}},{"x":3346,"y":971,"data":{"alt":59,"type":2,"area":332}},{"x":3347,"y":971,"data":{"alt":59,"type":2,"area":332}},{"x":3348,"y":971,"data":{"alt":59,"type":2,"area":332}},{"x":3349,"y":971,"data":{"alt":59,"type":2,"area":332}},{"x":3350,"y":971,"data":{"alt":59,"type":2,"area":332}},{"x":3351,"y":971,"data":{"alt":59,"type":2,"area":332}},{"x":3328,"y":972,"data":{"alt":59,"type":2,"area":332}},{"x":3329,"y":972,"data":{"alt":59,"type":2,"area":332}},{"x":3330,"y":972,"data":{"alt":59,"type":2,"area":332}},{"x":3331,"y":972,"data":{"alt":59,"type":2,"area":332}},{"x":3332,"y":972,"data":{"alt":59,"type":2,"area":332}},{"x":3333,"y":972,"data":{"alt":59,"type":2,"area":332}},{"x":3334,"y":972,"data":{"alt":59,"type":2,"area":332}},{"x":3335,"y":972,"data":{"alt":59,"type":2,"area":332}},{"x":3336,"y":972,"data":{"alt":59,"type":2,"area":332}},{"x":3337,"y":972,"data":{"alt":59,"type":2,"area":332}},{"x":3338,"y":972,"data":{"alt":59,"type":2,"area":332}},{"x":3339,"y":972,"data":{"alt":59,"type":2,"area":332}},{"x":3340,"y":972,"data":{"alt":59,"type":2,"area":332}},{"x":3341,"y":972,"data":{"alt":59,"type":2,"area":332}},{"x":3342,"y":972,"data":{"alt":59,"type":2,"area":332}},{"x":3343,"y":972,"data":{"alt":59,"type":2,"area":332}},{"x":3344,"y":972,"data":{"alt":59,"type":2,"area":332}},{"x":3345,"y":972,"data":{"alt":59,"type":2,"area":332}},{"x":3346,"y":972,"data":{"alt":59,"type":2,"area":332}},{"x":3347,"y":972,"data":{"alt":59,"type":2,"area":332}},{"x":3348,"y":972,"data":{"alt":59,"type":2,"area":332}},{"x":3349,"y":972,"data":{"alt":59,"type":2,"area":332}},{"x":3350,"y":972,"data":{"alt":59,"type":2,"area":332}},{"x":3351,"y":972,"data":{"alt":59,"type":2,"area":332}},{"x":3352,"y":972,"data":{"alt":59,"type":2,"area":332}},{"x":3328,"y":973,"data":{"alt":59,"type":2,"area":332}},{"x":3329,"y":973,"data":{"alt":59,"type":2,"area":332}},{"x":3330,"y":973,"data":{"alt":59,"type":2,"area":332}},{"x":3331,"y":973,"data":{"alt":59,"type":2,"area":332}},{"x":3332,"y":973,"data":{"alt":59,"type":2,"area":332}},{"x":3333,"y":973,"data":{"alt":59,"type":2,"area":332}},{"x":3334,"y":973,"data":{"alt":59,"type":2,"area":332}},{"x":3335,"y":973,"data":{"alt":59,"type":2,"area":332}},{"x":3336,"y":973,"data":{"alt":59,"type":2,"area":332}},{"x":3337,"y":973,"data":{"alt":59,"type":2,"area":332}},{"x":3338,"y":973,"data":{"alt":59,"type":2,"area":332}},{"x":3339,"y":973,"data":{"alt":59,"type":2,"area":332}},{"x":3340,"y":973,"data":{"alt":59,"type":2,"area":332}},{"x":3341,"y":973,"data":{"alt":59,"type":2,"area":332}},{"x":3342,"y":973,"data":{"alt":59,"type":2,"area":332}},{"x":3343,"y":973,"data":{"alt":59,"type":2,"area":332}},{"x":3344,"y":973,"data":{"alt":59,"type":2,"area":332}},{"x":3345,"y":973,"data":{"alt":59,"type":2,"area":332}},{"x":3346,"y":973,"data":{"alt":59,"type":2,"area":332}},{"x":3347,"y":973,"data":{"alt":59,"type":2,"area":332}},{"x":3348,"y":973,"data":{"alt":59,"type":2,"area":332}},{"x":3349,"y":973,"data":{"alt":59,"type":2,"area":332}},{"x":3350,"y":973,"data":{"alt":59,"type":2,"area":332}},{"x":3351,"y":973,"data":{"alt":59,"type":2,"area":332}},{"x":3328,"y":974,"data":{"alt":59,"type":2,"area":332}},{"x":3329,"y":974,"data":{"alt":59,"type":2,"area":332}},{"x":3330,"y":974,"data":{"alt":59,"type":2,"area":332}},{"x":3331,"y":974,"data":{"alt":59,"type":2,"area":332}},{"x":3332,"y":974,"data":{"alt":59,"type":2,"area":332}},{"x":3333,"y":974,"data":{"alt":59,"type":2,"area":332}},{"x":3334,"y":974,"data":{"alt":59,"type":2,"area":332}},{"x":3335,"y":974,"data":{"alt":59,"type":2,"area":332}},{"x":3336,"y":974,"data":{"alt":59,"type":2,"area":332}},{"x":3337,"y":974,"data":{"alt":59,"type":2,"area":332}},{"x":3338,"y":974,"data":{"alt":59,"type":2,"area":332}},{"x":3339,"y":974,"data":{"alt":59,"type":2,"area":332}},{"x":3340,"y":974,"data":{"alt":59,"type":2,"area":332}},{"x":3341,"y":974,"data":{"alt":59,"type":2,"area":332}},{"x":3342,"y":974,"data":{"alt":59,"type":2,"area":332}},{"x":3343,"y":974,"data":{"alt":59,"type":2,"area":332}},{"x":3344,"y":974,"data":{"alt":59,"type":2,"area":332}},{"x":3345,"y":974,"data":{"alt":59,"type":2,"area":332}},{"x":3346,"y":974,"data":{"alt":59,"type":2,"area":332}},{"x":3347,"y":974,"data":{"alt":59,"type":2,"area":332}},{"x":3348,"y":974,"data":{"alt":59,"type":2,"area":332}},{"x":3349,"y":974,"data":{"alt":59,"type":2,"area":332}},{"x":3350,"y":974,"data":{"alt":59,"type":2,"area":332}},{"x":3351,"y":974,"data":{"alt":59,"type":2,"area":332}},{"x":3352,"y":974,"data":{"alt":59,"type":2,"area":332}},{"x":3353,"y":974,"data":{"alt":59,"type":2,"area":332}},{"x":3328,"y":975,"data":{"alt":59,"type":2,"area":332}},{"x":3329,"y":975,"data":{"alt":59,"type":2,"area":332}},{"x":3330,"y":975,"data":{"alt":59,"type":2,"area":332}},{"x":3331,"y":975,"data":{"alt":59,"type":2,"area":332}},{"x":3332,"y":975,"data":{"alt":59,"type":2,"area":332}},{"x":3333,"y":975,"data":{"alt":59,"type":2,"area":332}},{"x":3334,"y":975,"data":{"alt":59,"type":2,"area":332}},{"x":3335,"y":975,"data":{"alt":59,"type":2,"area":332}},{"x":3336,"y":975,"data":{"alt":59,"type":2,"area":332}},{"x":3337,"y":975,"data":{"alt":59,"type":2,"area":332}},{"x":3338,"y":975,"data":{"alt":59,"type":2,"area":332}},{"x":3339,"y":975,"data":{"alt":59,"type":2,"area":332}},{"x":3340,"y":975,"data":{"alt":59,"type":2,"area":332}},{"x":3341,"y":975,"data":{"alt":59,"type":2,"area":332}},{"x":3342,"y":975,"data":{"alt":59,"type":2,"area":332}},{"x":3343,"y":975,"data":{"alt":59,"type":2,"area":332}},{"x":3344,"y":975,"data":{"alt":59,"type":2,"area":332}},{"x":3345,"y":975,"data":{"alt":59,"type":2,"area":332}},{"x":3346,"y":975,"data":{"alt":59,"type":2,"area":332}},{"x":3347,"y":975,"data":{"alt":59,"type":2,"area":332}},{"x":3348,"y":975,"data":{"alt":59,"type":2,"area":332}},{"x":3349,"y":975,"data":{"alt":59,"type":2,"area":332}},{"x":3350,"y":975,"data":{"alt":59,"type":2,"area":332}},{"x":3351,"y":975,"data":{"alt":59,"type":2,"area":332}},{"x":3352,"y":975,"data":{"alt":59,"type":2,"area":332}},{"x":3353,"y":975,"data":{"alt":59,"type":2,"area":332}},{"x":3328,"y":976,"data":{"alt":59,"type":2,"area":332}},{"x":3329,"y":976,"data":{"alt":59,"type":2,"area":332}},{"x":3330,"y":976,"data":{"alt":59,"type":2,"area":332}},{"x":3331,"y":976,"data":{"alt":59,"type":2,"area":332}},{"x":3332,"y":976,"data":{"alt":59,"type":2,"area":332}},{"x":3333,"y":976,"data":{"alt":59,"type":2,"area":332}},{"x":3334,"y":976,"data":{"alt":59,"type":2,"area":332}},{"x":3335,"y":976,"data":{"alt":59,"type":2,"area":332}},{"x":3336,"y":976,"data":{"alt":59,"type":2,"area":332}},{"x":3337,"y":976,"data":{"alt":59,"type":2,"area":332}},{"x":3338,"y":976,"data":{"alt":59,"type":2,"area":332}},{"x":3339,"y":976,"data":{"alt":59,"type":2,"area":332}},{"x":3340,"y":976,"data":{"alt":59,"type":2,"area":332}},{"x":3341,"y":976,"data":{"alt":59,"type":2,"area":332}},{"x":3342,"y":976,"data":{"alt":59,"type":2,"area":332}},{"x":3343,"y":976,"data":{"alt":59,"type":2,"area":332}},{"x":3344,"y":976,"data":{"alt":59,"type":2,"area":332}},{"x":3345,"y":976,"data":{"alt":59,"type":2,"area":332}},{"x":3346,"y":976,"data":{"alt":59,"type":2,"area":332}},{"x":3347,"y":976,"data":{"alt":59,"type":2,"area":332}},{"x":3348,"y":976,"data":{"alt":59,"type":2,"area":332}},{"x":3349,"y":976,"data":{"alt":59,"type":2,"area":332}},{"x":3350,"y":976,"data":{"alt":59,"type":2,"area":332}},{"x":3351,"y":976,"data":{"alt":59,"type":2,"area":332}},{"x":3352,"y":976,"data":{"alt":59,"type":2,"area":332}},{"x":3353,"y":976,"data":{"alt":59,"type":2,"area":332}},{"x":3354,"y":976,"data":{"alt":59,"type":2,"area":332}},{"x":3355,"y":976,"data":{"alt":59,"type":2,"area":332}},{"x":3328,"y":977,"data":{"alt":59,"type":2,"area":332}},{"x":3329,"y":977,"data":{"alt":59,"type":2,"area":332}},{"x":3330,"y":977,"data":{"alt":59,"type":2,"area":332}},{"x":3331,"y":977,"data":{"alt":59,"type":2,"area":332}},{"x":3332,"y":977,"data":{"alt":59,"type":2,"area":332}},{"x":3333,"y":977,"data":{"alt":59,"type":2,"area":332}},{"x":3334,"y":977,"data":{"alt":59,"type":2,"area":332}},{"x":3335,"y":977,"data":{"alt":59,"type":2,"area":332}},{"x":3336,"y":977,"data":{"alt":59,"type":2,"area":332}},{"x":3337,"y":977,"data":{"alt":59,"type":2,"area":332}},{"x":3338,"y":977,"data":{"alt":59,"type":2,"area":332}},{"x":3339,"y":977,"data":{"alt":59,"type":2,"area":332}},{"x":3340,"y":977,"data":{"alt":59,"type":2,"area":332}},{"x":3341,"y":977,"data":{"alt":59,"type":2,"area":332}},{"x":3342,"y":977,"data":{"alt":59,"type":2,"area":332}},{"x":3343,"y":977,"data":{"alt":59,"type":2,"area":332}},{"x":3344,"y":977,"data":{"alt":59,"type":2,"area":332}},{"x":3345,"y":977,"data":{"alt":59,"type":2,"area":332}},{"x":3346,"y":977,"data":{"alt":59,"type":2,"area":332}},{"x":3347,"y":977,"data":{"alt":59,"type":2,"area":332}},{"x":3348,"y":977,"data":{"alt":59,"type":2,"area":332}},{"x":3349,"y":977,"data":{"alt":59,"type":2,"area":332}},{"x":3350,"y":977,"data":{"alt":59,"type":2,"area":332}},{"x":3351,"y":977,"data":{"alt":59,"type":2,"area":332}},{"x":3352,"y":977,"data":{"alt":59,"type":2,"area":332}},{"x":3353,"y":977,"data":{"alt":59,"type":2,"area":332}},{"x":3354,"y":977,"data":{"alt":59,"type":2,"area":332}},{"x":3328,"y":978,"data":{"alt":59,"type":2,"area":332}},{"x":3329,"y":978,"data":{"alt":59,"type":2,"area":332}},{"x":3330,"y":978,"data":{"alt":59,"type":2,"area":332}},{"x":3331,"y":978,"data":{"alt":59,"type":2,"area":332}},{"x":3332,"y":978,"data":{"alt":59,"type":2,"area":332}},{"x":3333,"y":978,"data":{"alt":59,"type":2,"area":332}},{"x":3334,"y":978,"data":{"alt":59,"type":2,"area":332}},{"x":3335,"y":978,"data":{"alt":59,"type":2,"area":332}},{"x":3336,"y":978,"data":{"alt":59,"type":2,"area":332}},{"x":3337,"y":978,"data":{"alt":59,"type":2,"area":332}},{"x":3338,"y":978,"data":{"alt":59,"type":2,"area":332}},{"x":3339,"y":978,"data":{"alt":59,"type":2,"area":332}},{"x":3340,"y":978,"data":{"alt":59,"type":2,"area":332}},{"x":3341,"y":978,"data":{"alt":59,"type":2,"area":332}},{"x":3342,"y":978,"data":{"alt":59,"type":2,"area":332}},{"x":3343,"y":978,"data":{"alt":59,"type":2,"area":332}},{"x":3344,"y":978,"data":{"alt":59,"type":2,"area":332}},{"x":3345,"y":978,"data":{"alt":59,"type":2,"area":332}},{"x":3346,"y":978,"data":{"alt":59,"type":2,"area":332}},{"x":3347,"y":978,"data":{"alt":59,"type":2,"area":332}},{"x":3348,"y":978,"data":{"alt":59,"type":2,"area":332}},{"x":3349,"y":978,"data":{"alt":59,"type":2,"area":332}},{"x":3350,"y":978,"data":{"alt":59,"type":2,"area":332}},{"x":3351,"y":978,"data":{"alt":59,"type":2,"area":332}},{"x":3352,"y":978,"data":{"alt":59,"type":2,"area":332}},{"x":3353,"y":978,"data":{"alt":59,"type":2,"area":332}},{"x":3354,"y":978,"data":{"alt":59,"type":2,"area":332}},{"x":3328,"y":979,"data":{"alt":59,"type":2,"area":332}},{"x":3329,"y":979,"data":{"alt":59,"type":2,"area":332}},{"x":3330,"y":979,"data":{"alt":59,"type":2,"area":332}},{"x":3331,"y":979,"data":{"alt":59,"type":2,"area":332}},{"x":3332,"y":979,"data":{"alt":59,"type":2,"area":332}},{"x":3333,"y":979,"data":{"alt":59,"type":2,"area":332}},{"x":3334,"y":979,"data":{"alt":59,"type":2,"area":332}},{"x":3335,"y":979,"data":{"alt":59,"type":2,"area":332}},{"x":3336,"y":979,"data":{"alt":59,"type":2,"area":332}},{"x":3337,"y":979,"data":{"alt":59,"type":2,"area":332}},{"x":3338,"y":979,"data":{"alt":59,"type":2,"area":332}},{"x":3339,"y":979,"data":{"alt":59,"type":2,"area":332}},{"x":3340,"y":979,"data":{"alt":59,"type":2,"area":332}},{"x":3341,"y":979,"data":{"alt":59,"type":2,"area":332}},{"x":3342,"y":979,"data":{"alt":59,"type":2,"area":332}},{"x":3343,"y":979,"data":{"alt":59,"type":2,"area":332}},{"x":3344,"y":979,"data":{"alt":59,"type":2,"area":332}},{"x":3345,"y":979,"data":{"alt":59,"type":2,"area":332}},{"x":3346,"y":979,"data":{"alt":59,"type":2,"area":332}},{"x":3347,"y":979,"data":{"alt":59,"type":2,"area":332}},{"x":3348,"y":979,"data":{"alt":59,"type":2,"area":332}},{"x":3349,"y":979,"data":{"alt":59,"type":2,"area":332}},{"x":3350,"y":979,"data":{"alt":59,"type":2,"area":332}},{"x":3352,"y":979,"data":{"alt":59,"type":2,"area":332}},{"x":3353,"y":979,"data":{"alt":59,"type":2,"area":332}},{"x":3354,"y":979,"data":{"alt":59,"type":2,"area":332}},{"x":3355,"y":979,"data":{"alt":59,"type":2,"area":332}},{"x":3328,"y":980,"data":{"alt":59,"type":2,"area":332}},{"x":3329,"y":980,"data":{"alt":59,"type":2,"area":332}},{"x":3330,"y":980,"data":{"alt":59,"type":2,"area":332}},{"x":3331,"y":980,"data":{"alt":59,"type":2,"area":332}},{"x":3332,"y":980,"data":{"alt":59,"type":2,"area":332}},{"x":3333,"y":980,"data":{"alt":59,"type":2,"area":332}},{"x":3334,"y":980,"data":{"alt":59,"type":2,"area":332}},{"x":3335,"y":980,"data":{"alt":59,"type":2,"area":332}},{"x":3336,"y":980,"data":{"alt":59,"type":2,"area":332}},{"x":3337,"y":980,"data":{"alt":59,"type":2,"area":332}},{"x":3338,"y":980,"data":{"alt":59,"type":2,"area":332}},{"x":3339,"y":980,"data":{"alt":59,"type":2,"area":332}},{"x":3340,"y":980,"data":{"alt":59,"type":2,"area":332}},{"x":3341,"y":980,"data":{"alt":59,"type":2,"area":332}},{"x":3342,"y":980,"data":{"alt":59,"type":2,"area":332}},{"x":3343,"y":980,"data":{"alt":59,"type":2,"area":332}},{"x":3344,"y":980,"data":{"alt":59,"type":2,"area":332}},{"x":3345,"y":980,"data":{"alt":59,"type":2,"area":332}},{"x":3346,"y":980,"data":{"alt":59,"type":2,"area":332}},{"x":3347,"y":980,"data":{"alt":59,"type":2,"area":332}},{"x":3348,"y":980,"data":{"alt":59,"type":2,"area":332}},{"x":3349,"y":980,"data":{"alt":59,"type":2,"area":332}},{"x":3352,"y":980,"data":{"alt":59,"type":2,"area":332}},{"x":3353,"y":980,"data":{"alt":59,"type":2,"area":332}},{"x":3354,"y":980,"data":{"alt":59,"type":2,"area":332}},{"x":3355,"y":980,"data":{"alt":59,"type":2,"area":332}},{"x":3328,"y":981,"data":{"alt":59,"type":2,"area":332}},{"x":3329,"y":981,"data":{"alt":59,"type":2,"area":332}},{"x":3330,"y":981,"data":{"alt":59,"type":2,"area":332}},{"x":3331,"y":981,"data":{"alt":59,"type":2,"area":332}},{"x":3332,"y":981,"data":{"alt":59,"type":2,"area":332}},{"x":3333,"y":981,"data":{"alt":59,"type":2,"area":332}},{"x":3334,"y":981,"data":{"alt":59,"type":2,"area":332}},{"x":3335,"y":981,"data":{"alt":59,"type":2,"area":332}},{"x":3336,"y":981,"data":{"alt":59,"type":2,"area":332}},{"x":3337,"y":981,"data":{"alt":59,"type":2,"area":332}},{"x":3338,"y":981,"data":{"alt":59,"type":2,"area":332}},{"x":3339,"y":981,"data":{"alt":59,"type":2,"area":332}},{"x":3340,"y":981,"data":{"alt":59,"type":2,"area":332}},{"x":3341,"y":981,"data":{"alt":59,"type":2,"area":332}},{"x":3342,"y":981,"data":{"alt":59,"type":2,"area":332}},{"x":3344,"y":981,"data":{"alt":59,"type":2,"area":332}},{"x":3345,"y":981,"data":{"alt":59,"type":2,"area":332}},{"x":3346,"y":981,"data":{"alt":59,"type":2,"area":332}},{"x":3348,"y":981,"data":{"alt":59,"type":2,"area":332}},{"x":3349,"y":981,"data":{"alt":59,"type":2,"area":332}},{"x":3351,"y":981,"data":{"alt":59,"type":2,"area":332}},{"x":3352,"y":981,"data":{"alt":59,"type":2,"area":332}},{"x":3328,"y":982,"data":{"alt":59,"type":2,"area":332}},{"x":3329,"y":982,"data":{"alt":59,"type":2,"area":332}},{"x":3330,"y":982,"data":{"alt":59,"type":2,"area":332}},{"x":3331,"y":982,"data":{"alt":59,"type":2,"area":332}},{"x":3332,"y":982,"data":{"alt":59,"type":2,"area":332}},{"x":3333,"y":982,"data":{"alt":59,"type":2,"area":332}},{"x":3334,"y":982,"data":{"alt":59,"type":2,"area":332}},{"x":3335,"y":982,"data":{"alt":59,"type":2,"area":332}},{"x":3336,"y":982,"data":{"alt":59,"type":2,"area":332}},{"x":3337,"y":982,"data":{"alt":59,"type":2,"area":332}},{"x":3338,"y":982,"data":{"alt":59,"type":2,"area":332}},{"x":3339,"y":982,"data":{"alt":59,"type":2,"area":332}},{"x":3340,"y":982,"data":{"alt":59,"type":2,"area":332}},{"x":3344,"y":982,"data":{"alt":59,"type":2,"area":332}},{"x":3350,"y":982,"data":{"alt":59,"type":2,"area":332}},{"x":3351,"y":982,"data":{"alt":59,"type":2,"area":332}},{"x":3328,"y":983,"data":{"alt":59,"type":2,"area":332}},{"x":3329,"y":983,"data":{"alt":59,"type":2,"area":332}},{"x":3330,"y":983,"data":{"alt":59,"type":2,"area":332}},{"x":3331,"y":983,"data":{"alt":59,"type":2,"area":332}},{"x":3332,"y":983,"data":{"alt":59,"type":2,"area":332}},{"x":3333,"y":983,"data":{"alt":59,"type":2,"area":332}},{"x":3334,"y":983,"data":{"alt":59,"type":2,"area":332}},{"x":3335,"y":983,"data":{"alt":59,"type":2,"area":332}},{"x":3336,"y":983,"data":{"alt":59,"type":2,"area":332}},{"x":3337,"y":983,"data":{"alt":59,"type":2,"area":332}},{"x":3338,"y":983,"data":{"alt":59,"type":2,"area":332}},{"x":3339,"y":983,"data":{"alt":59,"type":2,"area":332}},{"x":3344,"y":983,"data":{"alt":59,"type":2,"area":332}},{"x":3328,"y":984,"data":{"alt":59,"type":2,"area":332}},{"x":3329,"y":984,"data":{"alt":59,"type":2,"area":332}},{"x":3330,"y":984,"data":{"alt":59,"type":2,"area":332}},{"x":3331,"y":984,"data":{"alt":59,"type":2,"area":332}},{"x":3332,"y":984,"data":{"alt":59,"type":2,"area":332}},{"x":3333,"y":984,"data":{"alt":59,"type":2,"area":332}},{"x":3334,"y":984,"data":{"alt":59,"type":2,"area":332}},{"x":3335,"y":984,"data":{"alt":59,"type":2,"area":332}},{"x":3336,"y":984,"data":{"alt":59,"type":2,"area":332}},{"x":3337,"y":984,"data":{"alt":59,"type":2,"area":332}},{"x":3338,"y":984,"data":{"alt":59,"type":2,"area":332}},{"x":3339,"y":984,"data":{"alt":59,"type":2,"area":332}},{"x":3328,"y":985,"data":{"alt":59,"type":2,"area":332}},{"x":3329,"y":985,"data":{"alt":59,"type":2,"area":332}},{"x":3330,"y":985,"data":{"alt":59,"type":2,"area":332}},{"x":3331,"y":985,"data":{"alt":59,"type":2,"area":332}},{"x":3332,"y":985,"data":{"alt":59,"type":2,"area":332}},{"x":3333,"y":985,"data":{"alt":59,"type":2,"area":332}},{"x":3334,"y":985,"data":{"alt":59,"type":2,"area":332}},{"x":3335,"y":985,"data":{"alt":59,"type":2,"area":332}},{"x":3336,"y":985,"data":{"alt":59,"type":2,"area":332}},{"x":3337,"y":985,"data":{"alt":59,"type":2,"area":332}},{"x":3338,"y":985,"data":{"alt":59,"type":2,"area":332}},{"x":3339,"y":985,"data":{"alt":59,"type":2,"area":332}},{"x":3328,"y":986,"data":{"alt":59,"type":2,"area":332}},{"x":3329,"y":986,"data":{"alt":59,"type":2,"area":332}},{"x":3330,"y":986,"data":{"alt":59,"type":2,"area":332}},{"x":3331,"y":986,"data":{"alt":59,"type":2,"area":332}},{"x":3332,"y":986,"data":{"alt":59,"type":2,"area":332}},{"x":3333,"y":986,"data":{"alt":59,"type":2,"area":332}},{"x":3334,"y":986,"data":{"alt":59,"type":2,"area":332}},{"x":3335,"y":986,"data":{"alt":59,"type":2,"area":332}},{"x":3336,"y":986,"data":{"alt":59,"type":2,"area":332}},{"x":3337,"y":986,"data":{"alt":59,"type":2,"area":332}},{"x":3338,"y":986,"data":{"alt":59,"type":2,"area":332}},{"x":3328,"y":987,"data":{"alt":59,"type":2,"area":332}},{"x":3329,"y":987,"data":{"alt":59,"type":2,"area":332}},{"x":3330,"y":987,"data":{"alt":59,"type":2,"area":332}},{"x":3331,"y":987,"data":{"alt":59,"type":2,"area":332}},{"x":3332,"y":987,"data":{"alt":59,"type":2,"area":332}},{"x":3333,"y":987,"data":{"alt":59,"type":2,"area":332}},{"x":3334,"y":987,"data":{"alt":59,"type":2,"area":332}},{"x":3335,"y":987,"data":{"alt":59,"type":2,"area":332}},{"x":3336,"y":987,"data":{"alt":59,"type":2,"area":332}},{"x":3337,"y":987,"data":{"alt":59,"type":2,"area":332}},{"x":3338,"y":987,"data":{"alt":59,"type":2,"area":332}},{"x":3328,"y":988,"data":{"alt":59,"type":2,"area":332}},{"x":3329,"y":988,"data":{"alt":59,"type":2,"area":332}},{"x":3330,"y":988,"data":{"alt":59,"type":2,"area":332}},{"x":3331,"y":988,"data":{"alt":59,"type":2,"area":332}},{"x":3332,"y":988,"data":{"alt":59,"type":2,"area":332}},{"x":3333,"y":988,"data":{"alt":59,"type":2,"area":332}},{"x":3334,"y":988,"data":{"alt":59,"type":2,"area":332}},{"x":3335,"y":988,"data":{"alt":59,"type":2,"area":332}},{"x":3336,"y":988,"data":{"alt":59,"type":2,"area":332}},{"x":3337,"y":988,"data":{"alt":59,"type":2,"area":332}},{"x":3338,"y":988,"data":{"alt":59,"type":2,"area":332}},{"x":3339,"y":988,"data":{"alt":59,"type":2,"area":332}},{"x":3328,"y":989,"data":{"alt":59,"type":2,"area":332}},{"x":3329,"y":989,"data":{"alt":59,"type":2,"area":332}},{"x":3330,"y":989,"data":{"alt":59,"type":2,"area":332}},{"x":3331,"y":989,"data":{"alt":59,"type":2,"area":332}},{"x":3332,"y":989,"data":{"alt":59,"type":2,"area":332}},{"x":3333,"y":989,"data":{"alt":59,"type":2,"area":332}},{"x":3334,"y":989,"data":{"alt":59,"type":2,"area":332}},{"x":3335,"y":989,"data":{"alt":59,"type":2,"area":332}},{"x":3336,"y":989,"data":{"alt":59,"type":2,"area":332}},{"x":3337,"y":989,"data":{"alt":59,"type":2,"area":332}},{"x":3338,"y":989,"data":{"alt":59,"type":2,"area":332}},{"x":3339,"y":989,"data":{"alt":59,"type":2,"area":332}},{"x":3328,"y":990,"data":{"alt":59,"type":2,"area":332}},{"x":3329,"y":990,"data":{"alt":59,"type":2,"area":332}},{"x":3330,"y":990,"data":{"alt":59,"type":2,"area":332}},{"x":3331,"y":990,"data":{"alt":59,"type":2,"area":332}},{"x":3332,"y":990,"data":{"alt":59,"type":2,"area":332}},{"x":3333,"y":990,"data":{"alt":59,"type":2,"area":332}},{"x":3334,"y":990,"data":{"alt":59,"type":2,"area":332}},{"x":3335,"y":990,"data":{"alt":59,"type":2,"area":332}},{"x":3336,"y":990,"data":{"alt":59,"type":2,"area":332}},{"x":3337,"y":990,"data":{"alt":59,"type":2,"area":332}},{"x":3338,"y":990,"data":{"alt":59,"type":2,"area":332}},{"x":3339,"y":990,"data":{"alt":59,"type":1,"area":332}},{"x":3340,"y":990,"data":{"alt":59,"type":1,"area":332}},{"x":3328,"y":991,"data":{"alt":59,"type":2,"area":332}},{"x":3329,"y":991,"data":{"alt":59,"type":2,"area":332}},{"x":3330,"y":991,"data":{"alt":59,"type":2,"area":332}},{"x":3331,"y":991,"data":{"alt":59,"type":2,"area":332}},{"x":3332,"y":991,"data":{"alt":59,"type":2,"area":332}},{"x":3333,"y":991,"data":{"alt":59,"type":2,"area":332}},{"x":3334,"y":991,"data":{"alt":59,"type":2,"area":332}},{"x":3335,"y":991,"data":{"alt":59,"type":2,"area":332}},{"x":3336,"y":991,"data":{"alt":59,"type":2,"area":332}},{"x":3337,"y":991,"data":{"alt":59,"type":1,"area":332}},{"x":3338,"y":991,"data":{"alt":59,"type":1,"area":332}},{"x":3335,"y":945,"data":{"alt":59,"type":2,"area":332}},{"x":3336,"y":945,"data":{"alt":59,"type":2,"area":332}},{"x":3333,"y":946,"data":{"alt":59,"type":2,"area":332}},{"x":3334,"y":946,"data":{"alt":59,"type":2,"area":332}},{"x":3335,"y":946,"data":{"alt":59,"type":2,"area":332}},{"x":3336,"y":946,"data":{"alt":59,"type":2,"area":332}},{"x":3335,"y":947,"data":{"alt":59,"type":2,"area":332}},{"x":3336,"y":947,"data":{"alt":59,"type":2,"area":332}},{"x":3337,"y":947,"data":{"alt":59,"type":2,"area":332}},{"x":3335,"y":948,"data":{"alt":59,"type":2,"area":332}},{"x":3336,"y":948,"data":{"alt":59,"type":2,"area":332}},{"x":3335,"y":949,"data":{"alt":59,"type":2,"area":332}},{"x":3336,"y":949,"data":{"alt":59,"type":2,"area":332}},{"x":3337,"y":949,"data":{"alt":59,"type":2,"area":332}},{"x":3332,"y":950,"data":{"alt":59,"type":2,"area":332}},{"x":3333,"y":950,"data":{"alt":59,"type":2,"area":332}},{"x":3334,"y":950,"data":{"alt":59,"type":2,"area":332}},{"x":3335,"y":950,"data":{"alt":59,"type":2,"area":332}},{"x":3336,"y":950,"data":{"alt":59,"type":2,"area":332}},{"x":3337,"y":950,"data":{"alt":59,"type":2,"area":332}},{"x":3330,"y":951,"data":{"alt":59,"type":2,"area":332}},{"x":3331,"y":951,"data":{"alt":59,"type":2,"area":332}},{"x":3332,"y":951,"data":{"alt":59,"type":2,"area":332}},{"x":3333,"y":951,"data":{"alt":59,"type":2,"area":332}},{"x":3334,"y":951,"data":{"alt":59,"type":2,"area":332}},{"x":3335,"y":951,"data":{"alt":59,"type":2,"area":332}},{"x":3336,"y":951,"data":{"alt":59,"type":2,"area":332}},{"x":3337,"y":951,"data":{"alt":59,"type":2,"area":332}},{"x":3331,"y":952,"data":{"alt":59,"type":2,"area":332}},{"x":3332,"y":952,"data":{"alt":59,"type":2,"area":332}},{"x":3333,"y":952,"data":{"alt":59,"type":2,"area":332}},{"x":3334,"y":952,"data":{"alt":59,"type":2,"area":332}},{"x":3335,"y":952,"data":{"alt":59,"type":2,"area":332}},{"x":3336,"y":952,"data":{"alt":59,"type":2,"area":332}},{"x":3337,"y":952,"data":{"alt":59,"type":2,"area":332}},{"x":3338,"y":952,"data":{"alt":59,"type":2,"area":332}},{"x":3339,"y":952,"data":{"alt":59,"type":2,"area":332}},{"x":3331,"y":953,"data":{"alt":59,"type":2,"area":332}},{"x":3332,"y":953,"data":{"alt":59,"type":2,"area":332}},{"x":3333,"y":953,"data":{"alt":59,"type":2,"area":332}},{"x":3334,"y":953,"data":{"alt":59,"type":2,"area":332}},{"x":3335,"y":953,"data":{"alt":59,"type":2,"area":332}},{"x":3336,"y":953,"data":{"alt":59,"type":2,"area":332}},{"x":3337,"y":953,"data":{"alt":59,"type":2,"area":332}},{"x":3338,"y":953,"data":{"alt":59,"type":2,"area":332}},{"x":3339,"y":953,"data":{"alt":59,"type":2,"area":332}},{"x":3340,"y":953,"data":{"alt":59,"type":2,"area":332}},{"x":3330,"y":954,"data":{"alt":59,"type":2,"area":332}},{"x":3331,"y":954,"data":{"alt":59,"type":2,"area":332}},{"x":3332,"y":954,"data":{"alt":59,"type":2,"area":332}},{"x":3333,"y":954,"data":{"alt":59,"type":2,"area":332}},{"x":3334,"y":954,"data":{"alt":59,"type":2,"area":332}},{"x":3335,"y":954,"data":{"alt":59,"type":2,"area":332}},{"x":3336,"y":954,"data":{"alt":59,"type":2,"area":332}},{"x":3337,"y":954,"data":{"alt":59,"type":2,"area":332}},{"x":3338,"y":954,"data":{"alt":59,"type":2,"area":332}},{"x":3339,"y":954,"data":{"alt":59,"type":2,"area":332}},{"x":3340,"y":954,"data":{"alt":59,"type":2,"area":332}},{"x":3341,"y":954,"data":{"alt":59,"type":2,"area":332}},{"x":3329,"y":955,"data":{"alt":59,"type":2,"area":332}},{"x":3330,"y":955,"data":{"alt":59,"type":2,"area":332}},{"x":3331,"y":955,"data":{"alt":59,"type":2,"area":332}},{"x":3332,"y":955,"data":{"alt":59,"type":2,"area":332}},{"x":3333,"y":955,"data":{"alt":59,"type":2,"area":332}},{"x":3334,"y":955,"data":{"alt":59,"type":2,"area":332}},{"x":3335,"y":955,"data":{"alt":59,"type":2,"area":332}},{"x":3336,"y":955,"data":{"alt":59,"type":2,"area":332}},{"x":3337,"y":955,"data":{"alt":59,"type":2,"area":332}},{"x":3338,"y":955,"data":{"alt":59,"type":2,"area":332}},{"x":3339,"y":955,"data":{"alt":59,"type":2,"area":332}},{"x":3340,"y":955,"data":{"alt":59,"type":2,"area":332}},{"x":3341,"y":955,"data":{"alt":59,"type":2,"area":332}},{"x":3342,"y":955,"data":{"alt":59,"type":2,"area":332}},{"x":3343,"y":955,"data":{"alt":59,"type":2,"area":332}},{"x":3329,"y":956,"data":{"alt":59,"type":2,"area":332}},{"x":3330,"y":956,"data":{"alt":59,"type":2,"area":332}},{"x":3331,"y":956,"data":{"alt":59,"type":2,"area":332}},{"x":3332,"y":956,"data":{"alt":59,"type":2,"area":332}},{"x":3333,"y":956,"data":{"alt":59,"type":2,"area":332}},{"x":3334,"y":956,"data":{"alt":59,"type":2,"area":332}},{"x":3335,"y":956,"data":{"alt":59,"type":2,"area":332}},{"x":3336,"y":956,"data":{"alt":59,"type":2,"area":332}},{"x":3337,"y":956,"data":{"alt":59,"type":2,"area":332}},{"x":3338,"y":956,"data":{"alt":59,"type":2,"area":332}},{"x":3339,"y":956,"data":{"alt":59,"type":2,"area":332}},{"x":3340,"y":956,"data":{"alt":59,"type":2,"area":332}},{"x":3341,"y":956,"data":{"alt":59,"type":2,"area":332}},{"x":3342,"y":956,"data":{"alt":59,"type":2,"area":332}},{"x":3343,"y":956,"data":{"alt":59,"type":2,"area":332}},{"x":3344,"y":956,"data":{"alt":59,"type":2,"area":332}},{"x":3331,"y":957,"data":{"alt":59,"type":2,"area":332}},{"x":3332,"y":957,"data":{"alt":59,"type":2,"area":332}},{"x":3333,"y":957,"data":{"alt":59,"type":2,"area":332}},{"x":3334,"y":957,"data":{"alt":59,"type":2,"area":332}},{"x":3335,"y":957,"data":{"alt":59,"type":2,"area":332}},{"x":3336,"y":957,"data":{"alt":59,"type":2,"area":332}},{"x":3337,"y":957,"data":{"alt":59,"type":2,"area":332}},{"x":3338,"y":957,"data":{"alt":59,"type":2,"area":332}},{"x":3339,"y":957,"data":{"alt":59,"type":2,"area":332}},{"x":3340,"y":957,"data":{"alt":59,"type":2,"area":332}},{"x":3341,"y":957,"data":{"alt":59,"type":2,"area":332}},{"x":3342,"y":957,"data":{"alt":59,"type":2,"area":332}},{"x":3343,"y":957,"data":{"alt":59,"type":2,"area":332}},{"x":3331,"y":958,"data":{"alt":59,"type":2,"area":332}},{"x":3332,"y":958,"data":{"alt":59,"type":2,"area":332}},{"x":3333,"y":958,"data":{"alt":59,"type":2,"area":332}},{"x":3334,"y":958,"data":{"alt":59,"type":2,"area":332}},{"x":3335,"y":958,"data":{"alt":59,"type":2,"area":332}},{"x":3336,"y":958,"data":{"alt":59,"type":2,"area":332}},{"x":3337,"y":958,"data":{"alt":59,"type":2,"area":332}},{"x":3338,"y":958,"data":{"alt":59,"type":2,"area":332}},{"x":3339,"y":958,"data":{"alt":59,"type":2,"area":332}},{"x":3340,"y":958,"data":{"alt":59,"type":2,"area":332}},{"x":3341,"y":958,"data":{"alt":59,"type":2,"area":332}},{"x":3342,"y":958,"data":{"alt":59,"type":2,"area":332}},{"x":3343,"y":958,"data":{"alt":59,"type":2,"area":332}},{"x":3333,"y":959,"data":{"alt":59,"type":2,"area":332}},{"x":3334,"y":959,"data":{"alt":59,"type":2,"area":332}},{"x":3335,"y":959,"data":{"alt":59,"type":2,"area":332}},{"x":3336,"y":959,"data":{"alt":59,"type":2,"area":332}},{"x":3337,"y":959,"data":{"alt":59,"type":2,"area":332}},{"x":3338,"y":959,"data":{"alt":59,"type":2,"area":332}},{"x":3339,"y":959,"data":{"alt":59,"type":2,"area":332}},{"x":3340,"y":959,"data":{"alt":59,"type":2,"area":332}},{"x":3341,"y":959,"data":{"alt":59,"type":2,"area":332}},{"x":3342,"y":959,"data":{"alt":59,"type":2,"area":332}}]