[{"x":3311,"y":1920,"data":{"alt":57,"type":2,"area":334}},{"x":3312,"y":1920,"data":{"alt":57,"type":2,"area":334}},{"x":3313,"y":1920,"data":{"alt":57,"type":2,"area":334}},{"x":3309,"y":1906,"data":{"alt":57,"type":2,"area":334}},{"x":3303,"y":1907,"data":{"alt":57,"type":2,"area":334}},{"x":3304,"y":1907,"data":{"alt":57,"type":2,"area":334}},{"x":3305,"y":1907,"data":{"alt":57,"type":2,"area":334}},{"x":3306,"y":1907,"data":{"alt":57,"type":2,"area":334}},{"x":3307,"y":1907,"data":{"alt":57,"type":2,"area":334}},{"x":3308,"y":1907,"data":{"alt":57,"type":2,"area":334}},{"x":3309,"y":1907,"data":{"alt":57,"type":2,"area":334}},{"x":3303,"y":1908,"data":{"alt":57,"type":2,"area":334}},{"x":3304,"y":1908,"data":{"alt":57,"type":2,"area":334}},{"x":3305,"y":1908,"data":{"alt":57,"type":2,"area":334}},{"x":3306,"y":1908,"data":{"alt":57,"type":2,"area":334}},{"x":3307,"y":1908,"data":{"alt":57,"type":2,"area":334}},{"x":3308,"y":1908,"data":{"alt":57,"type":2,"area":334}},{"x":3309,"y":1908,"data":{"alt":57,"type":2,"area":334}},{"x":3310,"y":1908,"data":{"alt":57,"type":2,"area":334}},{"x":3301,"y":1909,"data":{"alt":57,"type":2,"area":334}},{"x":3302,"y":1909,"data":{"alt":57,"type":2,"area":334}},{"x":3303,"y":1909,"data":{"alt":57,"type":2,"area":334}},{"x":3304,"y":1909,"data":{"alt":57,"type":2,"area":334}},{"x":3305,"y":1909,"data":{"alt":57,"type":2,"area":334}},{"x":3306,"y":1909,"data":{"alt":57,"type":2,"area":334}},{"x":3307,"y":1909,"data":{"alt":57,"type":2,"area":334}},{"x":3308,"y":1909,"data":{"alt":57,"type":2,"area":334}},{"x":3302,"y":1910,"data":{"alt":57,"type":2,"area":334}},{"x":3303,"y":1910,"data":{"alt":57,"type":2,"area":334}},{"x":3304,"y":1910,"data":{"alt":57,"type":2,"area":334}},{"x":3305,"y":1910,"data":{"alt":57,"type":2,"area":334}},{"x":3306,"y":1910,"data":{"alt":57,"type":2,"area":334}},{"x":3307,"y":1910,"data":{"alt":57,"type":2,"area":334}},{"x":3308,"y":1910,"data":{"alt":57,"type":2,"area":334}},{"x":3302,"y":1911,"data":{"alt":57,"type":2,"area":334}},{"x":3303,"y":1911,"data":{"alt":57,"type":2,"area":334}},{"x":3304,"y":1911,"data":{"alt":57,"type":2,"area":334}},{"x":3305,"y":1911,"data":{"alt":57,"type":2,"area":334}},{"x":3306,"y":1911,"data":{"alt":57,"type":2,"area":334}},{"x":3307,"y":1911,"data":{"alt":57,"type":2,"area":334}},{"x":3308,"y":1911,"data":{"alt":57,"type":2,"area":334}},{"x":3309,"y":1911,"data":{"alt":57,"type":2,"area":334}},{"x":3310,"y":1911,"data":{"alt":57,"type":2,"area":334}},{"x":3313,"y":1911,"data":{"alt":57,"type":2,"area":334}},{"x":3301,"y":1912,"data":{"alt":57,"type":2,"area":334}},{"x":3302,"y":1912,"data":{"alt":57,"type":2,"area":334}},{"x":3303,"y":1912,"data":{"alt":57,"type":2,"area":334}},{"x":3304,"y":1912,"data":{"alt":57,"type":2,"area":334}},{"x":3305,"y":1912,"data":{"alt":57,"type":2,"area":334}},{"x":3306,"y":1912,"data":{"alt":57,"type":2,"area":334}},{"x":3307,"y":1912,"data":{"alt":57,"type":2,"area":334}},{"x":3308,"y":1912,"data":{"alt":57,"type":2,"area":334}},{"x":3309,"y":1912,"data":{"alt":57,"type":2,"area":334}},{"x":3310,"y":1912,"data":{"alt":57,"type":2,"area":334}},{"x":3311,"y":1912,"data":{"alt":57,"type":2,"area":334}},{"x":3312,"y":1912,"data":{"alt":57,"type":2,"area":334}},{"x":3313,"y":1912,"data":{"alt":57,"type":2,"area":334}},{"x":3314,"y":1912,"data":{"alt":57,"type":2,"area":334}},{"x":3303,"y":1913,"data":{"alt":57,"type":2,"area":334}},{"x":3304,"y":1913,"data":{"alt":57,"type":2,"area":334}},{"x":3305,"y":1913,"data":{"alt":57,"type":2,"area":334}},{"x":3306,"y":1913,"data":{"alt":57,"type":2,"area":334}},{"x":3307,"y":1913,"data":{"alt":57,"type":2,"area":334}},{"x":3308,"y":1913,"data":{"alt":57,"type":2,"area":334}},{"x":3309,"y":1913,"data":{"alt":57,"type":2,"area":334}},{"x":3310,"y":1913,"data":{"alt":57,"type":2,"area":334}},{"x":3311,"y":1913,"data":{"alt":57,"type":2,"area":334}},{"x":3312,"y":1913,"data":{"alt":57,"type":2,"area":334}},{"x":3313,"y":1913,"data":{"alt":57,"type":2,"area":334}},{"x":3305,"y":1914,"data":{"alt":57,"type":2,"area":334}},{"x":3306,"y":1914,"data":{"alt":57,"type":2,"area":334}},{"x":3307,"y":1914,"data":{"alt":57,"type":2,"area":334}},{"x":3308,"y":1914,"data":{"alt":57,"type":2,"area":334}},{"x":3309,"y":1914,"data":{"alt":57,"type":2,"area":334}},{"x":3310,"y":1914,"data":{"alt":57,"type":2,"area":334}},{"x":3311,"y":1914,"data":{"alt":57,"type":2,"area":334}},{"x":3312,"y":1914,"data":{"alt":57,"type":2,"area":334}},{"x":3313,"y":1914,"data":{"alt":57,"type":2,"area":334}},{"x":3307,"y":1915,"data":{"alt":57,"type":2,"area":334}},{"x":3308,"y":1915,"data":{"alt":57,"type":2,"area":334}},{"x":3309,"y":1915,"data":{"alt":57,"type":2,"area":334}},{"x":3310,"y":1915,"data":{"alt":57,"type":2,"area":334}},{"x":3311,"y":1915,"data":{"alt":57,"type":2,"area":334}},{"x":3312,"y":1915,"data":{"alt":57,"type":2,"area":334}},{"x":3313,"y":1915,"data":{"alt":57,"type":2,"area":334}},{"x":3308,"y":1916,"data":{"alt":57,"type":2,"area":334}},{"x":3309,"y":1916,"data":{"alt":57,"type":2,"area":334}},{"x":3310,"y":1916,"data":{"alt":57,"type":2,"area":334}},{"x":3311,"y":1916,"data":{"alt":57,"type":2,"area":334}},{"x":3312,"y":1916,"data":{"alt":57,"type":2,"area":334}},{"x":3313,"y":1916,"data":{"alt":57,"type":2,"area":334}},{"x":3309,"y":1917,"data":{"alt":57,"type":2,"area":334}},{"x":3310,"y":1917,"data":{"alt":57,"type":2,"area":334}},{"x":3311,"y":1917,"data":{"alt":57,"type":2,"area":334}},{"x":3312,"y":1917,"data":{"alt":57,"type":2,"area":334}},{"x":3313,"y":1917,"data":{"alt":57,"type":2,"area":334}},{"x":3314,"y":1917,"data":{"alt":57,"type":2,"area":334}},{"x":3309,"y":1918,"data":{"alt":57,"type":2,"area":334}},{"x":3310,"y":1918,"data":{"alt":57,"type":2,"area":334}},{"x":3311,"y":1918,"data":{"alt":57,"type":2,"area":334}},{"x":3312,"y":1918,"data":{"alt":57,"type":2,"area":334}},{"x":3313,"y":1918,"data":{"alt":57,"type":2,"area":334}},{"x":3314,"y":1918,"data":{"alt":57,"type":2,"area":334}},{"x":3310,"y":1919,"data":{"alt":57,"type":2,"area":334}},{"x":3311,"y":1919,"data":{"alt":57,"type":2,"area":334}},{"x":3312,"y":1919,"data":{"alt":57,"type":2,"area":334}},{"x":3313,"y":1919,"data":{"alt":57,"type":2,"area":334}}]