[{"x":574,"y":3961,"data":{"alt":6,"fertility":60,"region":2137,"area":335}},{"x":575,"y":3961,"data":{"alt":6,"fertility":60,"region":2137,"area":335}},{"x":574,"y":3962,"data":{"alt":6,"fertility":60,"region":2137,"area":335}},{"x":575,"y":3962,"data":{"alt":6,"fertility":60,"region":2137,"area":335}},{"x":574,"y":3963,"data":{"alt":6,"fertility":60,"region":2137,"area":335}},{"x":575,"y":3963,"data":{"alt":6,"fertility":60,"region":2137,"area":335}},{"x":574,"y":3964,"data":{"alt":6,"fertility":60,"region":2137,"area":335}},{"x":575,"y":3964,"data":{"alt":6,"fertility":60,"region":2137,"area":335}},{"x":573,"y":3965,"data":{"alt":5,"fertility":60,"region":2137,"area":335}},{"x":574,"y":3965,"data":{"alt":6,"fertility":60,"region":2137,"area":335}},{"x":575,"y":3965,"data":{"alt":7,"fertility":40,"region":2137,"area":335}},{"x":574,"y":3966,"data":{"alt":6,"fertility":60,"region":2137,"area":335}},{"x":575,"y":3966,"data":{"alt":7,"fertility":40,"region":2137,"area":335}},{"x":574,"y":3967,"data":{"alt":7,"fertility":40,"region":2137,"area":335}},{"x":575,"y":3967,"data":{"alt":8,"fertility":40,"region":2137,"area":335}},{"x":574,"y":3968,"data":{"alt":6,"fertility":60,"region":2137,"area":335}},{"x":575,"y":3968,"data":{"alt":8,"fertility":40,"region":2137,"area":335}},{"x":573,"y":3969,"data":{"alt":5,"fertility":60,"forest":20,"region":2137,"area":335}},{"x":574,"y":3969,"data":{"alt":7,"fertility":40,"region":2137,"area":335}},{"x":575,"y":3969,"data":{"alt":8,"fertility":40,"region":2137,"area":335}},{"x":572,"y":3970,"data":{"alt":5,"fertility":60,"region":2137,"area":335}},{"x":573,"y":3970,"data":{"alt":6,"fertility":60,"region":2137,"area":335}},{"x":574,"y":3970,"data":{"alt":7,"fertility":40,"region":2137,"area":335}},{"x":575,"y":3970,"data":{"alt":7,"fertility":40,"region":2137,"area":335}},{"x":571,"y":3971,"data":{"alt":5,"fertility":60,"region":2137,"area":335}},{"x":572,"y":3971,"data":{"alt":6,"fertility":60,"region":2137,"area":335}},{"x":573,"y":3971,"data":{"alt":6,"fertility":60,"region":2137,"area":335}},{"x":574,"y":3971,"data":{"alt":7,"fertility":40,"region":2137,"area":335}},{"x":575,"y":3971,"data":{"alt":7,"fertility":40,"region":2137,"area":335}},{"x":568,"y":3972,"data":{"alt":6,"fertility":60,"forest":20,"region":2137,"area":335}},{"x":570,"y":3972,"data":{"alt":5,"fertility":60,"region":2137,"area":335}},{"x":571,"y":3972,"data":{"alt":6,"fertility":60,"region":2137,"area":335}},{"x":572,"y":3972,"data":{"alt":6,"fertility":60,"region":2137,"area":335}},{"x":573,"y":3972,"data":{"alt":6,"fertility":60,"forest":20,"region":2137,"area":335}},{"x":574,"y":3972,"data":{"alt":7,"fertility":40,"region":2137,"area":335}},{"x":575,"y":3972,"data":{"alt":6,"fertility":60,"region":2137,"area":335}},{"x":568,"y":3973,"data":{"alt":5,"fertility":60,"region":2137,"area":335}},{"x":569,"y":3973,"data":{"alt":6,"fertility":60,"forest":20,"region":2137,"area":335}},{"x":570,"y":3973,"data":{"alt":5,"fertility":60,"forest":20,"region":2137,"area":335}},{"x":571,"y":3973,"data":{"alt":6,"fertility":60,"forest":20,"region":2137,"area":335}},{"x":572,"y":3973,"data":{"alt":6,"fertility":60,"forest":20,"region":2137,"area":335}},{"x":573,"y":3973,"data":{"alt":6,"fertility":60,"region":2137,"area":335}},{"x":574,"y":3973,"data":{"alt":7,"fertility":40,"region":2137,"area":335}},{"x":575,"y":3973,"data":{"alt":7,"fertility":40,"forest":40,"region":2137,"area":335}},{"x":570,"y":3974,"data":{"alt":5,"fertility":60,"region":2137,"area":335}},{"x":571,"y":3974,"data":{"alt":6,"fertility":60,"forest":20,"region":2137,"area":335}},{"x":572,"y":3974,"data":{"alt":6,"fertility":60,"region":2137,"area":335}},{"x":573,"y":3974,"data":{"alt":6,"fertility":60,"region":2137,"area":335}},{"x":574,"y":3974,"data":{"alt":6,"fertility":60,"region":2137,"area":335}},{"x":575,"y":3974,"data":{"alt":7,"fertility":40,"forest":20,"region":2137,"area":335}},{"x":569,"y":3975,"data":{"alt":5,"fertility":60,"region":2137,"area":335}},{"x":570,"y":3975,"data":{"alt":5,"fertility":60,"region":2137,"area":335}},{"x":571,"y":3975,"data":{"alt":5,"fertility":60,"region":2137,"area":335}},{"x":572,"y":3975,"data":{"alt":7,"fertility":40,"region":2137,"area":335}},{"x":573,"y":3975,"data":{"alt":7,"fertility":40,"region":2137,"area":335}},{"x":574,"y":3975,"data":{"alt":6,"fertility":60,"forest":20,"region":2137,"area":335}},{"x":575,"y":3975,"data":{"alt":6,"fertility":60,"region":2137,"area":335}},{"x":570,"y":3976,"data":{"alt":6,"fertility":60,"region":2137,"area":335}},{"x":571,"y":3976,"data":{"alt":6,"fertility":60,"region":2137,"area":335}},{"x":572,"y":3976,"data":{"alt":7,"fertility":40,"region":2137,"area":335}},{"x":573,"y":3976,"data":{"alt":6,"fertility":60,"region":2137,"area":335}},{"x":574,"y":3976,"data":{"alt":6,"fertility":60,"region":2137,"area":335}},{"x":575,"y":3976,"data":{"alt":7,"fertility":40,"region":2137,"area":335}},{"x":570,"y":3977,"data":{"alt":5,"fertility":60,"region":2137,"area":335}},{"x":571,"y":3977,"data":{"alt":5,"fertility":60,"region":2137,"area":335}},{"x":572,"y":3977,"data":{"alt":6,"fertility":60,"region":2137,"area":335}},{"x":573,"y":3977,"data":{"alt":5,"fertility":60,"region":2137,"area":335}},{"x":574,"y":3977,"data":{"alt":6,"fertility":60,"region":2137,"area":335}},{"x":575,"y":3977,"data":{"alt":6,"fertility":60,"region":2137,"area":335}},{"x":571,"y":3978,"data":{"alt":4,"fertility":60,"forest":20,"region":2137,"area":335}},{"x":572,"y":3978,"data":{"alt":5,"fertility":60,"region":2137,"area":335}},{"x":573,"y":3978,"data":{"alt":5,"fertility":60,"region":2137,"area":335}},{"x":574,"y":3978,"data":{"alt":6,"fertility":60,"region":2137,"area":335}},{"x":575,"y":3978,"data":{"alt":5,"fertility":60,"region":2137,"area":335}},{"x":570,"y":3979,"data":{"alt":4,"fertility":60,"forest":20,"region":2137,"area":335}},{"x":573,"y":3979,"data":{"alt":4,"fertility":60,"region":2137,"area":335}},{"x":574,"y":3979,"data":{"alt":5,"fertility":60,"region":2137,"area":335}},{"x":575,"y":3979,"data":{"alt":4,"fertility":60,"region":2137,"area":335}},{"x":574,"y":3980,"data":{"alt":4,"fertility":60,"region":2137,"area":335}},{"x":575,"y":3980,"data":{"alt":4,"fertility":60,"forest":40,"region":2137,"area":335}},{"x":576,"y":3968,"data":{"alt":50,"fertility":40,"forest":40,"region":2137,"area":335}},{"x":577,"y":3968,"data":{"alt":9,"fertility":40,"region":2137,"area":335}},{"x":578,"y":3968,"data":{"alt":8,"fertility":40,"region":2137,"area":335}},{"x":579,"y":3968,"data":{"alt":7,"fertility":40,"region":2137,"area":335}},{"x":580,"y":3968,"data":{"alt":7,"fertility":40,"region":2137,"area":335}},{"x":581,"y":3968,"data":{"alt":6,"fertility":60,"region":2137,"area":335}},{"x":582,"y":3968,"data":{"alt":6,"fertility":60,"forest":20,"region":2137,"area":335}},{"x":583,"y":3968,"data":{"alt":6,"fertility":60,"res":3,"resAmount":40,"region":2137,"area":335}},{"x":585,"y":3968,"data":{"alt":5,"fertility":60,"res":3,"resAmount":40,"region":2137,"area":335}},{"x":576,"y":3969,"data":{"alt":9,"fertility":40,"region":2137,"area":335}},{"x":577,"y":3969,"data":{"alt":9,"fertility":40,"region":2137,"area":335}},{"x":578,"y":3969,"data":{"alt":7,"fertility":40,"forest":40,"region":2137,"area":335}},{"x":579,"y":3969,"data":{"alt":7,"fertility":40,"region":2137,"area":335}},{"x":580,"y":3969,"data":{"alt":7,"fertility":40,"region":2137,"area":335}},{"x":581,"y":3969,"data":{"alt":7,"fertility":40,"forest":20,"region":2137,"area":335}},{"x":582,"y":3969,"data":{"alt":6,"fertility":60,"region":2137,"area":335}},{"x":576,"y":3970,"data":{"alt":8,"fertility":40,"region":2137,"area":335}},{"x":577,"y":3970,"data":{"alt":7,"fertility":40,"region":2137,"area":335}},{"x":578,"y":3970,"data":{"alt":7,"fertility":40,"region":2137,"area":335}},{"x":579,"y":3970,"data":{"alt":7,"fertility":40,"region":2137,"area":335}},{"x":580,"y":3970,"data":{"alt":6,"fertility":60,"region":2137,"area":335}},{"x":581,"y":3970,"data":{"alt":6,"fertility":60,"region":2137,"area":335}},{"x":582,"y":3970,"data":{"alt":5,"fertility":60,"region":2137,"area":335}},{"x":576,"y":3971,"data":{"alt":7,"fertility":40,"region":2137,"area":335}},{"x":577,"y":3971,"data":{"alt":7,"fertility":40,"region":2137,"area":335}},{"x":578,"y":3971,"data":{"alt":7,"fertility":40,"region":2137,"area":335}},{"x":579,"y":3971,"data":{"alt":6,"fertility":60,"region":2137,"area":335}},{"x":580,"y":3971,"data":{"alt":6,"fertility":60,"forest":40,"region":2137,"area":335}},{"x":581,"y":3971,"data":{"alt":5,"fertility":60,"region":2137,"area":335}},{"x":582,"y":3971,"data":{"alt":5,"fertility":60,"region":2137,"area":335}},{"x":576,"y":3972,"data":{"alt":6,"fertility":60,"region":2137,"area":335}},{"x":577,"y":3972,"data":{"alt":7,"fertility":40,"forest":40,"region":2137,"area":335}},{"x":578,"y":3972,"data":{"alt":6,"fertility":60,"forest":40,"region":2137,"area":335}},{"x":579,"y":3972,"data":{"alt":6,"fertility":60,"region":2137,"area":335}},{"x":580,"y":3972,"data":{"alt":5,"fertility":60,"region":2137,"area":335}},{"x":576,"y":3973,"data":{"alt":6,"fertility":60,"forest":40,"region":2137,"area":335}},{"x":577,"y":3973,"data":{"alt":6,"fertility":60,"region":2137,"area":335}},{"x":578,"y":3973,"data":{"alt":5,"fertility":60,"forest":40,"region":2137,"area":335}},{"x":579,"y":3973,"data":{"alt":5,"fertility":60,"region":2137,"area":335}},{"x":580,"y":3973,"data":{"alt":5,"fertility":60,"region":2137,"area":335}},{"x":576,"y":3974,"data":{"alt":6,"fertility":60,"region":2137,"area":335}},{"x":577,"y":3974,"data":{"alt":6,"fertility":60,"region":2137,"area":335}},{"x":578,"y":3974,"data":{"alt":5,"fertility":60,"region":2137,"area":335}},{"x":579,"y":3974,"data":{"alt":5,"fertility":60,"region":2137,"area":335}},{"x":580,"y":3974,"data":{"alt":5,"fertility":60,"region":2137,"area":335}},{"x":576,"y":3975,"data":{"alt":5,"fertility":60,"region":2137,"area":335}},{"x":577,"y":3975,"data":{"alt":5,"fertility":60,"region":2137,"area":335}},{"x":578,"y":3975,"data":{"alt":5,"fertility":60,"region":2137,"area":335}},{"x":579,"y":3975,"data":{"alt":5,"fertility":60,"region":2137,"area":335}},{"x":580,"y":3975,"data":{"alt":4,"fertility":60,"forest":40,"region":2137,"area":335}},{"x":576,"y":3976,"data":{"alt":6,"fertility":60,"region":2137,"area":335}},{"x":577,"y":3976,"data":{"alt":6,"fertility":60,"forest":20,"region":2137,"area":335}},{"x":578,"y":3976,"data":{"alt":5,"fertility":60,"forest":20,"region":2137,"area":335}},{"x":579,"y":3976,"data":{"alt":5,"fertility":60,"res":5,"resAmount":40,"region":2137,"area":335}},{"x":580,"y":3976,"data":{"alt":4,"fertility":60,"forest":40,"region":2137,"area":335}},{"x":576,"y":3977,"data":{"alt":6,"fertility":60,"forest":20,"region":2137,"area":335}},{"x":577,"y":3977,"data":{"alt":5,"fertility":60,"region":2137,"area":335}},{"x":578,"y":3977,"data":{"alt":5,"fertility":60,"region":2137,"area":335}},{"x":579,"y":3977,"data":{"alt":5,"fertility":60,"region":2137,"area":335}},{"x":580,"y":3977,"data":{"alt":4,"fertility":60,"region":2137,"area":335}},{"x":576,"y":3978,"data":{"alt":5,"fertility":60,"region":2137,"area":335}},{"x":577,"y":3978,"data":{"alt":5,"fertility":60,"region":2137,"area":335}},{"x":578,"y":3978,"data":{"alt":5,"fertility":60,"region":2137,"area":335}},{"x":579,"y":3978,"data":{"alt":5,"fertility":60,"region":2137,"area":335}},{"x":580,"y":3978,"data":{"alt":5,"fertility":60,"region":2137,"area":335}},{"x":581,"y":3978,"data":{"alt":4,"fertility":60,"forest":80,"region":2137,"area":335}},{"x":576,"y":3979,"data":{"alt":5,"fertility":60,"region":2137,"area":335}},{"x":577,"y":3979,"data":{"alt":4,"fertility":60,"region":2137,"area":335}},{"x":578,"y":3979,"data":{"alt":4,"fertility":60,"region":2137,"area":335}},{"x":579,"y":3979,"data":{"alt":4,"fertility":60,"region":2137,"area":335}},{"x":580,"y":3979,"data":{"alt":4,"fertility":60,"region":2137,"area":335}},{"x":576,"y":3980,"data":{"alt":4,"fertility":60,"region":2137,"area":335}},{"x":577,"y":3980,"data":{"alt":3,"fertility":60,"region":2137,"area":335}},{"x":597,"y":3936,"data":{"alt":4,"fertility":60,"region":2137,"area":335}},{"x":598,"y":3936,"data":{"alt":4,"fertility":60,"forest":20,"region":2137,"area":335}},{"x":599,"y":3936,"data":{"alt":4,"fertility":60,"forest":20,"region":2137,"area":335}},{"x":600,"y":3936,"data":{"alt":4,"fertility":60,"region":2137,"area":335}},{"x":601,"y":3936,"data":{"alt":3,"fertility":60,"region":2137,"area":335}},{"x":602,"y":3936,"data":{"alt":3,"fertility":60,"region":2137,"area":335}},{"x":603,"y":3936,"data":{"alt":4,"fertility":60,"region":2137,"area":335}},{"x":604,"y":3936,"data":{"alt":4,"fertility":60,"region":2137,"area":335}},{"x":605,"y":3936,"data":{"alt":4,"fertility":60,"region":2137,"area":335}},{"x":606,"y":3936,"data":{"alt":5,"fertility":60,"region":2137,"area":335}},{"x":607,"y":3936,"data":{"alt":3,"fertility":60,"region":2137,"area":335}},{"x":596,"y":3937,"data":{"alt":4,"fertility":60,"region":2137,"area":335}},{"x":597,"y":3937,"data":{"alt":4,"fertility":60,"region":2137,"area":335}},{"x":598,"y":3937,"data":{"alt":4,"fertility":60,"region":2137,"area":335}},{"x":599,"y":3937,"data":{"alt":4,"fertility":60,"region":2137,"area":335}},{"x":600,"y":3937,"data":{"alt":4,"fertility":60,"region":2137,"area":335}},{"x":601,"y":3937,"data":{"alt":4,"fertility":60,"region":2137,"area":335}},{"x":602,"y":3937,"data":{"alt":4,"fertility":60,"region":2137,"area":335}},{"x":603,"y":3937,"data":{"alt":4,"fertility":60,"region":2137,"area":335}},{"x":604,"y":3937,"data":{"alt":4,"fertility":60,"region":2137,"area":335}},{"x":605,"y":3937,"data":{"alt":4,"fertility":60,"region":2137,"area":335}},{"x":606,"y":3937,"data":{"alt":5,"fertility":60,"forest":20,"region":2137,"area":335}},{"x":607,"y":3937,"data":{"alt":3,"fertility":60,"region":2137,"area":335}},{"x":596,"y":3938,"data":{"alt":4,"fertility":60,"region":2137,"area":335}},{"x":597,"y":3938,"data":{"alt":4,"fertility":60,"region":2137,"area":335}},{"x":598,"y":3938,"data":{"alt":4,"fertility":60,"region":2137,"area":335}},{"x":599,"y":3938,"data":{"alt":4,"fertility":60,"region":2137,"area":335}},{"x":600,"y":3938,"data":{"alt":5,"fertility":60,"region":2137,"area":335}},{"x":601,"y":3938,"data":{"alt":4,"fertility":60,"region":2137,"area":335}},{"x":602,"y":3938,"data":{"alt":4,"fertility":60,"region":2137,"area":335}},{"x":603,"y":3938,"data":{"alt":3,"fertility":60,"region":2137,"area":335}},{"x":604,"y":3938,"data":{"alt":4,"fertility":60,"region":2137,"area":335}},{"x":605,"y":3938,"data":{"alt":4,"fertility":60,"region":2137,"area":335}},{"x":606,"y":3938,"data":{"alt":3,"fertility":60,"region":2137,"area":335}},{"x":607,"y":3938,"data":{"alt":3,"fertility":60,"region":2137,"area":335}},{"x":596,"y":3939,"data":{"alt":4,"fertility":60,"region":2137,"area":335}},{"x":597,"y":3939,"data":{"alt":4,"fertility":60,"forest":40,"region":2137,"area":335}},{"x":598,"y":3939,"data":{"alt":4,"fertility":60,"region":2137,"area":335}},{"x":599,"y":3939,"data":{"alt":4,"fertility":60,"region":2137,"area":335}},{"x":600,"y":3939,"data":{"alt":4,"fertility":60,"region":2137,"area":335}},{"x":601,"y":3939,"data":{"alt":4,"fertility":60,"forest":20,"region":2137,"area":335}},{"x":602,"y":3939,"data":{"alt":4,"fertility":60,"region":2137,"area":335}},{"x":603,"y":3939,"data":{"alt":4,"fertility":60,"region":2137,"area":335}},{"x":604,"y":3939,"data":{"alt":4,"fertility":60,"region":2137,"area":335}},{"x":605,"y":3939,"data":{"alt":3,"fertility":60,"region":2137,"area":335}},{"x":606,"y":3939,"data":{"alt":3,"fertility":60,"region":2137,"area":335}},{"x":603,"y":3940,"data":{"alt":4,"fertility":60,"region":2137,"area":335}},{"x":604,"y":3940,"data":{"alt":5,"fertility":60,"region":2137,"area":335}},{"x":605,"y":3940,"data":{"alt":4,"fertility":60,"region":2137,"area":335}},{"x":606,"y":3940,"data":{"alt":4,"fertility":60,"forest":20,"region":2137,"area":335}},{"x":597,"y":3941,"data":{"alt":4,"fertility":60,"region":2137,"area":335}},{"x":598,"y":3941,"data":{"alt":4,"fertility":60,"region":2137,"area":335}},{"x":602,"y":3941,"data":{"alt":4,"fertility":60,"region":2137,"area":335}},{"x":603,"y":3941,"data":{"alt":5,"fertility":60,"region":2137,"area":335}},{"x":604,"y":3941,"data":{"alt":5,"fertility":60,"region":2137,"area":335}},{"x":605,"y":3941,"data":{"alt":4,"fertility":60,"region":2137,"area":335}},{"x":606,"y":3941,"data":{"alt":4,"fertility":60,"region":2137,"area":335}},{"x":596,"y":3942,"data":{"alt":4,"fertility":60,"region":2137,"area":335}},{"x":601,"y":3942,"data":{"alt":4,"fertility":60,"region":2137,"area":335}},{"x":602,"y":3942,"data":{"alt":5,"fertility":60,"region":2137,"area":335}},{"x":603,"y":3942,"data":{"alt":5,"fertility":60,"region":2137,"area":335}},{"x":604,"y":3942,"data":{"alt":5,"fertility":60,"region":2137,"area":335}},{"x":605,"y":3942,"data":{"alt":4,"fertility":60,"region":2137,"area":335}},{"x":595,"y":3943,"data":{"alt":4,"fertility":60,"region":2137,"area":335}},{"x":596,"y":3943,"data":{"alt":4,"fertility":60,"region":2137,"area":335}},{"x":597,"y":3943,"data":{"alt":5,"fertility":60,"forest":20,"region":2137,"area":335}},{"x":598,"y":3943,"data":{"alt":5,"fertility":60,"region":2137,"area":335}},{"x":601,"y":3943,"data":{"alt":4,"fertility":60,"region":2137,"area":335}},{"x":602,"y":3943,"data":{"alt":5,"fertility":60,"region":2137,"area":335}},{"x":603,"y":3943,"data":{"alt":5,"fertility":60,"region":2137,"area":335}},{"x":604,"y":3943,"data":{"alt":5,"fertility":60,"region":2137,"area":335}},{"x":605,"y":3943,"data":{"alt":4,"fertility":60,"region":2137,"area":335}},{"x":606,"y":3943,"data":{"alt":4,"fertility":60,"region":2137,"area":335}},{"x":607,"y":3943,"data":{"alt":4,"fertility":60,"region":2137,"area":335}},{"x":593,"y":3944,"data":{"alt":4,"fertility":60,"region":2137,"area":335}},{"x":595,"y":3944,"data":{"alt":4,"fertility":60,"forest":40,"region":2137,"area":335}},{"x":596,"y":3944,"data":{"alt":5,"fertility":60,"region":2137,"area":335}},{"x":597,"y":3944,"data":{"alt":5,"fertility":60,"forest":20,"region":2137,"area":335}},{"x":598,"y":3944,"data":{"alt":5,"fertility":60,"region":2137,"area":335}},{"x":599,"y":3944,"data":{"alt":4,"fertility":60,"forest":20,"region":2137,"area":335}},{"x":601,"y":3944,"data":{"alt":4,"fertility":60,"region":2137,"area":335}},{"x":602,"y":3944,"data":{"alt":4,"fertility":60,"region":2137,"area":335}},{"x":603,"y":3944,"data":{"alt":5,"fertility":60,"region":2137,"area":335}},{"x":604,"y":3944,"data":{"alt":5,"fertility":60,"region":2137,"area":335}},{"x":605,"y":3944,"data":{"alt":5,"fertility":60,"region":2137,"area":335}},{"x":606,"y":3944,"data":{"alt":5,"fertility":60,"region":2137,"area":335}},{"x":594,"y":3945,"data":{"alt":4,"fertility":60,"region":2137,"area":335}},{"x":595,"y":3945,"data":{"alt":4,"fertility":60,"region":2137,"area":335}},{"x":596,"y":3945,"data":{"alt":5,"fertility":60,"region":2137,"area":335}},{"x":597,"y":3945,"data":{"alt":5,"fertility":60,"region":2137,"area":335}},{"x":598,"y":3945,"data":{"alt":5,"fertility":60,"region":2137,"area":335}},{"x":599,"y":3945,"data":{"alt":5,"fertility":60,"region":2137,"area":335}},{"x":600,"y":3945,"data":{"alt":5,"fertility":60,"region":2137,"area":335}},{"x":601,"y":3945,"data":{"alt":4,"fertility":60,"region":2137,"area":335}},{"x":602,"y":3945,"data":{"alt":5,"fertility":60,"region":2137,"area":335}},{"x":603,"y":3945,"data":{"alt":5,"fertility":60,"region":2137,"area":335}},{"x":604,"y":3945,"data":{"alt":5,"fertility":60,"region":2137,"area":335}},{"x":605,"y":3945,"data":{"alt":5,"fertility":60,"region":2137,"area":335}},{"x":606,"y":3945,"data":{"alt":4,"fertility":60,"region":2137,"area":335}},{"x":607,"y":3945,"data":{"alt":4,"fertility":60,"forest":20,"region":2137,"area":335}},{"x":594,"y":3946,"data":{"alt":4,"fertility":60,"region":2137,"area":335}},{"x":595,"y":3946,"data":{"alt":4,"fertility":60,"region":2137,"area":335}},{"x":596,"y":3946,"data":{"alt":5,"fertility":60,"region":2137,"area":335}},{"x":597,"y":3946,"data":{"alt":5,"fertility":60,"region":2137,"area":335}},{"x":598,"y":3946,"data":{"alt":5,"fertility":60,"region":2137,"area":335}},{"x":599,"y":3946,"data":{"alt":5,"fertility":60,"region":2137,"area":335}},{"x":600,"y":3946,"data":{"alt":5,"fertility":60,"region":2137,"area":335}},{"x":601,"y":3946,"data":{"alt":4,"fertility":60,"region":2137,"area":335}},{"x":602,"y":3946,"data":{"alt":4,"fertility":60,"region":2137,"area":335}},{"x":603,"y":3946,"data":{"alt":5,"fertility":60,"region":2137,"area":335}},{"x":604,"y":3946,"data":{"alt":4,"fertility":60,"region":2137,"area":335}},{"x":605,"y":3946,"data":{"alt":5,"fertility":60,"region":2137,"area":335}},{"x":606,"y":3946,"data":{"alt":5,"fertility":60,"region":2137,"area":335}},{"x":607,"y":3946,"data":{"alt":4,"fertility":60,"region":2137,"area":335}},{"x":595,"y":3947,"data":{"alt":5,"fertility":60,"region":2137,"area":335}},{"x":596,"y":3947,"data":{"alt":5,"fertility":60,"region":2137,"area":335}},{"x":597,"y":3947,"data":{"alt":5,"fertility":60,"region":2137,"area":335}},{"x":598,"y":3947,"data":{"alt":5,"fertility":60,"region":2137,"area":335}},{"x":599,"y":3947,"data":{"alt":5,"fertility":60,"forest":20,"region":2137,"area":335}},{"x":600,"y":3947,"data":{"alt":4,"fertility":60,"region":2137,"area":335}},{"x":601,"y":3947,"data":{"alt":4,"fertility":60,"region":2137,"area":335}},{"x":602,"y":3947,"data":{"alt":5,"fertility":60,"region":2137,"area":335}},{"x":603,"y":3947,"data":{"alt":5,"fertility":60,"region":2137,"area":335}},{"x":604,"y":3947,"data":{"alt":5,"fertility":60,"region":2137,"area":335}},{"x":605,"y":3947,"data":{"alt":5,"fertility":60,"region":2137,"area":335}},{"x":606,"y":3947,"data":{"alt":4,"fertility":60,"region":2137,"area":335}},{"x":607,"y":3947,"data":{"alt":4,"fertility":60,"region":2137,"area":335}},{"x":595,"y":3948,"data":{"alt":4,"fertility":60,"region":2137,"area":335}},{"x":596,"y":3948,"data":{"alt":4,"fertility":60,"region":2137,"area":335}},{"x":597,"y":3948,"data":{"alt":5,"fertility":60,"forest":20,"region":2137,"area":335}},{"x":598,"y":3948,"data":{"alt":5,"fertility":60,"region":2137,"area":335}},{"x":599,"y":3948,"data":{"alt":5,"fertility":60,"region":2137,"area":335}},{"x":600,"y":3948,"data":{"alt":4,"fertility":60,"forest":20,"region":2137,"area":335}},{"x":601,"y":3948,"data":{"alt":5,"fertility":60,"region":2137,"area":335}},{"x":602,"y":3948,"data":{"alt":5,"fertility":60,"region":2137,"area":335}},{"x":603,"y":3948,"data":{"alt":5,"fertility":60,"region":2137,"area":335}},{"x":604,"y":3948,"data":{"alt":5,"fertility":60,"forest":40,"region":2137,"area":335}},{"x":605,"y":3948,"data":{"alt":5,"fertility":60,"region":2137,"area":335}},{"x":606,"y":3948,"data":{"alt":4,"fertility":60,"region":2137,"area":335}},{"x":607,"y":3948,"data":{"alt":4,"fertility":60,"region":2137,"area":335}},{"x":595,"y":3949,"data":{"alt":4,"fertility":60,"forest":20,"region":2137,"area":335}},{"x":596,"y":3949,"data":{"alt":6,"fertility":60,"forest":20,"region":2137,"area":335}},{"x":597,"y":3949,"data":{"alt":4,"fertility":60,"region":2137,"area":335}},{"x":598,"y":3949,"data":{"alt":5,"fertility":60,"forest":20,"region":2137,"area":335}},{"x":599,"y":3949,"data":{"alt":5,"fertility":60,"region":2137,"area":335}},{"x":600,"y":3949,"data":{"alt":6,"fertility":60,"region":2137,"area":335}},{"x":601,"y":3949,"data":{"alt":5,"fertility":60,"region":2137,"area":335}},{"x":602,"y":3949,"data":{"alt":5,"fertility":60,"region":2137,"area":335}},{"x":603,"y":3949,"data":{"alt":5,"fertility":60,"region":2137,"area":335}},{"x":604,"y":3949,"data":{"alt":5,"fertility":60,"region":2137,"area":335}},{"x":605,"y":3949,"data":{"alt":4,"fertility":60,"region":2137,"area":335}},{"x":606,"y":3949,"data":{"alt":3,"fertility":60,"region":2137,"area":335}},{"x":590,"y":3950,"data":{"alt":4,"fertility":60,"region":2137,"area":335}},{"x":593,"y":3950,"data":{"alt":4,"fertility":60,"region":2137,"area":335}},{"x":595,"y":3950,"data":{"alt":4,"fertility":60,"region":2137,"area":335}},{"x":596,"y":3950,"data":{"alt":4,"fertility":60,"forest":20,"region":2137,"area":335}},{"x":597,"y":3950,"data":{"alt":5,"fertility":60,"region":2137,"area":335}},{"x":598,"y":3950,"data":{"alt":5,"fertility":60,"region":2137,"area":335}},{"x":599,"y":3950,"data":{"alt":6,"fertility":60,"region":2137,"area":335}},{"x":600,"y":3950,"data":{"alt":6,"fertility":60,"forest":20,"region":2137,"area":335}},{"x":601,"y":3950,"data":{"alt":5,"fertility":60,"region":2137,"area":335}},{"x":602,"y":3950,"data":{"alt":5,"fertility":60,"region":2137,"area":335}},{"x":603,"y":3950,"data":{"alt":4,"fertility":60,"region":2137,"area":335}},{"x":604,"y":3950,"data":{"alt":4,"fertility":60,"forest":40,"region":2137,"area":335}},{"x":605,"y":3950,"data":{"alt":4,"fertility":60,"region":2137,"area":335}},{"x":589,"y":3951,"data":{"alt":4,"fertility":60,"region":2137,"area":335}},{"x":590,"y":3951,"data":{"alt":6,"fertility":60,"forest":20,"region":2137,"area":335}},{"x":591,"y":3951,"data":{"alt":4,"fertility":60,"region":2137,"area":335}},{"x":592,"y":3951,"data":{"alt":4,"fertility":60,"forest":20,"region":2137,"area":335}},{"x":593,"y":3951,"data":{"alt":4,"fertility":60,"forest":20,"region":2137,"area":335}},{"x":594,"y":3951,"data":{"alt":4,"fertility":60,"region":2137,"area":335}},{"x":595,"y":3951,"data":{"alt":5,"fertility":60,"region":2137,"area":335}},{"x":596,"y":3951,"data":{"alt":5,"fertility":60,"forest":40,"region":2137,"area":335}},{"x":597,"y":3951,"data":{"alt":5,"fertility":60,"region":2137,"area":335}},{"x":598,"y":3951,"data":{"alt":5,"fertility":60,"region":2137,"area":335}},{"x":599,"y":3951,"data":{"alt":5,"fertility":60,"region":2137,"area":335}},{"x":600,"y":3951,"data":{"alt":5,"fertility":60,"region":2137,"area":335}},{"x":601,"y":3951,"data":{"alt":5,"fertility":60,"forest":20,"region":2137,"area":335}},{"x":602,"y":3951,"data":{"alt":5,"fertility":60,"region":2137,"area":335}},{"x":603,"y":3951,"data":{"alt":4,"fertility":60,"region":2137,"area":335}},{"x":588,"y":3952,"data":{"alt":4,"fertility":60,"forest":20,"region":2137,"area":335}},{"x":589,"y":3952,"data":{"alt":5,"fertility":60,"forest":20,"region":2137,"area":335}},{"x":590,"y":3952,"data":{"alt":5,"fertility":60,"region":2137,"area":335}},{"x":591,"y":3952,"data":{"alt":5,"fertility":60,"region":2137,"area":335}},{"x":592,"y":3952,"data":{"alt":5,"fertility":60,"region":2137,"area":335}},{"x":593,"y":3952,"data":{"alt":5,"fertility":60,"forest":20,"region":2137,"area":335}},{"x":594,"y":3952,"data":{"alt":5,"fertility":60,"region":2137,"area":335}},{"x":595,"y":3952,"data":{"alt":5,"fertility":60,"region":2137,"area":335}},{"x":596,"y":3952,"data":{"alt":5,"fertility":60,"region":2137,"area":335}},{"x":597,"y":3952,"data":{"alt":5,"fertility":60,"region":2137,"area":335}},{"x":598,"y":3952,"data":{"alt":5,"fertility":60,"forest":40,"region":2137,"area":335}},{"x":599,"y":3952,"data":{"alt":5,"fertility":60,"region":2137,"area":335}},{"x":600,"y":3952,"data":{"alt":5,"fertility":60,"forest":40,"region":2137,"area":335}},{"x":601,"y":3952,"data":{"alt":5,"fertility":60,"region":2137,"area":335}},{"x":602,"y":3952,"data":{"alt":5,"fertility":60,"region":2137,"area":335}},{"x":587,"y":3953,"data":{"alt":5,"fertility":60,"region":2137,"area":335}},{"x":588,"y":3953,"data":{"alt":5,"fertility":60,"region":2137,"area":335}},{"x":589,"y":3953,"data":{"alt":5,"fertility":60,"region":2137,"area":335}},{"x":590,"y":3953,"data":{"alt":5,"fertility":60,"region":2137,"area":335}},{"x":591,"y":3953,"data":{"alt":5,"fertility":60,"region":2137,"area":335}},{"x":592,"y":3953,"data":{"alt":4,"fertility":60,"region":2137,"area":335}},{"x":593,"y":3953,"data":{"alt":5,"fertility":60,"region":2137,"area":335}},{"x":594,"y":3953,"data":{"alt":5,"fertility":60,"region":2137,"area":335}},{"x":595,"y":3953,"data":{"alt":5,"fertility":60,"forest":20,"region":2137,"area":335}},{"x":596,"y":3953,"data":{"alt":5,"fertility":60,"region":2137,"area":335}},{"x":597,"y":3953,"data":{"alt":5,"fertility":60,"region":2137,"area":335}},{"x":598,"y":3953,"data":{"alt":5,"fertility":60,"region":2137,"area":335}},{"x":599,"y":3953,"data":{"alt":5,"fertility":60,"region":2137,"area":335}},{"x":600,"y":3953,"data":{"alt":5,"fertility":60,"region":2137,"area":335}},{"x":601,"y":3953,"data":{"alt":5,"fertility":60,"forest":40,"region":2137,"area":335}},{"x":602,"y":3953,"data":{"alt":5,"fertility":60,"region":2137,"area":335}},{"x":586,"y":3954,"data":{"alt":4,"fertility":60,"region":2137,"area":335}},{"x":587,"y":3954,"data":{"alt":5,"fertility":60,"region":2137,"area":335}},{"x":588,"y":3954,"data":{"alt":5,"fertility":60,"region":2137,"area":335}},{"x":589,"y":3954,"data":{"alt":5,"fertility":60,"region":2137,"area":335}},{"x":590,"y":3954,"data":{"alt":5,"fertility":60,"forest":20,"region":2137,"area":335}},{"x":591,"y":3954,"data":{"alt":5,"fertility":60,"region":2137,"area":335}},{"x":592,"y":3954,"data":{"alt":5,"fertility":60,"region":2137,"area":335}},{"x":593,"y":3954,"data":{"alt":5,"fertility":60,"region":2137,"area":335}},{"x":594,"y":3954,"data":{"alt":5,"fertility":60,"region":2137,"area":335}},{"x":595,"y":3954,"data":{"alt":7,"fertility":40,"region":2137,"area":335}},{"x":596,"y":3954,"data":{"alt":7,"fertility":40,"region":2137,"area":335}},{"x":597,"y":3954,"data":{"alt":5,"fertility":60,"forest":20,"region":2137,"area":335}},{"x":598,"y":3954,"data":{"alt":5,"fertility":60,"region":2137,"area":335}},{"x":599,"y":3954,"data":{"alt":5,"fertility":60,"region":2137,"area":335}},{"x":600,"y":3954,"data":{"alt":5,"fertility":60,"region":2137,"area":335}},{"x":586,"y":3955,"data":{"alt":5,"fertility":60,"region":2137,"area":335}},{"x":587,"y":3955,"data":{"alt":5,"fertility":60,"region":2137,"area":335}},{"x":588,"y":3955,"data":{"alt":5,"fertility":60,"region":2137,"area":335}},{"x":589,"y":3955,"data":{"alt":5,"fertility":60,"region":2137,"area":335}},{"x":590,"y":3955,"data":{"alt":5,"fertility":60,"forest":20,"region":2137,"area":335}},{"x":591,"y":3955,"data":{"alt":5,"fertility":60,"forest":20,"region":2137,"area":335}},{"x":592,"y":3955,"data":{"alt":5,"fertility":60,"region":2137,"area":335}},{"x":593,"y":3955,"data":{"alt":5,"fertility":60,"region":2137,"area":335}},{"x":594,"y":3955,"data":{"alt":5,"fertility":60,"region":2137,"area":335}},{"x":595,"y":3955,"data":{"alt":5,"fertility":60,"region":2137,"area":335}},{"x":596,"y":3955,"data":{"alt":5,"fertility":60,"region":2137,"area":335}},{"x":597,"y":3955,"data":{"alt":5,"fertility":60,"region":2137,"area":335}},{"x":585,"y":3956,"data":{"alt":5,"fertility":60,"region":2137,"area":335}},{"x":586,"y":3956,"data":{"alt":5,"fertility":60,"forest":20,"region":2137,"area":335}},{"x":587,"y":3956,"data":{"alt":5,"fertility":60,"region":2137,"area":335}},{"x":588,"y":3956,"data":{"alt":5,"fertility":60,"region":2137,"area":335}},{"x":589,"y":3956,"data":{"alt":5,"fertility":60,"region":2137,"area":335}},{"x":590,"y":3956,"data":{"alt":6,"fertility":60,"region":2137,"area":335}},{"x":591,"y":3956,"data":{"alt":5,"fertility":60,"region":2137,"area":335}},{"x":592,"y":3956,"data":{"alt":5,"fertility":60,"region":2137,"area":335}},{"x":593,"y":3956,"data":{"alt":6,"fertility":60,"region":2137,"area":335}},{"x":594,"y":3956,"data":{"alt":6,"fertility":60,"region":2137,"area":335}},{"x":595,"y":3956,"data":{"alt":6,"fertility":60,"region":2137,"area":335}},{"x":585,"y":3957,"data":{"alt":5,"fertility":60,"region":2137,"area":335}},{"x":586,"y":3957,"data":{"alt":6,"fertility":60,"region":2137,"area":335}},{"x":587,"y":3957,"data":{"alt":6,"fertility":60,"region":2137,"area":335}},{"x":588,"y":3957,"data":{"alt":6,"fertility":60,"region":2137,"area":335}},{"x":589,"y":3957,"data":{"alt":5,"fertility":60,"region":2137,"area":335}},{"x":590,"y":3957,"data":{"alt":6,"fertility":60,"region":2137,"area":335}},{"x":591,"y":3957,"data":{"alt":6,"fertility":60,"region":2137,"area":335}},{"x":592,"y":3957,"data":{"alt":5,"fertility":60,"region":2137,"area":335}},{"x":593,"y":3957,"data":{"alt":6,"fertility":60,"region":2137,"area":335}},{"x":594,"y":3957,"data":{"alt":5,"fertility":60,"region":2137,"area":335}},{"x":595,"y":3957,"data":{"alt":5,"fertility":60,"region":2137,"area":335}},{"x":596,"y":3957,"data":{"alt":5,"fertility":60,"region":2137,"area":335}},{"x":597,"y":3957,"data":{"alt":5,"fertility":60,"region":2137,"area":335}},{"x":578,"y":3958,"data":{"alt":5,"fertility":60,"region":2137,"area":335}},{"x":580,"y":3958,"data":{"alt":5,"fertility":60,"region":2137,"area":335}},{"x":582,"y":3958,"data":{"alt":5,"fertility":60,"region":2137,"area":335}},{"x":583,"y":3958,"data":{"alt":5,"fertility":60,"region":2137,"area":335}},{"x":584,"y":3958,"data":{"alt":5,"fertility":60,"region":2137,"area":335}},{"x":585,"y":3958,"data":{"alt":6,"fertility":60,"region":2137,"area":335}},{"x":586,"y":3958,"data":{"alt":6,"fertility":60,"region":2137,"area":335}},{"x":587,"y":3958,"data":{"alt":6,"fertility":60,"region":2137,"area":335}},{"x":588,"y":3958,"data":{"alt":5,"fertility":60,"region":2137,"area":335}},{"x":589,"y":3958,"data":{"alt":5,"fertility":60,"region":2137,"area":335}},{"x":590,"y":3958,"data":{"alt":6,"fertility":60,"region":2137,"area":335}},{"x":591,"y":3958,"data":{"alt":6,"fertility":60,"region":2137,"area":335}},{"x":592,"y":3958,"data":{"alt":6,"fertility":60,"region":2137,"area":335}},{"x":593,"y":3958,"data":{"alt":6,"fertility":60,"region":2137,"area":335}},{"x":594,"y":3958,"data":{"alt":6,"fertility":60,"region":2137,"area":335}},{"x":595,"y":3958,"data":{"alt":6,"fertility":60,"region":2137,"area":335}},{"x":596,"y":3958,"data":{"alt":5,"fertility":60,"region":2137,"area":335}},{"x":577,"y":3959,"data":{"alt":5,"fertility":60,"region":2137,"area":335}},{"x":578,"y":3959,"data":{"alt":5,"fertility":60,"region":2137,"area":335}},{"x":579,"y":3959,"data":{"alt":5,"fertility":60,"region":2137,"area":335}},{"x":580,"y":3959,"data":{"alt":6,"fertility":60,"region":2137,"area":335}},{"x":581,"y":3959,"data":{"alt":6,"fertility":60,"region":2137,"area":335}},{"x":582,"y":3959,"data":{"alt":6,"fertility":60,"forest":20,"region":2137,"area":335}},{"x":583,"y":3959,"data":{"alt":6,"fertility":60,"region":2137,"area":335}},{"x":584,"y":3959,"data":{"alt":6,"fertility":60,"region":2137,"area":335}},{"x":585,"y":3959,"data":{"alt":6,"fertility":60,"region":2137,"area":335}},{"x":586,"y":3959,"data":{"alt":7,"fertility":40,"region":2137,"area":335}},{"x":587,"y":3959,"data":{"alt":6,"fertility":60,"region":2137,"area":335}},{"x":588,"y":3959,"data":{"alt":6,"fertility":60,"region":2137,"area":335}},{"x":589,"y":3959,"data":{"alt":5,"fertility":60,"region":2137,"area":335}},{"x":590,"y":3959,"data":{"alt":6,"fertility":60,"region":2137,"area":335}},{"x":591,"y":3959,"data":{"alt":6,"fertility":60,"region":2137,"area":335}},{"x":592,"y":3959,"data":{"alt":6,"fertility":60,"region":2137,"area":335}},{"x":593,"y":3959,"data":{"alt":6,"fertility":60,"region":2137,"area":335}},{"x":594,"y":3959,"data":{"alt":6,"fertility":60,"region":2137,"area":335}},{"x":595,"y":3959,"data":{"alt":5,"fertility":60,"region":2137,"area":335}},{"x":596,"y":3959,"data":{"alt":5,"fertility":60,"region":2137,"area":335}},{"x":577,"y":3960,"data":{"alt":6,"fertility":60,"region":2137,"area":335}},{"x":578,"y":3960,"data":{"alt":6,"fertility":60,"region":2137,"area":335}},{"x":579,"y":3960,"data":{"alt":6,"fertility":60,"region":2137,"area":335}},{"x":580,"y":3960,"data":{"alt":5,"fertility":60,"region":2137,"area":335}},{"x":581,"y":3960,"data":{"alt":6,"fertility":60,"region":2137,"area":335}},{"x":582,"y":3960,"data":{"alt":5,"fertility":60,"region":2137,"area":335}},{"x":583,"y":3960,"data":{"alt":6,"fertility":60,"region":2137,"area":335}},{"x":584,"y":3960,"data":{"alt":6,"fertility":60,"region":2137,"area":335}},{"x":585,"y":3960,"data":{"alt":7,"fertility":40,"region":2137,"area":335}},{"x":586,"y":3960,"data":{"alt":7,"fertility":40,"region":2137,"area":335}},{"x":587,"y":3960,"data":{"alt":6,"fertility":60,"region":2137,"area":335}},{"x":588,"y":3960,"data":{"alt":6,"fertility":60,"region":2137,"area":335}},{"x":589,"y":3960,"data":{"alt":6,"fertility":60,"region":2137,"area":335}},{"x":590,"y":3960,"data":{"alt":6,"fertility":60,"region":2137,"area":335}},{"x":591,"y":3960,"data":{"alt":6,"fertility":60,"region":2137,"area":335}},{"x":592,"y":3960,"data":{"alt":6,"fertility":60,"region":2137,"area":335}},{"x":593,"y":3960,"data":{"alt":6,"fertility":60,"region":2137,"area":335}},{"x":594,"y":3960,"data":{"alt":6,"fertility":60,"region":2137,"area":335}},{"x":595,"y":3960,"data":{"alt":6,"fertility":60,"region":2137,"area":335}},{"x":596,"y":3960,"data":{"alt":5,"fertility":60,"region":2137,"area":335}},{"x":576,"y":3961,"data":{"alt":6,"fertility":60,"region":2137,"area":335}},{"x":577,"y":3961,"data":{"alt":6,"fertility":60,"region":2137,"area":335}},{"x":578,"y":3961,"data":{"alt":7,"fertility":40,"region":2137,"area":335}},{"x":579,"y":3961,"data":{"alt":6,"fertility":60,"region":2137,"area":335}},{"x":580,"y":3961,"data":{"alt":6,"fertility":60,"region":2137,"area":335}},{"x":581,"y":3961,"data":{"alt":6,"fertility":60,"region":2137,"area":335}},{"x":582,"y":3961,"data":{"alt":5,"fertility":60,"region":2137,"area":335}},{"x":583,"y":3961,"data":{"alt":6,"fertility":60,"region":2137,"area":335}},{"x":584,"y":3961,"data":{"alt":6,"fertility":60,"region":2137,"area":335}},{"x":585,"y":3961,"data":{"alt":7,"fertility":40,"region":2137,"area":335}},{"x":586,"y":3961,"data":{"alt":6,"fertility":60,"region":2137,"area":335}},{"x":587,"y":3961,"data":{"alt":6,"fertility":60,"region":2137,"area":335}},{"x":588,"y":3961,"data":{"alt":6,"fertility":60,"region":2137,"area":335}},{"x":589,"y":3961,"data":{"alt":6,"fertility":60,"region":2137,"area":335}},{"x":590,"y":3961,"data":{"alt":6,"fertility":60,"region":2137,"area":335}},{"x":591,"y":3961,"data":{"alt":6,"fertility":60,"region":2137,"area":335}},{"x":592,"y":3961,"data":{"alt":6,"fertility":60,"region":2137,"area":335}},{"x":593,"y":3961,"data":{"alt":5,"fertility":60,"region":2137,"area":335}},{"x":594,"y":3961,"data":{"alt":6,"fertility":60,"region":2137,"area":335}},{"x":595,"y":3961,"data":{"alt":5,"fertility":60,"region":2137,"area":335}},{"x":576,"y":3962,"data":{"alt":6,"fertility":60,"region":2137,"area":335}},{"x":577,"y":3962,"data":{"alt":6,"fertility":60,"region":2137,"area":335}},{"x":578,"y":3962,"data":{"alt":6,"fertility":60,"region":2137,"area":335}},{"x":579,"y":3962,"data":{"alt":7,"fertility":40,"region":2137,"area":335}},{"x":580,"y":3962,"data":{"alt":6,"fertility":60,"region":2137,"area":335}},{"x":581,"y":3962,"data":{"alt":6,"fertility":60,"region":2137,"area":335}},{"x":582,"y":3962,"data":{"alt":5,"fertility":60,"region":2137,"area":335}},{"x":583,"y":3962,"data":{"alt":6,"fertility":60,"region":2137,"area":335}},{"x":584,"y":3962,"data":{"alt":6,"fertility":60,"region":2137,"area":335}},{"x":585,"y":3962,"data":{"alt":6,"fertility":60,"forest":20,"region":2137,"area":335}},{"x":586,"y":3962,"data":{"alt":5,"fertility":60,"region":2137,"area":335}},{"x":587,"y":3962,"data":{"alt":6,"fertility":60,"region":2137,"area":335}},{"x":588,"y":3962,"data":{"alt":6,"fertility":60,"region":2137,"area":335}},{"x":589,"y":3962,"data":{"alt":6,"fertility":60,"region":2137,"area":335}},{"x":590,"y":3962,"data":{"alt":6,"fertility":60,"region":2137,"area":335}},{"x":591,"y":3962,"data":{"alt":6,"fertility":60,"region":2137,"area":335}},{"x":592,"y":3962,"data":{"alt":6,"fertility":60,"region":2137,"area":335}},{"x":593,"y":3962,"data":{"alt":6,"fertility":60,"region":2137,"area":335}},{"x":594,"y":3962,"data":{"alt":6,"fertility":60,"region":2137,"area":335}},{"x":595,"y":3962,"data":{"alt":5,"fertility":60,"region":2137,"area":335}},{"x":576,"y":3963,"data":{"alt":7,"fertility":40,"region":2137,"area":335}},{"x":577,"y":3963,"data":{"alt":7,"fertility":40,"region":2137,"area":335}},{"x":578,"y":3963,"data":{"alt":7,"fertility":40,"region":2137,"area":335}},{"x":579,"y":3963,"data":{"alt":7,"fertility":40,"region":2137,"area":335}},{"x":580,"y":3963,"data":{"alt":6,"fertility":60,"region":2137,"area":335}},{"x":581,"y":3963,"data":{"alt":6,"fertility":60,"region":2137,"area":335}},{"x":582,"y":3963,"data":{"alt":6,"fertility":60,"res":3,"resAmount":20,"region":2137,"area":335}},{"x":583,"y":3963,"data":{"alt":6,"fertility":60,"region":2137,"area":335}},{"x":584,"y":3963,"data":{"alt":6,"fertility":60,"forest":20,"region":2137,"area":335}},{"x":585,"y":3963,"data":{"alt":5,"fertility":60,"region":2137,"area":335}},{"x":586,"y":3963,"data":{"alt":5,"fertility":60,"region":2137,"area":335}},{"x":587,"y":3963,"data":{"alt":6,"fertility":60,"region":2137,"area":335}},{"x":588,"y":3963,"data":{"alt":6,"fertility":60,"region":2137,"area":335}},{"x":589,"y":3963,"data":{"alt":6,"fertility":60,"res":3,"resAmount":20,"region":2137,"area":335}},{"x":590,"y":3963,"data":{"alt":6,"fertility":60,"region":2137,"area":335}},{"x":591,"y":3963,"data":{"alt":6,"fertility":60,"region":2137,"area":335}},{"x":592,"y":3963,"data":{"alt":6,"fertility":60,"region":2137,"area":335}},{"x":593,"y":3963,"data":{"alt":5,"fertility":60,"region":2137,"area":335}},{"x":594,"y":3963,"data":{"alt":5,"fertility":60,"region":2137,"area":335}},{"x":595,"y":3963,"data":{"alt":5,"fertility":60,"region":2137,"area":335}},{"x":576,"y":3964,"data":{"alt":6,"fertility":60,"region":2137,"area":335}},{"x":577,"y":3964,"data":{"alt":7,"fertility":40,"region":2137,"area":335}},{"x":578,"y":3964,"data":{"alt":7,"fertility":40,"region":2137,"area":335}},{"x":579,"y":3964,"data":{"alt":7,"fertility":40,"region":2137,"area":335}},{"x":580,"y":3964,"data":{"alt":6,"fertility":60,"region":2137,"area":335}},{"x":581,"y":3964,"data":{"alt":6,"fertility":60,"region":2137,"area":335}},{"x":582,"y":3964,"data":{"alt":6,"fertility":60,"res":3,"resAmount":40,"region":2137,"area":335}},{"x":583,"y":3964,"data":{"alt":6,"fertility":60,"res":3,"resAmount":40,"region":2137,"area":335}},{"x":584,"y":3964,"data":{"alt":7,"fertility":40,"res":3,"resAmount":40,"region":2137,"area":335}},{"x":585,"y":3964,"data":{"alt":7,"fertility":40,"res":3,"resAmount":20,"region":2137,"area":335}},{"x":586,"y":3964,"data":{"alt":6,"fertility":60,"region":2137,"area":335}},{"x":587,"y":3964,"data":{"alt":6,"fertility":60,"region":2137,"area":335}},{"x":588,"y":3964,"data":{"alt":5,"fertility":60,"region":2137,"area":335}},{"x":589,"y":3964,"data":{"alt":6,"fertility":60,"region":2137,"area":335}},{"x":590,"y":3964,"data":{"alt":6,"fertility":60,"region":2137,"area":335}},{"x":591,"y":3964,"data":{"alt":6,"fertility":60,"res":3,"resAmount":20,"region":2137,"area":335}},{"x":592,"y":3964,"data":{"alt":6,"fertility":60,"region":2137,"area":335}},{"x":593,"y":3964,"data":{"alt":5,"fertility":60,"region":2137,"area":335}},{"x":576,"y":3965,"data":{"alt":7,"fertility":40,"region":2137,"area":335}},{"x":577,"y":3965,"data":{"alt":7,"fertility":40,"region":2137,"area":335}},{"x":578,"y":3965,"data":{"alt":8,"fertility":40,"region":2137,"area":335}},{"x":579,"y":3965,"data":{"alt":8,"fertility":40,"region":2137,"area":335}},{"x":580,"y":3965,"data":{"alt":7,"fertility":40,"region":2137,"area":335}},{"x":581,"y":3965,"data":{"alt":6,"fertility":60,"res":3,"resAmount":20,"region":2137,"area":335}},{"x":582,"y":3965,"data":{"alt":6,"fertility":60,"res":3,"resAmount":20,"region":2137,"area":335}},{"x":583,"y":3965,"data":{"alt":6,"fertility":60,"region":2137,"area":335}},{"x":584,"y":3965,"data":{"alt":6,"fertility":60,"forest":20,"res":3,"resAmount":40,"region":2137,"area":335}},{"x":585,"y":3965,"data":{"alt":5,"fertility":60,"forest":20,"res":3,"resAmount":40,"region":2137,"area":335}},{"x":586,"y":3965,"data":{"alt":5,"fertility":60,"forest":20,"res":3,"resAmount":20,"region":2137,"area":335}},{"x":587,"y":3965,"data":{"alt":5,"fertility":60,"region":2137,"area":335}},{"x":588,"y":3965,"data":{"alt":5,"fertility":60,"region":2137,"area":335}},{"x":589,"y":3965,"data":{"alt":5,"fertility":60,"region":2137,"area":335}},{"x":590,"y":3965,"data":{"alt":5,"fertility":60,"region":2137,"area":335}},{"x":591,"y":3965,"data":{"alt":6,"fertility":60,"res":3,"resAmount":20,"region":2137,"area":335}},{"x":592,"y":3965,"data":{"alt":5,"fertility":60,"region":2137,"area":335}},{"x":576,"y":3966,"data":{"alt":8,"fertility":40,"region":2137,"area":335}},{"x":577,"y":3966,"data":{"alt":8,"fertility":40,"forest":20,"region":2137,"area":335}},{"x":578,"y":3966,"data":{"alt":8,"fertility":40,"region":2137,"area":335}},{"x":579,"y":3966,"data":{"alt":7,"fertility":40,"region":2137,"area":335}},{"x":580,"y":3966,"data":{"alt":7,"fertility":40,"region":2137,"area":335}},{"x":581,"y":3966,"data":{"alt":6,"fertility":60,"region":2137,"area":335}},{"x":582,"y":3966,"data":{"alt":6,"fertility":60,"res":3,"resAmount":20,"region":2137,"area":335}},{"x":583,"y":3966,"data":{"alt":5,"fertility":60,"res":3,"resAmount":40,"region":2137,"area":335}},{"x":584,"y":3966,"data":{"alt":5,"fertility":60,"res":3,"resAmount":40,"region":2137,"area":335}},{"x":585,"y":3966,"data":{"alt":5,"fertility":60,"res":3,"resAmount":20,"region":2137,"area":335}},{"x":589,"y":3966,"data":{"alt":5,"fertility":60,"region":2137,"area":335}},{"x":590,"y":3966,"data":{"alt":5,"fertility":60,"region":2137,"area":335}},{"x":591,"y":3966,"data":{"alt":6,"fertility":60,"res":3,"resAmount":20,"region":2137,"area":335}},{"x":592,"y":3966,"data":{"alt":6,"fertility":60,"res":3,"resAmount":20,"region":2137,"area":335}},{"x":576,"y":3967,"data":{"alt":9,"fertility":40,"region":2137,"area":335}},{"x":577,"y":3967,"data":{"alt":9,"fertility":40,"region":2137,"area":335}},{"x":578,"y":3967,"data":{"alt":8,"fertility":40,"region":2137,"area":335}},{"x":579,"y":3967,"data":{"alt":7,"fertility":40,"region":2137,"area":335}},{"x":580,"y":3967,"data":{"alt":7,"fertility":40,"region":2137,"area":335}},{"x":581,"y":3967,"data":{"alt":6,"fertility":60,"region":2137,"area":335}},{"x":582,"y":3967,"data":{"alt":6,"fertility":60,"forest":20,"region":2137,"area":335}},{"x":583,"y":3967,"data":{"alt":6,"fertility":60,"res":3,"resAmount":20,"region":2137,"area":335}},{"x":584,"y":3967,"data":{"alt":5,"fertility":60,"forest":20,"res":3,"resAmount":40,"region":2137,"area":335}},{"x":585,"y":3967,"data":{"alt":5,"fertility":60,"region":2137,"area":335}},{"x":590,"y":3967,"data":{"alt":5,"fertility":60,"region":2137,"area":335}},{"x":591,"y":3967,"data":{"alt":5,"fertility":60,"forest":20,"region":2137,"area":335}},{"x":606,"y":3931,"data":{"alt":3,"fertility":60,"region":2137,"area":335}},{"x":607,"y":3931,"data":{"alt":3,"fertility":60,"region":2137,"area":335}},{"x":606,"y":3932,"data":{"alt":3,"fertility":60,"region":2137,"area":335}},{"x":607,"y":3932,"data":{"alt":3,"fertility":60,"region":2137,"area":335}},{"x":601,"y":3933,"data":{"alt":3,"fertility":60,"region":2137,"area":335}},{"x":605,"y":3933,"data":{"alt":3,"fertility":60,"region":2137,"area":335}},{"x":606,"y":3933,"data":{"alt":3,"fertility":60,"region":2137,"area":335}},{"x":607,"y":3933,"data":{"alt":4,"fertility":60,"region":2137,"area":335}},{"x":600,"y":3934,"data":{"alt":3,"fertility":60,"region":2137,"area":335}},{"x":601,"y":3934,"data":{"alt":3,"fertility":60,"region":2137,"area":335}},{"x":602,"y":3934,"data":{"alt":3,"fertility":60,"region":2137,"area":335}},{"x":603,"y":3934,"data":{"alt":3,"fertility":60,"region":2137,"area":335}},{"x":604,"y":3934,"data":{"alt":4,"fertility":60,"region":2137,"area":335}},{"x":605,"y":3934,"data":{"alt":4,"fertility":60,"region":2137,"area":335}},{"x":606,"y":3934,"data":{"alt":3,"fertility":60,"region":2137,"area":335}},{"x":607,"y":3934,"data":{"alt":4,"fertility":60,"region":2137,"area":335}},{"x":598,"y":3935,"data":{"alt":4,"fertility":60,"forest":40,"region":2137,"area":335}},{"x":599,"y":3935,"data":{"alt":4,"fertility":60,"region":2137,"area":335}},{"x":600,"y":3935,"data":{"alt":3,"fertility":60,"forest":20,"region":2137,"area":335}},{"x":601,"y":3935,"data":{"alt":4,"fertility":60,"region":2137,"area":335}},{"x":602,"y":3935,"data":{"alt":3,"fertility":60,"region":2137,"area":335}},{"x":603,"y":3935,"data":{"alt":3,"fertility":60,"region":2137,"area":335}},{"x":604,"y":3935,"data":{"alt":4,"fertility":60,"region":2137,"area":335}},{"x":605,"y":3935,"data":{"alt":4,"fertility":60,"region":2137,"area":335}},{"x":606,"y":3935,"data":{"alt":3,"fertility":60,"region":2137,"area":335}},{"x":607,"y":3935,"data":{"alt":4,"fertility":60,"region":2137,"area":335}},{"x":608,"y":3936,"data":{"alt":4,"fertility":60,"region":2137,"area":335}},{"x":609,"y":3936,"data":{"alt":3,"fertility":60,"region":2137,"area":335}},{"x":608,"y":3937,"data":{"alt":3,"fertility":60,"region":2137,"area":335}},{"x":609,"y":3937,"data":{"alt":3,"fertility":60,"forest":20,"region":2137,"area":335}},{"x":608,"y":3948,"data":{"alt":3,"fertility":60,"region":2137,"area":335}},{"x":608,"y":3931,"data":{"alt":3,"fertility":60,"forest":20,"region":2137,"area":335}},{"x":608,"y":3932,"data":{"alt":4,"fertility":60,"region":2137,"area":335}},{"x":609,"y":3932,"data":{"alt":3,"fertility":60,"forest":40,"region":2137,"area":335}},{"x":608,"y":3933,"data":{"alt":4,"fertility":60,"region":2137,"area":335}},{"x":609,"y":3933,"data":{"alt":4,"fertility":60,"forest":40,"region":2137,"area":335}},{"x":610,"y":3933,"data":{"alt":4,"fertility":60,"region":2137,"area":335}},{"x":608,"y":3934,"data":{"alt":4,"fertility":60,"forest":40,"region":2137,"area":335}},{"x":609,"y":3934,"data":{"alt":4,"fertility":60,"region":2137,"area":335}},{"x":610,"y":3934,"data":{"alt":4,"fertility":60,"region":2137,"area":335}},{"x":608,"y":3935,"data":{"alt":3,"fertility":60,"region":2137,"area":335}},{"x":609,"y":3935,"data":{"alt":3,"fertility":60,"region":2137,"area":335}},{"x":610,"y":3935,"data":{"alt":3,"fertility":60,"region":2137,"area":335}}]