[{"x":3312,"y":1003,"data":{"alt":57,"type":1,"area":338}},{"x":3312,"y":1004,"data":{"alt":57,"type":1,"area":338}},{"x":3312,"y":1005,"data":{"alt":57,"type":1,"area":338}},{"x":3311,"y":1006,"data":{"alt":57,"type":1,"area":338}},{"x":3312,"y":1006,"data":{"alt":57,"type":1,"area":338}},{"x":3311,"y":1007,"data":{"alt":57,"type":1,"area":338}},{"x":3312,"y":1007,"data":{"alt":57,"type":1,"area":338}},{"x":3312,"y":1008,"data":{"alt":57,"type":1,"area":338}},{"x":3313,"y":1008,"data":{"alt":57,"type":1,"area":338}},{"x":3314,"y":1008,"data":{"alt":57,"type":1,"area":338}},{"x":3315,"y":1008,"data":{"alt":57,"type":1,"area":338}},{"x":3312,"y":1009,"data":{"alt":57,"type":1,"area":338}},{"x":3312,"y":1010,"data":{"alt":57,"type":1,"area":338}}]