[{"x":3320,"y":1908,"data":{"alt":57,"type":1,"area":340}},{"x":3322,"y":1908,"data":{"alt":57,"type":2,"area":340}},{"x":3319,"y":1909,"data":{"alt":57,"type":2,"area":340}},{"x":3320,"y":1909,"data":{"alt":57,"type":2,"area":340}},{"x":3321,"y":1909,"data":{"alt":57,"type":1,"area":340}},{"x":3322,"y":1909,"data":{"alt":57,"type":1,"area":340}},{"x":3323,"y":1909,"data":{"alt":57,"type":1,"area":340}},{"x":3319,"y":1910,"data":{"alt":57,"type":2,"area":340}},{"x":3320,"y":1910,"data":{"alt":57,"type":2,"area":340}},{"x":3321,"y":1910,"data":{"alt":57,"type":2,"area":340}},{"x":3322,"y":1910,"data":{"alt":57,"type":2,"area":340}},{"x":3320,"y":1911,"data":{"alt":57,"type":2,"area":340}},{"x":3321,"y":1911,"data":{"alt":57,"type":2,"area":340}},{"x":3322,"y":1911,"data":{"alt":57,"type":2,"area":340}},{"x":3319,"y":1912,"data":{"alt":57,"type":2,"area":340}},{"x":3320,"y":1912,"data":{"alt":57,"type":2,"area":340}},{"x":3321,"y":1912,"data":{"alt":57,"type":2,"area":340}},{"x":3322,"y":1912,"data":{"alt":57,"type":2,"area":340}},{"x":3320,"y":1913,"data":{"alt":57,"type":2,"area":340}},{"x":3322,"y":1913,"data":{"alt":57,"type":2,"area":340}},{"x":3323,"y":1913,"data":{"alt":57,"type":2,"area":340}}]