[{"x":584,"y":1200,"data":{"alt":4,"fertility":60,"region":2111,"area":341}},{"x":585,"y":1200,"data":{"alt":4,"fertility":60,"region":2111,"area":341}},{"x":583,"y":1201,"data":{"alt":4,"fertility":60,"region":2111,"area":341}},{"x":584,"y":1201,"data":{"alt":4,"fertility":60,"region":2111,"area":341}},{"x":585,"y":1201,"data":{"alt":4,"fertility":60,"region":2111,"area":341}},{"x":586,"y":1201,"data":{"alt":4,"fertility":60,"forest":20,"region":2111,"area":341}},{"x":583,"y":1202,"data":{"alt":4,"fertility":100,"region":2111,"area":341}},{"x":584,"y":1202,"data":{"alt":4,"fertility":60,"region":2111,"area":341}},{"x":585,"y":1202,"data":{"alt":4,"fertility":60,"region":2111,"area":341}},{"x":586,"y":1202,"data":{"alt":4,"fertility":60,"region":2111,"area":341}},{"x":583,"y":1203,"data":{"alt":4,"fertility":60,"region":2111,"area":341}},{"x":584,"y":1203,"data":{"alt":5,"fertility":60,"region":2111,"area":341}}]