[{"x":3330,"y":384,"data":{"alt":6,"type":1,"area":342}},{"x":3335,"y":384,"data":{"alt":6,"type":1,"area":342}},{"x":3336,"y":384,"data":{"alt":6,"type":1,"area":342}},{"x":3330,"y":382,"data":{"alt":6,"type":2,"area":342}},{"x":3331,"y":382,"data":{"alt":6,"type":2,"area":342}},{"x":3335,"y":382,"data":{"alt":6,"type":1,"area":342}},{"x":3329,"y":383,"data":{"alt":6,"type":1,"area":342}},{"x":3330,"y":383,"data":{"alt":6,"type":2,"area":342}},{"x":3331,"y":383,"data":{"alt":6,"type":1,"area":342}},{"x":3332,"y":383,"data":{"alt":6,"type":1,"area":342}},{"x":3333,"y":383,"data":{"alt":6,"type":1,"area":342}},{"x":3334,"y":383,"data":{"alt":6,"type":1,"area":342}},{"x":3335,"y":383,"data":{"alt":6,"type":1,"area":342}}]