[{"x":3350,"y":2460,"data":{"alt":2,"type":2,"area":344}},{"x":3346,"y":2461,"data":{"alt":2,"type":2,"area":344}},{"x":3349,"y":2461,"data":{"alt":2,"type":2,"area":344}},{"x":3350,"y":2461,"data":{"alt":2,"type":2,"area":344}},{"x":3351,"y":2461,"data":{"alt":2,"type":2,"area":344}},{"x":3359,"y":2461,"data":{"alt":2,"type":2,"area":344}},{"x":3340,"y":2462,"data":{"alt":2,"type":2,"area":344}},{"x":3341,"y":2462,"data":{"alt":2,"type":2,"area":344}},{"x":3342,"y":2462,"data":{"alt":2,"type":2,"area":344}},{"x":3343,"y":2462,"data":{"alt":2,"type":2,"area":344}},{"x":3344,"y":2462,"data":{"alt":2,"type":2,"area":344}},{"x":3345,"y":2462,"data":{"alt":2,"type":2,"area":344}},{"x":3346,"y":2462,"data":{"alt":2,"type":2,"area":344}},{"x":3347,"y":2462,"data":{"alt":2,"type":2,"area":344}},{"x":3348,"y":2462,"data":{"alt":2,"type":2,"area":344}},{"x":3349,"y":2462,"data":{"alt":2,"type":2,"area":344}},{"x":3350,"y":2462,"data":{"alt":2,"type":2,"area":344}},{"x":3351,"y":2462,"data":{"alt":2,"type":2,"area":344}},{"x":3353,"y":2462,"data":{"alt":2,"type":2,"area":344}},{"x":3355,"y":2462,"data":{"alt":2,"type":2,"area":344}},{"x":3357,"y":2462,"data":{"alt":2,"type":2,"area":344}},{"x":3358,"y":2462,"data":{"alt":2,"type":2,"area":344}},{"x":3359,"y":2462,"data":{"alt":2,"type":2,"area":344}},{"x":3340,"y":2463,"data":{"alt":2,"type":2,"area":344}},{"x":3341,"y":2463,"data":{"alt":2,"type":2,"area":344}},{"x":3342,"y":2463,"data":{"alt":2,"type":2,"area":344}},{"x":3343,"y":2463,"data":{"alt":2,"type":2,"area":344}},{"x":3344,"y":2463,"data":{"alt":2,"type":2,"area":344}},{"x":3345,"y":2463,"data":{"alt":2,"type":2,"area":344}},{"x":3346,"y":2463,"data":{"alt":2,"type":2,"area":344}},{"x":3347,"y":2463,"data":{"alt":2,"type":2,"area":344}},{"x":3348,"y":2463,"data":{"alt":2,"type":2,"area":344}},{"x":3349,"y":2463,"data":{"alt":2,"type":2,"area":344}},{"x":3350,"y":2463,"data":{"alt":2,"type":2,"area":344}},{"x":3351,"y":2463,"data":{"alt":2,"type":2,"area":344}},{"x":3352,"y":2463,"data":{"alt":2,"type":2,"area":344}},{"x":3353,"y":2463,"data":{"alt":2,"type":2,"area":344}},{"x":3354,"y":2463,"data":{"alt":2,"type":2,"area":344}},{"x":3355,"y":2463,"data":{"alt":2,"type":2,"area":344}},{"x":3356,"y":2463,"data":{"alt":2,"type":2,"area":344}},{"x":3357,"y":2463,"data":{"alt":2,"type":2,"area":344}},{"x":3358,"y":2463,"data":{"alt":2,"type":2,"area":344}},{"x":3359,"y":2463,"data":{"alt":2,"type":2,"area":344}},{"x":3338,"y":2464,"data":{"alt":2,"type":2,"area":344}},{"x":3339,"y":2464,"data":{"alt":2,"type":2,"area":344}},{"x":3340,"y":2464,"data":{"alt":2,"type":2,"area":344}},{"x":3341,"y":2464,"data":{"alt":2,"type":2,"area":344}},{"x":3342,"y":2464,"data":{"alt":2,"type":2,"area":344}},{"x":3343,"y":2464,"data":{"alt":2,"type":2,"area":344}},{"x":3344,"y":2464,"data":{"alt":2,"type":2,"area":344}},{"x":3345,"y":2464,"data":{"alt":2,"type":2,"area":344}},{"x":3346,"y":2464,"data":{"alt":2,"type":2,"area":344}},{"x":3347,"y":2464,"data":{"alt":2,"type":2,"area":344}},{"x":3348,"y":2464,"data":{"alt":2,"type":2,"area":344}},{"x":3349,"y":2464,"data":{"alt":2,"type":2,"area":344}},{"x":3350,"y":2464,"data":{"alt":2,"type":2,"area":344}},{"x":3351,"y":2464,"data":{"alt":2,"type":2,"area":344}},{"x":3352,"y":2464,"data":{"alt":2,"type":2,"area":344}},{"x":3353,"y":2464,"data":{"alt":2,"type":2,"area":344}},{"x":3354,"y":2464,"data":{"alt":2,"type":2,"area":344}},{"x":3355,"y":2464,"data":{"alt":2,"type":2,"area":344}},{"x":3356,"y":2464,"data":{"alt":2,"type":2,"area":344}},{"x":3357,"y":2464,"data":{"alt":2,"type":2,"area":344}},{"x":3358,"y":2464,"data":{"alt":2,"type":2,"area":344}},{"x":3359,"y":2464,"data":{"alt":2,"type":2,"area":344}},{"x":3337,"y":2465,"data":{"alt":2,"type":2,"area":344}},{"x":3338,"y":2465,"data":{"alt":2,"type":2,"area":344}},{"x":3339,"y":2465,"data":{"alt":2,"type":2,"area":344}},{"x":3340,"y":2465,"data":{"alt":2,"type":2,"area":344}},{"x":3341,"y":2465,"data":{"alt":2,"type":2,"area":344}},{"x":3342,"y":2465,"data":{"alt":2,"type":2,"area":344}},{"x":3343,"y":2465,"data":{"alt":2,"type":2,"area":344}},{"x":3344,"y":2465,"data":{"alt":2,"type":2,"area":344}},{"x":3345,"y":2465,"data":{"alt":2,"type":2,"area":344}},{"x":3346,"y":2465,"data":{"alt":2,"type":2,"area":344}},{"x":3347,"y":2465,"data":{"alt":2,"type":2,"area":344}},{"x":3348,"y":2465,"data":{"alt":2,"type":2,"area":344}},{"x":3349,"y":2465,"data":{"alt":2,"type":2,"area":344}},{"x":3350,"y":2465,"data":{"alt":2,"type":2,"area":344}},{"x":3351,"y":2465,"data":{"alt":2,"type":2,"area":344}},{"x":3352,"y":2465,"data":{"alt":2,"type":2,"area":344}},{"x":3353,"y":2465,"data":{"alt":2,"type":2,"area":344}},{"x":3354,"y":2465,"data":{"alt":2,"type":2,"area":344}},{"x":3355,"y":2465,"data":{"alt":2,"type":2,"area":344}},{"x":3356,"y":2465,"data":{"alt":2,"type":2,"area":344}},{"x":3357,"y":2465,"data":{"alt":2,"type":2,"area":344}},{"x":3358,"y":2465,"data":{"alt":2,"type":2,"area":344}},{"x":3359,"y":2465,"data":{"alt":2,"type":2,"area":344}},{"x":3337,"y":2466,"data":{"alt":2,"type":2,"area":344}},{"x":3338,"y":2466,"data":{"alt":2,"type":2,"area":344}},{"x":3339,"y":2466,"data":{"alt":2,"type":2,"area":344}},{"x":3340,"y":2466,"data":{"alt":2,"type":2,"area":344}},{"x":3341,"y":2466,"data":{"alt":2,"type":2,"area":344}},{"x":3342,"y":2466,"data":{"alt":2,"type":2,"area":344}},{"x":3343,"y":2466,"data":{"alt":2,"type":2,"area":344}},{"x":3344,"y":2466,"data":{"alt":2,"type":2,"area":344}},{"x":3345,"y":2466,"data":{"alt":2,"type":2,"area":344}},{"x":3346,"y":2466,"data":{"alt":2,"type":2,"area":344}},{"x":3347,"y":2466,"data":{"alt":2,"type":2,"area":344}},{"x":3348,"y":2466,"data":{"alt":2,"type":2,"area":344}},{"x":3349,"y":2466,"data":{"alt":2,"type":2,"area":344}},{"x":3350,"y":2466,"data":{"alt":2,"type":2,"area":344}},{"x":3351,"y":2466,"data":{"alt":2,"type":2,"area":344}},{"x":3353,"y":2466,"data":{"alt":2,"type":2,"area":344}},{"x":3354,"y":2466,"data":{"alt":2,"type":2,"area":344}},{"x":3355,"y":2466,"data":{"alt":2,"type":2,"area":344}},{"x":3356,"y":2466,"data":{"alt":2,"type":2,"area":344}},{"x":3357,"y":2466,"data":{"alt":2,"type":2,"area":344}},{"x":3358,"y":2466,"data":{"alt":2,"type":2,"area":344}},{"x":3359,"y":2466,"data":{"alt":2,"type":2,"area":344}},{"x":3337,"y":2467,"data":{"alt":2,"type":2,"area":344}},{"x":3338,"y":2467,"data":{"alt":2,"type":2,"area":344}},{"x":3339,"y":2467,"data":{"alt":2,"type":2,"area":344}},{"x":3340,"y":2467,"data":{"alt":2,"type":2,"area":344}},{"x":3341,"y":2467,"data":{"alt":2,"type":2,"area":344}},{"x":3342,"y":2467,"data":{"alt":2,"type":2,"area":344}},{"x":3343,"y":2467,"data":{"alt":2,"type":2,"area":344}},{"x":3344,"y":2467,"data":{"alt":2,"type":2,"area":344}},{"x":3345,"y":2467,"data":{"alt":2,"type":2,"area":344}},{"x":3346,"y":2467,"data":{"alt":2,"type":2,"area":344}},{"x":3347,"y":2467,"data":{"alt":2,"type":2,"area":344}},{"x":3348,"y":2467,"data":{"alt":2,"type":2,"area":344}},{"x":3349,"y":2467,"data":{"alt":2,"type":2,"area":344}},{"x":3350,"y":2467,"data":{"alt":2,"type":2,"area":344}},{"x":3351,"y":2467,"data":{"alt":2,"type":2,"area":344}},{"x":3354,"y":2467,"data":{"alt":2,"type":2,"area":344}},{"x":3355,"y":2467,"data":{"alt":2,"type":2,"area":344}},{"x":3356,"y":2467,"data":{"alt":2,"type":2,"area":344}},{"x":3357,"y":2467,"data":{"alt":2,"type":2,"area":344}},{"x":3358,"y":2467,"data":{"alt":2,"type":2,"area":344}},{"x":3359,"y":2467,"data":{"alt":2,"type":2,"area":344}},{"x":3334,"y":2468,"data":{"alt":2,"type":2,"area":344}},{"x":3335,"y":2468,"data":{"alt":2,"type":2,"area":344}},{"x":3336,"y":2468,"data":{"alt":2,"type":2,"area":344}},{"x":3337,"y":2468,"data":{"alt":2,"type":2,"area":344}},{"x":3338,"y":2468,"data":{"alt":2,"type":2,"area":344}},{"x":3339,"y":2468,"data":{"alt":2,"type":2,"area":344}},{"x":3340,"y":2468,"data":{"alt":2,"type":2,"area":344}},{"x":3341,"y":2468,"data":{"alt":2,"type":2,"area":344}},{"x":3342,"y":2468,"data":{"alt":2,"type":2,"area":344}},{"x":3343,"y":2468,"data":{"alt":2,"type":2,"area":344}},{"x":3344,"y":2468,"data":{"alt":2,"type":2,"area":344}},{"x":3345,"y":2468,"data":{"alt":2,"type":2,"area":344}},{"x":3347,"y":2468,"data":{"alt":2,"type":2,"area":344}},{"x":3348,"y":2468,"data":{"alt":2,"type":2,"area":344}},{"x":3349,"y":2468,"data":{"alt":2,"type":2,"area":344}},{"x":3350,"y":2468,"data":{"alt":2,"type":2,"area":344}},{"x":3351,"y":2468,"data":{"alt":2,"type":2,"area":344}},{"x":3353,"y":2468,"data":{"alt":2,"type":2,"area":344}},{"x":3354,"y":2468,"data":{"alt":2,"type":2,"area":344}},{"x":3355,"y":2468,"data":{"alt":2,"type":2,"area":344}},{"x":3356,"y":2468,"data":{"alt":2,"type":2,"area":344}},{"x":3357,"y":2468,"data":{"alt":2,"type":2,"area":344}},{"x":3359,"y":2468,"data":{"alt":2,"type":2,"area":344}},{"x":3337,"y":2469,"data":{"alt":2,"type":2,"area":344}},{"x":3338,"y":2469,"data":{"alt":2,"type":2,"area":344}},{"x":3339,"y":2469,"data":{"alt":2,"type":2,"area":344}},{"x":3340,"y":2469,"data":{"alt":2,"type":2,"area":344}},{"x":3341,"y":2469,"data":{"alt":2,"type":2,"area":344}},{"x":3342,"y":2469,"data":{"alt":2,"type":2,"area":344}},{"x":3343,"y":2469,"data":{"alt":2,"type":2,"area":344}},{"x":3347,"y":2469,"data":{"alt":2,"type":2,"area":344}},{"x":3348,"y":2469,"data":{"alt":2,"type":2,"area":344}},{"x":3349,"y":2469,"data":{"alt":2,"type":2,"area":344}},{"x":3350,"y":2469,"data":{"alt":2,"type":2,"area":344}},{"x":3354,"y":2469,"data":{"alt":2,"type":2,"area":344}},{"x":3355,"y":2469,"data":{"alt":2,"type":2,"area":344}},{"x":3359,"y":2469,"data":{"alt":2,"type":2,"area":344}},{"x":3337,"y":2470,"data":{"alt":2,"type":2,"area":344}},{"x":3338,"y":2470,"data":{"alt":2,"type":2,"area":344}},{"x":3339,"y":2470,"data":{"alt":2,"type":2,"area":344}},{"x":3340,"y":2470,"data":{"alt":2,"type":2,"area":344}},{"x":3341,"y":2470,"data":{"alt":2,"type":2,"area":344}},{"x":3349,"y":2470,"data":{"alt":2,"type":2,"area":344}},{"x":3353,"y":2470,"data":{"alt":2,"type":2,"area":344}},{"x":3354,"y":2470,"data":{"alt":2,"type":2,"area":344}},{"x":3359,"y":2470,"data":{"alt":2,"type":2,"area":344}},{"x":3336,"y":2471,"data":{"alt":2,"type":2,"area":344}},{"x":3337,"y":2471,"data":{"alt":2,"type":2,"area":344}},{"x":3338,"y":2471,"data":{"alt":2,"type":2,"area":344}},{"x":3339,"y":2471,"data":{"alt":2,"type":2,"area":344}},{"x":3340,"y":2471,"data":{"alt":2,"type":2,"area":344}},{"x":3352,"y":2471,"data":{"alt":2,"type":2,"area":344}},{"x":3353,"y":2471,"data":{"alt":2,"type":2,"area":344}},{"x":3354,"y":2471,"data":{"alt":2,"type":2,"area":344}},{"x":3355,"y":2471,"data":{"alt":2,"type":2,"area":344}},{"x":3356,"y":2471,"data":{"alt":2,"type":2,"area":344}},{"x":3357,"y":2471,"data":{"alt":2,"type":2,"area":344}},{"x":3358,"y":2471,"data":{"alt":2,"type":2,"area":344}},{"x":3359,"y":2471,"data":{"alt":2,"type":2,"area":344}},{"x":3354,"y":2472,"data":{"alt":2,"type":2,"area":344}},{"x":3355,"y":2472,"data":{"alt":2,"type":2,"area":344}},{"x":3356,"y":2472,"data":{"alt":2,"type":2,"area":344}},{"x":3357,"y":2472,"data":{"alt":2,"type":2,"area":344}},{"x":3358,"y":2472,"data":{"alt":2,"type":2,"area":344}},{"x":3359,"y":2472,"data":{"alt":2,"type":2,"area":344}},{"x":3354,"y":2473,"data":{"alt":2,"type":2,"area":344}},{"x":3355,"y":2473,"data":{"alt":2,"type":2,"area":344}},{"x":3356,"y":2473,"data":{"alt":2,"type":2,"area":344}},{"x":3357,"y":2473,"data":{"alt":2,"type":2,"area":344}},{"x":3358,"y":2473,"data":{"alt":2,"type":2,"area":344}},{"x":3359,"y":2473,"data":{"alt":2,"type":2,"area":344}},{"x":3354,"y":2474,"data":{"alt":2,"type":2,"area":344}},{"x":3355,"y":2474,"data":{"alt":2,"type":2,"area":344}},{"x":3356,"y":2474,"data":{"alt":2,"type":2,"area":344}},{"x":3357,"y":2474,"data":{"alt":2,"type":2,"area":344}},{"x":3358,"y":2474,"data":{"alt":2,"type":2,"area":344}},{"x":3351,"y":2475,"data":{"alt":2,"type":2,"area":344}},{"x":3352,"y":2475,"data":{"alt":2,"type":2,"area":344}},{"x":3354,"y":2475,"data":{"alt":2,"type":2,"area":344}},{"x":3355,"y":2475,"data":{"alt":2,"type":2,"area":344}},{"x":3356,"y":2475,"data":{"alt":2,"type":2,"area":344}},{"x":3357,"y":2475,"data":{"alt":2,"type":2,"area":344}},{"x":3358,"y":2475,"data":{"alt":2,"type":2,"area":344}},{"x":3351,"y":2476,"data":{"alt":2,"type":2,"area":344}},{"x":3352,"y":2476,"data":{"alt":2,"type":2,"area":344}},{"x":3353,"y":2476,"data":{"alt":2,"type":2,"area":344}},{"x":3354,"y":2476,"data":{"alt":2,"type":2,"area":344}},{"x":3356,"y":2476,"data":{"alt":2,"type":2,"area":344}},{"x":3360,"y":2463,"data":{"alt":2,"type":2,"area":344}},{"x":3361,"y":2463,"data":{"alt":2,"type":2,"area":344}},{"x":3360,"y":2464,"data":{"alt":2,"type":2,"area":344}},{"x":3360,"y":2465,"data":{"alt":2,"type":2,"area":344}},{"x":3361,"y":2465,"data":{"alt":2,"type":2,"area":344}},{"x":3360,"y":2466,"data":{"alt":2,"type":2,"area":344}},{"x":3361,"y":2466,"data":{"alt":2,"type":2,"area":344}},{"x":3362,"y":2466,"data":{"alt":2,"type":2,"area":344}},{"x":3360,"y":2467,"data":{"alt":2,"type":2,"area":344}},{"x":3361,"y":2467,"data":{"alt":2,"type":2,"area":344}},{"x":3360,"y":2468,"data":{"alt":2,"type":2,"area":344}},{"x":3361,"y":2468,"data":{"alt":2,"type":2,"area":344}},{"x":3362,"y":2468,"data":{"alt":2,"type":2,"area":344}},{"x":3363,"y":2468,"data":{"alt":2,"type":2,"area":344}},{"x":3364,"y":2468,"data":{"alt":2,"type":2,"area":344}},{"x":3360,"y":2469,"data":{"alt":2,"type":2,"area":344}},{"x":3361,"y":2469,"data":{"alt":2,"type":2,"area":344}},{"x":3362,"y":2469,"data":{"alt":2,"type":2,"area":344}},{"x":3363,"y":2469,"data":{"alt":2,"type":2,"area":344}},{"x":3360,"y":2470,"data":{"alt":2,"type":2,"area":344}},{"x":3361,"y":2470,"data":{"alt":2,"type":2,"area":344}},{"x":3362,"y":2470,"data":{"alt":2,"type":2,"area":344}},{"x":3360,"y":2471,"data":{"alt":2,"type":2,"area":344}},{"x":3361,"y":2471,"data":{"alt":2,"type":2,"area":344}},{"x":3360,"y":2472,"data":{"alt":2,"type":2,"area":344}},{"x":3361,"y":2472,"data":{"alt":2,"type":2,"area":344}}]