[{"x":3357,"y":1024,"data":{"alt":59,"type":2,"area":348}},{"x":3358,"y":1024,"data":{"alt":59,"type":2,"area":348}},{"x":3359,"y":1024,"data":{"alt":59,"type":2,"area":348}},{"x":3358,"y":1025,"data":{"alt":59,"type":2,"area":348}},{"x":3359,"y":1025,"data":{"alt":59,"type":2,"area":348}},{"x":3354,"y":996,"data":{"alt":59,"type":2,"area":348}},{"x":3353,"y":997,"data":{"alt":59,"type":2,"area":348}},{"x":3354,"y":997,"data":{"alt":59,"type":2,"area":348}},{"x":3355,"y":997,"data":{"alt":59,"type":2,"area":348}},{"x":3353,"y":998,"data":{"alt":59,"type":2,"area":348}},{"x":3354,"y":998,"data":{"alt":59,"type":2,"area":348}},{"x":3355,"y":998,"data":{"alt":59,"type":2,"area":348}},{"x":3352,"y":999,"data":{"alt":59,"type":2,"area":348}},{"x":3353,"y":999,"data":{"alt":59,"type":2,"area":348}},{"x":3354,"y":999,"data":{"alt":59,"type":2,"area":348}},{"x":3355,"y":999,"data":{"alt":59,"type":2,"area":348}},{"x":3356,"y":999,"data":{"alt":59,"type":2,"area":348}},{"x":3350,"y":1000,"data":{"alt":59,"type":1,"area":348}},{"x":3351,"y":1000,"data":{"alt":59,"type":2,"area":348}},{"x":3352,"y":1000,"data":{"alt":59,"type":2,"area":348}},{"x":3353,"y":1000,"data":{"alt":59,"type":2,"area":348}},{"x":3354,"y":1000,"data":{"alt":59,"type":2,"area":348}},{"x":3355,"y":1000,"data":{"alt":59,"type":2,"area":348}},{"x":3358,"y":1000,"data":{"alt":59,"type":2,"area":348}},{"x":3359,"y":1000,"data":{"alt":59,"type":2,"area":348}},{"x":3351,"y":1001,"data":{"alt":59,"type":1,"area":348}},{"x":3352,"y":1001,"data":{"alt":59,"type":2,"area":348}},{"x":3353,"y":1001,"data":{"alt":59,"type":2,"area":348}},{"x":3354,"y":1001,"data":{"alt":59,"type":2,"area":348}},{"x":3355,"y":1001,"data":{"alt":59,"type":2,"area":348}},{"x":3356,"y":1001,"data":{"alt":59,"type":2,"area":348}},{"x":3358,"y":1001,"data":{"alt":59,"type":2,"res":1,"resAmount":80,"area":348}},{"x":3359,"y":1001,"data":{"alt":59,"type":2,"area":348}},{"x":3351,"y":1002,"data":{"alt":59,"type":2,"area":348}},{"x":3352,"y":1002,"data":{"alt":59,"type":1,"area":348}},{"x":3353,"y":1002,"data":{"alt":59,"type":2,"area":348}},{"x":3354,"y":1002,"data":{"alt":59,"type":2,"area":348}},{"x":3355,"y":1002,"data":{"alt":59,"type":2,"area":348}},{"x":3356,"y":1002,"data":{"alt":59,"type":2,"area":348}},{"x":3357,"y":1002,"data":{"alt":59,"type":2,"area":348}},{"x":3358,"y":1002,"data":{"alt":59,"type":2,"area":348}},{"x":3359,"y":1002,"data":{"alt":59,"type":2,"area":348}},{"x":3348,"y":1003,"data":{"alt":59,"type":2,"area":348}},{"x":3349,"y":1003,"data":{"alt":59,"type":2,"area":348}},{"x":3350,"y":1003,"data":{"alt":59,"type":2,"area":348}},{"x":3351,"y":1003,"data":{"alt":59,"type":2,"area":348}},{"x":3352,"y":1003,"data":{"alt":59,"type":2,"area":348}},{"x":3353,"y":1003,"data":{"alt":59,"type":1,"area":348}},{"x":3354,"y":1003,"data":{"alt":59,"type":2,"area":348}},{"x":3355,"y":1003,"data":{"alt":59,"type":2,"area":348}},{"x":3356,"y":1003,"data":{"alt":59,"type":2,"area":348}},{"x":3357,"y":1003,"data":{"alt":59,"type":2,"area":348}},{"x":3358,"y":1003,"data":{"alt":59,"type":2,"area":348}},{"x":3359,"y":1003,"data":{"alt":59,"type":2,"area":348}},{"x":3348,"y":1004,"data":{"alt":59,"type":2,"area":348}},{"x":3349,"y":1004,"data":{"alt":59,"type":2,"area":348}},{"x":3350,"y":1004,"data":{"alt":59,"type":2,"area":348}},{"x":3351,"y":1004,"data":{"alt":59,"type":2,"area":348}},{"x":3352,"y":1004,"data":{"alt":59,"type":2,"area":348}},{"x":3353,"y":1004,"data":{"alt":59,"type":2,"area":348}},{"x":3354,"y":1004,"data":{"alt":59,"type":1,"area":348}},{"x":3355,"y":1004,"data":{"alt":59,"type":2,"area":348}},{"x":3356,"y":1004,"data":{"alt":59,"type":2,"area":348}},{"x":3357,"y":1004,"data":{"alt":59,"type":2,"area":348}},{"x":3358,"y":1004,"data":{"alt":59,"type":2,"area":348}},{"x":3359,"y":1004,"data":{"alt":59,"type":2,"area":348}},{"x":3348,"y":1005,"data":{"alt":59,"type":2,"area":348}},{"x":3349,"y":1005,"data":{"alt":59,"type":2,"area":348}},{"x":3350,"y":1005,"data":{"alt":59,"type":2,"area":348}},{"x":3351,"y":1005,"data":{"alt":59,"type":2,"area":348}},{"x":3352,"y":1005,"data":{"alt":59,"type":2,"area":348}},{"x":3353,"y":1005,"data":{"alt":59,"type":2,"area":348}},{"x":3354,"y":1005,"data":{"alt":59,"type":2,"area":348}},{"x":3355,"y":1005,"data":{"alt":59,"type":1,"area":348}},{"x":3356,"y":1005,"data":{"alt":59,"type":2,"area":348}},{"x":3357,"y":1005,"data":{"alt":59,"type":2,"area":348}},{"x":3358,"y":1005,"data":{"alt":59,"type":2,"area":348}},{"x":3359,"y":1005,"data":{"alt":59,"type":2,"area":348}},{"x":3348,"y":1006,"data":{"alt":59,"type":2,"area":348}},{"x":3349,"y":1006,"data":{"alt":59,"type":2,"area":348}},{"x":3350,"y":1006,"data":{"alt":59,"type":2,"area":348}},{"x":3351,"y":1006,"data":{"alt":59,"type":2,"area":348}},{"x":3352,"y":1006,"data":{"alt":59,"type":2,"area":348}},{"x":3353,"y":1006,"data":{"alt":59,"type":2,"area":348}},{"x":3354,"y":1006,"data":{"alt":59,"type":2,"area":348}},{"x":3355,"y":1006,"data":{"alt":59,"type":2,"area":348}},{"x":3356,"y":1006,"data":{"alt":59,"type":1,"area":348}},{"x":3357,"y":1006,"data":{"alt":59,"type":2,"area":348}},{"x":3358,"y":1006,"data":{"alt":59,"type":2,"area":348}},{"x":3359,"y":1006,"data":{"alt":59,"type":2,"area":348}},{"x":3348,"y":1007,"data":{"alt":59,"type":2,"area":348}},{"x":3349,"y":1007,"data":{"alt":59,"type":2,"area":348}},{"x":3350,"y":1007,"data":{"alt":59,"type":2,"area":348}},{"x":3351,"y":1007,"data":{"alt":59,"type":2,"area":348}},{"x":3352,"y":1007,"data":{"alt":59,"type":2,"area":348}},{"x":3353,"y":1007,"data":{"alt":59,"type":2,"area":348}},{"x":3354,"y":1007,"data":{"alt":59,"type":2,"area":348}},{"x":3355,"y":1007,"data":{"alt":59,"type":2,"area":348}},{"x":3356,"y":1007,"data":{"alt":59,"type":2,"area":348}},{"x":3357,"y":1007,"data":{"alt":59,"type":1,"area":348}},{"x":3358,"y":1007,"data":{"alt":59,"type":2,"area":348}},{"x":3359,"y":1007,"data":{"alt":59,"type":2,"area":348}},{"x":3346,"y":1008,"data":{"alt":59,"type":2,"area":348}},{"x":3347,"y":1008,"data":{"alt":59,"type":2,"area":348}},{"x":3348,"y":1008,"data":{"alt":59,"type":2,"area":348}},{"x":3349,"y":1008,"data":{"alt":59,"type":2,"area":348}},{"x":3350,"y":1008,"data":{"alt":59,"type":2,"area":348}},{"x":3351,"y":1008,"data":{"alt":59,"type":2,"area":348}},{"x":3352,"y":1008,"data":{"alt":59,"type":2,"area":348}},{"x":3353,"y":1008,"data":{"alt":59,"type":2,"area":348}},{"x":3354,"y":1008,"data":{"alt":59,"type":2,"area":348}},{"x":3355,"y":1008,"data":{"alt":59,"type":2,"area":348}},{"x":3356,"y":1008,"data":{"alt":59,"type":2,"area":348}},{"x":3357,"y":1008,"data":{"alt":59,"type":2,"area":348}},{"x":3358,"y":1008,"data":{"alt":59,"type":1,"area":348}},{"x":3359,"y":1008,"data":{"alt":59,"type":1,"area":348}},{"x":3345,"y":1009,"data":{"alt":59,"type":2,"area":348}},{"x":3346,"y":1009,"data":{"alt":59,"type":2,"area":348}},{"x":3347,"y":1009,"data":{"alt":59,"type":2,"area":348}},{"x":3348,"y":1009,"data":{"alt":59,"type":2,"area":348}},{"x":3349,"y":1009,"data":{"alt":59,"type":2,"area":348}},{"x":3350,"y":1009,"data":{"alt":59,"type":2,"area":348}},{"x":3351,"y":1009,"data":{"alt":59,"type":2,"area":348}},{"x":3352,"y":1009,"data":{"alt":59,"type":2,"area":348}},{"x":3353,"y":1009,"data":{"alt":59,"type":2,"area":348}},{"x":3354,"y":1009,"data":{"alt":59,"type":2,"area":348}},{"x":3355,"y":1009,"data":{"alt":59,"type":2,"area":348}},{"x":3356,"y":1009,"data":{"alt":59,"type":2,"area":348}},{"x":3357,"y":1009,"data":{"alt":59,"type":2,"area":348}},{"x":3358,"y":1009,"data":{"alt":59,"type":2,"area":348}},{"x":3359,"y":1009,"data":{"alt":59,"type":2,"area":348}},{"x":3346,"y":1010,"data":{"alt":59,"type":2,"area":348}},{"x":3347,"y":1010,"data":{"alt":59,"type":2,"area":348}},{"x":3348,"y":1010,"data":{"alt":59,"type":2,"area":348}},{"x":3349,"y":1010,"data":{"alt":59,"type":2,"area":348}},{"x":3350,"y":1010,"data":{"alt":59,"type":2,"area":348}},{"x":3351,"y":1010,"data":{"alt":59,"type":2,"area":348}},{"x":3352,"y":1010,"data":{"alt":59,"type":2,"area":348}},{"x":3353,"y":1010,"data":{"alt":59,"type":2,"area":348}},{"x":3354,"y":1010,"data":{"alt":59,"type":2,"area":348}},{"x":3355,"y":1010,"data":{"alt":59,"type":2,"area":348}},{"x":3356,"y":1010,"data":{"alt":59,"type":2,"area":348}},{"x":3357,"y":1010,"data":{"alt":59,"type":2,"area":348}},{"x":3358,"y":1010,"data":{"alt":59,"type":2,"area":348}},{"x":3359,"y":1010,"data":{"alt":59,"type":2,"area":348}},{"x":3347,"y":1011,"data":{"alt":59,"type":2,"area":348}},{"x":3348,"y":1011,"data":{"alt":59,"type":2,"area":348}},{"x":3349,"y":1011,"data":{"alt":59,"type":2,"area":348}},{"x":3350,"y":1011,"data":{"alt":59,"type":2,"area":348}},{"x":3351,"y":1011,"data":{"alt":59,"type":2,"area":348}},{"x":3352,"y":1011,"data":{"alt":59,"type":2,"area":348}},{"x":3353,"y":1011,"data":{"alt":59,"type":2,"area":348}},{"x":3354,"y":1011,"data":{"alt":59,"type":2,"area":348}},{"x":3355,"y":1011,"data":{"alt":59,"type":2,"area":348}},{"x":3356,"y":1011,"data":{"alt":59,"type":2,"area":348}},{"x":3357,"y":1011,"data":{"alt":59,"type":2,"area":348}},{"x":3358,"y":1011,"data":{"alt":59,"type":2,"area":348}},{"x":3359,"y":1011,"data":{"alt":59,"type":2,"area":348}},{"x":3347,"y":1012,"data":{"alt":59,"type":2,"area":348}},{"x":3348,"y":1012,"data":{"alt":59,"type":2,"area":348}},{"x":3349,"y":1012,"data":{"alt":59,"type":2,"area":348}},{"x":3350,"y":1012,"data":{"alt":59,"type":2,"area":348}},{"x":3351,"y":1012,"data":{"alt":59,"type":2,"area":348}},{"x":3352,"y":1012,"data":{"alt":59,"type":2,"area":348}},{"x":3353,"y":1012,"data":{"alt":59,"type":2,"area":348}},{"x":3354,"y":1012,"data":{"alt":59,"type":2,"area":348}},{"x":3355,"y":1012,"data":{"alt":59,"type":2,"area":348}},{"x":3356,"y":1012,"data":{"alt":59,"type":2,"area":348}},{"x":3357,"y":1012,"data":{"alt":59,"type":2,"area":348}},{"x":3358,"y":1012,"data":{"alt":59,"type":2,"area":348}},{"x":3359,"y":1012,"data":{"alt":59,"type":2,"area":348}},{"x":3346,"y":1013,"data":{"alt":59,"type":2,"area":348}},{"x":3347,"y":1013,"data":{"alt":59,"type":2,"area":348}},{"x":3348,"y":1013,"data":{"alt":59,"type":2,"area":348}},{"x":3349,"y":1013,"data":{"alt":59,"type":2,"area":348}},{"x":3350,"y":1013,"data":{"alt":59,"type":2,"area":348}},{"x":3351,"y":1013,"data":{"alt":59,"type":2,"area":348}},{"x":3352,"y":1013,"data":{"alt":59,"type":2,"area":348}},{"x":3353,"y":1013,"data":{"alt":59,"type":2,"area":348}},{"x":3354,"y":1013,"data":{"alt":59,"type":2,"area":348}},{"x":3355,"y":1013,"data":{"alt":59,"type":2,"area":348}},{"x":3356,"y":1013,"data":{"alt":59,"type":2,"area":348}},{"x":3357,"y":1013,"data":{"alt":59,"type":2,"area":348}},{"x":3358,"y":1013,"data":{"alt":59,"type":2,"area":348}},{"x":3359,"y":1013,"data":{"alt":59,"type":2,"area":348}},{"x":3347,"y":1014,"data":{"alt":59,"type":2,"area":348}},{"x":3348,"y":1014,"data":{"alt":59,"type":2,"area":348}},{"x":3349,"y":1014,"data":{"alt":59,"type":2,"area":348}},{"x":3350,"y":1014,"data":{"alt":59,"type":2,"area":348}},{"x":3351,"y":1014,"data":{"alt":59,"type":2,"area":348}},{"x":3352,"y":1014,"data":{"alt":59,"type":2,"area":348}},{"x":3353,"y":1014,"data":{"alt":59,"type":2,"area":348}},{"x":3354,"y":1014,"data":{"alt":59,"type":2,"area":348}},{"x":3355,"y":1014,"data":{"alt":59,"type":2,"area":348}},{"x":3356,"y":1014,"data":{"alt":59,"type":2,"area":348}},{"x":3357,"y":1014,"data":{"alt":59,"type":2,"area":348}},{"x":3358,"y":1014,"data":{"alt":59,"type":2,"area":348}},{"x":3359,"y":1014,"data":{"alt":59,"type":2,"area":348}},{"x":3349,"y":1015,"data":{"alt":59,"type":2,"area":348}},{"x":3350,"y":1015,"data":{"alt":59,"type":2,"area":348}},{"x":3351,"y":1015,"data":{"alt":59,"type":2,"area":348}},{"x":3352,"y":1015,"data":{"alt":59,"type":2,"area":348}},{"x":3353,"y":1015,"data":{"alt":59,"type":2,"area":348}},{"x":3354,"y":1015,"data":{"alt":59,"type":2,"area":348}},{"x":3355,"y":1015,"data":{"alt":59,"type":2,"area":348}},{"x":3356,"y":1015,"data":{"alt":59,"type":2,"area":348}},{"x":3357,"y":1015,"data":{"alt":59,"type":2,"area":348}},{"x":3358,"y":1015,"data":{"alt":59,"type":2,"area":348}},{"x":3359,"y":1015,"data":{"alt":59,"type":2,"area":348}},{"x":3350,"y":1016,"data":{"alt":59,"type":2,"area":348}},{"x":3351,"y":1016,"data":{"alt":59,"type":2,"area":348}},{"x":3352,"y":1016,"data":{"alt":59,"type":2,"area":348}},{"x":3353,"y":1016,"data":{"alt":59,"type":2,"area":348}},{"x":3354,"y":1016,"data":{"alt":59,"type":2,"area":348}},{"x":3355,"y":1016,"data":{"alt":59,"type":2,"area":348}},{"x":3356,"y":1016,"data":{"alt":59,"type":2,"area":348}},{"x":3357,"y":1016,"data":{"alt":59,"type":2,"area":348}},{"x":3358,"y":1016,"data":{"alt":59,"type":2,"area":348}},{"x":3359,"y":1016,"data":{"alt":59,"type":2,"area":348}},{"x":3351,"y":1017,"data":{"alt":59,"type":2,"area":348}},{"x":3352,"y":1017,"data":{"alt":59,"type":2,"area":348}},{"x":3353,"y":1017,"data":{"alt":59,"type":2,"area":348}},{"x":3354,"y":1017,"data":{"alt":59,"type":2,"area":348}},{"x":3355,"y":1017,"data":{"alt":59,"type":2,"area":348}},{"x":3356,"y":1017,"data":{"alt":59,"type":2,"area":348}},{"x":3357,"y":1017,"data":{"alt":59,"type":2,"area":348}},{"x":3358,"y":1017,"data":{"alt":59,"type":2,"area":348}},{"x":3359,"y":1017,"data":{"alt":59,"type":2,"area":348}},{"x":3352,"y":1018,"data":{"alt":59,"type":2,"area":348}},{"x":3353,"y":1018,"data":{"alt":59,"type":2,"area":348}},{"x":3354,"y":1018,"data":{"alt":59,"type":2,"area":348}},{"x":3355,"y":1018,"data":{"alt":59,"type":2,"area":348}},{"x":3356,"y":1018,"data":{"alt":59,"type":2,"area":348}},{"x":3357,"y":1018,"data":{"alt":59,"type":2,"area":348}},{"x":3358,"y":1018,"data":{"alt":59,"type":2,"area":348}},{"x":3359,"y":1018,"data":{"alt":59,"type":2,"area":348}},{"x":3353,"y":1019,"data":{"alt":59,"type":2,"area":348}},{"x":3354,"y":1019,"data":{"alt":59,"type":2,"area":348}},{"x":3355,"y":1019,"data":{"alt":59,"type":2,"area":348}},{"x":3356,"y":1019,"data":{"alt":59,"type":2,"area":348}},{"x":3357,"y":1019,"data":{"alt":59,"type":2,"area":348}},{"x":3358,"y":1019,"data":{"alt":59,"type":2,"area":348}},{"x":3359,"y":1019,"data":{"alt":59,"type":2,"area":348}},{"x":3356,"y":1020,"data":{"alt":59,"type":2,"area":348}},{"x":3357,"y":1020,"data":{"alt":59,"type":2,"area":348}},{"x":3358,"y":1020,"data":{"alt":59,"type":2,"area":348}},{"x":3359,"y":1020,"data":{"alt":59,"type":2,"area":348}},{"x":3356,"y":1021,"data":{"alt":59,"type":2,"area":348}},{"x":3357,"y":1021,"data":{"alt":59,"type":2,"area":348}},{"x":3358,"y":1021,"data":{"alt":59,"type":2,"area":348}},{"x":3359,"y":1021,"data":{"alt":59,"type":2,"area":348}},{"x":3356,"y":1022,"data":{"alt":59,"type":2,"area":348}},{"x":3357,"y":1022,"data":{"alt":59,"type":2,"area":348}},{"x":3358,"y":1022,"data":{"alt":59,"type":2,"area":348}},{"x":3359,"y":1022,"data":{"alt":59,"type":2,"area":348}},{"x":3357,"y":1023,"data":{"alt":59,"type":2,"area":348}},{"x":3358,"y":1023,"data":{"alt":59,"type":2,"area":348}},{"x":3359,"y":1023,"data":{"alt":59,"type":2,"area":348}},{"x":3360,"y":1024,"data":{"alt":59,"type":2,"area":348}},{"x":3361,"y":1024,"data":{"alt":59,"type":2,"area":348}},{"x":3362,"y":1024,"data":{"alt":59,"type":2,"area":348}},{"x":3363,"y":1024,"data":{"alt":59,"type":2,"area":348}},{"x":3364,"y":1024,"data":{"alt":59,"type":2,"area":348}},{"x":3365,"y":1024,"data":{"alt":59,"type":2,"area":348}},{"x":3366,"y":1024,"data":{"alt":59,"type":2,"area":348}},{"x":3367,"y":1024,"data":{"alt":59,"type":2,"area":348}},{"x":3368,"y":1024,"data":{"alt":59,"type":2,"area":348}},{"x":3369,"y":1024,"data":{"alt":59,"type":2,"area":348}},{"x":3370,"y":1024,"data":{"alt":59,"type":2,"area":348}},{"x":3371,"y":1024,"data":{"alt":59,"type":2,"area":348}},{"x":3372,"y":1024,"data":{"alt":59,"type":2,"area":348}},{"x":3373,"y":1024,"data":{"alt":59,"type":2,"area":348}},{"x":3374,"y":1024,"data":{"alt":59,"type":2,"area":348}},{"x":3375,"y":1024,"data":{"alt":59,"type":1,"area":348}},{"x":3360,"y":1025,"data":{"alt":59,"type":2,"area":348}},{"x":3361,"y":1025,"data":{"alt":59,"type":2,"area":348}},{"x":3362,"y":1025,"data":{"alt":59,"type":2,"area":348}},{"x":3363,"y":1025,"data":{"alt":59,"type":2,"area":348}},{"x":3364,"y":1025,"data":{"alt":59,"type":2,"area":348}},{"x":3365,"y":1025,"data":{"alt":59,"type":2,"area":348}},{"x":3366,"y":1025,"data":{"alt":59,"type":2,"area":348}},{"x":3367,"y":1025,"data":{"alt":59,"type":2,"area":348}},{"x":3368,"y":1025,"data":{"alt":59,"type":2,"area":348}},{"x":3369,"y":1025,"data":{"alt":59,"type":2,"area":348}},{"x":3370,"y":1025,"data":{"alt":59,"type":2,"area":348}},{"x":3372,"y":1025,"data":{"alt":59,"type":2,"area":348}},{"x":3374,"y":1025,"data":{"alt":59,"type":1,"area":348}},{"x":3360,"y":1026,"data":{"alt":59,"type":2,"area":348}},{"x":3361,"y":1026,"data":{"alt":59,"type":2,"area":348}},{"x":3362,"y":1026,"data":{"alt":59,"type":2,"area":348}},{"x":3363,"y":1026,"data":{"alt":59,"type":2,"area":348}},{"x":3364,"y":1026,"data":{"alt":59,"type":2,"area":348}},{"x":3365,"y":1026,"data":{"alt":59,"type":2,"area":348}},{"x":3366,"y":1026,"data":{"alt":59,"type":2,"area":348}},{"x":3367,"y":1026,"data":{"alt":59,"type":2,"area":348}},{"x":3368,"y":1026,"data":{"alt":59,"type":2,"area":348}},{"x":3369,"y":1026,"data":{"alt":59,"type":2,"area":348}},{"x":3370,"y":1026,"data":{"alt":59,"type":2,"area":348}},{"x":3362,"y":1027,"data":{"alt":59,"type":2,"area":348}},{"x":3363,"y":1027,"data":{"alt":59,"type":2,"area":348}},{"x":3364,"y":1027,"data":{"alt":59,"type":2,"area":348}},{"x":3365,"y":1027,"data":{"alt":59,"type":2,"area":348}},{"x":3366,"y":1027,"data":{"alt":59,"type":2,"area":348}},{"x":3367,"y":1027,"data":{"alt":59,"type":2,"area":348}},{"x":3368,"y":1027,"data":{"alt":59,"type":2,"area":348}},{"x":3369,"y":1027,"data":{"alt":59,"type":2,"area":348}},{"x":3361,"y":1028,"data":{"alt":59,"type":2,"area":348}},{"x":3362,"y":1028,"data":{"alt":59,"type":2,"area":348}},{"x":3363,"y":1028,"data":{"alt":59,"type":2,"area":348}},{"x":3364,"y":1028,"data":{"alt":59,"type":2,"area":348}},{"x":3365,"y":1028,"data":{"alt":59,"type":2,"area":348}},{"x":3366,"y":1028,"data":{"alt":59,"type":2,"area":348}},{"x":3367,"y":1028,"data":{"alt":59,"type":2,"area":348}},{"x":3368,"y":1028,"data":{"alt":59,"type":2,"area":348}},{"x":3369,"y":1028,"data":{"alt":59,"type":2,"area":348}},{"x":3361,"y":1029,"data":{"alt":59,"type":2,"area":348}},{"x":3362,"y":1029,"data":{"alt":59,"type":2,"area":348}},{"x":3363,"y":1029,"data":{"alt":59,"type":2,"area":348}},{"x":3364,"y":1029,"data":{"alt":59,"type":2,"area":348}},{"x":3365,"y":1029,"data":{"alt":59,"type":2,"area":348}},{"x":3366,"y":1029,"data":{"alt":59,"type":2,"area":348}},{"x":3367,"y":1029,"data":{"alt":59,"type":2,"area":348}},{"x":3368,"y":1029,"data":{"alt":59,"type":2,"area":348}},{"x":3369,"y":1029,"data":{"alt":59,"type":2,"area":348}},{"x":3362,"y":1030,"data":{"alt":59,"type":2,"area":348}},{"x":3363,"y":1030,"data":{"alt":59,"type":2,"area":348}},{"x":3364,"y":1030,"data":{"alt":59,"type":2,"area":348}},{"x":3365,"y":1030,"data":{"alt":59,"type":2,"area":348}},{"x":3366,"y":1030,"data":{"alt":59,"type":2,"area":348}},{"x":3367,"y":1030,"data":{"alt":59,"type":2,"area":348}},{"x":3368,"y":1030,"data":{"alt":59,"type":2,"area":348}},{"x":3363,"y":1031,"data":{"alt":59,"type":2,"area":348}},{"x":3364,"y":1031,"data":{"alt":59,"type":2,"area":348}},{"x":3365,"y":1031,"data":{"alt":59,"type":2,"area":348}},{"x":3366,"y":1031,"data":{"alt":59,"type":2,"area":348}},{"x":3363,"y":1032,"data":{"alt":59,"type":2,"area":348}},{"x":3364,"y":1032,"data":{"alt":59,"type":2,"area":348}},{"x":3365,"y":1032,"data":{"alt":59,"type":2,"area":348}},{"x":3363,"y":1033,"data":{"alt":59,"type":2,"area":348}},{"x":3364,"y":1033,"data":{"alt":59,"type":2,"area":348}},{"x":3365,"y":1033,"data":{"alt":59,"type":2,"area":348}},{"x":3366,"y":1033,"data":{"alt":59,"type":2,"area":348}},{"x":3362,"y":1034,"data":{"alt":59,"type":2,"area":348}},{"x":3363,"y":1034,"data":{"alt":59,"type":2,"area":348}},{"x":3364,"y":1034,"data":{"alt":59,"type":2,"area":348}},{"x":3366,"y":1034,"data":{"alt":59,"type":2,"area":348}},{"x":3361,"y":1035,"data":{"alt":59,"type":2,"area":348}},{"x":3362,"y":1035,"data":{"alt":59,"type":2,"area":348}},{"x":3363,"y":1035,"data":{"alt":59,"type":2,"area":348}},{"x":3364,"y":1035,"data":{"alt":59,"type":2,"area":348}},{"x":3366,"y":1035,"data":{"alt":59,"type":2,"area":348}},{"x":3362,"y":1036,"data":{"alt":59,"type":2,"area":348}},{"x":3363,"y":1036,"data":{"alt":59,"type":2,"area":348}},{"x":3364,"y":1036,"data":{"alt":59,"type":2,"area":348}},{"x":3363,"y":1037,"data":{"alt":59,"type":2,"area":348}},{"x":3370,"y":996,"data":{"alt":59,"type":2,"area":348}},{"x":3371,"y":996,"data":{"alt":59,"type":2,"area":348}},{"x":3372,"y":996,"data":{"alt":59,"type":2,"area":348}},{"x":3373,"y":996,"data":{"alt":59,"type":2,"area":348}},{"x":3370,"y":997,"data":{"alt":59,"type":2,"area":348}},{"x":3371,"y":997,"data":{"alt":59,"type":2,"area":348}},{"x":3372,"y":997,"data":{"alt":59,"type":2,"area":348}},{"x":3373,"y":997,"data":{"alt":59,"type":2,"area":348}},{"x":3365,"y":998,"data":{"alt":59,"type":2,"area":348}},{"x":3366,"y":998,"data":{"alt":59,"type":2,"area":348}},{"x":3367,"y":998,"data":{"alt":59,"type":2,"area":348}},{"x":3369,"y":998,"data":{"alt":59,"type":2,"area":348}},{"x":3370,"y":998,"data":{"alt":59,"type":2,"area":348}},{"x":3371,"y":998,"data":{"alt":59,"type":2,"area":348}},{"x":3372,"y":998,"data":{"alt":59,"type":2,"area":348}},{"x":3373,"y":998,"data":{"alt":59,"type":2,"area":348}},{"x":3374,"y":998,"data":{"alt":59,"type":2,"area":348}},{"x":3375,"y":998,"data":{"alt":59,"type":2,"area":348}},{"x":3363,"y":999,"data":{"alt":59,"type":2,"area":348}},{"x":3366,"y":999,"data":{"alt":59,"type":2,"area":348}},{"x":3367,"y":999,"data":{"alt":59,"type":2,"area":348}},{"x":3368,"y":999,"data":{"alt":59,"type":2,"area":348}},{"x":3369,"y":999,"data":{"alt":59,"type":2,"area":348}},{"x":3370,"y":999,"data":{"alt":59,"type":2,"area":348}},{"x":3371,"y":999,"data":{"alt":59,"type":2,"area":348}},{"x":3372,"y":999,"data":{"alt":59,"type":2,"area":348}},{"x":3373,"y":999,"data":{"alt":59,"type":2,"area":348}},{"x":3374,"y":999,"data":{"alt":59,"type":2,"area":348}},{"x":3375,"y":999,"data":{"alt":59,"type":2,"area":348}},{"x":3360,"y":1000,"data":{"alt":59,"type":2,"area":348}},{"x":3361,"y":1000,"data":{"alt":59,"type":2,"area":348}},{"x":3362,"y":1000,"data":{"alt":59,"type":2,"area":348}},{"x":3363,"y":1000,"data":{"alt":59,"type":2,"area":348}},{"x":3364,"y":1000,"data":{"alt":59,"type":2,"area":348}},{"x":3365,"y":1000,"data":{"alt":59,"type":2,"area":348}},{"x":3366,"y":1000,"data":{"alt":59,"type":2,"area":348}},{"x":3367,"y":1000,"data":{"alt":59,"type":2,"area":348}},{"x":3368,"y":1000,"data":{"alt":59,"type":2,"area":348}},{"x":3369,"y":1000,"data":{"alt":59,"type":2,"area":348}},{"x":3370,"y":1000,"data":{"alt":59,"type":2,"area":348}},{"x":3371,"y":1000,"data":{"alt":59,"type":2,"area":348}},{"x":3372,"y":1000,"data":{"alt":59,"type":2,"area":348}},{"x":3373,"y":1000,"data":{"alt":59,"type":2,"area":348}},{"x":3374,"y":1000,"data":{"alt":59,"type":2,"area":348}},{"x":3360,"y":1001,"data":{"alt":59,"type":2,"area":348}},{"x":3361,"y":1001,"data":{"alt":59,"type":2,"area":348}},{"x":3362,"y":1001,"data":{"alt":59,"type":2,"area":348}},{"x":3363,"y":1001,"data":{"alt":59,"type":2,"area":348}},{"x":3364,"y":1001,"data":{"alt":59,"type":2,"area":348}},{"x":3365,"y":1001,"data":{"alt":59,"type":2,"area":348}},{"x":3366,"y":1001,"data":{"alt":59,"type":2,"area":348}},{"x":3367,"y":1001,"data":{"alt":59,"type":2,"area":348}},{"x":3368,"y":1001,"data":{"alt":59,"type":2,"area":348}},{"x":3369,"y":1001,"data":{"alt":59,"type":2,"area":348}},{"x":3370,"y":1001,"data":{"alt":59,"type":2,"area":348}},{"x":3371,"y":1001,"data":{"alt":59,"type":2,"area":348}},{"x":3372,"y":1001,"data":{"alt":59,"type":2,"area":348}},{"x":3373,"y":1001,"data":{"alt":59,"type":2,"area":348}},{"x":3374,"y":1001,"data":{"alt":59,"type":2,"area":348}},{"x":3375,"y":1001,"data":{"alt":59,"type":2,"area":348}},{"x":3360,"y":1002,"data":{"alt":59,"type":2,"area":348}},{"x":3361,"y":1002,"data":{"alt":59,"type":2,"area":348}},{"x":3362,"y":1002,"data":{"alt":59,"type":2,"area":348}},{"x":3363,"y":1002,"data":{"alt":59,"type":2,"area":348}},{"x":3364,"y":1002,"data":{"alt":59,"type":2,"area":348}},{"x":3365,"y":1002,"data":{"alt":59,"type":2,"area":348}},{"x":3366,"y":1002,"data":{"alt":59,"type":2,"area":348}},{"x":3367,"y":1002,"data":{"alt":59,"type":2,"area":348}},{"x":3368,"y":1002,"data":{"alt":59,"type":2,"area":348}},{"x":3369,"y":1002,"data":{"alt":59,"type":2,"area":348}},{"x":3370,"y":1002,"data":{"alt":59,"type":2,"area":348}},{"x":3371,"y":1002,"data":{"alt":59,"type":2,"area":348}},{"x":3372,"y":1002,"data":{"alt":59,"type":2,"area":348}},{"x":3373,"y":1002,"data":{"alt":59,"type":2,"area":348}},{"x":3374,"y":1002,"data":{"alt":59,"type":2,"area":348}},{"x":3375,"y":1002,"data":{"alt":59,"type":2,"area":348}},{"x":3376,"y":1002,"data":{"alt":59,"type":2,"area":348}},{"x":3360,"y":1003,"data":{"alt":59,"type":2,"area":348}},{"x":3361,"y":1003,"data":{"alt":59,"type":2,"area":348}},{"x":3362,"y":1003,"data":{"alt":59,"type":2,"area":348}},{"x":3363,"y":1003,"data":{"alt":59,"type":2,"area":348}},{"x":3364,"y":1003,"data":{"alt":59,"type":2,"area":348}},{"x":3365,"y":1003,"data":{"alt":59,"type":2,"area":348}},{"x":3366,"y":1003,"data":{"alt":59,"type":2,"area":348}},{"x":3367,"y":1003,"data":{"alt":59,"type":2,"area":348}},{"x":3368,"y":1003,"data":{"alt":59,"type":2,"area":348}},{"x":3369,"y":1003,"data":{"alt":59,"type":2,"area":348}},{"x":3370,"y":1003,"data":{"alt":59,"type":2,"area":348}},{"x":3371,"y":1003,"data":{"alt":59,"type":2,"area":348}},{"x":3372,"y":1003,"data":{"alt":59,"type":2,"area":348}},{"x":3373,"y":1003,"data":{"alt":59,"type":2,"area":348}},{"x":3374,"y":1003,"data":{"alt":59,"type":2,"area":348}},{"x":3375,"y":1003,"data":{"alt":59,"type":2,"area":348}},{"x":3360,"y":1004,"data":{"alt":59,"type":2,"area":348}},{"x":3361,"y":1004,"data":{"alt":59,"type":2,"area":348}},{"x":3362,"y":1004,"data":{"alt":59,"type":2,"area":348}},{"x":3363,"y":1004,"data":{"alt":59,"type":2,"area":348}},{"x":3364,"y":1004,"data":{"alt":59,"type":2,"area":348}},{"x":3365,"y":1004,"data":{"alt":59,"type":2,"area":348}},{"x":3366,"y":1004,"data":{"alt":59,"type":2,"area":348}},{"x":3367,"y":1004,"data":{"alt":59,"type":2,"area":348}},{"x":3368,"y":1004,"data":{"alt":59,"type":2,"area":348}},{"x":3369,"y":1004,"data":{"alt":59,"type":2,"area":348}},{"x":3370,"y":1004,"data":{"alt":59,"type":2,"area":348}},{"x":3371,"y":1004,"data":{"alt":59,"type":2,"area":348}},{"x":3372,"y":1004,"data":{"alt":59,"type":2,"area":348}},{"x":3373,"y":1004,"data":{"alt":59,"type":2,"area":348}},{"x":3374,"y":1004,"data":{"alt":59,"type":2,"area":348}},{"x":3360,"y":1005,"data":{"alt":59,"type":2,"area":348}},{"x":3361,"y":1005,"data":{"alt":59,"type":2,"area":348}},{"x":3362,"y":1005,"data":{"alt":59,"type":2,"area":348}},{"x":3363,"y":1005,"data":{"alt":59,"type":2,"area":348}},{"x":3364,"y":1005,"data":{"alt":59,"type":2,"area":348}},{"x":3365,"y":1005,"data":{"alt":59,"type":2,"area":348}},{"x":3366,"y":1005,"data":{"alt":59,"type":2,"area":348}},{"x":3367,"y":1005,"data":{"alt":59,"type":2,"area":348}},{"x":3368,"y":1005,"data":{"alt":59,"type":2,"area":348}},{"x":3369,"y":1005,"data":{"alt":59,"type":2,"area":348}},{"x":3370,"y":1005,"data":{"alt":59,"type":2,"area":348}},{"x":3371,"y":1005,"data":{"alt":59,"type":2,"area":348}},{"x":3360,"y":1006,"data":{"alt":59,"type":2,"area":348}},{"x":3361,"y":1006,"data":{"alt":59,"type":2,"area":348}},{"x":3362,"y":1006,"data":{"alt":59,"type":2,"area":348}},{"x":3363,"y":1006,"data":{"alt":59,"type":2,"area":348}},{"x":3364,"y":1006,"data":{"alt":59,"type":2,"area":348}},{"x":3365,"y":1006,"data":{"alt":59,"type":2,"area":348}},{"x":3366,"y":1006,"data":{"alt":59,"type":2,"area":348}},{"x":3367,"y":1006,"data":{"alt":59,"type":2,"area":348}},{"x":3368,"y":1006,"data":{"alt":59,"type":2,"area":348}},{"x":3369,"y":1006,"data":{"alt":59,"type":2,"area":348}},{"x":3370,"y":1006,"data":{"alt":59,"type":2,"area":348}},{"x":3371,"y":1006,"data":{"alt":59,"type":2,"area":348}},{"x":3372,"y":1006,"data":{"alt":59,"type":2,"area":348}},{"x":3373,"y":1006,"data":{"alt":59,"type":2,"area":348}},{"x":3360,"y":1007,"data":{"alt":59,"type":2,"area":348}},{"x":3361,"y":1007,"data":{"alt":59,"type":2,"area":348}},{"x":3362,"y":1007,"data":{"alt":59,"type":2,"area":348}},{"x":3363,"y":1007,"data":{"alt":59,"type":2,"area":348}},{"x":3364,"y":1007,"data":{"alt":59,"type":2,"area":348}},{"x":3365,"y":1007,"data":{"alt":59,"type":2,"area":348}},{"x":3366,"y":1007,"data":{"alt":59,"type":2,"area":348}},{"x":3367,"y":1007,"data":{"alt":59,"type":2,"area":348}},{"x":3368,"y":1007,"data":{"alt":59,"type":2,"area":348}},{"x":3369,"y":1007,"data":{"alt":59,"type":2,"area":348}},{"x":3370,"y":1007,"data":{"alt":59,"type":2,"area":348}},{"x":3371,"y":1007,"data":{"alt":59,"type":2,"area":348}},{"x":3372,"y":1007,"data":{"alt":59,"type":2,"area":348}},{"x":3373,"y":1007,"data":{"alt":59,"type":2,"area":348}},{"x":3374,"y":1007,"data":{"alt":59,"type":2,"area":348}},{"x":3360,"y":1008,"data":{"alt":59,"type":1,"area":348}},{"x":3361,"y":1008,"data":{"alt":59,"type":2,"area":348}},{"x":3362,"y":1008,"data":{"alt":59,"type":2,"area":348}},{"x":3363,"y":1008,"data":{"alt":59,"type":2,"area":348}},{"x":3364,"y":1008,"data":{"alt":59,"type":2,"area":348}},{"x":3365,"y":1008,"data":{"alt":59,"type":2,"area":348}},{"x":3366,"y":1008,"data":{"alt":59,"type":2,"area":348}},{"x":3367,"y":1008,"data":{"alt":59,"type":2,"area":348}},{"x":3368,"y":1008,"data":{"alt":59,"type":2,"area":348}},{"x":3369,"y":1008,"data":{"alt":59,"type":2,"area":348}},{"x":3370,"y":1008,"data":{"alt":59,"type":2,"area":348}},{"x":3371,"y":1008,"data":{"alt":59,"type":2,"area":348}},{"x":3372,"y":1008,"data":{"alt":59,"type":2,"area":348}},{"x":3373,"y":1008,"data":{"alt":59,"type":2,"area":348}},{"x":3374,"y":1008,"data":{"alt":59,"type":2,"area":348}},{"x":3375,"y":1008,"data":{"alt":59,"type":2,"area":348}},{"x":3360,"y":1009,"data":{"alt":59,"type":2,"area":348}},{"x":3361,"y":1009,"data":{"alt":59,"type":1,"area":348}},{"x":3362,"y":1009,"data":{"alt":59,"type":1,"area":348}},{"x":3363,"y":1009,"data":{"alt":59,"type":1,"area":348}},{"x":3364,"y":1009,"data":{"alt":59,"type":2,"area":348}},{"x":3365,"y":1009,"data":{"alt":59,"type":2,"area":348}},{"x":3366,"y":1009,"data":{"alt":59,"type":2,"area":348}},{"x":3367,"y":1009,"data":{"alt":59,"type":2,"area":348}},{"x":3368,"y":1009,"data":{"alt":59,"type":2,"area":348}},{"x":3369,"y":1009,"data":{"alt":59,"type":2,"area":348}},{"x":3370,"y":1009,"data":{"alt":59,"type":2,"area":348}},{"x":3371,"y":1009,"data":{"alt":59,"type":2,"area":348}},{"x":3372,"y":1009,"data":{"alt":59,"type":2,"area":348}},{"x":3360,"y":1010,"data":{"alt":59,"type":2,"area":348}},{"x":3361,"y":1010,"data":{"alt":59,"type":2,"area":348}},{"x":3362,"y":1010,"data":{"alt":59,"type":2,"area":348}},{"x":3363,"y":1010,"data":{"alt":59,"type":2,"area":348}},{"x":3364,"y":1010,"data":{"alt":59,"type":1,"area":348}},{"x":3365,"y":1010,"data":{"alt":59,"type":2,"area":348}},{"x":3366,"y":1010,"data":{"alt":59,"type":2,"area":348}},{"x":3367,"y":1010,"data":{"alt":59,"type":2,"area":348}},{"x":3368,"y":1010,"data":{"alt":59,"type":2,"area":348}},{"x":3369,"y":1010,"data":{"alt":59,"type":2,"area":348}},{"x":3370,"y":1010,"data":{"alt":59,"type":2,"area":348}},{"x":3371,"y":1010,"data":{"alt":59,"type":2,"area":348}},{"x":3360,"y":1011,"data":{"alt":59,"type":2,"area":348}},{"x":3361,"y":1011,"data":{"alt":59,"type":2,"area":348}},{"x":3362,"y":1011,"data":{"alt":59,"type":2,"area":348}},{"x":3363,"y":1011,"data":{"alt":59,"type":2,"area":348}},{"x":3364,"y":1011,"data":{"alt":59,"type":2,"area":348}},{"x":3365,"y":1011,"data":{"alt":59,"type":1,"area":348}},{"x":3366,"y":1011,"data":{"alt":59,"type":2,"area":348}},{"x":3367,"y":1011,"data":{"alt":59,"type":2,"area":348}},{"x":3368,"y":1011,"data":{"alt":59,"type":2,"area":348}},{"x":3369,"y":1011,"data":{"alt":59,"type":2,"area":348}},{"x":3370,"y":1011,"data":{"alt":59,"type":2,"area":348}},{"x":3371,"y":1011,"data":{"alt":59,"type":2,"area":348}},{"x":3360,"y":1012,"data":{"alt":59,"type":2,"area":348}},{"x":3361,"y":1012,"data":{"alt":59,"type":2,"area":348}},{"x":3362,"y":1012,"data":{"alt":59,"type":2,"area":348}},{"x":3363,"y":1012,"data":{"alt":59,"type":2,"area":348}},{"x":3364,"y":1012,"data":{"alt":59,"type":2,"area":348}},{"x":3365,"y":1012,"data":{"alt":59,"type":2,"area":348}},{"x":3366,"y":1012,"data":{"alt":59,"type":1,"area":348}},{"x":3367,"y":1012,"data":{"alt":59,"type":2,"area":348}},{"x":3368,"y":1012,"data":{"alt":59,"type":2,"area":348}},{"x":3369,"y":1012,"data":{"alt":59,"type":2,"area":348}},{"x":3370,"y":1012,"data":{"alt":59,"type":2,"area":348}},{"x":3371,"y":1012,"data":{"alt":59,"type":2,"area":348}},{"x":3360,"y":1013,"data":{"alt":59,"type":2,"area":348}},{"x":3361,"y":1013,"data":{"alt":59,"type":2,"area":348}},{"x":3362,"y":1013,"data":{"alt":59,"type":2,"area":348}},{"x":3363,"y":1013,"data":{"alt":59,"type":2,"area":348}},{"x":3364,"y":1013,"data":{"alt":59,"type":2,"area":348}},{"x":3365,"y":1013,"data":{"alt":59,"type":2,"area":348}},{"x":3366,"y":1013,"data":{"alt":59,"type":2,"area":348}},{"x":3367,"y":1013,"data":{"alt":59,"type":1,"area":348}},{"x":3368,"y":1013,"data":{"alt":59,"type":2,"area":348}},{"x":3369,"y":1013,"data":{"alt":59,"type":2,"area":348}},{"x":3370,"y":1013,"data":{"alt":59,"type":2,"area":348}},{"x":3371,"y":1013,"data":{"alt":59,"type":2,"area":348}},{"x":3360,"y":1014,"data":{"alt":59,"type":2,"area":348}},{"x":3361,"y":1014,"data":{"alt":59,"type":2,"area":348}},{"x":3362,"y":1014,"data":{"alt":59,"type":2,"area":348}},{"x":3363,"y":1014,"data":{"alt":59,"type":2,"area":348}},{"x":3364,"y":1014,"data":{"alt":59,"type":2,"area":348}},{"x":3365,"y":1014,"data":{"alt":59,"type":2,"area":348}},{"x":3366,"y":1014,"data":{"alt":59,"type":2,"area":348}},{"x":3367,"y":1014,"data":{"alt":59,"type":2,"area":348}},{"x":3368,"y":1014,"data":{"alt":59,"type":1,"area":348}},{"x":3369,"y":1014,"data":{"alt":59,"type":1,"area":348}},{"x":3370,"y":1014,"data":{"alt":59,"type":1,"area":348}},{"x":3371,"y":1014,"data":{"alt":59,"type":2,"area":348}},{"x":3360,"y":1015,"data":{"alt":59,"type":2,"area":348}},{"x":3361,"y":1015,"data":{"alt":59,"type":2,"area":348}},{"x":3362,"y":1015,"data":{"alt":59,"type":2,"area":348}},{"x":3363,"y":1015,"data":{"alt":59,"type":2,"area":348}},{"x":3364,"y":1015,"data":{"alt":59,"type":2,"area":348}},{"x":3365,"y":1015,"data":{"alt":59,"type":2,"area":348}},{"x":3366,"y":1015,"data":{"alt":59,"type":2,"area":348}},{"x":3367,"y":1015,"data":{"alt":59,"type":2,"area":348}},{"x":3368,"y":1015,"data":{"alt":59,"type":2,"area":348}},{"x":3369,"y":1015,"data":{"alt":59,"type":2,"area":348}},{"x":3370,"y":1015,"data":{"alt":59,"type":2,"area":348}},{"x":3371,"y":1015,"data":{"alt":59,"type":1,"area":348}},{"x":3360,"y":1016,"data":{"alt":59,"type":2,"area":348}},{"x":3361,"y":1016,"data":{"alt":59,"type":2,"area":348}},{"x":3362,"y":1016,"data":{"alt":59,"type":2,"area":348}},{"x":3363,"y":1016,"data":{"alt":59,"type":2,"area":348}},{"x":3364,"y":1016,"data":{"alt":59,"type":2,"area":348}},{"x":3365,"y":1016,"data":{"alt":59,"type":2,"area":348}},{"x":3366,"y":1016,"data":{"alt":59,"type":2,"area":348}},{"x":3367,"y":1016,"data":{"alt":59,"type":2,"area":348}},{"x":3368,"y":1016,"data":{"alt":59,"type":2,"area":348}},{"x":3369,"y":1016,"data":{"alt":59,"type":2,"area":348}},{"x":3370,"y":1016,"data":{"alt":59,"type":2,"area":348}},{"x":3371,"y":1016,"data":{"alt":59,"type":2,"area":348}},{"x":3372,"y":1016,"data":{"alt":59,"type":1,"area":348}},{"x":3373,"y":1016,"data":{"alt":59,"type":2,"area":348}},{"x":3360,"y":1017,"data":{"alt":59,"type":2,"area":348}},{"x":3361,"y":1017,"data":{"alt":59,"type":2,"area":348}},{"x":3362,"y":1017,"data":{"alt":59,"type":2,"area":348}},{"x":3363,"y":1017,"data":{"alt":59,"type":2,"area":348}},{"x":3364,"y":1017,"data":{"alt":59,"type":2,"area":348}},{"x":3365,"y":1017,"data":{"alt":59,"type":2,"area":348}},{"x":3366,"y":1017,"data":{"alt":59,"type":2,"area":348}},{"x":3367,"y":1017,"data":{"alt":59,"type":2,"area":348}},{"x":3368,"y":1017,"data":{"alt":59,"type":2,"area":348}},{"x":3369,"y":1017,"data":{"alt":59,"type":2,"area":348}},{"x":3370,"y":1017,"data":{"alt":59,"type":2,"area":348}},{"x":3371,"y":1017,"data":{"alt":59,"type":2,"area":348}},{"x":3372,"y":1017,"data":{"alt":59,"type":1,"area":348}},{"x":3373,"y":1017,"data":{"alt":59,"type":2,"area":348}},{"x":3360,"y":1018,"data":{"alt":59,"type":2,"area":348}},{"x":3361,"y":1018,"data":{"alt":59,"type":2,"area":348}},{"x":3362,"y":1018,"data":{"alt":59,"type":2,"area":348}},{"x":3363,"y":1018,"data":{"alt":59,"type":2,"area":348}},{"x":3364,"y":1018,"data":{"alt":59,"type":2,"area":348}},{"x":3365,"y":1018,"data":{"alt":59,"type":2,"area":348}},{"x":3366,"y":1018,"data":{"alt":59,"type":2,"area":348}},{"x":3367,"y":1018,"data":{"alt":59,"type":2,"area":348}},{"x":3368,"y":1018,"data":{"alt":59,"type":2,"area":348}},{"x":3369,"y":1018,"data":{"alt":59,"type":2,"area":348}},{"x":3370,"y":1018,"data":{"alt":59,"type":2,"area":348}},{"x":3371,"y":1018,"data":{"alt":59,"type":1,"area":348}},{"x":3372,"y":1018,"data":{"alt":59,"type":2,"area":348}},{"x":3360,"y":1019,"data":{"alt":59,"type":2,"area":348}},{"x":3361,"y":1019,"data":{"alt":59,"type":2,"area":348}},{"x":3362,"y":1019,"data":{"alt":59,"type":2,"area":348}},{"x":3363,"y":1019,"data":{"alt":59,"type":2,"area":348}},{"x":3364,"y":1019,"data":{"alt":59,"type":2,"area":348}},{"x":3365,"y":1019,"data":{"alt":59,"type":2,"area":348}},{"x":3366,"y":1019,"data":{"alt":59,"type":2,"area":348}},{"x":3367,"y":1019,"data":{"alt":59,"type":2,"area":348}},{"x":3368,"y":1019,"data":{"alt":59,"type":2,"area":348}},{"x":3369,"y":1019,"data":{"alt":59,"type":2,"area":348}},{"x":3370,"y":1019,"data":{"alt":59,"type":2,"area":348}},{"x":3371,"y":1019,"data":{"alt":59,"type":1,"area":348}},{"x":3372,"y":1019,"data":{"alt":59,"type":2,"area":348}},{"x":3373,"y":1019,"data":{"alt":59,"type":2,"area":348}},{"x":3360,"y":1020,"data":{"alt":59,"type":2,"area":348}},{"x":3361,"y":1020,"data":{"alt":59,"type":2,"area":348}},{"x":3362,"y":1020,"data":{"alt":59,"type":2,"area":348}},{"x":3363,"y":1020,"data":{"alt":59,"type":2,"area":348}},{"x":3364,"y":1020,"data":{"alt":59,"type":2,"area":348}},{"x":3365,"y":1020,"data":{"alt":59,"type":2,"area":348}},{"x":3366,"y":1020,"data":{"alt":59,"type":2,"area":348}},{"x":3367,"y":1020,"data":{"alt":59,"type":2,"area":348}},{"x":3368,"y":1020,"data":{"alt":59,"type":2,"area":348}},{"x":3369,"y":1020,"data":{"alt":59,"type":2,"area":348}},{"x":3370,"y":1020,"data":{"alt":59,"type":2,"area":348}},{"x":3371,"y":1020,"data":{"alt":59,"type":2,"area":348}},{"x":3372,"y":1020,"data":{"alt":59,"type":1,"area":348}},{"x":3373,"y":1020,"data":{"alt":59,"type":2,"area":348}},{"x":3375,"y":1020,"data":{"alt":59,"type":2,"area":348}},{"x":3360,"y":1021,"data":{"alt":59,"type":2,"area":348}},{"x":3361,"y":1021,"data":{"alt":59,"type":2,"area":348}},{"x":3362,"y":1021,"data":{"alt":59,"type":2,"area":348}},{"x":3363,"y":1021,"data":{"alt":59,"type":2,"area":348}},{"x":3364,"y":1021,"data":{"alt":59,"type":2,"area":348}},{"x":3365,"y":1021,"data":{"alt":59,"type":2,"area":348}},{"x":3366,"y":1021,"data":{"alt":59,"type":2,"area":348}},{"x":3367,"y":1021,"data":{"alt":59,"type":2,"area":348}},{"x":3368,"y":1021,"data":{"alt":59,"type":2,"area":348}},{"x":3369,"y":1021,"data":{"alt":59,"type":2,"area":348}},{"x":3370,"y":1021,"data":{"alt":59,"type":2,"area":348}},{"x":3371,"y":1021,"data":{"alt":59,"type":2,"area":348}},{"x":3372,"y":1021,"data":{"alt":59,"type":2,"area":348}},{"x":3373,"y":1021,"data":{"alt":59,"type":1,"area":348}},{"x":3374,"y":1021,"data":{"alt":59,"type":2,"area":348}},{"x":3375,"y":1021,"data":{"alt":59,"type":2,"area":348}},{"x":3360,"y":1022,"data":{"alt":59,"type":2,"area":348}},{"x":3361,"y":1022,"data":{"alt":59,"type":2,"area":348}},{"x":3362,"y":1022,"data":{"alt":59,"type":2,"area":348}},{"x":3363,"y":1022,"data":{"alt":59,"type":2,"area":348}},{"x":3364,"y":1022,"data":{"alt":59,"type":2,"area":348}},{"x":3365,"y":1022,"data":{"alt":59,"type":2,"area":348}},{"x":3366,"y":1022,"data":{"alt":59,"type":2,"area":348}},{"x":3367,"y":1022,"data":{"alt":59,"type":2,"area":348}},{"x":3368,"y":1022,"data":{"alt":59,"type":2,"area":348}},{"x":3369,"y":1022,"data":{"alt":59,"type":2,"area":348}},{"x":3370,"y":1022,"data":{"alt":59,"type":2,"area":348}},{"x":3371,"y":1022,"data":{"alt":59,"type":2,"area":348}},{"x":3372,"y":1022,"data":{"alt":59,"type":2,"area":348}},{"x":3373,"y":1022,"data":{"alt":59,"type":2,"area":348}},{"x":3374,"y":1022,"data":{"alt":59,"type":1,"area":348}},{"x":3375,"y":1022,"data":{"alt":59,"type":2,"area":348}},{"x":3376,"y":1022,"data":{"alt":59,"type":2,"area":348}},{"x":3360,"y":1023,"data":{"alt":59,"type":2,"area":348}},{"x":3361,"y":1023,"data":{"alt":59,"type":2,"area":348}},{"x":3362,"y":1023,"data":{"alt":59,"type":2,"area":348}},{"x":3363,"y":1023,"data":{"alt":59,"type":2,"area":348}},{"x":3364,"y":1023,"data":{"alt":59,"type":2,"area":348}},{"x":3365,"y":1023,"data":{"alt":59,"type":2,"area":348}},{"x":3366,"y":1023,"data":{"alt":59,"type":2,"area":348}},{"x":3367,"y":1023,"data":{"alt":59,"type":2,"area":348}},{"x":3368,"y":1023,"data":{"alt":59,"type":2,"area":348}},{"x":3369,"y":1023,"data":{"alt":59,"type":2,"area":348}},{"x":3370,"y":1023,"data":{"alt":59,"type":2,"area":348}},{"x":3371,"y":1023,"data":{"alt":59,"type":2,"area":348}},{"x":3372,"y":1023,"data":{"alt":59,"type":2,"area":348}},{"x":3373,"y":1023,"data":{"alt":59,"type":2,"area":348}},{"x":3374,"y":1023,"data":{"alt":59,"type":2,"area":348}},{"x":3375,"y":1023,"data":{"alt":59,"type":1,"area":348}}]