[{"x":3348,"y":1889,"data":{"alt":101,"type":1,"area":350}},{"x":3349,"y":1889,"data":{"alt":101,"type":1,"area":350}},{"x":3350,"y":1889,"data":{"alt":101,"type":1,"area":350}},{"x":3351,"y":1889,"data":{"alt":101,"type":1,"area":350}},{"x":3352,"y":1889,"data":{"alt":101,"type":1,"area":350}},{"x":3353,"y":1889,"data":{"alt":101,"type":1,"area":350}},{"x":3354,"y":1889,"data":{"alt":101,"type":1,"area":350}},{"x":3355,"y":1889,"data":{"alt":101,"type":1,"area":350}},{"x":3356,"y":1889,"data":{"alt":101,"type":1,"area":350}},{"x":3357,"y":1889,"data":{"alt":101,"type":1,"area":350}},{"x":3358,"y":1889,"data":{"alt":101,"type":1,"area":350}},{"x":3359,"y":1889,"data":{"alt":101,"type":1,"area":350}}]