[{"x":3357,"y":2477,"data":{"alt":2,"type":2,"area":352}},{"x":3358,"y":2477,"data":{"alt":2,"type":2,"area":352}},{"x":3359,"y":2477,"data":{"alt":2,"type":2,"area":352}},{"x":3357,"y":2478,"data":{"alt":2,"type":2,"area":352}},{"x":3358,"y":2478,"data":{"alt":2,"type":2,"area":352}},{"x":3359,"y":2478,"data":{"alt":2,"type":2,"area":352}},{"x":3358,"y":2479,"data":{"alt":2,"type":2,"area":352}},{"x":3359,"y":2479,"data":{"alt":2,"type":2,"area":352}},{"x":3352,"y":2480,"data":{"alt":2,"type":2,"area":352}},{"x":3359,"y":2480,"data":{"alt":2,"type":2,"area":352}},{"x":3352,"y":2481,"data":{"alt":2,"type":2,"area":352}},{"x":3353,"y":2481,"data":{"alt":2,"type":2,"area":352}},{"x":3354,"y":2481,"data":{"alt":2,"type":2,"area":352}},{"x":3357,"y":2481,"data":{"alt":2,"type":2,"area":352}},{"x":3358,"y":2481,"data":{"alt":2,"type":2,"area":352}},{"x":3359,"y":2481,"data":{"alt":2,"type":2,"area":352}},{"x":3352,"y":2482,"data":{"alt":2,"type":2,"area":352}},{"x":3353,"y":2482,"data":{"alt":2,"type":2,"area":352}},{"x":3354,"y":2482,"data":{"alt":2,"type":2,"area":352}},{"x":3355,"y":2482,"data":{"alt":2,"type":2,"area":352}},{"x":3356,"y":2482,"data":{"alt":2,"type":2,"area":352}},{"x":3357,"y":2482,"data":{"alt":2,"type":2,"area":352}},{"x":3358,"y":2482,"data":{"alt":2,"type":2,"area":352}},{"x":3359,"y":2482,"data":{"alt":2,"type":2,"area":352}},{"x":3353,"y":2483,"data":{"alt":2,"type":2,"area":352}},{"x":3354,"y":2483,"data":{"alt":2,"type":2,"area":352}},{"x":3355,"y":2483,"data":{"alt":2,"type":2,"area":352}},{"x":3356,"y":2483,"data":{"alt":2,"type":2,"area":352}},{"x":3357,"y":2483,"data":{"alt":2,"type":2,"area":352}},{"x":3358,"y":2483,"data":{"alt":2,"type":2,"area":352}},{"x":3359,"y":2483,"data":{"alt":2,"type":2,"area":352}},{"x":3354,"y":2484,"data":{"alt":2,"type":2,"area":352}},{"x":3355,"y":2484,"data":{"alt":2,"type":2,"area":352}},{"x":3356,"y":2484,"data":{"alt":2,"type":2,"area":352}},{"x":3357,"y":2484,"data":{"alt":2,"type":2,"area":352}},{"x":3359,"y":2484,"data":{"alt":2,"type":2,"area":352}},{"x":3353,"y":2485,"data":{"alt":2,"type":2,"area":352}},{"x":3354,"y":2485,"data":{"alt":2,"type":2,"area":352}},{"x":3355,"y":2485,"data":{"alt":2,"type":2,"area":352}},{"x":3359,"y":2485,"data":{"alt":2,"type":2,"area":352}},{"x":3353,"y":2486,"data":{"alt":2,"type":2,"area":352}},{"x":3354,"y":2486,"data":{"alt":2,"type":2,"area":352}},{"x":3353,"y":2487,"data":{"alt":2,"type":2,"area":352}},{"x":3360,"y":2478,"data":{"alt":2,"type":2,"area":352}},{"x":3360,"y":2479,"data":{"alt":2,"type":2,"area":352}},{"x":3361,"y":2479,"data":{"alt":2,"type":2,"area":352}},{"x":3362,"y":2479,"data":{"alt":2,"type":2,"area":352}},{"x":3360,"y":2480,"data":{"alt":2,"type":2,"area":352}},{"x":3361,"y":2480,"data":{"alt":2,"type":2,"area":352}},{"x":3362,"y":2480,"data":{"alt":2,"type":2,"area":352}},{"x":3360,"y":2481,"data":{"alt":2,"type":2,"area":352}},{"x":3361,"y":2481,"data":{"alt":2,"type":2,"area":352}},{"x":3362,"y":2481,"data":{"alt":2,"type":2,"area":352}},{"x":3363,"y":2481,"data":{"alt":2,"type":2,"area":352}},{"x":3361,"y":2482,"data":{"alt":2,"type":2,"area":352}},{"x":3362,"y":2482,"data":{"alt":2,"type":2,"area":352}},{"x":3363,"y":2482,"data":{"alt":2,"type":2,"area":352}},{"x":3364,"y":2482,"data":{"alt":2,"type":2,"area":352}},{"x":3362,"y":2483,"data":{"alt":2,"type":2,"area":352}},{"x":3363,"y":2483,"data":{"alt":2,"type":2,"area":352}},{"x":3363,"y":2484,"data":{"alt":2,"type":2,"area":352}},{"x":3360,"y":2485,"data":{"alt":2,"type":2,"area":352}},{"x":3361,"y":2485,"data":{"alt":2,"type":2,"area":352}},{"x":3360,"y":2486,"data":{"alt":2,"type":2,"area":352}},{"x":3361,"y":2486,"data":{"alt":2,"type":2,"area":352}}]