[{"x":3352,"y":2489,"data":{"alt":2,"type":2,"area":354}},{"x":3354,"y":2489,"data":{"alt":2,"type":2,"area":354}},{"x":3355,"y":2489,"data":{"alt":2,"type":2,"area":354}},{"x":3356,"y":2489,"data":{"alt":2,"type":2,"area":354}},{"x":3352,"y":2490,"data":{"alt":2,"type":2,"area":354}},{"x":3353,"y":2490,"data":{"alt":2,"type":2,"area":354}},{"x":3354,"y":2490,"data":{"alt":2,"type":2,"area":354}},{"x":3355,"y":2490,"data":{"alt":2,"type":2,"area":354}},{"x":3353,"y":2491,"data":{"alt":2,"type":2,"area":354}},{"x":3354,"y":2491,"data":{"alt":2,"type":2,"area":354}},{"x":3355,"y":2491,"data":{"alt":2,"type":2,"area":354}},{"x":3356,"y":2491,"data":{"alt":2,"type":2,"area":354}},{"x":3357,"y":2491,"data":{"alt":2,"type":2,"area":354}},{"x":3354,"y":2492,"data":{"alt":2,"type":2,"area":354}},{"x":3355,"y":2492,"data":{"alt":2,"type":2,"area":354}},{"x":3356,"y":2492,"data":{"alt":2,"type":2,"area":354}},{"x":3354,"y":2493,"data":{"alt":2,"type":2,"area":354}},{"x":3355,"y":2493,"data":{"alt":2,"type":2,"area":354}}]