[{"x":3378,"y":2470,"data":{"alt":2,"type":2,"area":356}},{"x":3376,"y":2471,"data":{"alt":2,"type":2,"area":356}},{"x":3377,"y":2471,"data":{"alt":2,"type":2,"area":356}},{"x":3378,"y":2471,"data":{"alt":2,"type":2,"area":356}},{"x":3379,"y":2471,"data":{"alt":2,"type":2,"area":356}},{"x":3378,"y":2472,"data":{"alt":2,"type":2,"area":356}},{"x":3377,"y":2473,"data":{"alt":2,"type":2,"area":356}},{"x":3378,"y":2473,"data":{"alt":2,"type":2,"area":356}},{"x":3377,"y":2474,"data":{"alt":2,"type":2,"area":356}},{"x":3378,"y":2474,"data":{"alt":2,"type":2,"area":356}},{"x":3378,"y":2475,"data":{"alt":2,"type":2,"area":356}},{"x":3379,"y":2475,"data":{"alt":2,"type":2,"area":356}},{"x":3378,"y":2476,"data":{"alt":2,"type":2,"area":356}},{"x":3379,"y":2476,"data":{"alt":2,"type":2,"area":356}},{"x":3379,"y":2477,"data":{"alt":2,"type":2,"area":356}}]