[{"x":3380,"y":1525,"data":{"alt":1,"type":2,"area":358}},{"x":3379,"y":1526,"data":{"alt":1,"type":2,"area":358}},{"x":3380,"y":1526,"data":{"alt":1,"type":2,"area":358}},{"x":3381,"y":1526,"data":{"alt":1,"type":2,"area":358}},{"x":3384,"y":1526,"data":{"alt":1,"type":2,"area":358}},{"x":3379,"y":1527,"data":{"alt":1,"type":2,"area":358}},{"x":3380,"y":1527,"data":{"alt":1,"type":2,"area":358}},{"x":3381,"y":1527,"data":{"alt":1,"type":2,"area":358}},{"x":3382,"y":1527,"data":{"alt":1,"type":2,"area":358}},{"x":3383,"y":1527,"data":{"alt":1,"type":2,"area":358}},{"x":3384,"y":1527,"data":{"alt":1,"type":2,"area":358}},{"x":3385,"y":1527,"data":{"alt":1,"type":2,"area":358}},{"x":3377,"y":1528,"data":{"alt":1,"type":2,"area":358}},{"x":3378,"y":1528,"data":{"alt":1,"type":2,"area":358}},{"x":3379,"y":1528,"data":{"alt":1,"type":2,"area":358}},{"x":3380,"y":1528,"data":{"alt":1,"type":2,"area":358}},{"x":3381,"y":1528,"data":{"alt":1,"type":2,"area":358}},{"x":3382,"y":1528,"data":{"alt":1,"type":2,"area":358}},{"x":3383,"y":1528,"data":{"alt":1,"type":2,"area":358}},{"x":3384,"y":1528,"data":{"alt":1,"type":2,"area":358}},{"x":3385,"y":1528,"data":{"alt":1,"type":2,"area":358}},{"x":3386,"y":1528,"data":{"alt":1,"type":2,"area":358}},{"x":3378,"y":1529,"data":{"alt":1,"type":2,"area":358}},{"x":3379,"y":1529,"data":{"alt":1,"type":2,"area":358}},{"x":3380,"y":1529,"data":{"alt":1,"type":2,"area":358}},{"x":3381,"y":1529,"data":{"alt":1,"type":2,"area":358}},{"x":3382,"y":1529,"data":{"alt":1,"type":2,"area":358}},{"x":3383,"y":1529,"data":{"alt":1,"type":1,"area":358}},{"x":3384,"y":1529,"data":{"alt":1,"type":1,"area":358}},{"x":3385,"y":1529,"data":{"alt":1,"type":2,"area":358}},{"x":3386,"y":1529,"data":{"alt":1,"type":1,"area":358}},{"x":3378,"y":1530,"data":{"alt":1,"type":1,"area":358}},{"x":3379,"y":1530,"data":{"alt":1,"type":1,"area":358}},{"x":3380,"y":1530,"data":{"alt":1,"type":1,"area":358}},{"x":3381,"y":1530,"data":{"alt":1,"type":1,"area":358}},{"x":3382,"y":1530,"data":{"alt":1,"type":1,"area":358}},{"x":3383,"y":1530,"data":{"alt":1,"type":2,"area":358}},{"x":3384,"y":1530,"data":{"alt":1,"type":2,"area":358}},{"x":3385,"y":1530,"data":{"alt":1,"type":1,"area":358}},{"x":3386,"y":1530,"data":{"alt":1,"type":2,"area":358}},{"x":3387,"y":1530,"data":{"alt":1,"type":1,"area":358}},{"x":3388,"y":1530,"data":{"alt":1,"type":1,"area":358}},{"x":3389,"y":1530,"data":{"alt":1,"type":1,"area":358}},{"x":3390,"y":1530,"data":{"alt":1,"type":1,"area":358}},{"x":3391,"y":1530,"data":{"alt":1,"type":1,"area":358}},{"x":3377,"y":1531,"data":{"alt":1,"type":1,"area":358}},{"x":3378,"y":1531,"data":{"alt":1,"type":2,"area":358}},{"x":3380,"y":1531,"data":{"alt":1,"type":2,"area":358}},{"x":3381,"y":1531,"data":{"alt":1,"type":2,"area":358}},{"x":3382,"y":1531,"data":{"alt":1,"type":2,"area":358}},{"x":3383,"y":1531,"data":{"alt":1,"type":2,"area":358}},{"x":3381,"y":1532,"data":{"alt":1,"type":2,"area":358}},{"x":3390,"y":1532,"data":{"alt":1,"type":2,"area":358}},{"x":3391,"y":1532,"data":{"alt":1,"type":2,"area":358}},{"x":3389,"y":1533,"data":{"alt":1,"type":2,"area":358}},{"x":3390,"y":1533,"data":{"alt":1,"type":2,"area":358}},{"x":3391,"y":1533,"data":{"alt":1,"type":2,"area":358}},{"x":3389,"y":1534,"data":{"alt":1,"type":2,"area":358}},{"x":3390,"y":1534,"data":{"alt":1,"type":2,"area":358}},{"x":3391,"y":1534,"data":{"alt":1,"type":2,"area":358}},{"x":3390,"y":1535,"data":{"alt":1,"type":2,"area":358}},{"x":3391,"y":1535,"data":{"alt":1,"type":1,"area":358}},{"x":3392,"y":1530,"data":{"alt":1,"type":1,"area":358}},{"x":3393,"y":1530,"data":{"alt":1,"type":2,"area":358}},{"x":3394,"y":1530,"data":{"alt":1,"type":2,"area":358}},{"x":3392,"y":1531,"data":{"alt":1,"type":2,"area":358}},{"x":3393,"y":1531,"data":{"alt":1,"type":1,"area":358}},{"x":3394,"y":1531,"data":{"alt":1,"type":2,"area":358}},{"x":3392,"y":1532,"data":{"alt":1,"type":2,"area":358}},{"x":3393,"y":1532,"data":{"alt":1,"type":1,"area":358}},{"x":3394,"y":1532,"data":{"alt":1,"type":1,"area":358}},{"x":3395,"y":1532,"data":{"alt":1,"type":1,"area":358}},{"x":3396,"y":1532,"data":{"alt":1,"type":1,"area":358}},{"x":3392,"y":1533,"data":{"alt":1,"type":1,"area":358}},{"x":3393,"y":1533,"data":{"alt":1,"type":2,"area":358}},{"x":3394,"y":1533,"data":{"alt":1,"type":2,"area":358}},{"x":3395,"y":1533,"data":{"alt":1,"type":1,"area":358}},{"x":3392,"y":1534,"data":{"alt":1,"type":1,"area":358}},{"x":3393,"y":1534,"data":{"alt":1,"type":2,"area":358}},{"x":3394,"y":1534,"data":{"alt":1,"type":2,"area":358}},{"x":3395,"y":1534,"data":{"alt":1,"type":2,"area":358}},{"x":3392,"y":1535,"data":{"alt":1,"type":2,"area":358}},{"x":3393,"y":1535,"data":{"alt":1,"type":2,"area":358}},{"x":3394,"y":1535,"data":{"alt":1,"type":2,"area":358}},{"x":3392,"y":1536,"data":{"alt":1,"type":1,"area":358}}]