[{"x":223,"y":3754,"data":{"alt":1,"type":2,"area":36}},{"x":212,"y":3755,"data":{"alt":1,"type":2,"area":36}},{"x":214,"y":3755,"data":{"alt":1,"type":2,"area":36}},{"x":215,"y":3755,"data":{"alt":1,"type":2,"area":36}},{"x":218,"y":3755,"data":{"alt":1,"type":2,"area":36}},{"x":219,"y":3755,"data":{"alt":1,"type":2,"area":36}},{"x":220,"y":3755,"data":{"alt":1,"type":2,"area":36}},{"x":221,"y":3755,"data":{"alt":1,"type":2,"area":36}},{"x":222,"y":3755,"data":{"alt":1,"type":2,"area":36}},{"x":223,"y":3755,"data":{"alt":1,"type":2,"area":36}},{"x":212,"y":3756,"data":{"alt":1,"type":2,"area":36}},{"x":213,"y":3756,"data":{"alt":1,"type":2,"area":36}},{"x":214,"y":3756,"data":{"alt":1,"type":2,"area":36}},{"x":215,"y":3756,"data":{"alt":1,"type":2,"area":36}},{"x":216,"y":3756,"data":{"alt":1,"type":2,"area":36}},{"x":217,"y":3756,"data":{"alt":1,"type":2,"area":36}},{"x":218,"y":3756,"data":{"alt":1,"type":2,"area":36}},{"x":219,"y":3756,"data":{"alt":1,"type":2,"area":36}},{"x":220,"y":3756,"data":{"alt":1,"type":2,"area":36}},{"x":221,"y":3756,"data":{"alt":1,"type":2,"area":36}},{"x":222,"y":3756,"data":{"alt":1,"type":2,"area":36}},{"x":223,"y":3756,"data":{"alt":1,"type":2,"area":36}},{"x":211,"y":3757,"data":{"alt":1,"type":2,"area":36}},{"x":212,"y":3757,"data":{"alt":1,"type":2,"area":36}},{"x":213,"y":3757,"data":{"alt":1,"type":2,"area":36}},{"x":214,"y":3757,"data":{"alt":1,"type":2,"area":36}},{"x":215,"y":3757,"data":{"alt":1,"type":2,"area":36}},{"x":216,"y":3757,"data":{"alt":1,"type":2,"area":36}},{"x":217,"y":3757,"data":{"alt":1,"type":2,"area":36}},{"x":218,"y":3757,"data":{"alt":1,"type":2,"area":36}},{"x":219,"y":3757,"data":{"alt":1,"type":2,"area":36}},{"x":220,"y":3757,"data":{"alt":1,"type":2,"area":36}},{"x":221,"y":3757,"data":{"alt":1,"type":2,"area":36}},{"x":222,"y":3757,"data":{"alt":1,"type":2,"area":36}},{"x":223,"y":3757,"data":{"alt":1,"type":2,"area":36}},{"x":207,"y":3758,"data":{"alt":1,"type":1,"area":36}},{"x":208,"y":3758,"data":{"alt":1,"type":2,"area":36}},{"x":209,"y":3758,"data":{"alt":1,"type":2,"area":36}},{"x":213,"y":3758,"data":{"alt":1,"type":2,"area":36}},{"x":214,"y":3758,"data":{"alt":1,"type":2,"area":36}},{"x":215,"y":3758,"data":{"alt":1,"type":2,"area":36}},{"x":216,"y":3758,"data":{"alt":1,"type":2,"area":36}},{"x":217,"y":3758,"data":{"alt":1,"type":2,"area":36}},{"x":218,"y":3758,"data":{"alt":1,"type":2,"area":36}},{"x":219,"y":3758,"data":{"alt":1,"type":2,"area":36}},{"x":220,"y":3758,"data":{"alt":1,"type":2,"area":36}},{"x":221,"y":3758,"data":{"alt":1,"type":2,"area":36}},{"x":222,"y":3758,"data":{"alt":1,"type":2,"area":36}},{"x":223,"y":3758,"data":{"alt":1,"type":2,"area":36}},{"x":207,"y":3759,"data":{"alt":1,"type":2,"area":36}},{"x":208,"y":3759,"data":{"alt":1,"type":1,"area":36}},{"x":209,"y":3759,"data":{"alt":1,"type":2,"area":36}},{"x":210,"y":3759,"data":{"alt":1,"type":2,"area":36}},{"x":213,"y":3759,"data":{"alt":1,"type":2,"area":36}},{"x":214,"y":3759,"data":{"alt":1,"type":2,"area":36}},{"x":215,"y":3759,"data":{"alt":1,"type":2,"area":36}},{"x":216,"y":3759,"data":{"alt":1,"type":2,"area":36}},{"x":217,"y":3759,"data":{"alt":1,"type":2,"area":36}},{"x":218,"y":3759,"data":{"alt":1,"type":2,"area":36}},{"x":219,"y":3759,"data":{"alt":1,"type":2,"area":36}},{"x":220,"y":3759,"data":{"alt":1,"type":2,"area":36}},{"x":221,"y":3759,"data":{"alt":1,"type":2,"area":36}},{"x":222,"y":3759,"data":{"alt":1,"type":2,"area":36}},{"x":223,"y":3759,"data":{"alt":1,"type":2,"area":36}},{"x":207,"y":3760,"data":{"alt":1,"type":2,"area":36}},{"x":208,"y":3760,"data":{"alt":1,"type":2,"area":36}},{"x":209,"y":3760,"data":{"alt":1,"type":1,"area":36}},{"x":210,"y":3760,"data":{"alt":1,"type":2,"area":36}},{"x":213,"y":3760,"data":{"alt":1,"type":2,"area":36}},{"x":214,"y":3760,"data":{"alt":1,"type":2,"area":36}},{"x":215,"y":3760,"data":{"alt":1,"type":2,"area":36}},{"x":216,"y":3760,"data":{"alt":1,"type":2,"area":36}},{"x":217,"y":3760,"data":{"alt":1,"type":2,"area":36}},{"x":218,"y":3760,"data":{"alt":1,"type":2,"area":36}},{"x":219,"y":3760,"data":{"alt":1,"type":2,"area":36}},{"x":220,"y":3760,"data":{"alt":1,"type":2,"area":36}},{"x":221,"y":3760,"data":{"alt":1,"type":2,"area":36}},{"x":222,"y":3760,"data":{"alt":1,"type":2,"area":36}},{"x":223,"y":3760,"data":{"alt":1,"type":2,"area":36}},{"x":207,"y":3761,"data":{"alt":1,"type":2,"area":36}},{"x":208,"y":3761,"data":{"alt":1,"type":2,"area":36}},{"x":209,"y":3761,"data":{"alt":1,"type":2,"area":36}},{"x":210,"y":3761,"data":{"alt":1,"type":1,"area":36}},{"x":211,"y":3761,"data":{"alt":1,"type":2,"area":36}},{"x":212,"y":3761,"data":{"alt":1,"type":2,"area":36}},{"x":213,"y":3761,"data":{"alt":1,"type":2,"area":36}},{"x":214,"y":3761,"data":{"alt":1,"type":2,"area":36}},{"x":215,"y":3761,"data":{"alt":1,"type":2,"area":36}},{"x":216,"y":3761,"data":{"alt":1,"type":2,"area":36}},{"x":217,"y":3761,"data":{"alt":1,"type":2,"area":36}},{"x":218,"y":3761,"data":{"alt":1,"type":2,"area":36}},{"x":219,"y":3761,"data":{"alt":1,"type":2,"area":36}},{"x":220,"y":3761,"data":{"alt":1,"type":2,"area":36}},{"x":221,"y":3761,"data":{"alt":1,"type":2,"area":36}},{"x":222,"y":3761,"data":{"alt":1,"type":2,"area":36}},{"x":223,"y":3761,"data":{"alt":1,"type":2,"area":36}},{"x":209,"y":3762,"data":{"alt":1,"type":2,"area":36}},{"x":210,"y":3762,"data":{"alt":1,"type":2,"area":36}},{"x":211,"y":3762,"data":{"alt":1,"type":1,"area":36}},{"x":212,"y":3762,"data":{"alt":1,"type":2,"area":36}},{"x":213,"y":3762,"data":{"alt":1,"type":2,"area":36}},{"x":214,"y":3762,"data":{"alt":1,"type":2,"area":36}},{"x":215,"y":3762,"data":{"alt":1,"type":2,"area":36}},{"x":216,"y":3762,"data":{"alt":1,"type":2,"area":36}},{"x":217,"y":3762,"data":{"alt":1,"type":2,"area":36}},{"x":218,"y":3762,"data":{"alt":1,"type":2,"area":36}},{"x":219,"y":3762,"data":{"alt":1,"type":2,"area":36}},{"x":220,"y":3762,"data":{"alt":1,"type":2,"area":36}},{"x":221,"y":3762,"data":{"alt":1,"type":2,"area":36}},{"x":222,"y":3762,"data":{"alt":1,"type":2,"area":36}},{"x":223,"y":3762,"data":{"alt":1,"type":2,"area":36}},{"x":211,"y":3763,"data":{"alt":1,"type":2,"area":36}},{"x":212,"y":3763,"data":{"alt":1,"type":1,"area":36}},{"x":213,"y":3763,"data":{"alt":1,"type":2,"area":36}},{"x":214,"y":3763,"data":{"alt":1,"type":2,"area":36}},{"x":215,"y":3763,"data":{"alt":1,"type":2,"area":36}},{"x":216,"y":3763,"data":{"alt":1,"type":2,"area":36}},{"x":217,"y":3763,"data":{"alt":1,"type":2,"area":36}},{"x":218,"y":3763,"data":{"alt":1,"type":2,"area":36}},{"x":219,"y":3763,"data":{"alt":1,"type":2,"area":36}},{"x":220,"y":3763,"data":{"alt":1,"type":2,"area":36}},{"x":221,"y":3763,"data":{"alt":1,"type":2,"area":36}},{"x":222,"y":3763,"data":{"alt":1,"type":2,"area":36}},{"x":223,"y":3763,"data":{"alt":1,"type":2,"area":36}},{"x":212,"y":3764,"data":{"alt":1,"type":2,"area":36}},{"x":213,"y":3764,"data":{"alt":1,"type":1,"area":36}},{"x":214,"y":3764,"data":{"alt":1,"type":2,"area":36}},{"x":215,"y":3764,"data":{"alt":1,"type":2,"area":36}},{"x":216,"y":3764,"data":{"alt":1,"type":2,"area":36}},{"x":217,"y":3764,"data":{"alt":1,"type":2,"area":36}},{"x":218,"y":3764,"data":{"alt":1,"type":2,"area":36}},{"x":219,"y":3764,"data":{"alt":1,"type":2,"area":36}},{"x":220,"y":3764,"data":{"alt":1,"type":2,"area":36}},{"x":221,"y":3764,"data":{"alt":1,"type":2,"area":36}},{"x":222,"y":3764,"data":{"alt":1,"type":2,"area":36}},{"x":223,"y":3764,"data":{"alt":1,"type":2,"area":36}},{"x":214,"y":3765,"data":{"alt":1,"type":1,"area":36}},{"x":215,"y":3765,"data":{"alt":1,"type":2,"area":36}},{"x":216,"y":3765,"data":{"alt":1,"type":2,"area":36}},{"x":217,"y":3765,"data":{"alt":1,"type":2,"area":36}},{"x":218,"y":3765,"data":{"alt":1,"type":2,"area":36}},{"x":220,"y":3765,"data":{"alt":1,"type":2,"area":36}},{"x":213,"y":3766,"data":{"alt":1,"type":1,"area":36}},{"x":214,"y":3766,"data":{"alt":1,"type":2,"area":36}},{"x":215,"y":3766,"data":{"alt":1,"type":2,"area":36}},{"x":216,"y":3766,"data":{"alt":1,"type":2,"area":36}},{"x":211,"y":3767,"data":{"alt":1,"type":2,"area":36}},{"x":212,"y":3767,"data":{"alt":1,"type":1,"area":36}},{"x":213,"y":3767,"data":{"alt":1,"type":2,"area":36}},{"x":214,"y":3767,"data":{"alt":1,"type":2,"area":36}},{"x":210,"y":3768,"data":{"alt":1,"type":2,"area":36}},{"x":211,"y":3768,"data":{"alt":1,"type":1,"area":36}},{"x":212,"y":3768,"data":{"alt":1,"type":2,"area":36}},{"x":213,"y":3768,"data":{"alt":1,"type":2,"area":36}},{"x":214,"y":3768,"data":{"alt":1,"type":2,"area":36}},{"x":209,"y":3769,"data":{"alt":1,"type":2,"area":36}},{"x":210,"y":3769,"data":{"alt":1,"type":1,"area":36}},{"x":211,"y":3769,"data":{"alt":1,"type":2,"area":36}},{"x":212,"y":3769,"data":{"alt":1,"type":2,"area":36}},{"x":213,"y":3769,"data":{"alt":1,"type":2,"area":36}},{"x":206,"y":3770,"data":{"alt":1,"type":2,"area":36}},{"x":207,"y":3770,"data":{"alt":1,"type":2,"area":36}},{"x":208,"y":3770,"data":{"alt":1,"type":2,"area":36}},{"x":209,"y":3770,"data":{"alt":1,"type":2,"area":36}},{"x":210,"y":3770,"data":{"alt":1,"type":1,"area":36}},{"x":211,"y":3770,"data":{"alt":1,"type":2,"area":36}},{"x":212,"y":3770,"data":{"alt":1,"type":2,"area":36}},{"x":213,"y":3770,"data":{"alt":1,"type":2,"area":36}},{"x":214,"y":3770,"data":{"alt":1,"type":2,"area":36}},{"x":205,"y":3771,"data":{"alt":1,"type":2,"area":36}},{"x":206,"y":3771,"data":{"alt":1,"type":2,"area":36}},{"x":207,"y":3771,"data":{"alt":1,"type":2,"area":36}},{"x":208,"y":3771,"data":{"alt":1,"type":2,"area":36}},{"x":209,"y":3771,"data":{"alt":1,"type":2,"area":36}},{"x":210,"y":3771,"data":{"alt":1,"type":1,"area":36}},{"x":211,"y":3771,"data":{"alt":1,"type":2,"area":36}},{"x":212,"y":3771,"data":{"alt":1,"type":2,"area":36}},{"x":213,"y":3771,"data":{"alt":1,"type":2,"area":36}},{"x":214,"y":3771,"data":{"alt":1,"type":2,"area":36}},{"x":203,"y":3772,"data":{"alt":1,"type":2,"area":36}},{"x":204,"y":3772,"data":{"alt":1,"type":2,"area":36}},{"x":205,"y":3772,"data":{"alt":1,"type":2,"area":36}},{"x":206,"y":3772,"data":{"alt":1,"type":2,"area":36}},{"x":207,"y":3772,"data":{"alt":1,"type":2,"area":36}},{"x":208,"y":3772,"data":{"alt":1,"type":2,"area":36}},{"x":209,"y":3772,"data":{"alt":1,"type":2,"area":36}},{"x":210,"y":3772,"data":{"alt":1,"type":1,"area":36}},{"x":211,"y":3772,"data":{"alt":1,"type":2,"area":36}},{"x":212,"y":3772,"data":{"alt":1,"type":2,"area":36}},{"x":213,"y":3772,"data":{"alt":1,"type":2,"area":36}},{"x":214,"y":3772,"data":{"alt":1,"type":2,"area":36}},{"x":203,"y":3773,"data":{"alt":1,"type":2,"area":36}},{"x":204,"y":3773,"data":{"alt":1,"type":2,"area":36}},{"x":205,"y":3773,"data":{"alt":1,"type":2,"area":36}},{"x":206,"y":3773,"data":{"alt":1,"type":2,"area":36}},{"x":207,"y":3773,"data":{"alt":1,"type":2,"area":36}},{"x":208,"y":3773,"data":{"alt":1,"type":2,"area":36}},{"x":209,"y":3773,"data":{"alt":1,"type":1,"area":36}},{"x":210,"y":3773,"data":{"alt":1,"type":2,"area":36}},{"x":211,"y":3773,"data":{"alt":1,"type":2,"area":36}},{"x":212,"y":3773,"data":{"alt":1,"type":2,"area":36}},{"x":213,"y":3773,"data":{"alt":1,"type":2,"area":36}},{"x":202,"y":3774,"data":{"alt":1,"type":2,"area":36}},{"x":203,"y":3774,"data":{"alt":1,"type":2,"area":36}},{"x":204,"y":3774,"data":{"alt":1,"type":1,"area":36}},{"x":205,"y":3774,"data":{"alt":1,"type":1,"area":36}},{"x":206,"y":3774,"data":{"alt":1,"type":2,"area":36}},{"x":207,"y":3774,"data":{"alt":1,"type":2,"area":36}},{"x":208,"y":3774,"data":{"alt":1,"type":1,"area":36}},{"x":209,"y":3774,"data":{"alt":1,"type":2,"area":36}},{"x":210,"y":3774,"data":{"alt":1,"type":2,"area":36}},{"x":211,"y":3774,"data":{"alt":1,"type":2,"area":36}},{"x":212,"y":3774,"data":{"alt":1,"type":2,"area":36}},{"x":213,"y":3774,"data":{"alt":1,"type":2,"area":36}},{"x":200,"y":3775,"data":{"alt":1,"type":2,"area":36}},{"x":201,"y":3775,"data":{"alt":1,"type":2,"area":36}},{"x":202,"y":3775,"data":{"alt":1,"type":2,"area":36}},{"x":203,"y":3775,"data":{"alt":1,"type":1,"area":36}},{"x":204,"y":3775,"data":{"alt":1,"type":2,"area":36}},{"x":205,"y":3775,"data":{"alt":1,"type":2,"area":36}},{"x":206,"y":3775,"data":{"alt":1,"type":1,"area":36}},{"x":207,"y":3775,"data":{"alt":1,"type":2,"area":36}},{"x":208,"y":3775,"data":{"alt":1,"type":1,"area":36}},{"x":209,"y":3775,"data":{"alt":1,"type":2,"area":36}},{"x":210,"y":3775,"data":{"alt":1,"type":2,"area":36}},{"x":211,"y":3775,"data":{"alt":1,"type":2,"area":36}},{"x":212,"y":3775,"data":{"alt":1,"type":2,"area":36}},{"x":199,"y":3776,"data":{"alt":1,"type":2,"area":36}},{"x":200,"y":3776,"data":{"alt":1,"type":2,"area":36}},{"x":201,"y":3776,"data":{"alt":1,"type":2,"area":36}},{"x":202,"y":3776,"data":{"alt":1,"type":1,"area":36}},{"x":203,"y":3776,"data":{"alt":1,"type":2,"area":36}},{"x":204,"y":3776,"data":{"alt":1,"type":2,"area":36}},{"x":205,"y":3776,"data":{"alt":1,"type":2,"area":36}},{"x":206,"y":3776,"data":{"alt":1,"type":2,"area":36}},{"x":207,"y":3776,"data":{"alt":1,"type":1,"area":36}},{"x":208,"y":3776,"data":{"alt":1,"type":1,"area":36}},{"x":209,"y":3776,"data":{"alt":1,"type":2,"area":36}},{"x":210,"y":3776,"data":{"alt":1,"type":2,"area":36}},{"x":211,"y":3776,"data":{"alt":1,"type":2,"area":36}},{"x":212,"y":3776,"data":{"alt":1,"type":2,"area":36}},{"x":197,"y":3777,"data":{"alt":1,"type":2,"area":36}},{"x":198,"y":3777,"data":{"alt":1,"type":2,"area":36}},{"x":199,"y":3777,"data":{"alt":1,"type":2,"area":36}},{"x":200,"y":3777,"data":{"alt":1,"type":2,"area":36}},{"x":201,"y":3777,"data":{"alt":1,"type":1,"area":36}},{"x":202,"y":3777,"data":{"alt":1,"type":2,"area":36}},{"x":205,"y":3777,"data":{"alt":1,"type":2,"area":36}},{"x":206,"y":3777,"data":{"alt":1,"type":2,"area":36}},{"x":207,"y":3777,"data":{"alt":1,"type":2,"area":36}},{"x":208,"y":3777,"data":{"alt":1,"type":2,"area":36}},{"x":209,"y":3777,"data":{"alt":1,"type":2,"area":36}},{"x":210,"y":3777,"data":{"alt":1,"type":2,"area":36}},{"x":197,"y":3778,"data":{"alt":1,"type":2,"area":36}},{"x":198,"y":3778,"data":{"alt":1,"type":2,"area":36}},{"x":199,"y":3778,"data":{"alt":1,"type":2,"area":36}},{"x":200,"y":3778,"data":{"alt":1,"type":1,"area":36}},{"x":201,"y":3778,"data":{"alt":1,"type":2,"area":36}},{"x":206,"y":3778,"data":{"alt":1,"type":2,"area":36}},{"x":209,"y":3778,"data":{"alt":1,"type":2,"area":36}},{"x":210,"y":3778,"data":{"alt":1,"type":2,"area":36}},{"x":199,"y":3779,"data":{"alt":1,"type":2,"area":36}},{"x":200,"y":3779,"data":{"alt":1,"type":1,"area":36}},{"x":201,"y":3779,"data":{"alt":1,"type":2,"area":36}},{"x":202,"y":3779,"data":{"alt":1,"type":2,"area":36}},{"x":198,"y":3780,"data":{"alt":1,"type":2,"area":36}},{"x":199,"y":3780,"data":{"alt":1,"type":1,"area":36}},{"x":200,"y":3780,"data":{"alt":1,"type":2,"area":36}},{"x":201,"y":3780,"data":{"alt":1,"type":2,"area":36}},{"x":202,"y":3780,"data":{"alt":1,"type":2,"area":36}},{"x":199,"y":3781,"data":{"alt":1,"type":2,"area":36}},{"x":200,"y":3781,"data":{"alt":1,"type":1,"area":36}},{"x":201,"y":3781,"data":{"alt":1,"type":2,"area":36}},{"x":198,"y":3782,"data":{"alt":1,"type":2,"area":36}},{"x":199,"y":3782,"data":{"alt":1,"type":2,"area":36}},{"x":200,"y":3782,"data":{"alt":1,"type":1,"area":36}},{"x":201,"y":3782,"data":{"alt":1,"type":2,"area":36}},{"x":202,"y":3782,"data":{"alt":1,"type":2,"area":36}},{"x":200,"y":3783,"data":{"alt":1,"type":1,"area":36}},{"x":202,"y":3783,"data":{"alt":1,"type":2,"area":36}},{"x":200,"y":3784,"data":{"alt":1,"type":1,"area":36}},{"x":224,"y":3754,"data":{"alt":1,"type":2,"area":36}},{"x":225,"y":3754,"data":{"alt":1,"type":2,"area":36}},{"x":226,"y":3754,"data":{"alt":1,"type":2,"area":36}},{"x":227,"y":3754,"data":{"alt":1,"type":2,"area":36}},{"x":228,"y":3754,"data":{"alt":1,"type":2,"area":36}},{"x":224,"y":3755,"data":{"alt":1,"type":2,"area":36}},{"x":225,"y":3755,"data":{"alt":1,"type":2,"area":36}},{"x":226,"y":3755,"data":{"alt":1,"type":2,"area":36}},{"x":227,"y":3755,"data":{"alt":1,"type":2,"area":36}},{"x":228,"y":3755,"data":{"alt":1,"type":2,"area":36}},{"x":229,"y":3755,"data":{"alt":1,"type":2,"area":36}},{"x":224,"y":3756,"data":{"alt":1,"type":2,"area":36}},{"x":225,"y":3756,"data":{"alt":1,"type":2,"area":36}},{"x":226,"y":3756,"data":{"alt":1,"type":2,"area":36}},{"x":227,"y":3756,"data":{"alt":1,"type":2,"area":36}},{"x":228,"y":3756,"data":{"alt":1,"type":2,"area":36}},{"x":229,"y":3756,"data":{"alt":1,"type":2,"area":36}},{"x":230,"y":3756,"data":{"alt":1,"type":2,"area":36}},{"x":224,"y":3757,"data":{"alt":1,"type":2,"area":36}},{"x":225,"y":3757,"data":{"alt":1,"type":2,"area":36}},{"x":226,"y":3757,"data":{"alt":1,"type":2,"area":36}},{"x":227,"y":3757,"data":{"alt":1,"type":2,"area":36}},{"x":228,"y":3757,"data":{"alt":1,"type":2,"area":36}},{"x":229,"y":3757,"data":{"alt":1,"type":2,"area":36}},{"x":230,"y":3757,"data":{"alt":1,"type":2,"area":36}},{"x":231,"y":3757,"data":{"alt":1,"type":2,"area":36}},{"x":224,"y":3758,"data":{"alt":1,"type":2,"area":36}},{"x":225,"y":3758,"data":{"alt":1,"type":2,"area":36}},{"x":226,"y":3758,"data":{"alt":1,"type":2,"area":36}},{"x":227,"y":3758,"data":{"alt":1,"type":2,"area":36}},{"x":228,"y":3758,"data":{"alt":1,"type":2,"area":36}},{"x":229,"y":3758,"data":{"alt":1,"type":2,"area":36}},{"x":230,"y":3758,"data":{"alt":1,"type":2,"area":36}},{"x":231,"y":3758,"data":{"alt":1,"type":2,"area":36}},{"x":224,"y":3759,"data":{"alt":1,"type":2,"area":36}},{"x":225,"y":3759,"data":{"alt":1,"type":2,"area":36}},{"x":226,"y":3759,"data":{"alt":1,"type":2,"area":36}},{"x":227,"y":3759,"data":{"alt":1,"type":2,"area":36}},{"x":228,"y":3759,"data":{"alt":1,"type":2,"area":36}},{"x":229,"y":3759,"data":{"alt":1,"type":2,"area":36}},{"x":230,"y":3759,"data":{"alt":1,"type":2,"area":36}},{"x":231,"y":3759,"data":{"alt":1,"type":2,"area":36}},{"x":232,"y":3759,"data":{"alt":1,"type":2,"area":36}},{"x":224,"y":3760,"data":{"alt":1,"type":2,"area":36}},{"x":225,"y":3760,"data":{"alt":1,"type":2,"area":36}},{"x":226,"y":3760,"data":{"alt":1,"type":2,"area":36}},{"x":227,"y":3760,"data":{"alt":1,"type":2,"area":36}},{"x":228,"y":3760,"data":{"alt":1,"type":2,"area":36}},{"x":229,"y":3760,"data":{"alt":1,"type":2,"area":36}},{"x":230,"y":3760,"data":{"alt":1,"type":2,"area":36}},{"x":231,"y":3760,"data":{"alt":1,"type":2,"area":36}},{"x":232,"y":3760,"data":{"alt":1,"type":2,"area":36}},{"x":224,"y":3761,"data":{"alt":1,"type":2,"area":36}},{"x":225,"y":3761,"data":{"alt":1,"type":2,"area":36}},{"x":226,"y":3761,"data":{"alt":1,"type":2,"area":36}},{"x":227,"y":3761,"data":{"alt":1,"type":2,"area":36}},{"x":228,"y":3761,"data":{"alt":1,"type":2,"area":36}},{"x":229,"y":3761,"data":{"alt":1,"type":2,"area":36}},{"x":230,"y":3761,"data":{"alt":1,"type":2,"area":36}},{"x":231,"y":3761,"data":{"alt":1,"type":2,"area":36}},{"x":224,"y":3762,"data":{"alt":1,"type":2,"area":36}},{"x":225,"y":3762,"data":{"alt":1,"type":2,"area":36}},{"x":226,"y":3762,"data":{"alt":1,"type":2,"area":36}},{"x":227,"y":3762,"data":{"alt":1,"type":2,"area":36}},{"x":228,"y":3762,"data":{"alt":1,"type":2,"area":36}},{"x":229,"y":3762,"data":{"alt":1,"type":2,"area":36}},{"x":230,"y":3762,"data":{"alt":1,"type":2,"res":1,"resAmount":80,"area":36}},{"x":231,"y":3762,"data":{"alt":1,"type":2,"area":36}},{"x":224,"y":3763,"data":{"alt":1,"type":2,"area":36}},{"x":225,"y":3763,"data":{"alt":1,"type":2,"area":36}},{"x":226,"y":3763,"data":{"alt":1,"type":2,"area":36}},{"x":227,"y":3763,"data":{"alt":1,"type":2,"area":36}},{"x":228,"y":3763,"data":{"alt":1,"type":2,"area":36}},{"x":229,"y":3763,"data":{"alt":1,"type":2,"area":36}},{"x":230,"y":3763,"data":{"alt":1,"type":2,"area":36}},{"x":231,"y":3763,"data":{"alt":1,"type":2,"area":36}},{"x":224,"y":3764,"data":{"alt":1,"type":2,"area":36}},{"x":225,"y":3764,"data":{"alt":1,"type":2,"area":36}},{"x":226,"y":3764,"data":{"alt":1,"type":2,"area":36}},{"x":227,"y":3764,"data":{"alt":1,"type":2,"area":36}},{"x":228,"y":3764,"data":{"alt":1,"type":2,"area":36}},{"x":229,"y":3764,"data":{"alt":1,"type":2,"area":36}},{"x":230,"y":3764,"data":{"alt":1,"type":2,"area":36}},{"x":231,"y":3764,"data":{"alt":1,"type":2,"area":36}},{"x":224,"y":3765,"data":{"alt":1,"type":2,"area":36}},{"x":225,"y":3765,"data":{"alt":1,"type":2,"area":36}},{"x":226,"y":3765,"data":{"alt":1,"type":2,"area":36}},{"x":227,"y":3765,"data":{"alt":1,"type":2,"area":36}},{"x":228,"y":3765,"data":{"alt":1,"type":2,"area":36}},{"x":229,"y":3765,"data":{"alt":1,"type":2,"area":36}},{"x":230,"y":3765,"data":{"alt":1,"type":2,"area":36}},{"x":231,"y":3765,"data":{"alt":1,"type":2,"area":36}},{"x":224,"y":3766,"data":{"alt":1,"type":2,"area":36}},{"x":225,"y":3766,"data":{"alt":1,"type":2,"area":36}},{"x":226,"y":3766,"data":{"alt":1,"type":2,"area":36}},{"x":227,"y":3766,"data":{"alt":1,"type":2,"area":36}},{"x":229,"y":3766,"data":{"alt":1,"type":2,"area":36}},{"x":230,"y":3766,"data":{"alt":1,"type":2,"area":36}},{"x":226,"y":3767,"data":{"alt":1,"type":2,"area":36}},{"x":230,"y":3767,"data":{"alt":1,"type":2,"area":36}}]