[{"x":3391,"y":3250,"data":{"alt":1,"type":2,"area":360}},{"x":3391,"y":3251,"data":{"alt":1,"type":2,"area":360}},{"x":3391,"y":3252,"data":{"alt":1,"type":2,"area":360}},{"x":3392,"y":3244,"data":{"alt":1,"type":2,"area":360}},{"x":3393,"y":3244,"data":{"alt":1,"type":2,"area":360}},{"x":3392,"y":3245,"data":{"alt":1,"type":2,"area":360}},{"x":3393,"y":3245,"data":{"alt":1,"type":2,"area":360}},{"x":3394,"y":3245,"data":{"alt":1,"type":2,"area":360}},{"x":3392,"y":3246,"data":{"alt":1,"type":2,"area":360}},{"x":3393,"y":3246,"data":{"alt":1,"type":2,"area":360}},{"x":3394,"y":3246,"data":{"alt":1,"type":2,"area":360}},{"x":3395,"y":3246,"data":{"alt":1,"type":2,"area":360}},{"x":3392,"y":3247,"data":{"alt":1,"type":2,"area":360}},{"x":3393,"y":3247,"data":{"alt":1,"type":2,"area":360}},{"x":3394,"y":3247,"data":{"alt":1,"type":2,"area":360}},{"x":3395,"y":3247,"data":{"alt":1,"type":2,"area":360}},{"x":3392,"y":3248,"data":{"alt":1,"type":2,"area":360}},{"x":3393,"y":3248,"data":{"alt":1,"type":2,"area":360}},{"x":3394,"y":3248,"data":{"alt":1,"type":2,"area":360}},{"x":3394,"y":3249,"data":{"alt":1,"type":2,"area":360}},{"x":3395,"y":3249,"data":{"alt":1,"type":2,"area":360}},{"x":3393,"y":3250,"data":{"alt":1,"type":2,"area":360}},{"x":3394,"y":3250,"data":{"alt":1,"type":2,"area":360}},{"x":3393,"y":3251,"data":{"alt":1,"type":2,"area":360}},{"x":3392,"y":3252,"data":{"alt":1,"type":2,"area":360}},{"x":3393,"y":3252,"data":{"alt":1,"type":2,"area":360}}]