[{"x":3482,"y":2305,"data":{"alt":8,"type":2,"area":366}},{"x":3487,"y":2305,"data":{"alt":8,"type":2,"area":366}},{"x":3482,"y":2306,"data":{"alt":8,"type":2,"area":366}},{"x":3487,"y":2306,"data":{"alt":8,"type":2,"area":366}},{"x":3482,"y":2307,"data":{"alt":8,"type":2,"area":366}},{"x":3483,"y":2307,"data":{"alt":8,"type":2,"area":366}},{"x":3481,"y":2308,"data":{"alt":8,"type":2,"area":366}},{"x":3482,"y":2308,"data":{"alt":8,"type":2,"area":366}},{"x":3483,"y":2308,"data":{"alt":8,"type":2,"area":366}},{"x":3484,"y":2308,"data":{"alt":8,"type":2,"area":366}},{"x":3485,"y":2308,"data":{"alt":8,"type":2,"area":366}},{"x":3486,"y":2308,"data":{"alt":8,"type":1,"area":366}},{"x":3487,"y":2308,"data":{"alt":8,"type":1,"area":366}},{"x":3481,"y":2309,"data":{"alt":8,"type":2,"area":366}},{"x":3482,"y":2309,"data":{"alt":8,"type":2,"area":366}},{"x":3483,"y":2309,"data":{"alt":8,"type":2,"area":366}},{"x":3484,"y":2309,"data":{"alt":8,"type":2,"area":366}},{"x":3485,"y":2309,"data":{"alt":8,"type":1,"area":366}},{"x":3486,"y":2309,"data":{"alt":8,"type":2,"area":366}},{"x":3481,"y":2310,"data":{"alt":8,"type":2,"area":366}},{"x":3482,"y":2310,"data":{"alt":8,"type":2,"area":366}},{"x":3483,"y":2310,"data":{"alt":8,"type":2,"area":366}},{"x":3484,"y":2310,"data":{"alt":8,"type":1,"area":366}},{"x":3485,"y":2310,"data":{"alt":8,"type":2,"area":366}},{"x":3481,"y":2311,"data":{"alt":8,"type":2,"area":366}},{"x":3482,"y":2311,"data":{"alt":8,"type":2,"area":366}},{"x":3483,"y":2311,"data":{"alt":8,"type":1,"area":366}},{"x":3484,"y":2311,"data":{"alt":8,"type":2,"area":366}},{"x":3485,"y":2311,"data":{"alt":8,"type":2,"area":366}},{"x":3486,"y":2311,"data":{"alt":8,"type":2,"area":366}},{"x":3487,"y":2311,"data":{"alt":8,"type":2,"area":366}},{"x":3482,"y":2312,"data":{"alt":8,"type":1,"area":366}},{"x":3483,"y":2312,"data":{"alt":8,"type":2,"area":366}},{"x":3484,"y":2312,"data":{"alt":8,"type":2,"area":366}},{"x":3485,"y":2312,"data":{"alt":8,"type":2,"area":366}},{"x":3486,"y":2312,"data":{"alt":8,"type":2,"area":366}},{"x":3481,"y":2313,"data":{"alt":8,"type":1,"area":366}},{"x":3482,"y":2313,"data":{"alt":8,"type":2,"area":366}},{"x":3483,"y":2313,"data":{"alt":8,"type":2,"area":366}},{"x":3484,"y":2313,"data":{"alt":8,"type":2,"area":366}},{"x":3485,"y":2313,"data":{"alt":8,"type":2,"area":366}},{"x":3486,"y":2313,"data":{"alt":8,"type":2,"area":366}},{"x":3480,"y":2314,"data":{"alt":8,"type":1,"area":366}},{"x":3481,"y":2314,"data":{"alt":8,"type":2,"area":366}},{"x":3482,"y":2314,"data":{"alt":8,"type":2,"area":366}},{"x":3484,"y":2314,"data":{"alt":8,"type":2,"area":366}},{"x":3485,"y":2314,"data":{"alt":8,"type":2,"area":366}},{"x":3486,"y":2314,"data":{"alt":8,"type":2,"area":366}},{"x":3482,"y":2315,"data":{"alt":8,"type":2,"area":366}},{"x":3485,"y":2315,"data":{"alt":8,"type":2,"area":366}},{"x":3488,"y":2306,"data":{"alt":8,"type":2,"area":366}},{"x":3489,"y":2306,"data":{"alt":8,"type":1,"area":366}},{"x":3488,"y":2307,"data":{"alt":8,"type":1,"area":366}},{"x":3488,"y":2308,"data":{"alt":8,"type":2,"area":366}}]