[{"x":3519,"y":1214,"data":{"alt":103,"type":2,"area":370}},{"x":3519,"y":1215,"data":{"alt":103,"type":2,"area":370}},{"x":3525,"y":1204,"data":{"alt":103,"type":1,"area":370}},{"x":3524,"y":1205,"data":{"alt":103,"type":1,"area":370}},{"x":3525,"y":1205,"data":{"alt":103,"type":2,"area":370}},{"x":3524,"y":1206,"data":{"alt":103,"type":2,"area":370}},{"x":3525,"y":1206,"data":{"alt":103,"type":2,"area":370}},{"x":3523,"y":1207,"data":{"alt":103,"type":2,"area":370}},{"x":3524,"y":1207,"data":{"alt":103,"type":2,"area":370}},{"x":3523,"y":1208,"data":{"alt":103,"type":2,"area":370}},{"x":3524,"y":1208,"data":{"alt":103,"type":2,"area":370}},{"x":3523,"y":1209,"data":{"alt":103,"type":2,"area":370}},{"x":3521,"y":1210,"data":{"alt":103,"type":2,"area":370}},{"x":3522,"y":1210,"data":{"alt":103,"type":2,"area":370}},{"x":3523,"y":1210,"data":{"alt":103,"type":2,"area":370}},{"x":3520,"y":1211,"data":{"alt":103,"type":2,"area":370}},{"x":3521,"y":1211,"data":{"alt":103,"type":2,"area":370}},{"x":3522,"y":1211,"data":{"alt":103,"type":2,"area":370}},{"x":3520,"y":1212,"data":{"alt":103,"type":2,"area":370}},{"x":3521,"y":1212,"data":{"alt":103,"type":2,"area":370}},{"x":3520,"y":1213,"data":{"alt":103,"type":2,"area":370}},{"x":3520,"y":1214,"data":{"alt":103,"type":2,"area":370}},{"x":3520,"y":1215,"data":{"alt":103,"type":2,"area":370}},{"x":3520,"y":1216,"data":{"alt":103,"type":2,"area":370}}]