[{"x":3534,"y":2208,"data":{"alt":55,"type":2,"area":372}},{"x":3535,"y":2208,"data":{"alt":55,"type":1,"area":372}},{"x":3535,"y":2209,"data":{"alt":55,"type":1,"area":372}},{"x":3535,"y":2210,"data":{"alt":55,"type":1,"area":372}},{"x":3535,"y":2211,"data":{"alt":55,"type":1,"area":372}},{"x":3535,"y":2212,"data":{"alt":55,"type":1,"area":372}},{"x":3535,"y":2213,"data":{"alt":55,"type":1,"area":372}},{"x":3535,"y":2214,"data":{"alt":55,"type":1,"area":372}},{"x":3535,"y":2215,"data":{"alt":55,"type":1,"area":372}},{"x":3535,"y":2216,"data":{"alt":55,"type":1,"area":372}},{"x":3534,"y":2207,"data":{"alt":55,"type":2,"area":372}}]