[{"x":3536,"y":1256,"data":{"alt":54,"type":2,"area":374}},{"x":3535,"y":1257,"data":{"alt":54,"type":1,"area":374}},{"x":3536,"y":1257,"data":{"alt":54,"type":2,"area":374}},{"x":3536,"y":1258,"data":{"alt":54,"type":1,"area":374}},{"x":3535,"y":1259,"data":{"alt":54,"type":1,"area":374}},{"x":3536,"y":1259,"data":{"alt":54,"type":2,"area":374}},{"x":3537,"y":1259,"data":{"alt":54,"type":2,"area":374}},{"x":3535,"y":1260,"data":{"alt":54,"type":1,"area":374}},{"x":3536,"y":1260,"data":{"alt":54,"type":2,"area":374}},{"x":3535,"y":1261,"data":{"alt":54,"type":1,"area":374}}]