[{"x":3536,"y":2170,"data":{"alt":101,"type":1,"area":376}},{"x":3536,"y":2171,"data":{"alt":101,"type":1,"area":376}},{"x":3536,"y":2172,"data":{"alt":100,"type":1,"area":376}},{"x":3536,"y":2173,"data":{"alt":59,"type":1,"area":376}},{"x":3536,"y":2174,"data":{"alt":59,"type":1,"area":376}},{"x":3535,"y":2175,"data":{"alt":58,"type":2,"area":376}},{"x":3536,"y":2175,"data":{"alt":58,"type":2,"area":376}},{"x":3537,"y":2175,"data":{"alt":58,"type":1,"area":376}},{"x":3535,"y":2176,"data":{"alt":58,"type":1,"area":376}},{"x":3536,"y":2176,"data":{"alt":58,"type":1,"area":376}}]