[{"x":3536,"y":2197,"data":{"alt":55,"type":1,"area":378}},{"x":3536,"y":2198,"data":{"alt":55,"type":1,"area":378}},{"x":3536,"y":2199,"data":{"alt":55,"type":1,"area":378}},{"x":3536,"y":2200,"data":{"alt":55,"type":1,"area":378}},{"x":3536,"y":2201,"data":{"alt":55,"type":1,"area":378}},{"x":3536,"y":2202,"data":{"alt":55,"type":1,"area":378}},{"x":3536,"y":2203,"data":{"alt":55,"type":1,"area":378}},{"x":3536,"y":2204,"data":{"alt":55,"type":1,"area":378}},{"x":3536,"y":2205,"data":{"alt":55,"type":1,"area":378}},{"x":3536,"y":2206,"data":{"alt":55,"type":1,"area":378}},{"x":3536,"y":2207,"data":{"alt":55,"type":1,"area":378}}]