[{"x":649,"y":3882,"data":{"alt":5,"fertility":60,"region":2137,"area":379}},{"x":649,"y":3883,"data":{"alt":5,"fertility":60,"region":2137,"area":379}},{"x":649,"y":3884,"data":{"alt":6,"fertility":60,"region":2137,"area":379}},{"x":654,"y":3884,"data":{"alt":4,"fertility":60,"region":2137,"area":379}},{"x":656,"y":3884,"data":{"alt":3,"fertility":60,"region":2137,"area":379}},{"x":657,"y":3884,"data":{"alt":3,"fertility":60,"region":2137,"area":379}},{"x":649,"y":3885,"data":{"alt":6,"fertility":60,"forest":20,"region":2137,"area":379}},{"x":651,"y":3885,"data":{"alt":5,"fertility":60,"region":2137,"area":379}},{"x":652,"y":3885,"data":{"alt":5,"fertility":60,"region":2137,"area":379}},{"x":653,"y":3885,"data":{"alt":4,"fertility":60,"region":2137,"area":379}},{"x":654,"y":3885,"data":{"alt":4,"fertility":60,"region":2137,"area":379}},{"x":655,"y":3885,"data":{"alt":4,"fertility":60,"region":2137,"area":379}},{"x":656,"y":3885,"data":{"alt":4,"fertility":60,"region":2137,"area":379}},{"x":657,"y":3885,"data":{"alt":4,"fertility":60,"region":2137,"area":379}},{"x":658,"y":3885,"data":{"alt":4,"fertility":60,"region":2137,"area":379}},{"x":646,"y":3886,"data":{"alt":6,"fertility":60,"region":2137,"area":379}},{"x":648,"y":3886,"data":{"alt":6,"fertility":60,"region":2137,"area":379}},{"x":649,"y":3886,"data":{"alt":5,"fertility":60,"region":2137,"area":379}},{"x":650,"y":3886,"data":{"alt":5,"fertility":60,"region":2137,"area":379}},{"x":651,"y":3886,"data":{"alt":5,"fertility":60,"region":2137,"area":379}},{"x":652,"y":3886,"data":{"alt":5,"fertility":60,"region":2137,"area":379}},{"x":653,"y":3886,"data":{"alt":5,"fertility":60,"region":2137,"area":379}},{"x":654,"y":3886,"data":{"alt":4,"fertility":60,"region":2137,"area":379}},{"x":655,"y":3886,"data":{"alt":4,"fertility":60,"region":2137,"area":379}},{"x":656,"y":3886,"data":{"alt":5,"fertility":60,"region":2137,"area":379}},{"x":657,"y":3886,"data":{"alt":5,"fertility":60,"region":2137,"area":379}},{"x":658,"y":3886,"data":{"alt":4,"fertility":60,"region":2137,"area":379}},{"x":659,"y":3886,"data":{"alt":4,"fertility":60,"region":2137,"area":379}},{"x":660,"y":3886,"data":{"alt":4,"fertility":60,"region":2137,"area":379}},{"x":647,"y":3887,"data":{"alt":6,"fertility":60,"region":2137,"area":379}},{"x":648,"y":3887,"data":{"alt":6,"fertility":60,"region":2137,"area":379}},{"x":649,"y":3887,"data":{"alt":6,"fertility":60,"region":2137,"area":379}},{"x":650,"y":3887,"data":{"alt":5,"fertility":60,"region":2137,"area":379}},{"x":651,"y":3887,"data":{"alt":5,"fertility":60,"region":2137,"area":379}},{"x":652,"y":3887,"data":{"alt":5,"fertility":60,"region":2137,"area":379}},{"x":653,"y":3887,"data":{"alt":5,"fertility":60,"region":2137,"area":379}},{"x":654,"y":3887,"data":{"alt":5,"fertility":60,"region":2137,"area":379}},{"x":655,"y":3887,"data":{"alt":5,"fertility":60,"region":2137,"area":379}},{"x":656,"y":3887,"data":{"alt":5,"fertility":60,"region":2137,"area":379}},{"x":657,"y":3887,"data":{"alt":5,"fertility":60,"region":2137,"area":379}},{"x":658,"y":3887,"data":{"alt":4,"fertility":60,"region":2137,"area":379}},{"x":659,"y":3887,"data":{"alt":4,"fertility":60,"res":3,"resAmount":20,"region":2137,"area":379}},{"x":660,"y":3887,"data":{"alt":4,"fertility":60,"res":3,"resAmount":20,"region":2137,"area":379}},{"x":661,"y":3887,"data":{"alt":3,"fertility":60,"region":2137,"area":379}},{"x":662,"y":3887,"data":{"alt":3,"fertility":60,"region":2137,"area":379}},{"x":646,"y":3888,"data":{"alt":6,"fertility":60,"region":2137,"area":379}},{"x":647,"y":3888,"data":{"alt":6,"fertility":60,"region":2137,"area":379}},{"x":648,"y":3888,"data":{"alt":6,"fertility":60,"region":2137,"area":379}},{"x":649,"y":3888,"data":{"alt":6,"fertility":60,"region":2137,"area":379}},{"x":650,"y":3888,"data":{"alt":7,"fertility":40,"region":2137,"area":379}},{"x":651,"y":3888,"data":{"alt":7,"fertility":40,"region":2137,"area":379}},{"x":652,"y":3888,"data":{"alt":6,"fertility":60,"region":2137,"area":379}},{"x":653,"y":3888,"data":{"alt":4,"fertility":60,"region":2137,"area":379}},{"x":654,"y":3888,"data":{"alt":5,"fertility":60,"region":2137,"area":379}},{"x":655,"y":3888,"data":{"alt":5,"fertility":60,"region":2137,"area":379}},{"x":656,"y":3888,"data":{"alt":5,"fertility":60,"res":3,"resAmount":20,"region":2137,"area":379}},{"x":657,"y":3888,"data":{"alt":5,"fertility":60,"region":2137,"area":379}},{"x":658,"y":3888,"data":{"alt":4,"fertility":60,"region":2137,"area":379}},{"x":659,"y":3888,"data":{"alt":4,"fertility":60,"res":3,"resAmount":20,"region":2137,"area":379}},{"x":660,"y":3888,"data":{"alt":4,"fertility":60,"forest":20,"region":2137,"area":379}},{"x":661,"y":3888,"data":{"alt":3,"fertility":60,"region":2137,"area":379}},{"x":663,"y":3888,"data":{"alt":3,"fertility":60,"region":2137,"area":379}},{"x":664,"y":3888,"data":{"alt":3,"fertility":60,"region":2137,"area":379}},{"x":646,"y":3889,"data":{"alt":6,"fertility":60,"region":2137,"area":379}},{"x":647,"y":3889,"data":{"alt":6,"fertility":60,"region":2137,"area":379}},{"x":648,"y":3889,"data":{"alt":6,"fertility":60,"region":2137,"area":379}},{"x":649,"y":3889,"data":{"alt":5,"fertility":60,"region":2137,"area":379}},{"x":650,"y":3889,"data":{"alt":5,"fertility":60,"region":2137,"area":379}},{"x":651,"y":3889,"data":{"alt":5,"fertility":60,"region":2137,"area":379}},{"x":652,"y":3889,"data":{"alt":4,"fertility":60,"region":2137,"area":379}},{"x":654,"y":3889,"data":{"alt":4,"fertility":60,"region":2137,"area":379}},{"x":655,"y":3889,"data":{"alt":4,"fertility":60,"region":2137,"area":379}},{"x":656,"y":3889,"data":{"alt":4,"fertility":60,"res":3,"resAmount":40,"region":2137,"area":379}},{"x":657,"y":3889,"data":{"alt":4,"fertility":60,"region":2137,"area":379}},{"x":658,"y":3889,"data":{"alt":4,"fertility":60,"res":3,"resAmount":20,"region":2137,"area":379}},{"x":659,"y":3889,"data":{"alt":4,"fertility":60,"res":3,"resAmount":40,"region":2137,"area":379}},{"x":660,"y":3889,"data":{"alt":4,"fertility":60,"res":3,"resAmount":20,"region":2137,"area":379}},{"x":661,"y":3889,"data":{"alt":3,"fertility":60,"region":2137,"area":379}},{"x":663,"y":3889,"data":{"alt":3,"fertility":60,"region":2137,"area":379}},{"x":645,"y":3890,"data":{"alt":6,"fertility":60,"region":2137,"area":379}},{"x":646,"y":3890,"data":{"alt":6,"fertility":60,"region":2137,"area":379}},{"x":647,"y":3890,"data":{"alt":6,"fertility":60,"region":2137,"area":379}},{"x":648,"y":3890,"data":{"alt":6,"fertility":60,"region":2137,"area":379}},{"x":649,"y":3890,"data":{"alt":6,"fertility":60,"region":2137,"area":379}},{"x":650,"y":3890,"data":{"alt":6,"fertility":60,"region":2137,"area":379}},{"x":651,"y":3890,"data":{"alt":5,"fertility":60,"region":2137,"area":379}},{"x":655,"y":3890,"data":{"alt":4,"fertility":60,"region":2137,"area":379}},{"x":657,"y":3890,"data":{"alt":4,"fertility":60,"region":2137,"area":379}},{"x":658,"y":3890,"data":{"alt":4,"fertility":60,"res":3,"resAmount":20,"region":2137,"area":379}},{"x":659,"y":3890,"data":{"alt":4,"fertility":60,"res":3,"resAmount":20,"region":2137,"area":379}},{"x":646,"y":3891,"data":{"alt":6,"fertility":60,"region":2137,"area":379}},{"x":647,"y":3891,"data":{"alt":6,"fertility":60,"region":2137,"area":379}},{"x":648,"y":3891,"data":{"alt":6,"fertility":60,"region":2137,"area":379}},{"x":649,"y":3891,"data":{"alt":6,"fertility":60,"region":2137,"area":379}},{"x":650,"y":3891,"data":{"alt":5,"fertility":60,"region":2137,"area":379}},{"x":651,"y":3891,"data":{"alt":5,"fertility":60,"region":2137,"area":379}},{"x":646,"y":3892,"data":{"alt":6,"fertility":60,"region":2137,"area":379}},{"x":647,"y":3892,"data":{"alt":6,"fertility":60,"region":2137,"area":379}},{"x":648,"y":3892,"data":{"alt":6,"fertility":60,"region":2137,"area":379}},{"x":649,"y":3892,"data":{"alt":6,"fertility":60,"region":2137,"area":379}},{"x":650,"y":3892,"data":{"alt":5,"fertility":60,"region":2137,"area":379}},{"x":651,"y":3892,"data":{"alt":5,"fertility":60,"region":2137,"area":379}},{"x":652,"y":3892,"data":{"alt":5,"fertility":60,"res":3,"resAmount":20,"region":2137,"area":379}},{"x":649,"y":3893,"data":{"alt":6,"fertility":60,"region":2137,"area":379}},{"x":650,"y":3893,"data":{"alt":5,"fertility":60,"res":3,"resAmount":20,"region":2137,"area":379}},{"x":649,"y":3894,"data":{"alt":6,"fertility":60,"region":2137,"area":379}},{"x":649,"y":3895,"data":{"alt":6,"fertility":60,"region":2137,"area":379}},{"x":648,"y":3896,"data":{"alt":6,"fertility":60,"region":2137,"area":379}},{"x":649,"y":3896,"data":{"alt":6,"fertility":60,"region":2137,"area":379}},{"x":650,"y":3896,"data":{"alt":6,"fertility":60,"res":3,"resAmount":20,"region":2137,"area":379}}]