[{"x":348,"y":448,"data":{"alt":55,"type":1,"area":38}},{"x":349,"y":448,"data":{"alt":55,"type":1,"area":38}},{"x":350,"y":448,"data":{"alt":55,"type":1,"area":38}},{"x":351,"y":448,"data":{"alt":55,"type":1,"area":38}},{"x":342,"y":449,"data":{"alt":55,"type":1,"area":38}},{"x":343,"y":449,"data":{"alt":55,"type":1,"area":38}},{"x":344,"y":449,"data":{"alt":55,"type":1,"area":38}},{"x":345,"y":449,"data":{"alt":55,"type":1,"area":38}},{"x":346,"y":449,"data":{"alt":55,"type":1,"area":38}},{"x":347,"y":449,"data":{"alt":55,"type":1,"area":38}},{"x":348,"y":449,"data":{"alt":55,"type":1,"area":38}},{"x":348,"y":446,"data":{"alt":55,"type":1,"area":38}},{"x":348,"y":447,"data":{"alt":55,"type":1,"area":38}},{"x":350,"y":447,"data":{"alt":55,"type":1,"area":38}},{"x":351,"y":447,"data":{"alt":55,"type":1,"area":38}},{"x":352,"y":448,"data":{"alt":55,"type":1,"area":38}}]