[{"x":3537,"y":2749,"data":{"alt":5,"type":1,"area":380}},{"x":3537,"y":2750,"data":{"alt":5,"type":1,"area":380}},{"x":3537,"y":2751,"data":{"alt":2,"type":1,"area":380}},{"x":3537,"y":2752,"data":{"alt":2,"type":1,"area":380}},{"x":3537,"y":2753,"data":{"alt":2,"type":1,"area":380}},{"x":3537,"y":2754,"data":{"alt":2,"type":1,"area":380}},{"x":3537,"y":2755,"data":{"alt":2,"type":1,"area":380}},{"x":3537,"y":2756,"data":{"alt":2,"type":1,"area":380}},{"x":3537,"y":2757,"data":{"alt":2,"type":1,"area":380}},{"x":3537,"y":2758,"data":{"alt":2,"type":1,"area":380}},{"x":3537,"y":2759,"data":{"alt":2,"type":1,"area":380}},{"x":3537,"y":2760,"data":{"alt":2,"type":1,"area":380}},{"x":3537,"y":2761,"data":{"alt":2,"type":1,"area":380}},{"x":3537,"y":2762,"data":{"alt":2,"type":1,"area":380}},{"x":3537,"y":2763,"data":{"alt":2,"type":1,"area":380}},{"x":3537,"y":2764,"data":{"alt":2,"type":1,"area":380}}]