[{"x":3550,"y":2571,"data":{"alt":103,"type":2,"area":384}},{"x":3551,"y":2571,"data":{"alt":103,"type":2,"area":384}},{"x":3548,"y":2572,"data":{"alt":103,"type":2,"area":384}},{"x":3549,"y":2572,"data":{"alt":103,"type":2,"area":384}},{"x":3550,"y":2572,"data":{"alt":103,"type":2,"area":384}},{"x":3551,"y":2572,"data":{"alt":103,"type":2,"area":384}},{"x":3546,"y":2573,"data":{"alt":103,"type":2,"area":384}},{"x":3547,"y":2573,"data":{"alt":103,"type":2,"area":384}},{"x":3548,"y":2573,"data":{"alt":103,"type":2,"area":384}},{"x":3549,"y":2573,"data":{"alt":103,"type":2,"area":384}},{"x":3550,"y":2573,"data":{"alt":103,"type":2,"area":384}},{"x":3551,"y":2573,"data":{"alt":103,"type":2,"area":384}},{"x":3545,"y":2574,"data":{"alt":103,"type":2,"area":384}},{"x":3546,"y":2574,"data":{"alt":103,"type":2,"area":384}},{"x":3547,"y":2574,"data":{"alt":103,"type":2,"area":384}},{"x":3548,"y":2574,"data":{"alt":103,"type":2,"area":384}},{"x":3549,"y":2574,"data":{"alt":103,"type":2,"area":384}},{"x":3550,"y":2574,"data":{"alt":103,"type":2,"area":384}},{"x":3551,"y":2574,"data":{"alt":103,"type":2,"area":384}},{"x":3545,"y":2575,"data":{"alt":103,"type":2,"area":384}},{"x":3546,"y":2575,"data":{"alt":103,"type":2,"area":384}},{"x":3547,"y":2575,"data":{"alt":103,"type":2,"area":384}},{"x":3548,"y":2575,"data":{"alt":103,"type":2,"area":384}},{"x":3549,"y":2575,"data":{"alt":103,"type":2,"area":384}},{"x":3550,"y":2575,"data":{"alt":103,"type":2,"area":384}},{"x":3551,"y":2575,"data":{"alt":103,"type":2,"area":384}},{"x":3542,"y":2576,"data":{"alt":103,"type":2,"area":384}},{"x":3543,"y":2576,"data":{"alt":103,"type":2,"area":384}},{"x":3544,"y":2576,"data":{"alt":103,"type":2,"area":384}},{"x":3545,"y":2576,"data":{"alt":103,"type":2,"area":384}},{"x":3546,"y":2576,"data":{"alt":103,"type":2,"area":384}},{"x":3547,"y":2576,"data":{"alt":103,"type":2,"area":384}},{"x":3548,"y":2576,"data":{"alt":103,"type":2,"area":384}},{"x":3549,"y":2576,"data":{"alt":103,"type":2,"area":384}},{"x":3550,"y":2576,"data":{"alt":103,"type":2,"area":384}},{"x":3551,"y":2576,"data":{"alt":103,"type":2,"area":384}},{"x":3543,"y":2577,"data":{"alt":103,"type":2,"area":384}},{"x":3544,"y":2577,"data":{"alt":103,"type":2,"area":384}},{"x":3545,"y":2577,"data":{"alt":103,"type":2,"area":384}},{"x":3546,"y":2577,"data":{"alt":103,"type":2,"area":384}},{"x":3547,"y":2577,"data":{"alt":103,"type":2,"area":384}},{"x":3548,"y":2577,"data":{"alt":103,"type":2,"area":384}},{"x":3549,"y":2577,"data":{"alt":103,"type":2,"area":384}},{"x":3550,"y":2577,"data":{"alt":103,"type":2,"area":384}},{"x":3551,"y":2577,"data":{"alt":103,"type":2,"area":384}},{"x":3544,"y":2578,"data":{"alt":103,"type":2,"area":384}},{"x":3545,"y":2578,"data":{"alt":103,"type":2,"area":384}},{"x":3546,"y":2578,"data":{"alt":103,"type":2,"area":384}},{"x":3547,"y":2578,"data":{"alt":103,"type":2,"area":384}},{"x":3548,"y":2578,"data":{"alt":103,"type":2,"area":384}},{"x":3549,"y":2578,"data":{"alt":103,"type":2,"area":384}},{"x":3550,"y":2578,"data":{"alt":103,"type":2,"area":384}},{"x":3551,"y":2578,"data":{"alt":103,"type":2,"area":384}},{"x":3544,"y":2579,"data":{"alt":103,"type":2,"area":384}},{"x":3545,"y":2579,"data":{"alt":103,"type":2,"area":384}},{"x":3546,"y":2579,"data":{"alt":103,"type":2,"area":384}},{"x":3547,"y":2579,"data":{"alt":103,"type":2,"area":384}},{"x":3548,"y":2579,"data":{"alt":103,"type":2,"area":384}},{"x":3549,"y":2579,"data":{"alt":103,"type":2,"area":384}},{"x":3550,"y":2579,"data":{"alt":103,"type":2,"area":384}},{"x":3551,"y":2579,"data":{"alt":103,"type":2,"area":384}},{"x":3544,"y":2580,"data":{"alt":103,"type":2,"area":384}},{"x":3545,"y":2580,"data":{"alt":103,"type":2,"area":384}},{"x":3546,"y":2580,"data":{"alt":103,"type":2,"area":384}},{"x":3547,"y":2580,"data":{"alt":103,"type":2,"area":384}},{"x":3548,"y":2580,"data":{"alt":103,"type":2,"area":384}},{"x":3549,"y":2580,"data":{"alt":103,"type":2,"area":384}},{"x":3550,"y":2580,"data":{"alt":103,"type":2,"area":384}},{"x":3551,"y":2580,"data":{"alt":103,"type":2,"area":384}},{"x":3545,"y":2581,"data":{"alt":103,"type":2,"area":384}},{"x":3546,"y":2581,"data":{"alt":103,"type":2,"area":384}},{"x":3547,"y":2581,"data":{"alt":103,"type":2,"area":384}},{"x":3548,"y":2581,"data":{"alt":103,"type":2,"area":384}},{"x":3549,"y":2581,"data":{"alt":103,"type":2,"area":384}},{"x":3550,"y":2581,"data":{"alt":103,"type":2,"area":384}},{"x":3551,"y":2581,"data":{"alt":103,"type":2,"area":384}},{"x":3545,"y":2582,"data":{"alt":103,"type":2,"area":384}},{"x":3546,"y":2582,"data":{"alt":103,"type":2,"area":384}},{"x":3547,"y":2582,"data":{"alt":103,"type":2,"area":384}},{"x":3548,"y":2582,"data":{"alt":103,"type":2,"area":384}},{"x":3549,"y":2582,"data":{"alt":103,"type":2,"area":384}},{"x":3550,"y":2582,"data":{"alt":103,"type":2,"area":384}},{"x":3551,"y":2582,"data":{"alt":103,"type":2,"area":384}},{"x":3543,"y":2583,"data":{"alt":103,"type":2,"area":384}},{"x":3544,"y":2583,"data":{"alt":103,"type":2,"area":384}},{"x":3545,"y":2583,"data":{"alt":103,"type":2,"area":384}},{"x":3546,"y":2583,"data":{"alt":103,"type":2,"area":384}},{"x":3547,"y":2583,"data":{"alt":103,"type":2,"area":384}},{"x":3548,"y":2583,"data":{"alt":103,"type":2,"area":384}},{"x":3549,"y":2583,"data":{"alt":103,"type":2,"area":384}},{"x":3550,"y":2583,"data":{"alt":103,"type":2,"area":384}},{"x":3551,"y":2583,"data":{"alt":103,"type":2,"area":384}},{"x":3543,"y":2584,"data":{"alt":103,"type":2,"area":384}},{"x":3544,"y":2584,"data":{"alt":103,"type":2,"area":384}},{"x":3545,"y":2584,"data":{"alt":103,"type":2,"area":384}},{"x":3546,"y":2584,"data":{"alt":103,"type":2,"area":384}},{"x":3547,"y":2584,"data":{"alt":103,"type":2,"area":384}},{"x":3548,"y":2584,"data":{"alt":103,"type":2,"area":384}},{"x":3549,"y":2584,"data":{"alt":103,"type":2,"area":384}},{"x":3550,"y":2584,"data":{"alt":103,"type":2,"area":384}},{"x":3551,"y":2584,"data":{"alt":103,"type":2,"area":384}},{"x":3543,"y":2585,"data":{"alt":103,"type":2,"area":384}},{"x":3544,"y":2585,"data":{"alt":103,"type":2,"area":384}},{"x":3545,"y":2585,"data":{"alt":103,"type":2,"area":384}},{"x":3546,"y":2585,"data":{"alt":103,"type":2,"area":384}},{"x":3547,"y":2585,"data":{"alt":103,"type":2,"area":384}},{"x":3548,"y":2585,"data":{"alt":103,"type":2,"area":384}},{"x":3549,"y":2585,"data":{"alt":103,"type":2,"area":384}},{"x":3550,"y":2585,"data":{"alt":103,"type":2,"area":384}},{"x":3551,"y":2585,"data":{"alt":103,"type":2,"area":384}},{"x":3544,"y":2586,"data":{"alt":103,"type":2,"area":384}},{"x":3545,"y":2586,"data":{"alt":103,"type":2,"area":384}},{"x":3546,"y":2586,"data":{"alt":103,"type":2,"area":384}},{"x":3547,"y":2586,"data":{"alt":103,"type":2,"area":384}},{"x":3548,"y":2586,"data":{"alt":103,"type":2,"area":384}},{"x":3549,"y":2586,"data":{"alt":103,"type":2,"area":384}},{"x":3550,"y":2586,"data":{"alt":103,"type":2,"area":384}},{"x":3551,"y":2586,"data":{"alt":103,"type":2,"area":384}},{"x":3546,"y":2587,"data":{"alt":103,"type":2,"area":384}},{"x":3547,"y":2587,"data":{"alt":103,"type":2,"area":384}},{"x":3548,"y":2587,"data":{"alt":103,"type":2,"area":384}},{"x":3549,"y":2587,"data":{"alt":103,"type":2,"area":384}},{"x":3550,"y":2587,"data":{"alt":103,"type":2,"area":384}},{"x":3551,"y":2587,"data":{"alt":103,"type":2,"area":384}},{"x":3546,"y":2588,"data":{"alt":103,"type":2,"area":384}},{"x":3548,"y":2588,"data":{"alt":103,"type":2,"area":384}},{"x":3549,"y":2588,"data":{"alt":103,"type":2,"area":384}},{"x":3550,"y":2588,"data":{"alt":103,"type":2,"area":384}},{"x":3551,"y":2588,"data":{"alt":103,"type":2,"area":384}},{"x":3560,"y":2566,"data":{"alt":103,"type":2,"area":384}},{"x":3557,"y":2567,"data":{"alt":103,"type":2,"area":384}},{"x":3558,"y":2567,"data":{"alt":103,"type":2,"area":384}},{"x":3559,"y":2567,"data":{"alt":103,"type":2,"area":384}},{"x":3560,"y":2567,"data":{"alt":103,"type":2,"area":384}},{"x":3561,"y":2567,"data":{"alt":103,"type":2,"area":384}},{"x":3556,"y":2568,"data":{"alt":103,"type":2,"area":384}},{"x":3557,"y":2568,"data":{"alt":103,"type":2,"area":384}},{"x":3558,"y":2568,"data":{"alt":103,"type":2,"area":384}},{"x":3559,"y":2568,"data":{"alt":103,"type":2,"area":384}},{"x":3560,"y":2568,"data":{"alt":103,"type":2,"area":384}},{"x":3561,"y":2568,"data":{"alt":103,"type":2,"area":384}},{"x":3562,"y":2568,"data":{"alt":103,"type":2,"area":384}},{"x":3556,"y":2569,"data":{"alt":103,"type":2,"area":384}},{"x":3557,"y":2569,"data":{"alt":103,"type":2,"area":384}},{"x":3552,"y":2570,"data":{"alt":103,"type":2,"area":384}},{"x":3553,"y":2570,"data":{"alt":103,"type":2,"area":384}},{"x":3554,"y":2570,"data":{"alt":103,"type":2,"area":384}},{"x":3555,"y":2570,"data":{"alt":103,"type":2,"area":384}},{"x":3556,"y":2570,"data":{"alt":103,"type":2,"area":384}},{"x":3552,"y":2571,"data":{"alt":103,"type":2,"area":384}},{"x":3553,"y":2571,"data":{"alt":103,"type":2,"area":384}},{"x":3554,"y":2571,"data":{"alt":103,"type":2,"area":384}},{"x":3555,"y":2571,"data":{"alt":103,"type":2,"area":384}},{"x":3556,"y":2571,"data":{"alt":103,"type":2,"area":384}},{"x":3557,"y":2571,"data":{"alt":103,"type":2,"area":384}},{"x":3558,"y":2571,"data":{"alt":103,"type":2,"area":384}},{"x":3552,"y":2572,"data":{"alt":103,"type":2,"area":384}},{"x":3553,"y":2572,"data":{"alt":103,"type":2,"area":384}},{"x":3554,"y":2572,"data":{"alt":103,"type":2,"area":384}},{"x":3555,"y":2572,"data":{"alt":103,"type":2,"area":384}},{"x":3556,"y":2572,"data":{"alt":103,"type":2,"area":384}},{"x":3557,"y":2572,"data":{"alt":103,"type":2,"area":384}},{"x":3552,"y":2573,"data":{"alt":103,"type":2,"area":384}},{"x":3553,"y":2573,"data":{"alt":103,"type":2,"area":384}},{"x":3554,"y":2573,"data":{"alt":103,"type":2,"area":384}},{"x":3555,"y":2573,"data":{"alt":103,"type":2,"area":384}},{"x":3556,"y":2573,"data":{"alt":103,"type":2,"area":384}},{"x":3557,"y":2573,"data":{"alt":103,"type":2,"area":384}},{"x":3558,"y":2573,"data":{"alt":103,"type":2,"area":384}},{"x":3559,"y":2573,"data":{"alt":103,"type":2,"area":384}},{"x":3560,"y":2573,"data":{"alt":103,"type":2,"area":384}},{"x":3552,"y":2574,"data":{"alt":103,"type":2,"area":384}},{"x":3553,"y":2574,"data":{"alt":103,"type":2,"area":384}},{"x":3554,"y":2574,"data":{"alt":103,"type":2,"area":384}},{"x":3555,"y":2574,"data":{"alt":103,"type":2,"area":384}},{"x":3556,"y":2574,"data":{"alt":103,"type":2,"area":384}},{"x":3557,"y":2574,"data":{"alt":103,"type":2,"area":384}},{"x":3558,"y":2574,"data":{"alt":103,"type":2,"area":384}},{"x":3559,"y":2574,"data":{"alt":103,"type":2,"area":384}},{"x":3560,"y":2574,"data":{"alt":103,"type":2,"area":384}},{"x":3552,"y":2575,"data":{"alt":103,"type":2,"area":384}},{"x":3553,"y":2575,"data":{"alt":103,"type":2,"area":384}},{"x":3554,"y":2575,"data":{"alt":103,"type":2,"area":384}},{"x":3555,"y":2575,"data":{"alt":103,"type":2,"area":384}},{"x":3556,"y":2575,"data":{"alt":103,"type":2,"area":384}},{"x":3557,"y":2575,"data":{"alt":103,"type":2,"area":384}},{"x":3558,"y":2575,"data":{"alt":103,"type":2,"area":384}},{"x":3559,"y":2575,"data":{"alt":103,"type":2,"area":384}},{"x":3560,"y":2575,"data":{"alt":103,"type":2,"area":384}},{"x":3561,"y":2575,"data":{"alt":103,"type":2,"area":384}},{"x":3562,"y":2575,"data":{"alt":103,"type":2,"area":384}},{"x":3566,"y":2575,"data":{"alt":103,"type":2,"area":384}},{"x":3552,"y":2576,"data":{"alt":103,"type":2,"area":384}},{"x":3553,"y":2576,"data":{"alt":103,"type":2,"area":384}},{"x":3554,"y":2576,"data":{"alt":103,"type":2,"area":384}},{"x":3555,"y":2576,"data":{"alt":103,"type":2,"area":384}},{"x":3556,"y":2576,"data":{"alt":103,"type":2,"area":384}},{"x":3557,"y":2576,"data":{"alt":103,"type":2,"area":384}},{"x":3558,"y":2576,"data":{"alt":103,"type":2,"area":384}},{"x":3559,"y":2576,"data":{"alt":103,"type":2,"area":384}},{"x":3560,"y":2576,"data":{"alt":103,"type":2,"area":384}},{"x":3561,"y":2576,"data":{"alt":103,"type":2,"area":384}},{"x":3562,"y":2576,"data":{"alt":103,"type":2,"area":384}},{"x":3563,"y":2576,"data":{"alt":103,"type":2,"area":384}},{"x":3564,"y":2576,"data":{"alt":103,"type":2,"area":384}},{"x":3565,"y":2576,"data":{"alt":103,"type":2,"area":384}},{"x":3566,"y":2576,"data":{"alt":103,"type":2,"area":384}},{"x":3567,"y":2576,"data":{"alt":103,"type":2,"area":384}},{"x":3552,"y":2577,"data":{"alt":103,"type":2,"area":384}},{"x":3553,"y":2577,"data":{"alt":103,"type":2,"area":384}},{"x":3554,"y":2577,"data":{"alt":103,"type":2,"area":384}},{"x":3555,"y":2577,"data":{"alt":103,"type":2,"area":384}},{"x":3556,"y":2577,"data":{"alt":103,"type":2,"area":384}},{"x":3557,"y":2577,"data":{"alt":103,"type":2,"area":384}},{"x":3558,"y":2577,"data":{"alt":103,"type":2,"area":384}},{"x":3559,"y":2577,"data":{"alt":103,"type":2,"area":384}},{"x":3560,"y":2577,"data":{"alt":103,"type":2,"area":384}},{"x":3561,"y":2577,"data":{"alt":103,"type":2,"area":384}},{"x":3562,"y":2577,"data":{"alt":103,"type":2,"area":384}},{"x":3563,"y":2577,"data":{"alt":103,"type":2,"area":384}},{"x":3564,"y":2577,"data":{"alt":103,"type":2,"area":384}},{"x":3565,"y":2577,"data":{"alt":103,"type":2,"area":384}},{"x":3566,"y":2577,"data":{"alt":103,"type":2,"area":384}},{"x":3567,"y":2577,"data":{"alt":103,"type":2,"area":384}},{"x":3552,"y":2578,"data":{"alt":103,"type":2,"area":384}},{"x":3553,"y":2578,"data":{"alt":103,"type":2,"area":384}},{"x":3554,"y":2578,"data":{"alt":103,"type":2,"area":384}},{"x":3555,"y":2578,"data":{"alt":103,"type":2,"area":384}},{"x":3556,"y":2578,"data":{"alt":103,"type":2,"area":384}},{"x":3557,"y":2578,"data":{"alt":103,"type":2,"area":384}},{"x":3558,"y":2578,"data":{"alt":103,"type":2,"area":384}},{"x":3559,"y":2578,"data":{"alt":103,"type":2,"area":384}},{"x":3560,"y":2578,"data":{"alt":103,"type":2,"area":384}},{"x":3561,"y":2578,"data":{"alt":103,"type":2,"area":384}},{"x":3562,"y":2578,"data":{"alt":103,"type":2,"area":384}},{"x":3563,"y":2578,"data":{"alt":103,"type":2,"area":384}},{"x":3564,"y":2578,"data":{"alt":103,"type":2,"area":384}},{"x":3565,"y":2578,"data":{"alt":103,"type":2,"area":384}},{"x":3566,"y":2578,"data":{"alt":103,"type":2,"area":384}},{"x":3567,"y":2578,"data":{"alt":103,"type":2,"area":384}},{"x":3552,"y":2579,"data":{"alt":103,"type":2,"area":384}},{"x":3553,"y":2579,"data":{"alt":103,"type":2,"area":384}},{"x":3554,"y":2579,"data":{"alt":103,"type":2,"area":384}},{"x":3555,"y":2579,"data":{"alt":103,"type":2,"area":384}},{"x":3556,"y":2579,"data":{"alt":103,"type":2,"area":384}},{"x":3557,"y":2579,"data":{"alt":103,"type":2,"area":384}},{"x":3558,"y":2579,"data":{"alt":103,"type":2,"area":384}},{"x":3559,"y":2579,"data":{"alt":103,"type":2,"area":384}},{"x":3560,"y":2579,"data":{"alt":103,"type":2,"area":384}},{"x":3561,"y":2579,"data":{"alt":103,"type":2,"area":384}},{"x":3562,"y":2579,"data":{"alt":103,"type":2,"area":384}},{"x":3563,"y":2579,"data":{"alt":103,"type":2,"area":384}},{"x":3564,"y":2579,"data":{"alt":103,"type":2,"area":384}},{"x":3565,"y":2579,"data":{"alt":103,"type":2,"area":384}},{"x":3566,"y":2579,"data":{"alt":103,"type":2,"area":384}},{"x":3567,"y":2579,"data":{"alt":103,"type":2,"area":384}},{"x":3569,"y":2579,"data":{"alt":103,"type":2,"area":384}},{"x":3552,"y":2580,"data":{"alt":103,"type":2,"area":384}},{"x":3553,"y":2580,"data":{"alt":103,"type":2,"area":384}},{"x":3554,"y":2580,"data":{"alt":103,"type":2,"area":384}},{"x":3555,"y":2580,"data":{"alt":103,"type":2,"area":384}},{"x":3556,"y":2580,"data":{"alt":103,"type":2,"area":384}},{"x":3557,"y":2580,"data":{"alt":103,"type":2,"area":384}},{"x":3558,"y":2580,"data":{"alt":103,"type":2,"area":384}},{"x":3559,"y":2580,"data":{"alt":103,"type":2,"area":384}},{"x":3560,"y":2580,"data":{"alt":103,"type":2,"area":384}},{"x":3561,"y":2580,"data":{"alt":103,"type":2,"area":384}},{"x":3562,"y":2580,"data":{"alt":103,"type":2,"area":384}},{"x":3563,"y":2580,"data":{"alt":103,"type":2,"area":384}},{"x":3564,"y":2580,"data":{"alt":103,"type":2,"area":384}},{"x":3565,"y":2580,"data":{"alt":103,"type":2,"area":384}},{"x":3566,"y":2580,"data":{"alt":103,"type":2,"area":384}},{"x":3567,"y":2580,"data":{"alt":103,"type":2,"area":384}},{"x":3568,"y":2580,"data":{"alt":103,"type":2,"area":384}},{"x":3569,"y":2580,"data":{"alt":103,"type":2,"area":384}},{"x":3552,"y":2581,"data":{"alt":103,"type":2,"area":384}},{"x":3553,"y":2581,"data":{"alt":103,"type":2,"area":384}},{"x":3554,"y":2581,"data":{"alt":103,"type":2,"area":384}},{"x":3555,"y":2581,"data":{"alt":103,"type":2,"area":384}},{"x":3556,"y":2581,"data":{"alt":103,"type":2,"area":384}},{"x":3557,"y":2581,"data":{"alt":103,"type":2,"area":384}},{"x":3558,"y":2581,"data":{"alt":103,"type":2,"area":384}},{"x":3559,"y":2581,"data":{"alt":103,"type":2,"area":384}},{"x":3560,"y":2581,"data":{"alt":103,"type":2,"area":384}},{"x":3561,"y":2581,"data":{"alt":103,"type":2,"area":384}},{"x":3562,"y":2581,"data":{"alt":103,"type":2,"area":384}},{"x":3563,"y":2581,"data":{"alt":103,"type":2,"area":384}},{"x":3564,"y":2581,"data":{"alt":103,"type":2,"area":384}},{"x":3565,"y":2581,"data":{"alt":103,"type":2,"area":384}},{"x":3566,"y":2581,"data":{"alt":103,"type":2,"area":384}},{"x":3567,"y":2581,"data":{"alt":103,"type":2,"area":384}},{"x":3568,"y":2581,"data":{"alt":103,"type":2,"area":384}},{"x":3552,"y":2582,"data":{"alt":103,"type":2,"area":384}},{"x":3553,"y":2582,"data":{"alt":103,"type":2,"area":384}},{"x":3554,"y":2582,"data":{"alt":103,"type":2,"area":384}},{"x":3555,"y":2582,"data":{"alt":103,"type":2,"area":384}},{"x":3556,"y":2582,"data":{"alt":103,"type":2,"area":384}},{"x":3557,"y":2582,"data":{"alt":103,"type":2,"area":384}},{"x":3558,"y":2582,"data":{"alt":103,"type":2,"area":384}},{"x":3559,"y":2582,"data":{"alt":103,"type":2,"area":384}},{"x":3560,"y":2582,"data":{"alt":103,"type":2,"area":384}},{"x":3561,"y":2582,"data":{"alt":103,"type":2,"area":384}},{"x":3562,"y":2582,"data":{"alt":103,"type":2,"area":384}},{"x":3563,"y":2582,"data":{"alt":103,"type":2,"area":384}},{"x":3564,"y":2582,"data":{"alt":103,"type":2,"area":384}},{"x":3565,"y":2582,"data":{"alt":103,"type":2,"area":384}},{"x":3566,"y":2582,"data":{"alt":103,"type":2,"area":384}},{"x":3552,"y":2583,"data":{"alt":103,"type":2,"area":384}},{"x":3553,"y":2583,"data":{"alt":103,"type":2,"area":384}},{"x":3554,"y":2583,"data":{"alt":103,"type":2,"area":384}},{"x":3555,"y":2583,"data":{"alt":103,"type":2,"area":384}},{"x":3556,"y":2583,"data":{"alt":103,"type":2,"area":384}},{"x":3557,"y":2583,"data":{"alt":103,"type":2,"area":384}},{"x":3558,"y":2583,"data":{"alt":103,"type":2,"area":384}},{"x":3559,"y":2583,"data":{"alt":103,"type":2,"area":384}},{"x":3560,"y":2583,"data":{"alt":103,"type":2,"area":384}},{"x":3561,"y":2583,"data":{"alt":103,"type":2,"area":384}},{"x":3562,"y":2583,"data":{"alt":103,"type":2,"area":384}},{"x":3563,"y":2583,"data":{"alt":103,"type":2,"area":384}},{"x":3552,"y":2584,"data":{"alt":103,"type":2,"area":384}},{"x":3553,"y":2584,"data":{"alt":103,"type":2,"area":384}},{"x":3554,"y":2584,"data":{"alt":103,"type":2,"area":384}},{"x":3555,"y":2584,"data":{"alt":103,"type":2,"area":384}},{"x":3556,"y":2584,"data":{"alt":103,"type":2,"area":384}},{"x":3557,"y":2584,"data":{"alt":103,"type":2,"area":384}},{"x":3558,"y":2584,"data":{"alt":103,"type":2,"area":384}},{"x":3559,"y":2584,"data":{"alt":103,"type":2,"area":384}},{"x":3560,"y":2584,"data":{"alt":103,"type":2,"area":384}},{"x":3561,"y":2584,"data":{"alt":103,"type":2,"area":384}},{"x":3562,"y":2584,"data":{"alt":103,"type":2,"area":384}},{"x":3563,"y":2584,"data":{"alt":103,"type":2,"area":384}},{"x":3552,"y":2585,"data":{"alt":103,"type":2,"area":384}},{"x":3553,"y":2585,"data":{"alt":103,"type":2,"area":384}},{"x":3554,"y":2585,"data":{"alt":103,"type":2,"area":384}},{"x":3555,"y":2585,"data":{"alt":103,"type":2,"area":384}},{"x":3556,"y":2585,"data":{"alt":103,"type":2,"area":384}},{"x":3557,"y":2585,"data":{"alt":103,"type":2,"area":384}},{"x":3558,"y":2585,"data":{"alt":103,"type":2,"area":384}},{"x":3559,"y":2585,"data":{"alt":103,"type":2,"area":384}},{"x":3560,"y":2585,"data":{"alt":103,"type":2,"area":384}},{"x":3561,"y":2585,"data":{"alt":103,"type":2,"area":384}},{"x":3562,"y":2585,"data":{"alt":103,"type":2,"area":384}},{"x":3563,"y":2585,"data":{"alt":103,"type":2,"area":384}},{"x":3565,"y":2585,"data":{"alt":103,"type":2,"area":384}},{"x":3567,"y":2585,"data":{"alt":103,"type":2,"area":384}},{"x":3552,"y":2586,"data":{"alt":103,"type":2,"area":384}},{"x":3553,"y":2586,"data":{"alt":103,"type":2,"area":384}},{"x":3555,"y":2586,"data":{"alt":103,"type":2,"area":384}},{"x":3556,"y":2586,"data":{"alt":103,"type":2,"area":384}},{"x":3557,"y":2586,"data":{"alt":103,"type":2,"area":384}},{"x":3558,"y":2586,"data":{"alt":103,"type":2,"area":384}},{"x":3559,"y":2586,"data":{"alt":103,"type":2,"area":384}},{"x":3560,"y":2586,"data":{"alt":103,"type":2,"area":384}},{"x":3561,"y":2586,"data":{"alt":103,"type":2,"area":384}},{"x":3562,"y":2586,"data":{"alt":103,"type":2,"area":384}},{"x":3563,"y":2586,"data":{"alt":103,"type":2,"area":384}},{"x":3565,"y":2586,"data":{"alt":103,"type":2,"area":384}},{"x":3566,"y":2586,"data":{"alt":103,"type":2,"area":384}},{"x":3567,"y":2586,"data":{"alt":103,"type":2,"area":384}},{"x":3568,"y":2586,"data":{"alt":103,"type":2,"area":384}},{"x":3556,"y":2587,"data":{"alt":103,"type":2,"area":384}},{"x":3557,"y":2587,"data":{"alt":103,"type":2,"area":384}},{"x":3558,"y":2587,"data":{"alt":103,"type":2,"area":384}},{"x":3559,"y":2587,"data":{"alt":103,"type":2,"area":384}},{"x":3560,"y":2587,"data":{"alt":103,"type":2,"area":384}},{"x":3561,"y":2587,"data":{"alt":103,"type":2,"area":384}},{"x":3562,"y":2587,"data":{"alt":103,"type":2,"area":384}},{"x":3563,"y":2587,"data":{"alt":103,"type":2,"area":384}},{"x":3564,"y":2587,"data":{"alt":103,"type":2,"area":384}},{"x":3565,"y":2587,"data":{"alt":103,"type":2,"area":384}},{"x":3566,"y":2587,"data":{"alt":103,"type":2,"area":384}},{"x":3567,"y":2587,"data":{"alt":103,"type":2,"area":384}},{"x":3568,"y":2587,"data":{"alt":103,"type":2,"area":384}},{"x":3569,"y":2587,"data":{"alt":103,"type":2,"area":384}},{"x":3570,"y":2587,"data":{"alt":103,"type":2,"area":384}},{"x":3552,"y":2588,"data":{"alt":103,"type":2,"area":384}},{"x":3557,"y":2588,"data":{"alt":103,"type":2,"area":384}},{"x":3558,"y":2588,"data":{"alt":103,"type":2,"area":384}},{"x":3559,"y":2588,"data":{"alt":103,"type":2,"area":384}},{"x":3560,"y":2588,"data":{"alt":103,"type":2,"area":384}},{"x":3561,"y":2588,"data":{"alt":103,"type":2,"area":384}},{"x":3562,"y":2588,"data":{"alt":103,"type":2,"area":384}},{"x":3563,"y":2588,"data":{"alt":103,"type":2,"area":384}},{"x":3564,"y":2588,"data":{"alt":103,"type":2,"area":384}},{"x":3565,"y":2588,"data":{"alt":103,"type":2,"area":384}},{"x":3566,"y":2588,"data":{"alt":103,"type":2,"area":384}},{"x":3567,"y":2588,"data":{"alt":103,"type":2,"area":384}},{"x":3568,"y":2588,"data":{"alt":103,"type":2,"area":384}},{"x":3569,"y":2588,"data":{"alt":103,"type":2,"area":384}},{"x":3570,"y":2588,"data":{"alt":103,"type":2,"area":384}},{"x":3557,"y":2589,"data":{"alt":103,"type":2,"area":384}},{"x":3558,"y":2589,"data":{"alt":103,"type":2,"area":384}},{"x":3559,"y":2589,"data":{"alt":103,"type":2,"area":384}},{"x":3560,"y":2589,"data":{"alt":103,"type":2,"area":384}},{"x":3561,"y":2589,"data":{"alt":103,"type":2,"area":384}},{"x":3562,"y":2589,"data":{"alt":103,"type":2,"area":384}},{"x":3563,"y":2589,"data":{"alt":103,"type":2,"area":384}},{"x":3564,"y":2589,"data":{"alt":103,"type":2,"area":384}},{"x":3565,"y":2589,"data":{"alt":103,"type":2,"area":384}},{"x":3566,"y":2589,"data":{"alt":103,"type":2,"area":384}},{"x":3567,"y":2589,"data":{"alt":103,"type":2,"area":384}},{"x":3568,"y":2589,"data":{"alt":103,"type":2,"area":384}},{"x":3569,"y":2589,"data":{"alt":103,"type":2,"area":384}},{"x":3570,"y":2589,"data":{"alt":103,"type":2,"area":384}},{"x":3571,"y":2589,"data":{"alt":103,"type":2,"area":384}},{"x":3558,"y":2590,"data":{"alt":103,"type":2,"area":384}},{"x":3559,"y":2590,"data":{"alt":103,"type":2,"area":384}},{"x":3560,"y":2590,"data":{"alt":103,"type":2,"area":384}},{"x":3561,"y":2590,"data":{"alt":103,"type":2,"area":384}},{"x":3562,"y":2590,"data":{"alt":103,"type":2,"area":384}},{"x":3563,"y":2590,"data":{"alt":103,"type":2,"area":384}},{"x":3564,"y":2590,"data":{"alt":103,"type":2,"area":384}},{"x":3565,"y":2590,"data":{"alt":103,"type":2,"area":384}},{"x":3566,"y":2590,"data":{"alt":103,"type":2,"area":384}},{"x":3567,"y":2590,"data":{"alt":103,"type":2,"area":384}},{"x":3568,"y":2590,"data":{"alt":103,"type":2,"area":384}},{"x":3569,"y":2590,"data":{"alt":103,"type":2,"area":384}},{"x":3570,"y":2590,"data":{"alt":103,"type":2,"area":384}},{"x":3571,"y":2590,"data":{"alt":103,"type":2,"area":384}},{"x":3572,"y":2590,"data":{"alt":103,"type":2,"area":384}},{"x":3558,"y":2591,"data":{"alt":103,"type":2,"area":384}},{"x":3559,"y":2591,"data":{"alt":103,"type":2,"area":384}},{"x":3560,"y":2591,"data":{"alt":103,"type":2,"area":384}},{"x":3561,"y":2591,"data":{"alt":103,"type":2,"area":384}},{"x":3562,"y":2591,"data":{"alt":103,"type":2,"area":384}},{"x":3563,"y":2591,"data":{"alt":103,"type":2,"area":384}},{"x":3564,"y":2591,"data":{"alt":103,"type":2,"area":384}},{"x":3565,"y":2591,"data":{"alt":103,"type":2,"area":384}},{"x":3566,"y":2591,"data":{"alt":103,"type":1,"area":384}},{"x":3567,"y":2591,"data":{"alt":103,"type":2,"area":384}},{"x":3568,"y":2591,"data":{"alt":103,"type":2,"area":384}},{"x":3569,"y":2591,"data":{"alt":103,"type":2,"area":384}},{"x":3570,"y":2591,"data":{"alt":103,"type":2,"area":384}},{"x":3571,"y":2591,"data":{"alt":103,"type":2,"area":384}},{"x":3572,"y":2591,"data":{"alt":103,"type":2,"area":384}},{"x":3558,"y":2592,"data":{"alt":103,"type":2,"res":1,"resAmount":40,"area":384}},{"x":3559,"y":2592,"data":{"alt":103,"type":2,"area":384}},{"x":3560,"y":2592,"data":{"alt":103,"type":2,"area":384}},{"x":3561,"y":2592,"data":{"alt":103,"type":2,"area":384}},{"x":3562,"y":2592,"data":{"alt":103,"type":1,"area":384}},{"x":3563,"y":2592,"data":{"alt":103,"type":1,"area":384}},{"x":3564,"y":2592,"data":{"alt":103,"type":1,"area":384}},{"x":3565,"y":2592,"data":{"alt":103,"type":1,"area":384}},{"x":3566,"y":2592,"data":{"alt":103,"type":2,"area":384}},{"x":3567,"y":2592,"data":{"alt":103,"type":1,"area":384}},{"x":3568,"y":2592,"data":{"alt":103,"type":1,"area":384}},{"x":3569,"y":2592,"data":{"alt":103,"type":2,"area":384}},{"x":3570,"y":2592,"data":{"alt":103,"type":2,"area":384}},{"x":3571,"y":2592,"data":{"alt":103,"type":2,"area":384}},{"x":3572,"y":2592,"data":{"alt":103,"type":2,"area":384}},{"x":3558,"y":2593,"data":{"alt":103,"type":2,"area":384}},{"x":3559,"y":2593,"data":{"alt":103,"type":2,"area":384}},{"x":3560,"y":2593,"data":{"alt":103,"type":2,"area":384}},{"x":3561,"y":2593,"data":{"alt":103,"type":1,"area":384}},{"x":3562,"y":2593,"data":{"alt":103,"type":2,"area":384}},{"x":3563,"y":2593,"data":{"alt":103,"type":2,"area":384}},{"x":3564,"y":2593,"data":{"alt":103,"type":2,"area":384}},{"x":3565,"y":2593,"data":{"alt":103,"type":2,"area":384}},{"x":3566,"y":2593,"data":{"alt":103,"type":2,"area":384}},{"x":3567,"y":2593,"data":{"alt":103,"type":2,"area":384}},{"x":3568,"y":2593,"data":{"alt":103,"type":1,"area":384}},{"x":3569,"y":2593,"data":{"alt":103,"type":2,"area":384}},{"x":3570,"y":2593,"data":{"alt":103,"type":2,"area":384}},{"x":3571,"y":2593,"data":{"alt":103,"type":2,"area":384}},{"x":3558,"y":2594,"data":{"alt":103,"type":2,"area":384}},{"x":3559,"y":2594,"data":{"alt":103,"type":1,"area":384}},{"x":3560,"y":2594,"data":{"alt":103,"type":1,"area":384}},{"x":3561,"y":2594,"data":{"alt":103,"type":2,"area":384}},{"x":3562,"y":2594,"data":{"alt":103,"type":2,"area":384}},{"x":3563,"y":2594,"data":{"alt":103,"type":2,"area":384}},{"x":3564,"y":2594,"data":{"alt":103,"type":2,"area":384}},{"x":3565,"y":2594,"data":{"alt":103,"type":2,"area":384}},{"x":3566,"y":2594,"data":{"alt":103,"type":2,"area":384}},{"x":3567,"y":2594,"data":{"alt":103,"type":2,"area":384}},{"x":3568,"y":2594,"data":{"alt":103,"type":1,"area":384}},{"x":3569,"y":2594,"data":{"alt":103,"type":2,"area":384}},{"x":3570,"y":2594,"data":{"alt":103,"type":2,"area":384}},{"x":3571,"y":2594,"data":{"alt":103,"type":2,"area":384}},{"x":3557,"y":2595,"data":{"alt":103,"type":1,"area":384}},{"x":3558,"y":2595,"data":{"alt":103,"type":1,"area":384}},{"x":3559,"y":2595,"data":{"alt":103,"type":2,"area":384}},{"x":3560,"y":2595,"data":{"alt":103,"type":2,"area":384}},{"x":3561,"y":2595,"data":{"alt":103,"type":2,"area":384}},{"x":3562,"y":2595,"data":{"alt":103,"type":2,"area":384}},{"x":3563,"y":2595,"data":{"alt":103,"type":2,"area":384}},{"x":3564,"y":2595,"data":{"alt":103,"type":2,"area":384}},{"x":3565,"y":2595,"data":{"alt":103,"type":2,"area":384}},{"x":3566,"y":2595,"data":{"alt":103,"type":2,"area":384}},{"x":3567,"y":2595,"data":{"alt":103,"type":2,"area":384}},{"x":3568,"y":2595,"data":{"alt":103,"type":2,"area":384}},{"x":3569,"y":2595,"data":{"alt":103,"type":1,"area":384}},{"x":3570,"y":2595,"data":{"alt":103,"type":2,"area":384}},{"x":3560,"y":2596,"data":{"alt":103,"type":2,"area":384}},{"x":3561,"y":2596,"data":{"alt":103,"type":2,"area":384}},{"x":3562,"y":2596,"data":{"alt":103,"type":2,"area":384}},{"x":3563,"y":2596,"data":{"alt":103,"type":2,"area":384}},{"x":3564,"y":2596,"data":{"alt":103,"type":2,"area":384}},{"x":3566,"y":2596,"data":{"alt":103,"type":2,"area":384}},{"x":3567,"y":2596,"data":{"alt":103,"type":2,"area":384}},{"x":3568,"y":2596,"data":{"alt":103,"type":2,"area":384}},{"x":3569,"y":2596,"data":{"alt":103,"type":2,"area":384}},{"x":3570,"y":2596,"data":{"alt":103,"type":1,"area":384}},{"x":3571,"y":2596,"data":{"alt":103,"type":2,"area":384}},{"x":3561,"y":2597,"data":{"alt":103,"type":2,"area":384}},{"x":3562,"y":2597,"data":{"alt":103,"type":2,"area":384}},{"x":3563,"y":2597,"data":{"alt":103,"type":2,"area":384}},{"x":3566,"y":2597,"data":{"alt":103,"type":2,"area":384}},{"x":3567,"y":2597,"data":{"alt":103,"type":2,"area":384}},{"x":3568,"y":2597,"data":{"alt":103,"type":2,"area":384}},{"x":3569,"y":2597,"data":{"alt":103,"type":2,"area":384}},{"x":3570,"y":2597,"data":{"alt":103,"type":2,"area":384}},{"x":3571,"y":2597,"data":{"alt":103,"type":1,"area":384}},{"x":3569,"y":2598,"data":{"alt":103,"type":2,"area":384}},{"x":3570,"y":2598,"data":{"alt":103,"type":2,"area":384}},{"x":3571,"y":2598,"data":{"alt":103,"type":2,"area":384}},{"x":3572,"y":2598,"data":{"alt":103,"type":1,"area":384}},{"x":3573,"y":2598,"data":{"alt":103,"type":1,"area":384}},{"x":3570,"y":2599,"data":{"alt":103,"type":2,"area":384}}]