[{"x":651,"y":3904,"data":{"alt":6,"fertility":60,"region":2137,"area":385}},{"x":652,"y":3904,"data":{"alt":6,"fertility":60,"region":2137,"area":385}},{"x":653,"y":3904,"data":{"alt":6,"fertility":60,"region":2137,"area":385}},{"x":654,"y":3904,"data":{"alt":6,"fertility":60,"region":2137,"area":385}},{"x":655,"y":3904,"data":{"alt":5,"fertility":60,"region":2137,"area":385}},{"x":656,"y":3904,"data":{"alt":6,"fertility":60,"region":2137,"area":385}},{"x":652,"y":3905,"data":{"alt":5,"fertility":60,"region":2137,"area":385}},{"x":653,"y":3905,"data":{"alt":6,"fertility":60,"region":2137,"area":385}},{"x":654,"y":3905,"data":{"alt":6,"fertility":60,"region":2137,"area":385}},{"x":655,"y":3905,"data":{"alt":5,"fertility":60,"region":2137,"area":385}},{"x":656,"y":3905,"data":{"alt":5,"fertility":60,"region":2137,"area":385}},{"x":653,"y":3906,"data":{"alt":5,"fertility":60,"region":2137,"area":385}},{"x":654,"y":3906,"data":{"alt":5,"fertility":60,"region":2137,"area":385}},{"x":654,"y":3902,"data":{"alt":6,"fertility":60,"region":2137,"area":385}},{"x":651,"y":3903,"data":{"alt":6,"fertility":60,"region":2137,"area":385}},{"x":652,"y":3903,"data":{"alt":6,"fertility":60,"region":2137,"area":385}},{"x":653,"y":3903,"data":{"alt":6,"fertility":60,"region":2137,"area":385}},{"x":654,"y":3903,"data":{"alt":6,"fertility":60,"region":2137,"area":385}},{"x":655,"y":3903,"data":{"alt":6,"fertility":60,"region":2137,"area":385}},{"x":656,"y":3903,"data":{"alt":6,"fertility":60,"region":2137,"area":385}}]