[{"x":3548,"y":4058,"data":{"alt":51,"type":2,"area":386}},{"x":3549,"y":4058,"data":{"alt":51,"type":2,"area":386}},{"x":3548,"y":4059,"data":{"alt":51,"type":2,"area":386}},{"x":3549,"y":4059,"data":{"alt":51,"type":2,"area":386}},{"x":3547,"y":4060,"data":{"alt":51,"type":2,"area":386}},{"x":3548,"y":4060,"data":{"alt":51,"type":2,"area":386}},{"x":3546,"y":4061,"data":{"alt":51,"type":2,"area":386}},{"x":3547,"y":4061,"data":{"alt":51,"type":2,"area":386}},{"x":3548,"y":4061,"data":{"alt":51,"type":2,"area":386}},{"x":3546,"y":4062,"data":{"alt":51,"type":2,"area":386}},{"x":3547,"y":4062,"data":{"alt":51,"type":2,"area":386}},{"x":3548,"y":4062,"data":{"alt":51,"type":2,"area":386}},{"x":3547,"y":4063,"data":{"alt":51,"type":2,"area":386}},{"x":3548,"y":4063,"data":{"alt":51,"type":2,"area":386}},{"x":3549,"y":4063,"data":{"alt":51,"type":2,"area":386}},{"x":3547,"y":4064,"data":{"alt":51,"type":2,"area":386}},{"x":3548,"y":4064,"data":{"alt":51,"type":2,"area":386}},{"x":3546,"y":4065,"data":{"alt":51,"type":2,"area":386}},{"x":3547,"y":4065,"data":{"alt":51,"type":2,"area":386}},{"x":3548,"y":4065,"data":{"alt":51,"type":2,"area":386}},{"x":3549,"y":4065,"data":{"alt":51,"type":2,"area":386}},{"x":3544,"y":4066,"data":{"alt":51,"type":2,"area":386}},{"x":3545,"y":4066,"data":{"alt":51,"type":2,"area":386}},{"x":3546,"y":4066,"data":{"alt":51,"type":2,"area":386}},{"x":3547,"y":4066,"data":{"alt":51,"type":2,"area":386}},{"x":3548,"y":4066,"data":{"alt":51,"type":2,"area":386}},{"x":3549,"y":4066,"data":{"alt":51,"type":2,"area":386}},{"x":3550,"y":4066,"data":{"alt":51,"type":1,"area":386}},{"x":3545,"y":4067,"data":{"alt":51,"type":2,"area":386}},{"x":3546,"y":4067,"data":{"alt":51,"type":2,"area":386}},{"x":3547,"y":4067,"data":{"alt":51,"type":2,"area":386}},{"x":3548,"y":4067,"data":{"alt":51,"type":2,"area":386}},{"x":3549,"y":4067,"data":{"alt":51,"type":1,"area":386}},{"x":3545,"y":4068,"data":{"alt":51,"type":2,"area":386}},{"x":3546,"y":4068,"data":{"alt":51,"type":2,"area":386}},{"x":3547,"y":4068,"data":{"alt":51,"type":2,"area":386}},{"x":3548,"y":4068,"data":{"alt":51,"type":1,"area":386}},{"x":3544,"y":4069,"data":{"alt":51,"type":2,"area":386}},{"x":3545,"y":4069,"data":{"alt":51,"type":2,"area":386}},{"x":3546,"y":4069,"data":{"alt":51,"type":2,"area":386}},{"x":3547,"y":4069,"data":{"alt":51,"type":2,"area":386}},{"x":3543,"y":4070,"data":{"alt":51,"type":2,"area":386}},{"x":3544,"y":4070,"data":{"alt":51,"type":2,"area":386}},{"x":3545,"y":4070,"data":{"alt":51,"type":2,"area":386}},{"x":3546,"y":4070,"data":{"alt":51,"type":2,"area":386}},{"x":3543,"y":4071,"data":{"alt":51,"type":2,"area":386}},{"x":3544,"y":4071,"data":{"alt":51,"type":2,"area":386}},{"x":3545,"y":4071,"data":{"alt":51,"type":2,"area":386}},{"x":3546,"y":4071,"data":{"alt":51,"type":2,"area":386}},{"x":3543,"y":4072,"data":{"alt":51,"type":2,"area":386}},{"x":3544,"y":4072,"data":{"alt":51,"type":2,"area":386}},{"x":3546,"y":4072,"data":{"alt":51,"type":2,"area":386}}]