[{"x":653,"y":3878,"data":{"alt":3,"fertility":60,"region":2137,"area":387}},{"x":654,"y":3879,"data":{"alt":4,"fertility":60,"region":2137,"area":387}},{"x":655,"y":3879,"data":{"alt":3,"fertility":60,"region":2137,"area":387}},{"x":654,"y":3880,"data":{"alt":4,"fertility":60,"region":2137,"area":387}},{"x":655,"y":3880,"data":{"alt":4,"fertility":60,"region":2137,"area":387}},{"x":656,"y":3880,"data":{"alt":3,"fertility":60,"region":2137,"area":387}},{"x":655,"y":3881,"data":{"alt":3,"fertility":60,"region":2137,"area":387}}]