[{"x":3549,"y":1216,"data":{"alt":103,"type":1,"area":388}},{"x":3549,"y":1217,"data":{"alt":103,"type":1,"area":388}},{"x":3549,"y":1218,"data":{"alt":103,"type":1,"area":388}},{"x":3548,"y":1219,"data":{"alt":103,"type":1,"area":388}},{"x":3549,"y":1219,"data":{"alt":103,"type":2,"area":388}},{"x":3550,"y":1219,"data":{"alt":103,"type":2,"area":388}},{"x":3548,"y":1220,"data":{"alt":103,"type":2,"area":388}},{"x":3549,"y":1220,"data":{"alt":103,"type":1,"area":388}},{"x":3548,"y":1221,"data":{"alt":103,"type":2,"area":388}},{"x":3549,"y":1221,"data":{"alt":103,"type":1,"area":388}}]