[{"x":3551,"y":1292,"data":{"alt":53,"type":1,"area":390}},{"x":3552,"y":1292,"data":{"alt":53,"type":1,"area":390}},{"x":3553,"y":1292,"data":{"alt":53,"type":1,"area":390}},{"x":3554,"y":1292,"data":{"alt":53,"type":1,"area":390}},{"x":3555,"y":1292,"data":{"alt":53,"type":1,"area":390}},{"x":3556,"y":1292,"data":{"alt":53,"type":1,"area":390}},{"x":3557,"y":1292,"data":{"alt":53,"type":1,"area":390}},{"x":3558,"y":1292,"data":{"alt":53,"type":1,"area":390}},{"x":3559,"y":1292,"data":{"alt":53,"type":1,"area":390}},{"x":3560,"y":1292,"data":{"alt":53,"type":1,"area":390}},{"x":3561,"y":1292,"data":{"alt":53,"type":1,"area":390}},{"x":3562,"y":1292,"data":{"alt":53,"type":1,"area":390}}]