[{"x":671,"y":3976,"data":{"alt":4,"fertility":60,"region":2137,"area":391}},{"x":671,"y":3977,"data":{"alt":4,"fertility":60,"region":2137,"area":391}},{"x":671,"y":3978,"data":{"alt":4,"fertility":60,"region":2137,"area":391}},{"x":670,"y":3979,"data":{"alt":3,"fertility":60,"region":2137,"area":391}},{"x":671,"y":3979,"data":{"alt":4,"fertility":60,"region":2137,"area":391}},{"x":664,"y":3980,"data":{"alt":3,"fertility":60,"region":2137,"area":391}},{"x":665,"y":3980,"data":{"alt":3,"fertility":60,"forest":20,"region":2137,"area":391}},{"x":668,"y":3980,"data":{"alt":3,"fertility":60,"region":2137,"area":391}},{"x":669,"y":3980,"data":{"alt":3,"fertility":60,"region":2137,"area":391}},{"x":665,"y":3981,"data":{"alt":4,"fertility":60,"region":2137,"area":391}},{"x":666,"y":3981,"data":{"alt":3,"fertility":60,"region":2137,"area":391}},{"x":667,"y":3981,"data":{"alt":3,"fertility":60,"region":2137,"area":391}},{"x":668,"y":3981,"data":{"alt":4,"fertility":60,"region":2137,"area":391}},{"x":669,"y":3981,"data":{"alt":4,"fertility":60,"region":2137,"area":391}},{"x":670,"y":3981,"data":{"alt":4,"fertility":60,"region":2137,"area":391}},{"x":664,"y":3982,"data":{"alt":3,"fertility":60,"region":2137,"area":391}},{"x":665,"y":3982,"data":{"alt":3,"fertility":60,"region":2137,"area":391}},{"x":666,"y":3982,"data":{"alt":4,"fertility":60,"region":2137,"area":391}},{"x":667,"y":3982,"data":{"alt":3,"fertility":60,"region":2137,"area":391}},{"x":668,"y":3982,"data":{"alt":4,"fertility":60,"region":2137,"area":391}},{"x":669,"y":3982,"data":{"alt":3,"fertility":60,"region":2137,"area":391}},{"x":665,"y":3983,"data":{"alt":3,"fertility":60,"region":2137,"area":391}},{"x":666,"y":3983,"data":{"alt":4,"fertility":60,"region":2137,"area":391}},{"x":667,"y":3983,"data":{"alt":3,"fertility":60,"region":2137,"area":391}},{"x":668,"y":3983,"data":{"alt":4,"fertility":60,"region":2137,"area":391}},{"x":669,"y":3983,"data":{"alt":3,"fertility":60,"region":2137,"area":391}},{"x":671,"y":3983,"data":{"alt":3,"fertility":60,"region":2137,"area":391}},{"x":665,"y":3984,"data":{"alt":3,"fertility":60,"region":2137,"area":391}},{"x":666,"y":3984,"data":{"alt":3,"fertility":60,"region":2137,"area":391}},{"x":667,"y":3984,"data":{"alt":4,"fertility":60,"region":2137,"area":391}},{"x":668,"y":3984,"data":{"alt":3,"fertility":60,"region":2137,"area":391}},{"x":669,"y":3984,"data":{"alt":3,"fertility":60,"region":2137,"area":391}},{"x":670,"y":3984,"data":{"alt":3,"fertility":60,"region":2137,"area":391}},{"x":664,"y":3985,"data":{"alt":3,"fertility":60,"region":2137,"area":391}},{"x":665,"y":3985,"data":{"alt":3,"fertility":60,"region":2137,"area":391}},{"x":666,"y":3985,"data":{"alt":3,"fertility":60,"region":2137,"area":391}},{"x":667,"y":3985,"data":{"alt":3,"fertility":60,"region":2137,"area":391}},{"x":668,"y":3985,"data":{"alt":3,"fertility":60,"region":2137,"area":391}},{"x":669,"y":3985,"data":{"alt":3,"fertility":60,"region":2137,"area":391}},{"x":670,"y":3985,"data":{"alt":3,"fertility":60,"region":2137,"area":391}},{"x":664,"y":3986,"data":{"alt":3,"fertility":60,"region":2137,"area":391}},{"x":665,"y":3986,"data":{"alt":3,"fertility":60,"forest":20,"region":2137,"area":391}},{"x":666,"y":3986,"data":{"alt":3,"fertility":60,"region":2137,"area":391}},{"x":667,"y":3986,"data":{"alt":3,"fertility":60,"region":2137,"area":391}},{"x":668,"y":3986,"data":{"alt":3,"fertility":60,"region":2137,"area":391}},{"x":669,"y":3986,"data":{"alt":3,"fertility":60,"region":2137,"area":391}},{"x":665,"y":3987,"data":{"alt":2,"fertility":60,"region":2137,"area":391}},{"x":667,"y":3987,"data":{"alt":3,"fertility":60,"region":2137,"area":391}},{"x":672,"y":3974,"data":{"alt":4,"fertility":60,"region":2137,"area":391}},{"x":673,"y":3974,"data":{"alt":4,"fertility":60,"region":2137,"area":391}},{"x":672,"y":3975,"data":{"alt":4,"fertility":60,"region":2137,"area":391}},{"x":673,"y":3975,"data":{"alt":4,"fertility":60,"region":2137,"area":391}},{"x":672,"y":3976,"data":{"alt":5,"fertility":60,"region":2137,"area":391}},{"x":672,"y":3977,"data":{"alt":4,"fertility":60,"region":2137,"area":391}},{"x":673,"y":3977,"data":{"alt":4,"fertility":60,"region":2137,"area":391}},{"x":674,"y":3977,"data":{"alt":4,"fertility":60,"region":2137,"area":391}},{"x":672,"y":3978,"data":{"alt":4,"fertility":60,"region":2137,"area":391}},{"x":673,"y":3978,"data":{"alt":6,"fertility":60,"region":2137,"area":391}},{"x":674,"y":3978,"data":{"alt":4,"fertility":60,"region":2137,"area":391}},{"x":672,"y":3979,"data":{"alt":4,"fertility":60,"region":2137,"area":391}},{"x":673,"y":3979,"data":{"alt":4,"fertility":60,"region":2137,"area":391}},{"x":673,"y":3980,"data":{"alt":4,"fertility":60,"region":2137,"area":391}},{"x":674,"y":3980,"data":{"alt":4,"fertility":60,"region":2137,"area":391}},{"x":674,"y":3981,"data":{"alt":4,"fertility":60,"region":2137,"area":391}}]