[{"x":670,"y":1344,"data":{"alt":1,"fertility":60,"region":2101,"area":393}},{"x":671,"y":1344,"data":{"alt":1,"fertility":60,"region":2101,"area":393}},{"x":671,"y":1352,"data":{"alt":1,"fertility":60,"region":2101,"area":393}},{"x":669,"y":1333,"data":{"alt":1,"fertility":60,"region":2101,"area":393}},{"x":670,"y":1333,"data":{"alt":1,"fertility":60,"region":2101,"area":393}},{"x":668,"y":1334,"data":{"alt":1,"fertility":60,"region":2101,"area":393}},{"x":669,"y":1334,"data":{"alt":1,"fertility":60,"region":2101,"area":393}},{"x":670,"y":1334,"data":{"alt":1,"fertility":60,"region":2101,"area":393}},{"x":671,"y":1334,"data":{"alt":1,"fertility":60,"region":2101,"area":393}},{"x":668,"y":1335,"data":{"alt":1,"fertility":60,"region":2101,"area":393}},{"x":669,"y":1335,"data":{"alt":1,"fertility":60,"region":2101,"area":393}},{"x":670,"y":1335,"data":{"alt":1,"fertility":60,"region":2101,"area":393}},{"x":671,"y":1335,"data":{"alt":1,"fertility":60,"region":2101,"area":393}},{"x":668,"y":1336,"data":{"alt":1,"fertility":60,"region":2101,"area":393}},{"x":670,"y":1336,"data":{"alt":1,"fertility":60,"forest":80,"region":2101,"area":393}},{"x":671,"y":1336,"data":{"alt":1,"fertility":60,"region":2101,"area":393}},{"x":670,"y":1337,"data":{"alt":1,"fertility":60,"region":2101,"area":393}},{"x":671,"y":1337,"data":{"alt":1,"fertility":60,"region":2101,"area":393}},{"x":670,"y":1338,"data":{"alt":1,"fertility":60,"region":2101,"area":393}},{"x":671,"y":1338,"data":{"alt":1,"fertility":60,"region":2101,"area":393}},{"x":670,"y":1339,"data":{"alt":1,"fertility":60,"region":2101,"area":393}},{"x":671,"y":1339,"data":{"alt":1,"fertility":60,"region":2101,"area":393}},{"x":671,"y":1340,"data":{"alt":1,"fertility":60,"region":2101,"area":393}},{"x":670,"y":1341,"data":{"alt":1,"fertility":60,"region":2101,"area":393}},{"x":671,"y":1341,"data":{"alt":1,"fertility":60,"region":2101,"area":393}},{"x":670,"y":1342,"data":{"alt":1,"fertility":60,"region":2101,"area":393}},{"x":671,"y":1342,"data":{"alt":1,"fertility":60,"region":2101,"area":393}},{"x":670,"y":1343,"data":{"alt":1,"fertility":60,"region":2101,"area":393}},{"x":671,"y":1343,"data":{"alt":1,"fertility":60,"region":2101,"area":393}},{"x":684,"y":1330,"data":{"alt":1,"fertility":60,"region":2101,"area":393}},{"x":685,"y":1330,"data":{"alt":1,"fertility":60,"region":2101,"area":393}},{"x":682,"y":1331,"data":{"alt":1,"fertility":60,"region":2101,"area":393}},{"x":683,"y":1331,"data":{"alt":1,"fertility":60,"region":2101,"area":393}},{"x":684,"y":1331,"data":{"alt":1,"fertility":60,"region":2101,"area":393}},{"x":685,"y":1331,"data":{"alt":1,"fertility":60,"region":2101,"area":393}},{"x":674,"y":1332,"data":{"alt":1,"fertility":60,"region":2101,"area":393}},{"x":675,"y":1332,"data":{"alt":1,"fertility":60,"forest":40,"region":2101,"area":393}},{"x":676,"y":1332,"data":{"alt":1,"fertility":60,"region":2101,"area":393}},{"x":677,"y":1332,"data":{"alt":1,"fertility":60,"region":2101,"area":393}},{"x":683,"y":1332,"data":{"alt":1,"fertility":60,"region":2101,"area":393}},{"x":684,"y":1332,"data":{"alt":1,"fertility":60,"region":2101,"area":393}},{"x":685,"y":1332,"data":{"alt":1,"fertility":60,"region":2101,"area":393}},{"x":686,"y":1332,"data":{"alt":1,"fertility":60,"region":2101,"area":393}},{"x":672,"y":1333,"data":{"alt":1,"fertility":60,"region":2101,"area":393}},{"x":673,"y":1333,"data":{"alt":1,"fertility":60,"region":2101,"area":393}},{"x":674,"y":1333,"data":{"alt":1,"fertility":60,"region":2101,"area":393}},{"x":675,"y":1333,"data":{"alt":1,"fertility":60,"region":2101,"area":393}},{"x":676,"y":1333,"data":{"alt":1,"fertility":60,"region":2101,"area":393}},{"x":677,"y":1333,"data":{"alt":1,"fertility":60,"region":2101,"area":393}},{"x":678,"y":1333,"data":{"alt":1,"fertility":60,"region":2101,"area":393}},{"x":683,"y":1333,"data":{"alt":1,"fertility":60,"region":2101,"area":393}},{"x":684,"y":1333,"data":{"alt":1,"fertility":60,"forest":20,"region":2101,"area":393}},{"x":685,"y":1333,"data":{"alt":1,"fertility":60,"region":2101,"area":393}},{"x":686,"y":1333,"data":{"alt":1,"fertility":60,"region":2101,"area":393}},{"x":687,"y":1333,"data":{"alt":1,"fertility":60,"region":2101,"area":393}},{"x":688,"y":1333,"data":{"alt":1,"fertility":60,"region":2101,"area":393}},{"x":672,"y":1334,"data":{"alt":1,"fertility":60,"region":2101,"area":393}},{"x":673,"y":1334,"data":{"alt":1,"fertility":60,"region":2101,"area":393}},{"x":674,"y":1334,"data":{"alt":1,"fertility":60,"forest":80,"region":2101,"area":393}},{"x":675,"y":1334,"data":{"alt":1,"fertility":60,"region":2101,"area":393}},{"x":676,"y":1334,"data":{"alt":1,"fertility":60,"region":2101,"area":393}},{"x":682,"y":1334,"data":{"alt":1,"fertility":60,"region":2101,"area":393}},{"x":683,"y":1334,"data":{"alt":1,"fertility":60,"region":2101,"area":393}},{"x":684,"y":1334,"data":{"alt":1,"fertility":60,"region":2101,"area":393}},{"x":685,"y":1334,"data":{"alt":1,"fertility":60,"region":2101,"area":393}},{"x":686,"y":1334,"data":{"alt":1,"fertility":60,"region":2101,"area":393}},{"x":687,"y":1334,"data":{"alt":1,"fertility":60,"region":2101,"area":393}},{"x":688,"y":1334,"data":{"alt":1,"fertility":60,"region":2101,"area":393}},{"x":689,"y":1334,"data":{"alt":1,"fertility":60,"region":2101,"area":393}},{"x":672,"y":1335,"data":{"alt":1,"fertility":60,"region":2101,"area":393}},{"x":673,"y":1335,"data":{"alt":1,"fertility":60,"region":2101,"area":393}},{"x":674,"y":1335,"data":{"alt":1,"fertility":60,"region":2101,"area":393}},{"x":675,"y":1335,"data":{"alt":1,"fertility":60,"region":2101,"area":393}},{"x":676,"y":1335,"data":{"alt":1,"fertility":60,"region":2101,"area":393}},{"x":677,"y":1335,"data":{"alt":1,"fertility":60,"region":2101,"area":393}},{"x":678,"y":1335,"data":{"alt":1,"fertility":60,"region":2101,"area":393}},{"x":679,"y":1335,"data":{"alt":1,"fertility":60,"region":2101,"area":393}},{"x":683,"y":1335,"data":{"alt":1,"fertility":60,"region":2101,"area":393}},{"x":684,"y":1335,"data":{"alt":1,"fertility":60,"region":2101,"area":393}},{"x":685,"y":1335,"data":{"alt":1,"fertility":60,"region":2101,"area":393}},{"x":686,"y":1335,"data":{"alt":1,"fertility":60,"region":2101,"area":393}},{"x":687,"y":1335,"data":{"alt":1,"fertility":60,"region":2101,"area":393}},{"x":688,"y":1335,"data":{"alt":1,"fertility":60,"region":2101,"area":393}},{"x":689,"y":1335,"data":{"alt":1,"fertility":60,"region":2101,"area":393}},{"x":672,"y":1336,"data":{"alt":1,"fertility":60,"region":2101,"area":393}},{"x":673,"y":1336,"data":{"alt":1,"fertility":60,"forest":80,"region":2101,"area":393}},{"x":674,"y":1336,"data":{"alt":1,"fertility":60,"region":2101,"area":393}},{"x":675,"y":1336,"data":{"alt":1,"fertility":60,"region":2101,"area":393}},{"x":676,"y":1336,"data":{"alt":1,"fertility":60,"region":2101,"area":393}},{"x":677,"y":1336,"data":{"alt":1,"fertility":60,"region":2101,"area":393}},{"x":678,"y":1336,"data":{"alt":1,"fertility":60,"region":2101,"area":393}},{"x":683,"y":1336,"data":{"alt":1,"fertility":60,"region":2101,"area":393}},{"x":684,"y":1336,"data":{"alt":1,"fertility":60,"region":2101,"area":393}},{"x":685,"y":1336,"data":{"alt":1,"fertility":60,"region":2101,"area":393}},{"x":686,"y":1336,"data":{"alt":1,"fertility":60,"region":2101,"area":393}},{"x":687,"y":1336,"data":{"alt":1,"fertility":60,"region":2101,"area":393}},{"x":688,"y":1336,"data":{"alt":1,"fertility":60,"region":2101,"area":393}},{"x":689,"y":1336,"data":{"alt":1,"fertility":60,"region":2101,"area":393}},{"x":672,"y":1337,"data":{"alt":1,"fertility":60,"region":2101,"area":393}},{"x":673,"y":1337,"data":{"alt":1,"fertility":60,"region":2101,"area":393}},{"x":674,"y":1337,"data":{"alt":1,"fertility":60,"region":2101,"area":393}},{"x":675,"y":1337,"data":{"alt":1,"fertility":60,"region":2101,"area":393}},{"x":676,"y":1337,"data":{"alt":1,"fertility":60,"region":2101,"area":393}},{"x":677,"y":1337,"data":{"alt":1,"fertility":60,"region":2101,"area":393}},{"x":678,"y":1337,"data":{"alt":1,"fertility":60,"region":2101,"area":393}},{"x":679,"y":1337,"data":{"alt":1,"fertility":60,"forest":40,"region":2101,"area":393}},{"x":680,"y":1337,"data":{"alt":1,"fertility":60,"region":2101,"area":393}},{"x":683,"y":1337,"data":{"alt":1,"fertility":60,"region":2101,"area":393}},{"x":684,"y":1337,"data":{"alt":1,"fertility":60,"region":2101,"area":393}},{"x":685,"y":1337,"data":{"alt":1,"fertility":60,"forest":20,"region":2101,"area":393}},{"x":686,"y":1337,"data":{"alt":1,"fertility":60,"region":2101,"area":393}},{"x":687,"y":1337,"data":{"alt":1,"fertility":60,"region":2101,"area":393}},{"x":688,"y":1337,"data":{"alt":1,"fertility":60,"region":2101,"area":393}},{"x":672,"y":1338,"data":{"alt":1,"fertility":60,"region":2101,"area":393}},{"x":673,"y":1338,"data":{"alt":1,"fertility":60,"region":2101,"area":393}},{"x":674,"y":1338,"data":{"alt":1,"fertility":60,"forest":40,"region":2101,"area":393}},{"x":675,"y":1338,"data":{"alt":1,"fertility":60,"region":2101,"area":393}},{"x":676,"y":1338,"data":{"alt":1,"fertility":60,"region":2101,"area":393}},{"x":677,"y":1338,"data":{"alt":1,"fertility":60,"region":2101,"area":393}},{"x":678,"y":1338,"data":{"alt":1,"fertility":60,"region":2101,"area":393}},{"x":679,"y":1338,"data":{"alt":1,"fertility":60,"region":2101,"area":393}},{"x":680,"y":1338,"data":{"alt":1,"fertility":60,"region":2101,"area":393}},{"x":681,"y":1338,"data":{"alt":1,"fertility":60,"region":2101,"area":393}},{"x":682,"y":1338,"data":{"alt":1,"fertility":60,"region":2101,"area":393}},{"x":683,"y":1338,"data":{"alt":1,"fertility":60,"region":2101,"area":393}},{"x":684,"y":1338,"data":{"alt":1,"fertility":60,"region":2101,"area":393}},{"x":685,"y":1338,"data":{"alt":1,"fertility":60,"region":2101,"area":393}},{"x":686,"y":1338,"data":{"alt":1,"fertility":60,"region":2101,"area":393}},{"x":687,"y":1338,"data":{"alt":1,"fertility":60,"region":2101,"area":393}},{"x":688,"y":1338,"data":{"alt":1,"fertility":60,"region":2101,"area":393}},{"x":689,"y":1338,"data":{"alt":1,"fertility":60,"region":2101,"area":393}},{"x":672,"y":1339,"data":{"alt":1,"fertility":60,"region":2101,"area":393}},{"x":673,"y":1339,"data":{"alt":1,"fertility":60,"region":2101,"area":393}},{"x":674,"y":1339,"data":{"alt":1,"fertility":60,"region":2101,"area":393}},{"x":675,"y":1339,"data":{"alt":1,"fertility":60,"region":2101,"area":393}},{"x":676,"y":1339,"data":{"alt":1,"fertility":60,"region":2101,"area":393}},{"x":677,"y":1339,"data":{"alt":1,"fertility":60,"region":2101,"area":393}},{"x":678,"y":1339,"data":{"alt":1,"fertility":60,"region":2101,"area":393}},{"x":679,"y":1339,"data":{"alt":1,"fertility":60,"region":2101,"area":393}},{"x":680,"y":1339,"data":{"alt":1,"fertility":60,"region":2101,"area":393}},{"x":681,"y":1339,"data":{"alt":1,"fertility":60,"region":2101,"area":393}},{"x":682,"y":1339,"data":{"alt":1,"fertility":60,"region":2101,"area":393}},{"x":683,"y":1339,"data":{"alt":1,"fertility":60,"region":2101,"area":393}},{"x":684,"y":1339,"data":{"alt":1,"fertility":60,"region":2101,"area":393}},{"x":685,"y":1339,"data":{"alt":1,"fertility":60,"region":2101,"area":393}},{"x":686,"y":1339,"data":{"alt":1,"fertility":60,"region":2101,"area":393}},{"x":687,"y":1339,"data":{"alt":1,"fertility":60,"region":2101,"area":393}},{"x":688,"y":1339,"data":{"alt":1,"fertility":60,"region":2101,"area":393}},{"x":689,"y":1339,"data":{"alt":1,"fertility":60,"region":2101,"area":393}},{"x":690,"y":1339,"data":{"alt":1,"fertility":60,"region":2101,"area":393}},{"x":672,"y":1340,"data":{"alt":1,"fertility":60,"region":2101,"area":393}},{"x":673,"y":1340,"data":{"alt":1,"fertility":60,"forest":40,"region":2101,"area":393}},{"x":674,"y":1340,"data":{"alt":1,"fertility":60,"region":2101,"area":393}},{"x":675,"y":1340,"data":{"alt":1,"fertility":60,"region":2101,"area":393}},{"x":676,"y":1340,"data":{"alt":1,"fertility":60,"region":2101,"area":393}},{"x":677,"y":1340,"data":{"alt":1,"fertility":60,"region":2101,"area":393}},{"x":678,"y":1340,"data":{"alt":1,"fertility":60,"forest":80,"region":2101,"area":393}},{"x":679,"y":1340,"data":{"alt":1,"fertility":60,"region":2101,"area":393}},{"x":680,"y":1340,"data":{"alt":1,"fertility":60,"region":2101,"area":393}},{"x":681,"y":1340,"data":{"alt":1,"fertility":60,"region":2101,"area":393}},{"x":682,"y":1340,"data":{"alt":1,"fertility":60,"region":2101,"area":393}},{"x":683,"y":1340,"data":{"alt":1,"fertility":60,"region":2101,"area":393}},{"x":684,"y":1340,"data":{"alt":1,"fertility":60,"region":2101,"area":393}},{"x":685,"y":1340,"data":{"alt":1,"fertility":60,"region":2101,"area":393}},{"x":686,"y":1340,"data":{"alt":1,"fertility":60,"region":2101,"area":393}},{"x":687,"y":1340,"data":{"alt":1,"fertility":60,"region":2101,"area":393}},{"x":688,"y":1340,"data":{"alt":1,"fertility":60,"region":2101,"area":393}},{"x":689,"y":1340,"data":{"alt":1,"fertility":60,"region":2101,"area":393}},{"x":690,"y":1340,"data":{"alt":1,"fertility":60,"region":2101,"area":393}},{"x":672,"y":1341,"data":{"alt":1,"fertility":60,"region":2101,"area":393}},{"x":673,"y":1341,"data":{"alt":1,"fertility":60,"region":2101,"area":393}},{"x":674,"y":1341,"data":{"alt":1,"fertility":60,"region":2101,"area":393}},{"x":675,"y":1341,"data":{"alt":1,"fertility":60,"region":2101,"area":393}},{"x":676,"y":1341,"data":{"alt":1,"fertility":60,"region":2101,"area":393}},{"x":677,"y":1341,"data":{"alt":1,"fertility":60,"region":2101,"area":393}},{"x":678,"y":1341,"data":{"alt":1,"fertility":60,"region":2101,"area":393}},{"x":679,"y":1341,"data":{"alt":1,"fertility":60,"region":2101,"area":393}},{"x":680,"y":1341,"data":{"alt":1,"fertility":60,"region":2101,"area":393}},{"x":681,"y":1341,"data":{"alt":1,"fertility":60,"region":2101,"area":393}},{"x":682,"y":1341,"data":{"alt":1,"fertility":60,"region":2101,"area":393}},{"x":683,"y":1341,"data":{"alt":1,"fertility":60,"region":2101,"area":393}},{"x":684,"y":1341,"data":{"alt":1,"fertility":60,"region":2101,"area":393}},{"x":685,"y":1341,"data":{"alt":1,"fertility":60,"region":2101,"area":393}},{"x":686,"y":1341,"data":{"alt":1,"fertility":60,"region":2101,"area":393}},{"x":687,"y":1341,"data":{"alt":1,"fertility":60,"region":2101,"area":393}},{"x":688,"y":1341,"data":{"alt":1,"fertility":60,"region":2101,"area":393}},{"x":689,"y":1341,"data":{"alt":1,"fertility":60,"region":2101,"area":393}},{"x":690,"y":1341,"data":{"alt":1,"fertility":60,"region":2101,"area":393}},{"x":672,"y":1342,"data":{"alt":1,"fertility":60,"region":2101,"area":393}},{"x":673,"y":1342,"data":{"alt":1,"fertility":60,"region":2101,"area":393}},{"x":674,"y":1342,"data":{"alt":1,"fertility":60,"region":2101,"area":393}},{"x":675,"y":1342,"data":{"alt":1,"fertility":60,"region":2101,"area":393}},{"x":676,"y":1342,"data":{"alt":1,"fertility":60,"region":2101,"area":393}},{"x":677,"y":1342,"data":{"alt":1,"fertility":60,"region":2101,"area":393}},{"x":678,"y":1342,"data":{"alt":1,"fertility":60,"region":2101,"area":393}},{"x":679,"y":1342,"data":{"alt":1,"fertility":60,"region":2101,"area":393}},{"x":680,"y":1342,"data":{"alt":1,"fertility":60,"region":2101,"area":393}},{"x":681,"y":1342,"data":{"alt":1,"fertility":60,"region":2101,"area":393}},{"x":682,"y":1342,"data":{"alt":1,"fertility":60,"region":2101,"area":393}},{"x":683,"y":1342,"data":{"alt":1,"fertility":60,"region":2101,"area":393}},{"x":684,"y":1342,"data":{"alt":1,"fertility":60,"region":2101,"area":393}},{"x":685,"y":1342,"data":{"alt":1,"fertility":60,"region":2101,"area":393}},{"x":686,"y":1342,"data":{"alt":1,"fertility":60,"region":2101,"area":393}},{"x":687,"y":1342,"data":{"alt":1,"fertility":60,"region":2101,"area":393}},{"x":688,"y":1342,"data":{"alt":1,"fertility":60,"region":2101,"area":393}},{"x":689,"y":1342,"data":{"alt":1,"fertility":60,"region":2101,"area":393}},{"x":690,"y":1342,"data":{"alt":1,"fertility":60,"region":2101,"area":393}},{"x":691,"y":1342,"data":{"alt":1,"fertility":60,"forest":40,"region":2101,"area":393}},{"x":672,"y":1343,"data":{"alt":1,"fertility":60,"region":2101,"area":393}},{"x":673,"y":1343,"data":{"alt":1,"fertility":60,"region":2101,"area":393}},{"x":674,"y":1343,"data":{"alt":1,"fertility":60,"region":2101,"area":393}},{"x":675,"y":1343,"data":{"alt":1,"fertility":60,"region":2101,"area":393}},{"x":676,"y":1343,"data":{"alt":1,"fertility":60,"region":2101,"area":393}},{"x":677,"y":1343,"data":{"alt":1,"fertility":60,"region":2101,"area":393}},{"x":678,"y":1343,"data":{"alt":1,"fertility":60,"region":2101,"area":393}},{"x":679,"y":1343,"data":{"alt":1,"fertility":60,"region":2101,"area":393}},{"x":680,"y":1343,"data":{"alt":1,"fertility":60,"region":2101,"area":393}},{"x":681,"y":1343,"data":{"alt":1,"fertility":60,"region":2101,"area":393}},{"x":682,"y":1343,"data":{"alt":1,"fertility":60,"region":2101,"area":393}},{"x":683,"y":1343,"data":{"alt":1,"fertility":60,"region":2101,"area":393}},{"x":684,"y":1343,"data":{"alt":1,"fertility":60,"region":2101,"area":393}},{"x":685,"y":1343,"data":{"alt":1,"fertility":60,"region":2101,"area":393}},{"x":686,"y":1343,"data":{"alt":1,"fertility":60,"region":2101,"area":393}},{"x":687,"y":1343,"data":{"alt":1,"fertility":60,"region":2101,"area":393}},{"x":688,"y":1343,"data":{"alt":1,"fertility":60,"region":2101,"area":393}},{"x":689,"y":1343,"data":{"alt":1,"fertility":60,"region":2101,"area":393}},{"x":690,"y":1343,"data":{"alt":1,"fertility":60,"region":2101,"area":393}},{"x":672,"y":1344,"data":{"alt":1,"fertility":60,"region":2101,"area":393}},{"x":673,"y":1344,"data":{"alt":1,"fertility":60,"region":2101,"area":393}},{"x":674,"y":1344,"data":{"alt":1,"fertility":60,"region":2101,"area":393}},{"x":675,"y":1344,"data":{"alt":1,"fertility":60,"forest":40,"region":2101,"area":393}},{"x":676,"y":1344,"data":{"alt":1,"fertility":60,"region":2101,"area":393}},{"x":677,"y":1344,"data":{"alt":1,"fertility":60,"region":2101,"area":393}},{"x":678,"y":1344,"data":{"alt":1,"fertility":60,"region":2101,"area":393}},{"x":679,"y":1344,"data":{"alt":1,"fertility":60,"region":2101,"area":393}},{"x":680,"y":1344,"data":{"alt":1,"fertility":60,"region":2101,"area":393}},{"x":681,"y":1344,"data":{"alt":1,"fertility":60,"region":2101,"area":393}},{"x":682,"y":1344,"data":{"alt":1,"fertility":60,"region":2101,"area":393}},{"x":683,"y":1344,"data":{"alt":1,"fertility":60,"forest":20,"region":2101,"area":393}},{"x":684,"y":1344,"data":{"alt":1,"fertility":60,"region":2101,"area":393}},{"x":685,"y":1344,"data":{"alt":1,"fertility":60,"region":2101,"area":393}},{"x":686,"y":1344,"data":{"alt":1,"fertility":60,"region":2101,"area":393}},{"x":687,"y":1344,"data":{"alt":1,"fertility":60,"region":2101,"area":393}},{"x":689,"y":1344,"data":{"alt":1,"fertility":60,"forest":20,"region":2101,"area":393}},{"x":690,"y":1344,"data":{"alt":1,"fertility":60,"region":2101,"area":393}},{"x":672,"y":1345,"data":{"alt":1,"fertility":60,"region":2101,"area":393}},{"x":673,"y":1345,"data":{"alt":1,"fertility":60,"region":2101,"area":393}},{"x":674,"y":1345,"data":{"alt":1,"fertility":60,"region":2101,"area":393}},{"x":675,"y":1345,"data":{"alt":1,"fertility":60,"region":2101,"area":393}},{"x":676,"y":1345,"data":{"alt":1,"fertility":60,"region":2101,"area":393}},{"x":677,"y":1345,"data":{"alt":1,"fertility":60,"region":2101,"area":393}},{"x":678,"y":1345,"data":{"alt":1,"fertility":60,"region":2101,"area":393}},{"x":679,"y":1345,"data":{"alt":1,"fertility":60,"region":2101,"area":393}},{"x":680,"y":1345,"data":{"alt":1,"fertility":60,"region":2101,"area":393}},{"x":681,"y":1345,"data":{"alt":1,"fertility":60,"region":2101,"area":393}},{"x":682,"y":1345,"data":{"alt":1,"fertility":60,"region":2101,"area":393}},{"x":683,"y":1345,"data":{"alt":1,"fertility":60,"region":2101,"area":393}},{"x":684,"y":1345,"data":{"alt":1,"fertility":60,"region":2101,"area":393}},{"x":685,"y":1345,"data":{"alt":1,"fertility":60,"region":2101,"area":393}},{"x":686,"y":1345,"data":{"alt":1,"fertility":60,"region":2101,"area":393}},{"x":687,"y":1345,"data":{"alt":1,"fertility":60,"region":2101,"area":393}},{"x":674,"y":1346,"data":{"alt":1,"fertility":60,"region":2101,"area":393}},{"x":675,"y":1346,"data":{"alt":1,"fertility":60,"region":2101,"area":393}},{"x":676,"y":1346,"data":{"alt":1,"fertility":60,"region":2101,"area":393}},{"x":677,"y":1346,"data":{"alt":1,"fertility":60,"region":2101,"area":393}},{"x":678,"y":1346,"data":{"alt":1,"fertility":60,"region":2101,"area":393}},{"x":679,"y":1346,"data":{"alt":1,"fertility":60,"region":2101,"area":393}},{"x":680,"y":1346,"data":{"alt":1,"fertility":60,"region":2101,"area":393}},{"x":681,"y":1346,"data":{"alt":1,"fertility":60,"region":2101,"area":393}},{"x":682,"y":1346,"data":{"alt":1,"fertility":60,"region":2101,"area":393}},{"x":683,"y":1346,"data":{"alt":1,"fertility":60,"region":2101,"area":393}},{"x":684,"y":1346,"data":{"alt":1,"fertility":60,"forest":20,"region":2101,"area":393}},{"x":675,"y":1347,"data":{"alt":1,"fertility":60,"region":2101,"area":393}},{"x":676,"y":1347,"data":{"alt":1,"fertility":60,"region":2101,"area":393}},{"x":677,"y":1347,"data":{"alt":1,"fertility":60,"region":2101,"area":393}},{"x":678,"y":1347,"data":{"alt":1,"fertility":60,"region":2101,"area":393}},{"x":679,"y":1347,"data":{"alt":1,"fertility":60,"region":2101,"area":393}},{"x":680,"y":1347,"data":{"alt":1,"fertility":60,"region":2101,"area":393}},{"x":681,"y":1347,"data":{"alt":1,"fertility":60,"region":2101,"area":393}},{"x":682,"y":1347,"data":{"alt":1,"fertility":60,"region":2101,"area":393}},{"x":683,"y":1347,"data":{"alt":1,"fertility":60,"region":2101,"area":393}},{"x":684,"y":1347,"data":{"alt":1,"fertility":60,"region":2101,"area":393}},{"x":675,"y":1348,"data":{"alt":1,"fertility":60,"region":2101,"area":393}},{"x":676,"y":1348,"data":{"alt":1,"fertility":60,"region":2101,"area":393}},{"x":677,"y":1348,"data":{"alt":1,"fertility":60,"region":2101,"area":393}},{"x":678,"y":1348,"data":{"alt":1,"fertility":60,"region":2101,"area":393}},{"x":679,"y":1348,"data":{"alt":1,"fertility":60,"region":2101,"area":393}},{"x":680,"y":1348,"data":{"alt":1,"fertility":60,"region":2101,"area":393}},{"x":681,"y":1348,"data":{"alt":1,"fertility":60,"region":2101,"area":393}},{"x":682,"y":1348,"data":{"alt":1,"fertility":60,"region":2101,"area":393}},{"x":683,"y":1348,"data":{"alt":1,"fertility":60,"region":2101,"area":393}},{"x":672,"y":1349,"data":{"alt":1,"fertility":60,"forest":20,"region":2101,"area":393}},{"x":673,"y":1349,"data":{"alt":1,"fertility":60,"region":2101,"area":393}},{"x":674,"y":1349,"data":{"alt":1,"fertility":60,"region":2101,"area":393}},{"x":675,"y":1349,"data":{"alt":1,"fertility":60,"region":2101,"area":393}},{"x":676,"y":1349,"data":{"alt":1,"fertility":60,"region":2101,"area":393}},{"x":677,"y":1349,"data":{"alt":1,"fertility":60,"region":2101,"area":393}},{"x":678,"y":1349,"data":{"alt":1,"fertility":60,"region":2101,"area":393}},{"x":679,"y":1349,"data":{"alt":1,"fertility":60,"region":2101,"area":393}},{"x":680,"y":1349,"data":{"alt":1,"fertility":60,"region":2101,"area":393}},{"x":681,"y":1349,"data":{"alt":1,"fertility":60,"region":2101,"area":393}},{"x":682,"y":1349,"data":{"alt":1,"fertility":60,"region":2101,"area":393}},{"x":672,"y":1350,"data":{"alt":1,"fertility":60,"region":2101,"area":393}},{"x":673,"y":1350,"data":{"alt":1,"fertility":60,"region":2101,"area":393}},{"x":674,"y":1350,"data":{"alt":1,"fertility":60,"region":2101,"area":393}},{"x":675,"y":1350,"data":{"alt":1,"fertility":60,"region":2101,"area":393}},{"x":676,"y":1350,"data":{"alt":1,"fertility":60,"region":2101,"area":393}},{"x":677,"y":1350,"data":{"alt":1,"fertility":60,"region":2101,"area":393}},{"x":678,"y":1350,"data":{"alt":1,"fertility":60,"region":2101,"area":393}},{"x":679,"y":1350,"data":{"alt":1,"fertility":60,"region":2101,"area":393}},{"x":672,"y":1351,"data":{"alt":1,"fertility":60,"region":2101,"area":393}},{"x":673,"y":1351,"data":{"alt":1,"fertility":60,"region":2101,"area":393}},{"x":674,"y":1351,"data":{"alt":1,"fertility":60,"region":2101,"area":393}},{"x":675,"y":1351,"data":{"alt":1,"fertility":60,"region":2101,"area":393}},{"x":678,"y":1351,"data":{"alt":1,"fertility":60,"region":2101,"area":393}},{"x":679,"y":1351,"data":{"alt":1,"fertility":60,"region":2101,"area":393}},{"x":672,"y":1352,"data":{"alt":1,"fertility":60,"region":2101,"area":393}},{"x":673,"y":1352,"data":{"alt":1,"fertility":60,"region":2101,"area":393}},{"x":679,"y":1352,"data":{"alt":1,"fertility":60,"region":2101,"area":393}}]