[{"x":3568,"y":1392,"data":{"alt":54,"type":1,"area":396}},{"x":3567,"y":1393,"data":{"alt":54,"type":1,"area":396}},{"x":3568,"y":1393,"data":{"alt":54,"type":2,"area":396}},{"x":3566,"y":1394,"data":{"alt":54,"type":2,"area":396}},{"x":3567,"y":1394,"data":{"alt":54,"type":2,"area":396}},{"x":3568,"y":1394,"data":{"alt":54,"type":1,"area":396}},{"x":3569,"y":1394,"data":{"alt":54,"type":2,"area":396}},{"x":3570,"y":1394,"data":{"alt":54,"type":2,"area":396}},{"x":3572,"y":1394,"data":{"alt":54,"type":2,"area":396}},{"x":3566,"y":1395,"data":{"alt":54,"type":2,"area":396}},{"x":3567,"y":1395,"data":{"alt":54,"type":2,"area":396}},{"x":3568,"y":1395,"data":{"alt":54,"type":2,"area":396}},{"x":3569,"y":1395,"data":{"alt":54,"type":1,"area":396}},{"x":3570,"y":1395,"data":{"alt":54,"type":2,"area":396}},{"x":3571,"y":1395,"data":{"alt":54,"type":2,"area":396}},{"x":3572,"y":1395,"data":{"alt":54,"type":2,"area":396}},{"x":3565,"y":1396,"data":{"alt":54,"type":2,"area":396}},{"x":3566,"y":1396,"data":{"alt":54,"type":2,"area":396}},{"x":3567,"y":1396,"data":{"alt":54,"type":2,"area":396}},{"x":3568,"y":1396,"data":{"alt":54,"type":1,"area":396}},{"x":3569,"y":1396,"data":{"alt":54,"type":1,"area":396}},{"x":3570,"y":1396,"data":{"alt":54,"type":2,"area":396}},{"x":3571,"y":1396,"data":{"alt":54,"type":2,"area":396}},{"x":3572,"y":1396,"data":{"alt":54,"type":2,"area":396}},{"x":3565,"y":1397,"data":{"alt":54,"type":2,"area":396}},{"x":3566,"y":1397,"data":{"alt":54,"type":2,"area":396}},{"x":3567,"y":1397,"data":{"alt":54,"type":2,"area":396}},{"x":3568,"y":1397,"data":{"alt":54,"type":2,"area":396}},{"x":3569,"y":1397,"data":{"alt":54,"type":2,"area":396}},{"x":3570,"y":1397,"data":{"alt":54,"type":1,"area":396}},{"x":3565,"y":1398,"data":{"alt":54,"type":2,"area":396}},{"x":3565,"y":1399,"data":{"alt":54,"type":2,"area":396}}]