[{"x":3571,"y":2579,"data":{"alt":103,"type":2,"area":400}},{"x":3572,"y":2579,"data":{"alt":103,"type":2,"area":400}},{"x":3573,"y":2579,"data":{"alt":103,"type":2,"area":400}},{"x":3571,"y":2580,"data":{"alt":103,"type":2,"area":400}},{"x":3572,"y":2580,"data":{"alt":103,"type":2,"area":400}},{"x":3573,"y":2580,"data":{"alt":103,"type":2,"area":400}},{"x":3570,"y":2581,"data":{"alt":103,"type":2,"area":400}},{"x":3571,"y":2581,"data":{"alt":103,"type":2,"area":400}},{"x":3572,"y":2581,"data":{"alt":103,"type":2,"area":400}},{"x":3573,"y":2581,"data":{"alt":103,"type":2,"area":400}},{"x":3571,"y":2582,"data":{"alt":103,"type":2,"area":400}}]