[{"x":3594,"y":2666,"data":{"alt":7,"type":1,"area":404}},{"x":3593,"y":2667,"data":{"alt":7,"type":1,"area":404}},{"x":3594,"y":2667,"data":{"alt":7,"type":2,"area":404}},{"x":3595,"y":2667,"data":{"alt":7,"type":2,"area":404}},{"x":3592,"y":2668,"data":{"alt":7,"type":1,"area":404}},{"x":3593,"y":2668,"data":{"alt":7,"type":2,"area":404}},{"x":3594,"y":2668,"data":{"alt":7,"type":2,"area":404}},{"x":3595,"y":2668,"data":{"alt":7,"type":2,"area":404}},{"x":3592,"y":2669,"data":{"alt":7,"type":1,"area":404}},{"x":3593,"y":2669,"data":{"alt":7,"type":2,"area":404}},{"x":3594,"y":2669,"data":{"alt":7,"type":2,"area":404}},{"x":3595,"y":2669,"data":{"alt":7,"type":2,"area":404}},{"x":3592,"y":2670,"data":{"alt":7,"type":1,"area":404}},{"x":3593,"y":2670,"data":{"alt":7,"type":2,"area":404}},{"x":3594,"y":2670,"data":{"alt":7,"type":2,"area":404}},{"x":3595,"y":2670,"data":{"alt":7,"type":2,"area":404}},{"x":3591,"y":2671,"data":{"alt":7,"type":1,"area":404}},{"x":3592,"y":2671,"data":{"alt":7,"type":2,"area":404}},{"x":3593,"y":2671,"data":{"alt":7,"type":2,"area":404}},{"x":3594,"y":2671,"data":{"alt":7,"type":2,"area":404}},{"x":3595,"y":2671,"data":{"alt":7,"type":2,"area":404}},{"x":3590,"y":2672,"data":{"alt":7,"type":2,"area":404}},{"x":3591,"y":2672,"data":{"alt":7,"type":2,"area":404}},{"x":3592,"y":2672,"data":{"alt":7,"type":1,"area":404}},{"x":3593,"y":2672,"data":{"alt":7,"type":2,"area":404}},{"x":3594,"y":2672,"data":{"alt":7,"type":2,"area":404}},{"x":3595,"y":2672,"data":{"alt":7,"type":2,"area":404}},{"x":3591,"y":2673,"data":{"alt":7,"type":1,"area":404}},{"x":3592,"y":2673,"data":{"alt":7,"type":2,"area":404}},{"x":3593,"y":2673,"data":{"alt":7,"type":2,"area":404}},{"x":3594,"y":2673,"data":{"alt":7,"type":2,"area":404}},{"x":3595,"y":2673,"data":{"alt":7,"type":2,"area":404}},{"x":3591,"y":2674,"data":{"alt":7,"type":2,"area":404}},{"x":3592,"y":2674,"data":{"alt":7,"type":1,"area":404}},{"x":3593,"y":2674,"data":{"alt":7,"type":2,"area":404}},{"x":3594,"y":2674,"data":{"alt":7,"type":2,"area":404}},{"x":3595,"y":2674,"data":{"alt":7,"type":2,"area":404}},{"x":3596,"y":2674,"data":{"alt":7,"type":2,"area":404}},{"x":3591,"y":2675,"data":{"alt":7,"type":1,"area":404}},{"x":3594,"y":2675,"data":{"alt":7,"type":2,"area":404}},{"x":3595,"y":2675,"data":{"alt":7,"type":2,"area":404}},{"x":3596,"y":2675,"data":{"alt":7,"type":2,"area":404}},{"x":3595,"y":2676,"data":{"alt":7,"type":2,"area":404}},{"x":3596,"y":2676,"data":{"alt":7,"type":2,"area":404}},{"x":3597,"y":2676,"data":{"alt":7,"type":2,"area":404}},{"x":3598,"y":2676,"data":{"alt":7,"type":2,"area":404}},{"x":3596,"y":2677,"data":{"alt":7,"type":2,"area":404}},{"x":3597,"y":2677,"data":{"alt":7,"type":2,"area":404}}]