[{"x":3591,"y":4064,"data":{"alt":7,"type":2,"area":406}},{"x":3592,"y":4064,"data":{"alt":7,"type":1,"area":406}},{"x":3593,"y":4064,"data":{"alt":7,"type":2,"area":406}},{"x":3594,"y":4064,"data":{"alt":7,"type":2,"area":406}},{"x":3595,"y":4064,"data":{"alt":7,"type":2,"area":406}},{"x":3596,"y":4064,"data":{"alt":7,"type":2,"area":406}},{"x":3597,"y":4064,"data":{"alt":7,"type":2,"area":406}},{"x":3598,"y":4064,"data":{"alt":7,"type":2,"area":406}},{"x":3599,"y":4064,"data":{"alt":7,"type":2,"area":406}},{"x":3600,"y":4064,"data":{"alt":7,"type":2,"area":406}},{"x":3601,"y":4064,"data":{"alt":7,"type":2,"area":406}},{"x":3591,"y":4065,"data":{"alt":7,"type":1,"area":406}},{"x":3592,"y":4065,"data":{"alt":7,"type":2,"area":406}},{"x":3595,"y":4065,"data":{"alt":7,"type":2,"area":406}},{"x":3596,"y":4065,"data":{"alt":7,"type":2,"area":406}},{"x":3597,"y":4065,"data":{"alt":7,"type":2,"area":406}},{"x":3598,"y":4065,"data":{"alt":7,"type":2,"area":406}},{"x":3600,"y":4051,"data":{"alt":7,"type":1,"area":406}},{"x":3599,"y":4052,"data":{"alt":7,"type":2,"area":406}},{"x":3600,"y":4052,"data":{"alt":7,"type":2,"area":406}},{"x":3601,"y":4052,"data":{"alt":7,"type":1,"area":406}},{"x":3602,"y":4052,"data":{"alt":7,"type":2,"area":406}},{"x":3603,"y":4052,"data":{"alt":7,"type":2,"area":406}},{"x":3599,"y":4053,"data":{"alt":7,"type":2,"area":406}},{"x":3600,"y":4053,"data":{"alt":7,"type":2,"area":406}},{"x":3601,"y":4053,"data":{"alt":7,"type":1,"area":406}},{"x":3602,"y":4053,"data":{"alt":7,"type":2,"area":406}},{"x":3603,"y":4053,"data":{"alt":7,"type":2,"area":406}},{"x":3597,"y":4054,"data":{"alt":7,"type":2,"area":406}},{"x":3598,"y":4054,"data":{"alt":7,"type":2,"area":406}},{"x":3599,"y":4054,"data":{"alt":7,"type":2,"area":406}},{"x":3600,"y":4054,"data":{"alt":7,"type":2,"area":406}},{"x":3601,"y":4054,"data":{"alt":7,"type":1,"area":406}},{"x":3602,"y":4054,"data":{"alt":7,"type":2,"area":406}},{"x":3603,"y":4054,"data":{"alt":7,"type":2,"area":406}},{"x":3604,"y":4054,"data":{"alt":7,"type":2,"area":406}},{"x":3596,"y":4055,"data":{"alt":7,"type":2,"area":406}},{"x":3597,"y":4055,"data":{"alt":7,"type":2,"area":406}},{"x":3598,"y":4055,"data":{"alt":7,"type":2,"area":406}},{"x":3599,"y":4055,"data":{"alt":7,"type":2,"area":406}},{"x":3600,"y":4055,"data":{"alt":7,"type":2,"area":406}},{"x":3601,"y":4055,"data":{"alt":7,"type":1,"area":406}},{"x":3602,"y":4055,"data":{"alt":7,"type":2,"area":406}},{"x":3603,"y":4055,"data":{"alt":7,"type":2,"area":406}},{"x":3604,"y":4055,"data":{"alt":7,"type":2,"area":406}},{"x":3596,"y":4056,"data":{"alt":7,"type":2,"area":406}},{"x":3597,"y":4056,"data":{"alt":7,"type":2,"area":406}},{"x":3598,"y":4056,"data":{"alt":7,"type":2,"area":406}},{"x":3599,"y":4056,"data":{"alt":7,"type":2,"area":406}},{"x":3600,"y":4056,"data":{"alt":7,"type":1,"area":406}},{"x":3601,"y":4056,"data":{"alt":7,"type":2,"area":406}},{"x":3602,"y":4056,"data":{"alt":7,"type":2,"area":406}},{"x":3603,"y":4056,"data":{"alt":7,"type":2,"area":406}},{"x":3604,"y":4056,"data":{"alt":7,"type":2,"area":406}},{"x":3596,"y":4057,"data":{"alt":7,"type":2,"area":406}},{"x":3597,"y":4057,"data":{"alt":7,"type":2,"area":406}},{"x":3598,"y":4057,"data":{"alt":7,"type":2,"area":406}},{"x":3599,"y":4057,"data":{"alt":7,"type":2,"area":406}},{"x":3600,"y":4057,"data":{"alt":7,"type":1,"area":406}},{"x":3601,"y":4057,"data":{"alt":7,"type":2,"area":406}},{"x":3602,"y":4057,"data":{"alt":7,"type":2,"area":406}},{"x":3603,"y":4057,"data":{"alt":7,"type":2,"area":406}},{"x":3596,"y":4058,"data":{"alt":7,"type":2,"area":406}},{"x":3597,"y":4058,"data":{"alt":7,"type":2,"area":406}},{"x":3598,"y":4058,"data":{"alt":7,"type":2,"area":406}},{"x":3599,"y":4058,"data":{"alt":7,"type":2,"area":406}},{"x":3600,"y":4058,"data":{"alt":7,"type":1,"area":406}},{"x":3601,"y":4058,"data":{"alt":7,"type":2,"area":406}},{"x":3602,"y":4058,"data":{"alt":7,"type":2,"area":406}},{"x":3603,"y":4058,"data":{"alt":7,"type":2,"area":406}},{"x":3596,"y":4059,"data":{"alt":7,"type":2,"area":406}},{"x":3597,"y":4059,"data":{"alt":7,"type":2,"area":406}},{"x":3598,"y":4059,"data":{"alt":7,"type":2,"area":406}},{"x":3599,"y":4059,"data":{"alt":7,"type":1,"area":406}},{"x":3600,"y":4059,"data":{"alt":7,"type":2,"area":406}},{"x":3601,"y":4059,"data":{"alt":7,"type":2,"area":406}},{"x":3602,"y":4059,"data":{"alt":7,"type":2,"area":406}},{"x":3603,"y":4059,"data":{"alt":7,"type":2,"area":406}},{"x":3604,"y":4059,"data":{"alt":7,"type":2,"area":406}},{"x":3595,"y":4060,"data":{"alt":7,"type":2,"area":406}},{"x":3596,"y":4060,"data":{"alt":7,"type":2,"area":406}},{"x":3597,"y":4060,"data":{"alt":7,"type":2,"area":406}},{"x":3598,"y":4060,"data":{"alt":7,"type":1,"area":406}},{"x":3599,"y":4060,"data":{"alt":7,"type":2,"area":406}},{"x":3600,"y":4060,"data":{"alt":7,"type":2,"area":406}},{"x":3601,"y":4060,"data":{"alt":7,"type":2,"area":406}},{"x":3602,"y":4060,"data":{"alt":7,"type":2,"area":406}},{"x":3603,"y":4060,"data":{"alt":7,"type":2,"area":406}},{"x":3604,"y":4060,"data":{"alt":7,"type":2,"area":406}},{"x":3592,"y":4061,"data":{"alt":7,"type":2,"area":406}},{"x":3593,"y":4061,"data":{"alt":7,"type":2,"area":406}},{"x":3595,"y":4061,"data":{"alt":7,"type":2,"area":406}},{"x":3596,"y":4061,"data":{"alt":7,"type":2,"area":406}},{"x":3597,"y":4061,"data":{"alt":7,"type":1,"area":406}},{"x":3598,"y":4061,"data":{"alt":7,"type":2,"area":406}},{"x":3599,"y":4061,"data":{"alt":7,"type":2,"area":406}},{"x":3600,"y":4061,"data":{"alt":7,"type":2,"area":406}},{"x":3601,"y":4061,"data":{"alt":7,"type":2,"area":406}},{"x":3602,"y":4061,"data":{"alt":7,"type":2,"area":406}},{"x":3603,"y":4061,"data":{"alt":7,"type":2,"area":406}},{"x":3591,"y":4062,"data":{"alt":7,"type":2,"area":406}},{"x":3592,"y":4062,"data":{"alt":7,"type":2,"area":406}},{"x":3593,"y":4062,"data":{"alt":7,"type":2,"area":406}},{"x":3594,"y":4062,"data":{"alt":7,"type":1,"area":406}},{"x":3595,"y":4062,"data":{"alt":7,"type":1,"area":406}},{"x":3596,"y":4062,"data":{"alt":7,"type":1,"area":406}},{"x":3597,"y":4062,"data":{"alt":7,"type":1,"area":406}},{"x":3598,"y":4062,"data":{"alt":7,"type":2,"area":406}},{"x":3599,"y":4062,"data":{"alt":7,"type":2,"area":406}},{"x":3600,"y":4062,"data":{"alt":7,"type":2,"area":406}},{"x":3601,"y":4062,"data":{"alt":7,"type":2,"area":406}},{"x":3591,"y":4063,"data":{"alt":7,"type":2,"area":406}},{"x":3592,"y":4063,"data":{"alt":7,"type":2,"area":406}},{"x":3593,"y":4063,"data":{"alt":7,"type":1,"area":406}},{"x":3594,"y":4063,"data":{"alt":7,"type":2,"area":406}},{"x":3595,"y":4063,"data":{"alt":7,"type":2,"area":406}},{"x":3596,"y":4063,"data":{"alt":7,"type":2,"area":406}},{"x":3597,"y":4063,"data":{"alt":7,"type":2,"area":406}},{"x":3598,"y":4063,"data":{"alt":7,"type":2,"area":406}},{"x":3599,"y":4063,"data":{"alt":7,"type":2,"area":406}},{"x":3600,"y":4063,"data":{"alt":7,"type":2,"area":406}}]