[{"x":88,"y":3741,"data":{"alt":1,"fertility":60,"region":2137,"area":41}},{"x":90,"y":3741,"data":{"alt":1,"fertility":60,"region":2137,"area":41}},{"x":86,"y":3742,"data":{"alt":1,"fertility":60,"region":2137,"area":41}},{"x":87,"y":3742,"data":{"alt":1,"fertility":60,"region":2137,"area":41}},{"x":88,"y":3742,"data":{"alt":2,"fertility":60,"region":2137,"area":41}},{"x":89,"y":3742,"data":{"alt":1,"fertility":60,"region":2137,"area":41}},{"x":90,"y":3742,"data":{"alt":1,"fertility":60,"region":2137,"area":41}},{"x":87,"y":3743,"data":{"alt":2,"fertility":60,"region":2137,"area":41}},{"x":88,"y":3743,"data":{"alt":2,"fertility":60,"region":2137,"area":41}},{"x":89,"y":3743,"data":{"alt":1,"fertility":60,"region":2137,"area":41}},{"x":90,"y":3743,"data":{"alt":1,"fertility":60,"region":2137,"area":41}},{"x":88,"y":3744,"data":{"alt":2,"fertility":60,"region":2137,"area":41}},{"x":89,"y":3744,"data":{"alt":1,"fertility":60,"region":2137,"area":41}},{"x":90,"y":3744,"data":{"alt":1,"fertility":60,"region":2137,"area":41}},{"x":87,"y":3745,"data":{"alt":1,"fertility":60,"region":2137,"area":41}},{"x":88,"y":3745,"data":{"alt":1,"fertility":60,"region":2137,"area":41}},{"x":87,"y":3746,"data":{"alt":1,"fertility":60,"region":2137,"area":41}},{"x":89,"y":3746,"data":{"alt":1,"fertility":60,"region":2137,"area":41}}]