[{"x":3603,"y":2699,"data":{"alt":7,"type":2,"area":410}},{"x":3604,"y":2699,"data":{"alt":7,"type":2,"area":410}},{"x":3602,"y":2700,"data":{"alt":7,"type":2,"area":410}},{"x":3603,"y":2700,"data":{"alt":7,"type":2,"area":410}},{"x":3604,"y":2700,"data":{"alt":7,"type":2,"area":410}},{"x":3601,"y":2701,"data":{"alt":7,"type":2,"area":410}},{"x":3602,"y":2701,"data":{"alt":7,"type":2,"area":410}},{"x":3603,"y":2701,"data":{"alt":7,"type":2,"area":410}},{"x":3606,"y":2701,"data":{"alt":7,"type":2,"area":410}},{"x":3602,"y":2702,"data":{"alt":7,"type":2,"area":410}},{"x":3603,"y":2702,"data":{"alt":7,"type":2,"area":410}},{"x":3604,"y":2702,"data":{"alt":7,"type":2,"area":410}},{"x":3605,"y":2702,"data":{"alt":7,"type":2,"area":410}},{"x":3606,"y":2702,"data":{"alt":7,"type":2,"area":410}},{"x":3602,"y":2703,"data":{"alt":7,"type":2,"area":410}},{"x":3603,"y":2703,"data":{"alt":7,"type":2,"area":410}},{"x":3606,"y":2703,"data":{"alt":7,"type":2,"area":410}},{"x":3607,"y":2703,"data":{"alt":7,"type":2,"area":410}},{"x":3609,"y":2703,"data":{"alt":7,"type":2,"area":410}},{"x":3603,"y":2704,"data":{"alt":7,"type":2,"area":410}},{"x":3607,"y":2704,"data":{"alt":7,"type":2,"area":410}},{"x":3608,"y":2704,"data":{"alt":7,"type":2,"area":410}},{"x":3609,"y":2704,"data":{"alt":7,"type":2,"area":410}},{"x":3610,"y":2704,"data":{"alt":7,"type":2,"area":410}},{"x":3602,"y":2705,"data":{"alt":7,"type":2,"area":410}},{"x":3603,"y":2705,"data":{"alt":7,"type":2,"area":410}},{"x":3607,"y":2705,"data":{"alt":7,"type":2,"area":410}},{"x":3608,"y":2705,"data":{"alt":7,"type":2,"area":410}},{"x":3609,"y":2705,"data":{"alt":7,"type":2,"area":410}},{"x":3602,"y":2706,"data":{"alt":7,"type":2,"area":410}},{"x":3608,"y":2706,"data":{"alt":7,"type":2,"area":410}},{"x":3609,"y":2706,"data":{"alt":7,"type":2,"area":410}},{"x":3606,"y":2707,"data":{"alt":7,"type":2,"area":410}},{"x":3607,"y":2707,"data":{"alt":7,"type":2,"area":410}},{"x":3608,"y":2707,"data":{"alt":7,"type":2,"area":410}}]