[{"x":3614,"y":801,"data":{"alt":509,"type":2,"area":412}},{"x":3612,"y":802,"data":{"alt":509,"type":2,"area":412}},{"x":3614,"y":802,"data":{"alt":509,"type":2,"area":412}},{"x":3612,"y":803,"data":{"alt":509,"type":2,"area":412}},{"x":3613,"y":803,"data":{"alt":509,"type":2,"area":412}},{"x":3614,"y":803,"data":{"alt":509,"type":2,"area":412}},{"x":3612,"y":804,"data":{"alt":509,"type":2,"area":412}},{"x":3611,"y":805,"data":{"alt":509,"type":2,"area":412}},{"x":3612,"y":805,"data":{"alt":509,"type":2,"area":412}},{"x":3613,"y":805,"data":{"alt":509,"type":2,"area":412}},{"x":3614,"y":805,"data":{"alt":509,"type":2,"area":412}},{"x":3615,"y":805,"data":{"alt":509,"type":2,"area":412}},{"x":3612,"y":806,"data":{"alt":509,"type":2,"area":412}},{"x":3614,"y":806,"data":{"alt":509,"type":2,"area":412}}]