[{"x":685,"y":3861,"data":{"alt":2,"fertility":60,"region":2137,"area":413}},{"x":685,"y":3862,"data":{"alt":2,"fertility":60,"region":2137,"area":413}},{"x":686,"y":3862,"data":{"alt":2,"fertility":60,"region":2137,"area":413}},{"x":687,"y":3862,"data":{"alt":2,"fertility":60,"region":2137,"area":413}},{"x":688,"y":3862,"data":{"alt":2,"fertility":60,"forest":20,"region":2137,"area":413}},{"x":689,"y":3862,"data":{"alt":1,"fertility":60,"region":2137,"area":413}},{"x":685,"y":3863,"data":{"alt":2,"fertility":60,"region":2137,"area":413}},{"x":686,"y":3863,"data":{"alt":2,"fertility":60,"region":2137,"area":413}},{"x":687,"y":3863,"data":{"alt":2,"fertility":60,"region":2137,"area":413}},{"x":688,"y":3863,"data":{"alt":2,"fertility":60,"region":2137,"area":413}},{"x":689,"y":3863,"data":{"alt":2,"fertility":60,"region":2137,"area":413}},{"x":690,"y":3863,"data":{"alt":1,"fertility":60,"region":2137,"area":413}},{"x":686,"y":3864,"data":{"alt":2,"fertility":60,"region":2137,"area":413}},{"x":687,"y":3864,"data":{"alt":2,"fertility":60,"region":2137,"area":413}},{"x":688,"y":3864,"data":{"alt":3,"fertility":60,"region":2137,"area":413}},{"x":689,"y":3864,"data":{"alt":2,"fertility":60,"region":2137,"area":413}},{"x":690,"y":3864,"data":{"alt":3,"fertility":60,"region":2137,"area":413}},{"x":691,"y":3864,"data":{"alt":2,"fertility":60,"region":2137,"area":413}},{"x":686,"y":3865,"data":{"alt":2,"fertility":60,"region":2137,"area":413}},{"x":687,"y":3865,"data":{"alt":2,"fertility":60,"region":2137,"area":413}},{"x":688,"y":3865,"data":{"alt":3,"fertility":60,"region":2137,"area":413}},{"x":689,"y":3865,"data":{"alt":3,"fertility":60,"forest":20,"region":2137,"area":413}},{"x":690,"y":3865,"data":{"alt":2,"fertility":60,"region":2137,"area":413}},{"x":691,"y":3865,"data":{"alt":2,"fertility":60,"region":2137,"area":413}},{"x":686,"y":3866,"data":{"alt":2,"fertility":60,"region":2137,"area":413}},{"x":687,"y":3866,"data":{"alt":2,"fertility":60,"region":2137,"area":413}},{"x":688,"y":3866,"data":{"alt":3,"fertility":60,"region":2137,"area":413}},{"x":689,"y":3866,"data":{"alt":2,"fertility":60,"region":2137,"area":413}},{"x":690,"y":3866,"data":{"alt":2,"fertility":60,"region":2137,"area":413}},{"x":691,"y":3866,"data":{"alt":2,"fertility":60,"region":2137,"area":413}},{"x":686,"y":3867,"data":{"alt":2,"fertility":60,"forest":20,"region":2137,"area":413}},{"x":687,"y":3867,"data":{"alt":3,"fertility":60,"region":2137,"area":413}},{"x":688,"y":3867,"data":{"alt":3,"fertility":60,"region":2137,"area":413}},{"x":689,"y":3867,"data":{"alt":3,"fertility":60,"region":2137,"area":413}},{"x":690,"y":3867,"data":{"alt":2,"fertility":60,"region":2137,"area":413}},{"x":691,"y":3867,"data":{"alt":2,"fertility":60,"region":2137,"area":413}},{"x":687,"y":3868,"data":{"alt":2,"fertility":60,"region":2137,"area":413}},{"x":688,"y":3868,"data":{"alt":2,"fertility":60,"region":2137,"area":413}},{"x":689,"y":3868,"data":{"alt":2,"fertility":60,"region":2137,"area":413}},{"x":690,"y":3868,"data":{"alt":2,"fertility":60,"forest":20,"region":2137,"area":413}},{"x":691,"y":3868,"data":{"alt":2,"fertility":60,"region":2137,"area":413}},{"x":690,"y":3869,"data":{"alt":1,"fertility":60,"forest":20,"region":2137,"area":413}}]