[{"x":3630,"y":2303,"data":{"alt":52,"type":2,"area":414}},{"x":3631,"y":2303,"data":{"alt":52,"type":2,"area":414}},{"x":3632,"y":2303,"data":{"alt":52,"type":2,"area":414}},{"x":3633,"y":2303,"data":{"alt":52,"type":2,"area":414}},{"x":3627,"y":2304,"data":{"alt":52,"type":2,"area":414}},{"x":3628,"y":2304,"data":{"alt":52,"type":2,"area":414}},{"x":3630,"y":2304,"data":{"alt":52,"type":2,"area":414}},{"x":3631,"y":2304,"data":{"alt":52,"type":2,"area":414}},{"x":3632,"y":2304,"data":{"alt":52,"type":2,"area":414}},{"x":3633,"y":2304,"data":{"alt":52,"type":2,"area":414}},{"x":3627,"y":2305,"data":{"alt":52,"type":2,"area":414}},{"x":3628,"y":2305,"data":{"alt":52,"type":2,"area":414}},{"x":3629,"y":2305,"data":{"alt":52,"type":2,"area":414}},{"x":3630,"y":2305,"data":{"alt":52,"type":2,"area":414}},{"x":3631,"y":2305,"data":{"alt":52,"type":2,"area":414}},{"x":3632,"y":2305,"data":{"alt":52,"type":2,"area":414}},{"x":3633,"y":2305,"data":{"alt":52,"type":2,"area":414}},{"x":3625,"y":2306,"data":{"alt":52,"type":2,"area":414}},{"x":3626,"y":2306,"data":{"alt":52,"type":2,"area":414}},{"x":3627,"y":2306,"data":{"alt":52,"type":2,"area":414}},{"x":3628,"y":2306,"data":{"alt":52,"type":2,"area":414}},{"x":3629,"y":2306,"data":{"alt":52,"type":2,"area":414}},{"x":3630,"y":2306,"data":{"alt":52,"type":2,"area":414}},{"x":3631,"y":2306,"data":{"alt":52,"type":2,"area":414}},{"x":3632,"y":2306,"data":{"alt":52,"type":2,"area":414}},{"x":3633,"y":2306,"data":{"alt":52,"type":2,"area":414}},{"x":3634,"y":2306,"data":{"alt":52,"type":2,"area":414}},{"x":3622,"y":2307,"data":{"alt":52,"type":1,"area":414}},{"x":3623,"y":2307,"data":{"alt":52,"type":1,"area":414}},{"x":3624,"y":2307,"data":{"alt":52,"type":1,"area":414}},{"x":3625,"y":2307,"data":{"alt":52,"type":1,"area":414}},{"x":3626,"y":2307,"data":{"alt":52,"type":1,"area":414}},{"x":3627,"y":2307,"data":{"alt":52,"type":2,"area":414}},{"x":3628,"y":2307,"data":{"alt":52,"type":2,"area":414}},{"x":3629,"y":2307,"data":{"alt":52,"type":2,"area":414}},{"x":3630,"y":2307,"data":{"alt":52,"type":2,"area":414}},{"x":3631,"y":2307,"data":{"alt":52,"type":2,"area":414}},{"x":3632,"y":2307,"data":{"alt":52,"type":2,"area":414}},{"x":3633,"y":2307,"data":{"alt":52,"type":2,"area":414}},{"x":3634,"y":2307,"data":{"alt":52,"type":2,"area":414}},{"x":3627,"y":2308,"data":{"alt":52,"type":1,"area":414}},{"x":3628,"y":2308,"data":{"alt":52,"type":1,"area":414}},{"x":3629,"y":2308,"data":{"alt":52,"type":2,"area":414}},{"x":3630,"y":2308,"data":{"alt":52,"type":2,"area":414}},{"x":3631,"y":2308,"data":{"alt":52,"type":2,"area":414}},{"x":3632,"y":2308,"data":{"alt":52,"type":1,"area":414}},{"x":3633,"y":2308,"data":{"alt":52,"type":1,"area":414}},{"x":3634,"y":2308,"data":{"alt":52,"type":1,"area":414}},{"x":3635,"y":2308,"data":{"alt":52,"type":1,"area":414}},{"x":3636,"y":2308,"data":{"alt":52,"type":1,"area":414}},{"x":3629,"y":2309,"data":{"alt":52,"type":1,"area":414}},{"x":3630,"y":2309,"data":{"alt":52,"type":2,"area":414}},{"x":3631,"y":2309,"data":{"alt":52,"type":1,"area":414}},{"x":3632,"y":2309,"data":{"alt":52,"type":2,"area":414}},{"x":3633,"y":2309,"data":{"alt":52,"type":2,"area":414}},{"x":3634,"y":2309,"data":{"alt":52,"type":2,"area":414}},{"x":3635,"y":2309,"data":{"alt":52,"type":2,"area":414}},{"x":3628,"y":2310,"data":{"alt":52,"type":2,"area":414}},{"x":3629,"y":2310,"data":{"alt":52,"type":2,"area":414}},{"x":3630,"y":2310,"data":{"alt":52,"type":1,"area":414}},{"x":3631,"y":2310,"data":{"alt":52,"type":1,"area":414}},{"x":3632,"y":2310,"data":{"alt":52,"type":2,"area":414}},{"x":3633,"y":2310,"data":{"alt":52,"type":2,"area":414}},{"x":3634,"y":2310,"data":{"alt":52,"type":2,"area":414}},{"x":3630,"y":2311,"data":{"alt":52,"type":2,"area":414}},{"x":3631,"y":2311,"data":{"alt":52,"type":1,"area":414}},{"x":3632,"y":2311,"data":{"alt":52,"type":2,"area":414}},{"x":3633,"y":2311,"data":{"alt":52,"type":2,"area":414}},{"x":3634,"y":2311,"data":{"alt":52,"type":2,"area":414}},{"x":3628,"y":2312,"data":{"alt":52,"type":2,"area":414}},{"x":3629,"y":2312,"data":{"alt":52,"type":2,"area":414}},{"x":3630,"y":2312,"data":{"alt":52,"type":2,"area":414}},{"x":3631,"y":2312,"data":{"alt":52,"type":2,"area":414}},{"x":3632,"y":2312,"data":{"alt":52,"type":1,"area":414}},{"x":3633,"y":2312,"data":{"alt":52,"type":2,"area":414}},{"x":3634,"y":2312,"data":{"alt":52,"type":2,"area":414}},{"x":3631,"y":2313,"data":{"alt":52,"type":2,"area":414}},{"x":3632,"y":2313,"data":{"alt":52,"type":2,"area":414}},{"x":3633,"y":2313,"data":{"alt":52,"type":2,"area":414}},{"x":3634,"y":2313,"data":{"alt":52,"type":2,"area":414}},{"x":3632,"y":2314,"data":{"alt":52,"type":2,"area":414}},{"x":3633,"y":2314,"data":{"alt":52,"type":2,"area":414}},{"x":3634,"y":2314,"data":{"alt":52,"type":2,"area":414}},{"x":3632,"y":2315,"data":{"alt":52,"type":2,"area":414}},{"x":3633,"y":2315,"data":{"alt":52,"type":2,"area":414}},{"x":3634,"y":2315,"data":{"alt":52,"type":2,"area":414}},{"x":3632,"y":2316,"data":{"alt":52,"type":2,"area":414}},{"x":3631,"y":2317,"data":{"alt":52,"type":2,"area":414}},{"x":3632,"y":2317,"data":{"alt":52,"type":2,"area":414}}]