[{"x":689,"y":3807,"data":{"alt":3,"fertility":60,"region":2137,"area":415}},{"x":690,"y":3808,"data":{"alt":3,"fertility":60,"region":2137,"area":415}},{"x":692,"y":3808,"data":{"alt":3,"fertility":60,"region":2137,"area":415}},{"x":690,"y":3809,"data":{"alt":3,"fertility":60,"region":2137,"area":415}},{"x":691,"y":3809,"data":{"alt":4,"fertility":60,"region":2137,"area":415}},{"x":692,"y":3809,"data":{"alt":3,"fertility":60,"region":2137,"area":415}},{"x":690,"y":3810,"data":{"alt":4,"fertility":60,"region":2137,"area":415}},{"x":691,"y":3810,"data":{"alt":4,"fertility":60,"region":2137,"area":415}},{"x":692,"y":3810,"data":{"alt":4,"fertility":60,"region":2137,"area":415}},{"x":690,"y":3811,"data":{"alt":4,"fertility":60,"region":2137,"area":415}},{"x":691,"y":3811,"data":{"alt":4,"fertility":60,"region":2137,"area":415}},{"x":692,"y":3811,"data":{"alt":4,"fertility":60,"region":2137,"area":415}},{"x":691,"y":3812,"data":{"alt":4,"fertility":60,"region":2137,"area":415}}]