[{"x":3636,"y":723,"data":{"alt":509,"type":1,"area":418}},{"x":3636,"y":724,"data":{"alt":509,"type":1,"area":418}},{"x":3636,"y":725,"data":{"alt":509,"type":1,"area":418}},{"x":3637,"y":725,"data":{"alt":509,"type":1,"area":418}},{"x":3637,"y":726,"data":{"alt":509,"type":1,"area":418}},{"x":3638,"y":726,"data":{"alt":509,"type":1,"area":418}},{"x":3637,"y":727,"data":{"alt":509,"type":1,"area":418}},{"x":3634,"y":728,"data":{"alt":510,"type":1,"area":418}},{"x":3635,"y":728,"data":{"alt":509,"type":1,"area":418}},{"x":3636,"y":728,"data":{"alt":509,"type":1,"area":418}},{"x":3637,"y":728,"data":{"alt":509,"type":1,"area":418}},{"x":3637,"y":729,"data":{"alt":509,"type":1,"area":418}},{"x":3638,"y":729,"data":{"alt":509,"type":1,"area":418}},{"x":3638,"y":730,"data":{"alt":509,"type":1,"area":418}},{"x":3638,"y":731,"data":{"alt":509,"type":1,"area":418}}]