[{"x":438,"y":202,"data":{"alt":155,"type":1,"area":42}},{"x":439,"y":202,"data":{"alt":155,"type":1,"area":42}},{"x":437,"y":203,"data":{"alt":155,"type":1,"area":42}},{"x":438,"y":203,"data":{"alt":155,"type":2,"area":42}},{"x":439,"y":203,"data":{"alt":155,"type":2,"area":42}},{"x":440,"y":203,"data":{"alt":155,"type":1,"area":42}},{"x":439,"y":204,"data":{"alt":155,"type":2,"area":42}},{"x":440,"y":204,"data":{"alt":155,"type":1,"area":42}},{"x":438,"y":205,"data":{"alt":155,"type":2,"area":42}},{"x":439,"y":205,"data":{"alt":155,"type":2,"area":42}},{"x":438,"y":206,"data":{"alt":155,"type":2,"area":42}},{"x":438,"y":207,"data":{"alt":155,"type":2,"area":42}}]