[{"x":3653,"y":3281,"data":{"alt":5,"type":1,"area":420}},{"x":3654,"y":3281,"data":{"alt":5,"type":1,"area":420}},{"x":3655,"y":3281,"data":{"alt":5,"type":1,"area":420}},{"x":3656,"y":3281,"data":{"alt":5,"type":1,"area":420}},{"x":3657,"y":3281,"data":{"alt":5,"type":1,"area":420}},{"x":3658,"y":3281,"data":{"alt":5,"type":1,"area":420}},{"x":3659,"y":3281,"data":{"alt":5,"type":1,"area":420}},{"x":3660,"y":3281,"data":{"alt":5,"type":1,"area":420}},{"x":3661,"y":3281,"data":{"alt":5,"type":1,"area":420}},{"x":3662,"y":3281,"data":{"alt":5,"type":1,"area":420}},{"x":3663,"y":3281,"data":{"alt":5,"type":1,"area":420}},{"x":3664,"y":3281,"data":{"alt":5,"type":1,"area":420}},{"x":3665,"y":3281,"data":{"alt":5,"type":1,"area":420}}]