[{"x":698,"y":2595,"data":{"alt":1,"fertility":60,"region":2135,"area":423}},{"x":701,"y":2595,"data":{"alt":1,"fertility":60,"region":2135,"area":423}},{"x":702,"y":2595,"data":{"alt":1,"fertility":60,"region":2135,"area":423}},{"x":698,"y":2596,"data":{"alt":1,"fertility":60,"region":2135,"area":423}},{"x":699,"y":2596,"data":{"alt":1,"fertility":60,"region":2135,"area":423}},{"x":700,"y":2596,"data":{"alt":1,"fertility":60,"region":2135,"area":423}},{"x":701,"y":2596,"data":{"alt":1,"fertility":60,"region":2135,"area":423}},{"x":702,"y":2596,"data":{"alt":1,"fertility":60,"region":2135,"area":423}},{"x":703,"y":2596,"data":{"alt":1,"fertility":60,"region":2135,"area":423}},{"x":698,"y":2597,"data":{"alt":1,"fertility":60,"region":2135,"area":423}},{"x":699,"y":2597,"data":{"alt":1,"fertility":60,"region":2135,"area":423}},{"x":700,"y":2597,"data":{"alt":1,"fertility":60,"region":2135,"area":423}},{"x":701,"y":2597,"data":{"alt":1,"fertility":60,"region":2135,"area":423}},{"x":702,"y":2597,"data":{"alt":1,"fertility":60,"region":2135,"area":423}},{"x":699,"y":2598,"data":{"alt":1,"fertility":60,"region":2135,"area":423}},{"x":700,"y":2598,"data":{"alt":1,"fertility":60,"region":2135,"area":423}},{"x":701,"y":2598,"data":{"alt":1,"fertility":60,"region":2135,"area":423}},{"x":702,"y":2598,"data":{"alt":1,"fertility":60,"region":2135,"area":423}},{"x":703,"y":2598,"data":{"alt":1,"fertility":60,"region":2135,"area":423}},{"x":698,"y":2599,"data":{"alt":1,"fertility":60,"region":2135,"area":423}},{"x":699,"y":2599,"data":{"alt":1,"fertility":60,"region":2135,"area":423}},{"x":700,"y":2599,"data":{"alt":1,"fertility":60,"region":2135,"area":423}},{"x":701,"y":2599,"data":{"alt":1,"fertility":60,"region":2135,"area":423}},{"x":702,"y":2599,"data":{"alt":1,"fertility":60,"region":2135,"area":423}},{"x":697,"y":2600,"data":{"alt":1,"fertility":60,"region":2135,"area":423}},{"x":698,"y":2600,"data":{"alt":1,"fertility":60,"region":2135,"area":423}},{"x":699,"y":2600,"data":{"alt":1,"fertility":60,"region":2135,"area":423}},{"x":700,"y":2600,"data":{"alt":1,"fertility":100,"region":2135,"area":423}},{"x":701,"y":2600,"data":{"alt":1,"fertility":60,"region":2135,"area":423}},{"x":702,"y":2600,"data":{"alt":1,"fertility":60,"region":2135,"area":423}},{"x":698,"y":2601,"data":{"alt":1,"fertility":60,"region":2135,"area":423}},{"x":699,"y":2601,"data":{"alt":1,"fertility":60,"region":2135,"area":423}},{"x":700,"y":2601,"data":{"alt":1,"fertility":60,"region":2135,"area":423}},{"x":701,"y":2601,"data":{"alt":1,"fertility":60,"region":2135,"area":423}},{"x":702,"y":2601,"data":{"alt":1,"fertility":60,"region":2135,"area":423}},{"x":701,"y":2602,"data":{"alt":1,"fertility":60,"region":2135,"area":423}},{"x":702,"y":2602,"data":{"alt":1,"fertility":60,"region":2135,"area":423}},{"x":702,"y":2603,"data":{"alt":1,"fertility":60,"region":2135,"area":423}},{"x":701,"y":2604,"data":{"alt":1,"fertility":60,"region":2135,"area":423}},{"x":702,"y":2604,"data":{"alt":1,"fertility":60,"region":2135,"area":423}},{"x":702,"y":2605,"data":{"alt":1,"fertility":60,"region":2135,"area":423}},{"x":703,"y":2605,"data":{"alt":1,"fertility":60,"region":2135,"area":423}},{"x":701,"y":2606,"data":{"alt":1,"fertility":60,"region":2135,"area":423}},{"x":702,"y":2606,"data":{"alt":1,"fertility":60,"forest":20,"region":2135,"area":423}}]