[{"x":3674,"y":1348,"data":{"alt":55,"type":1,"area":424}},{"x":3674,"y":1349,"data":{"alt":55,"type":1,"area":424}},{"x":3672,"y":1350,"data":{"alt":55,"type":1,"area":424}},{"x":3673,"y":1350,"data":{"alt":55,"type":1,"area":424}},{"x":3674,"y":1350,"data":{"alt":55,"type":1,"area":424}},{"x":3673,"y":1351,"data":{"alt":55,"type":1,"area":424}},{"x":3674,"y":1351,"data":{"alt":55,"type":1,"area":424}},{"x":3673,"y":1352,"data":{"alt":55,"type":1,"area":424}},{"x":3673,"y":1353,"data":{"alt":55,"type":1,"area":424}},{"x":3673,"y":1354,"data":{"alt":55,"type":1,"area":424}},{"x":3673,"y":1355,"data":{"alt":55,"type":1,"area":424}},{"x":3673,"y":1356,"data":{"alt":55,"type":1,"area":424}},{"x":3673,"y":1357,"data":{"alt":55,"type":1,"area":424}},{"x":3673,"y":1358,"data":{"alt":55,"type":1,"area":424}},{"x":3673,"y":1359,"data":{"alt":55,"type":1,"area":424}}]