[{"x":3693,"y":1249,"data":{"alt":106,"type":2,"area":426}},{"x":3695,"y":1249,"data":{"alt":106,"type":1,"area":426}},{"x":3691,"y":1250,"data":{"alt":106,"type":2,"area":426}},{"x":3692,"y":1250,"data":{"alt":106,"type":2,"area":426}},{"x":3693,"y":1250,"data":{"alt":106,"type":2,"area":426}},{"x":3694,"y":1250,"data":{"alt":106,"type":1,"area":426}},{"x":3695,"y":1250,"data":{"alt":106,"type":2,"area":426}},{"x":3690,"y":1251,"data":{"alt":106,"type":1,"area":426}},{"x":3691,"y":1251,"data":{"alt":106,"type":1,"area":426}},{"x":3692,"y":1251,"data":{"alt":106,"type":2,"area":426}},{"x":3693,"y":1251,"data":{"alt":106,"type":1,"area":426}},{"x":3692,"y":1252,"data":{"alt":106,"type":1,"area":426}},{"x":3693,"y":1252,"data":{"alt":106,"type":1,"area":426}},{"x":3693,"y":1253,"data":{"alt":106,"type":1,"area":426}},{"x":3694,"y":1253,"data":{"alt":106,"type":2,"area":426}},{"x":3694,"y":1254,"data":{"alt":106,"type":1,"area":426}},{"x":3694,"y":1255,"data":{"alt":106,"type":1,"area":426}}]