[{"x":700,"y":3648,"data":{"alt":3,"fertility":60,"region":2155,"area":427}},{"x":701,"y":3648,"data":{"alt":3,"fertility":60,"region":2155,"area":427}},{"x":702,"y":3648,"data":{"alt":2,"fertility":60,"region":2155,"area":427}},{"x":703,"y":3648,"data":{"alt":2,"fertility":60,"region":2155,"area":427}},{"x":700,"y":3649,"data":{"alt":3,"fertility":60,"region":2155,"area":427}},{"x":701,"y":3649,"data":{"alt":3,"fertility":60,"region":2155,"area":427}},{"x":702,"y":3649,"data":{"alt":2,"fertility":60,"region":2155,"area":427}},{"x":703,"y":3649,"data":{"alt":2,"fertility":60,"region":2155,"area":427}},{"x":701,"y":3650,"data":{"alt":2,"fertility":60,"region":2155,"area":427}},{"x":702,"y":3650,"data":{"alt":2,"fertility":60,"forest":40,"region":2155,"area":427}},{"x":703,"y":3650,"data":{"alt":2,"fertility":60,"region":2155,"area":427}},{"x":702,"y":3651,"data":{"alt":2,"fertility":60,"region":2155,"area":427}},{"x":703,"y":3651,"data":{"alt":2,"fertility":60,"region":2155,"area":427}},{"x":701,"y":3652,"data":{"alt":3,"fertility":60,"region":2155,"area":427}},{"x":702,"y":3652,"data":{"alt":2,"fertility":60,"region":2155,"area":427}},{"x":703,"y":3652,"data":{"alt":2,"fertility":60,"region":2155,"area":427}},{"x":702,"y":3653,"data":{"alt":2,"fertility":60,"region":2155,"area":427}},{"x":703,"y":3653,"data":{"alt":2,"fertility":60,"region":2155,"area":427}},{"x":703,"y":3654,"data":{"alt":2,"fertility":60,"region":2155,"area":427}},{"x":703,"y":3655,"data":{"alt":2,"fertility":60,"region":2155,"area":427}},{"x":703,"y":3656,"data":{"alt":3,"fertility":60,"region":2155,"area":427}},{"x":701,"y":3644,"data":{"alt":1,"fertility":60,"region":2155,"area":427}},{"x":702,"y":3644,"data":{"alt":1,"fertility":60,"region":2155,"area":427}},{"x":701,"y":3645,"data":{"alt":2,"fertility":60,"region":2155,"area":427}},{"x":702,"y":3645,"data":{"alt":1,"fertility":60,"region":2155,"area":427}},{"x":703,"y":3645,"data":{"alt":1,"fertility":60,"region":2155,"area":427}},{"x":700,"y":3646,"data":{"alt":2,"fertility":60,"region":2155,"area":427}},{"x":701,"y":3646,"data":{"alt":2,"fertility":60,"forest":40,"region":2155,"area":427}},{"x":702,"y":3646,"data":{"alt":2,"fertility":60,"region":2155,"area":427}},{"x":703,"y":3646,"data":{"alt":1,"fertility":60,"region":2155,"area":427}},{"x":700,"y":3647,"data":{"alt":3,"fertility":60,"forest":40,"region":2155,"area":427}},{"x":701,"y":3647,"data":{"alt":2,"fertility":60,"region":2155,"area":427}},{"x":702,"y":3647,"data":{"alt":2,"fertility":60,"region":2155,"area":427}},{"x":703,"y":3647,"data":{"alt":1,"fertility":60,"region":2155,"area":427}},{"x":704,"y":3648,"data":{"alt":1,"fertility":60,"region":2155,"area":427}},{"x":704,"y":3649,"data":{"alt":2,"fertility":60,"region":2155,"area":427}},{"x":704,"y":3650,"data":{"alt":2,"fertility":60,"region":2155,"area":427}},{"x":704,"y":3651,"data":{"alt":2,"fertility":60,"region":2155,"area":427}},{"x":705,"y":3651,"data":{"alt":1,"fertility":60,"region":2155,"area":427}},{"x":704,"y":3652,"data":{"alt":2,"fertility":60,"region":2155,"area":427}},{"x":705,"y":3652,"data":{"alt":2,"fertility":60,"region":2155,"area":427}},{"x":704,"y":3653,"data":{"alt":2,"fertility":60,"forest":40,"region":2155,"area":427}},{"x":705,"y":3653,"data":{"alt":2,"fertility":60,"region":2155,"area":427}},{"x":704,"y":3654,"data":{"alt":2,"fertility":60,"region":2155,"area":427}},{"x":705,"y":3654,"data":{"alt":2,"fertility":60,"region":2155,"area":427}},{"x":704,"y":3655,"data":{"alt":2,"fertility":60,"region":2155,"area":427}},{"x":704,"y":3656,"data":{"alt":2,"fertility":60,"forest":80,"region":2155,"area":427}},{"x":705,"y":3656,"data":{"alt":2,"fertility":60,"region":2155,"area":427}},{"x":704,"y":3657,"data":{"alt":3,"fertility":60,"region":2155,"area":427}},{"x":704,"y":3645,"data":{"alt":1,"fertility":60,"region":2155,"area":427}},{"x":704,"y":3646,"data":{"alt":1,"fertility":60,"region":2155,"area":427}},{"x":704,"y":3647,"data":{"alt":1,"fertility":60,"region":2155,"area":427}}]