[{"x":3694,"y":308,"data":{"alt":1,"type":2,"area":428}},{"x":3694,"y":309,"data":{"alt":1,"type":2,"area":428}},{"x":3695,"y":309,"data":{"alt":1,"type":2,"area":428}},{"x":3696,"y":309,"data":{"alt":1,"type":2,"area":428}},{"x":3694,"y":310,"data":{"alt":1,"type":2,"area":428}},{"x":3695,"y":310,"data":{"alt":1,"type":2,"area":428}},{"x":3696,"y":310,"data":{"alt":1,"type":2,"area":428}},{"x":3692,"y":311,"data":{"alt":1,"type":2,"area":428}},{"x":3693,"y":311,"data":{"alt":1,"type":2,"area":428}},{"x":3694,"y":311,"data":{"alt":1,"type":2,"area":428}},{"x":3695,"y":311,"data":{"alt":1,"type":2,"area":428}},{"x":3696,"y":311,"data":{"alt":1,"type":2,"area":428}},{"x":3697,"y":311,"data":{"alt":1,"type":2,"area":428}},{"x":3692,"y":312,"data":{"alt":1,"type":2,"area":428}},{"x":3693,"y":312,"data":{"alt":1,"type":2,"area":428}},{"x":3694,"y":312,"data":{"alt":1,"type":2,"area":428}},{"x":3695,"y":312,"data":{"alt":1,"type":2,"area":428}},{"x":3696,"y":312,"data":{"alt":1,"type":2,"area":428}},{"x":3697,"y":312,"data":{"alt":1,"type":2,"area":428}},{"x":3698,"y":312,"data":{"alt":1,"type":2,"area":428}},{"x":3694,"y":313,"data":{"alt":1,"type":2,"area":428}},{"x":3695,"y":313,"data":{"alt":1,"type":2,"area":428}},{"x":3696,"y":313,"data":{"alt":1,"type":2,"area":428}},{"x":3697,"y":313,"data":{"alt":1,"type":2,"area":428}},{"x":3694,"y":314,"data":{"alt":1,"type":2,"area":428}},{"x":3695,"y":314,"data":{"alt":1,"type":2,"area":428}},{"x":3693,"y":315,"data":{"alt":1,"type":2,"area":428}},{"x":3694,"y":315,"data":{"alt":1,"type":2,"area":428}}]