[{"x":702,"y":2426,"data":{"alt":5,"fertility":60,"region":2143,"area":429}},{"x":703,"y":2426,"data":{"alt":6,"fertility":60,"region":2143,"area":429}},{"x":702,"y":2427,"data":{"alt":5,"fertility":60,"forest":80,"region":2143,"area":429}},{"x":703,"y":2427,"data":{"alt":5,"fertility":60,"forest":40,"region":2143,"area":429}},{"x":701,"y":2428,"data":{"alt":5,"fertility":60,"region":2143,"area":429}},{"x":702,"y":2428,"data":{"alt":5,"fertility":60,"region":2143,"area":429}},{"x":703,"y":2428,"data":{"alt":7,"fertility":40,"region":2143,"area":429}},{"x":701,"y":2429,"data":{"alt":5,"fertility":60,"region":2143,"area":429}},{"x":702,"y":2429,"data":{"alt":5,"fertility":60,"region":2143,"area":429}},{"x":703,"y":2429,"data":{"alt":6,"fertility":60,"forest":40,"region":2143,"area":429}},{"x":702,"y":2430,"data":{"alt":6,"fertility":60,"region":2143,"area":429}},{"x":703,"y":2430,"data":{"alt":5,"fertility":60,"forest":40,"region":2143,"area":429}},{"x":703,"y":2431,"data":{"alt":4,"fertility":60,"region":2143,"area":429}},{"x":704,"y":2426,"data":{"alt":5,"fertility":60,"region":2143,"area":429}},{"x":704,"y":2427,"data":{"alt":6,"fertility":60,"region":2143,"area":429}},{"x":706,"y":2427,"data":{"alt":6,"fertility":60,"region":2143,"area":429}},{"x":704,"y":2428,"data":{"alt":6,"fertility":60,"region":2143,"area":429}},{"x":705,"y":2428,"data":{"alt":6,"fertility":60,"region":2143,"area":429}},{"x":706,"y":2428,"data":{"alt":8,"fertility":40,"region":2143,"area":429}},{"x":707,"y":2428,"data":{"alt":6,"fertility":60,"region":2143,"area":429}},{"x":708,"y":2428,"data":{"alt":6,"fertility":60,"forest":20,"region":2143,"area":429}},{"x":704,"y":2429,"data":{"alt":5,"fertility":60,"region":2143,"area":429}},{"x":705,"y":2429,"data":{"alt":5,"fertility":60,"forest":40,"region":2143,"area":429}},{"x":706,"y":2429,"data":{"alt":6,"fertility":60,"forest":40,"region":2143,"area":429}},{"x":707,"y":2429,"data":{"alt":5,"fertility":60,"region":2143,"area":429}},{"x":704,"y":2430,"data":{"alt":5,"fertility":60,"forest":40,"region":2143,"area":429}},{"x":704,"y":2431,"data":{"alt":5,"fertility":60,"forest":40,"region":2143,"area":429}}]