[{"x":3703,"y":2173,"data":{"alt":51,"type":1,"area":430}},{"x":3704,"y":2173,"data":{"alt":51,"type":1,"area":430}},{"x":3705,"y":2173,"data":{"alt":51,"type":1,"area":430}},{"x":3706,"y":2173,"data":{"alt":51,"type":1,"area":430}},{"x":3707,"y":2173,"data":{"alt":51,"type":1,"area":430}},{"x":3708,"y":2173,"data":{"alt":51,"type":1,"area":430}},{"x":3709,"y":2173,"data":{"alt":51,"type":1,"area":430}},{"x":3710,"y":2173,"data":{"alt":51,"type":1,"area":430}},{"x":3711,"y":2173,"data":{"alt":51,"type":1,"area":430}},{"x":3715,"y":2169,"data":{"alt":51,"type":2,"area":430}},{"x":3714,"y":2170,"data":{"alt":51,"type":2,"area":430}},{"x":3715,"y":2170,"data":{"alt":51,"type":2,"area":430}},{"x":3712,"y":2171,"data":{"alt":51,"type":2,"area":430}},{"x":3713,"y":2171,"data":{"alt":51,"type":2,"area":430}},{"x":3714,"y":2171,"data":{"alt":51,"type":2,"area":430}},{"x":3712,"y":2172,"data":{"alt":51,"type":2,"area":430}},{"x":3713,"y":2172,"data":{"alt":51,"type":2,"area":430}},{"x":3714,"y":2172,"data":{"alt":51,"type":2,"area":430}},{"x":3712,"y":2173,"data":{"alt":51,"type":1,"area":430}},{"x":3713,"y":2173,"data":{"alt":51,"type":1,"area":430}},{"x":3714,"y":2173,"data":{"alt":51,"type":1,"area":430}},{"x":3715,"y":2173,"data":{"alt":51,"type":1,"area":430}},{"x":3716,"y":2173,"data":{"alt":51,"type":1,"area":430}},{"x":3717,"y":2173,"data":{"alt":51,"type":1,"area":430}},{"x":3718,"y":2173,"data":{"alt":51,"type":1,"area":430}},{"x":3719,"y":2173,"data":{"alt":51,"type":1,"area":430}},{"x":3720,"y":2173,"data":{"alt":51,"type":1,"area":430}},{"x":3721,"y":2173,"data":{"alt":51,"type":1,"area":430}}]