[{"x":702,"y":86,"data":{"alt":4,"fertility":100,"region":2121,"area":431}},{"x":702,"y":87,"data":{"alt":4,"fertility":100,"region":2121,"area":431}},{"x":703,"y":87,"data":{"alt":4,"fertility":100,"region":2121,"area":431}},{"x":703,"y":88,"data":{"alt":4,"fertility":100,"region":2121,"area":431}},{"x":703,"y":89,"data":{"alt":4,"fertility":100,"region":2121,"area":431}},{"x":702,"y":90,"data":{"alt":4,"fertility":100,"forest":20,"region":2121,"area":431}},{"x":703,"y":90,"data":{"alt":4,"fertility":100,"region":2121,"area":431}},{"x":703,"y":91,"data":{"alt":4,"fertility":100,"region":2121,"area":431}},{"x":704,"y":88,"data":{"alt":4,"fertility":100,"region":2121,"area":431}},{"x":704,"y":89,"data":{"alt":4,"fertility":100,"region":2121,"area":431}},{"x":704,"y":90,"data":{"alt":4,"fertility":100,"region":2121,"area":431}},{"x":705,"y":90,"data":{"alt":4,"fertility":100,"forest":20,"region":2121,"area":431}},{"x":704,"y":91,"data":{"alt":4,"fertility":100,"region":2121,"area":431}}]