[{"x":3706,"y":2192,"data":{"alt":51,"type":2,"area":432}},{"x":3707,"y":2192,"data":{"alt":51,"type":2,"area":432}},{"x":3707,"y":2193,"data":{"alt":51,"type":2,"area":432}},{"x":3710,"y":2193,"data":{"alt":51,"type":1,"area":432}},{"x":3704,"y":2194,"data":{"alt":51,"type":2,"area":432}},{"x":3705,"y":2194,"data":{"alt":51,"type":2,"area":432}},{"x":3706,"y":2194,"data":{"alt":51,"type":2,"area":432}},{"x":3707,"y":2194,"data":{"alt":51,"type":2,"area":432}},{"x":3708,"y":2194,"data":{"alt":51,"type":2,"area":432}},{"x":3709,"y":2194,"data":{"alt":51,"type":2,"area":432}},{"x":3710,"y":2194,"data":{"alt":51,"type":1,"area":432}},{"x":3711,"y":2194,"data":{"alt":51,"type":2,"area":432}},{"x":3708,"y":2195,"data":{"alt":51,"type":2,"area":432}},{"x":3709,"y":2195,"data":{"alt":51,"type":2,"area":432}},{"x":3710,"y":2195,"data":{"alt":51,"type":2,"area":432}},{"x":3711,"y":2195,"data":{"alt":51,"type":1,"area":432}},{"x":3708,"y":2196,"data":{"alt":51,"type":2,"area":432}},{"x":3709,"y":2196,"data":{"alt":51,"type":2,"area":432}},{"x":3710,"y":2196,"data":{"alt":51,"type":2,"area":432}},{"x":3711,"y":2196,"data":{"alt":51,"type":2,"area":432}},{"x":3708,"y":2197,"data":{"alt":51,"type":2,"area":432}},{"x":3709,"y":2197,"data":{"alt":51,"type":2,"area":432}},{"x":3710,"y":2197,"data":{"alt":51,"type":2,"area":432}},{"x":3711,"y":2197,"data":{"alt":51,"type":2,"area":432}},{"x":3708,"y":2198,"data":{"alt":51,"type":2,"area":432}},{"x":3709,"y":2198,"data":{"alt":51,"type":2,"area":432}},{"x":3710,"y":2198,"data":{"alt":51,"type":2,"area":432}},{"x":3711,"y":2198,"data":{"alt":51,"type":2,"area":432}},{"x":3708,"y":2199,"data":{"alt":51,"type":2,"area":432}},{"x":3709,"y":2199,"data":{"alt":51,"type":2,"area":432}},{"x":3710,"y":2199,"data":{"alt":51,"type":2,"area":432}},{"x":3711,"y":2199,"data":{"alt":51,"type":2,"area":432}},{"x":3708,"y":2200,"data":{"alt":51,"type":2,"area":432}},{"x":3709,"y":2200,"data":{"alt":51,"type":2,"area":432}},{"x":3710,"y":2200,"data":{"alt":51,"type":2,"area":432}},{"x":3711,"y":2200,"data":{"alt":51,"type":2,"area":432}},{"x":3708,"y":2201,"data":{"alt":51,"type":2,"area":432}},{"x":3709,"y":2201,"data":{"alt":51,"type":2,"area":432}},{"x":3710,"y":2201,"data":{"alt":51,"type":2,"area":432}},{"x":3711,"y":2201,"data":{"alt":51,"type":2,"area":432}},{"x":3708,"y":2202,"data":{"alt":51,"type":2,"area":432}},{"x":3710,"y":2202,"data":{"alt":51,"type":2,"area":432}},{"x":3711,"y":2202,"data":{"alt":51,"type":1,"area":432}},{"x":3710,"y":2203,"data":{"alt":51,"type":1,"area":432}},{"x":3711,"y":2203,"data":{"alt":51,"type":2,"area":432}},{"x":3710,"y":2204,"data":{"alt":51,"type":1,"area":432}},{"x":3711,"y":2204,"data":{"alt":51,"type":2,"area":432}},{"x":3710,"y":2205,"data":{"alt":51,"type":1,"area":432}},{"x":3710,"y":2206,"data":{"alt":51,"type":1,"area":432}},{"x":3711,"y":2206,"data":{"alt":51,"type":1,"area":432}},{"x":3718,"y":2180,"data":{"alt":51,"type":2,"area":432}},{"x":3718,"y":2181,"data":{"alt":51,"type":2,"area":432}},{"x":3719,"y":2181,"data":{"alt":51,"type":2,"area":432}},{"x":3718,"y":2182,"data":{"alt":51,"type":2,"area":432}},{"x":3719,"y":2182,"data":{"alt":51,"type":2,"area":432}},{"x":3721,"y":2182,"data":{"alt":51,"type":2,"area":432}},{"x":3718,"y":2183,"data":{"alt":51,"type":2,"area":432}},{"x":3719,"y":2183,"data":{"alt":51,"type":2,"area":432}},{"x":3720,"y":2183,"data":{"alt":51,"type":2,"area":432}},{"x":3721,"y":2183,"data":{"alt":51,"type":2,"area":432}},{"x":3731,"y":2183,"data":{"alt":51,"type":2,"area":432}},{"x":3718,"y":2184,"data":{"alt":51,"type":2,"area":432}},{"x":3719,"y":2184,"data":{"alt":51,"type":2,"area":432}},{"x":3720,"y":2184,"data":{"alt":51,"type":2,"area":432}},{"x":3721,"y":2184,"data":{"alt":51,"type":2,"area":432}},{"x":3722,"y":2184,"data":{"alt":51,"type":2,"area":432}},{"x":3731,"y":2184,"data":{"alt":51,"type":2,"area":432}},{"x":3718,"y":2185,"data":{"alt":51,"type":2,"area":432}},{"x":3719,"y":2185,"data":{"alt":51,"type":2,"area":432}},{"x":3720,"y":2185,"data":{"alt":51,"type":2,"area":432}},{"x":3721,"y":2185,"data":{"alt":51,"type":2,"area":432}},{"x":3722,"y":2185,"data":{"alt":51,"type":2,"area":432}},{"x":3731,"y":2185,"data":{"alt":51,"type":2,"area":432}},{"x":3714,"y":2186,"data":{"alt":51,"type":2,"area":432}},{"x":3715,"y":2186,"data":{"alt":51,"type":2,"area":432}},{"x":3716,"y":2186,"data":{"alt":51,"type":2,"area":432}},{"x":3719,"y":2186,"data":{"alt":51,"type":2,"area":432}},{"x":3720,"y":2186,"data":{"alt":51,"type":2,"area":432}},{"x":3721,"y":2186,"data":{"alt":51,"type":2,"area":432}},{"x":3722,"y":2186,"data":{"alt":51,"type":2,"area":432}},{"x":3728,"y":2186,"data":{"alt":51,"type":2,"area":432}},{"x":3729,"y":2186,"data":{"alt":51,"type":2,"area":432}},{"x":3730,"y":2186,"data":{"alt":51,"type":2,"area":432}},{"x":3731,"y":2186,"data":{"alt":51,"type":2,"area":432}},{"x":3716,"y":2187,"data":{"alt":51,"type":2,"area":432}},{"x":3717,"y":2187,"data":{"alt":51,"type":2,"area":432}},{"x":3718,"y":2187,"data":{"alt":51,"type":2,"area":432}},{"x":3719,"y":2187,"data":{"alt":51,"type":2,"area":432}},{"x":3720,"y":2187,"data":{"alt":51,"type":2,"area":432}},{"x":3721,"y":2187,"data":{"alt":51,"type":2,"area":432}},{"x":3722,"y":2187,"data":{"alt":51,"type":2,"area":432}},{"x":3723,"y":2187,"data":{"alt":51,"type":2,"area":432}},{"x":3727,"y":2187,"data":{"alt":51,"type":2,"area":432}},{"x":3728,"y":2187,"data":{"alt":51,"type":2,"area":432}},{"x":3716,"y":2188,"data":{"alt":51,"type":2,"area":432}},{"x":3717,"y":2188,"data":{"alt":51,"type":2,"area":432}},{"x":3718,"y":2188,"data":{"alt":51,"type":2,"area":432}},{"x":3719,"y":2188,"data":{"alt":51,"type":2,"area":432}},{"x":3720,"y":2188,"data":{"alt":51,"type":2,"area":432}},{"x":3721,"y":2188,"data":{"alt":51,"type":2,"area":432}},{"x":3722,"y":2188,"data":{"alt":51,"type":2,"area":432}},{"x":3723,"y":2188,"data":{"alt":51,"type":2,"area":432}},{"x":3724,"y":2188,"data":{"alt":51,"type":2,"area":432}},{"x":3725,"y":2188,"data":{"alt":51,"type":2,"area":432}},{"x":3727,"y":2188,"data":{"alt":51,"type":2,"area":432}},{"x":3728,"y":2188,"data":{"alt":51,"type":2,"area":432}},{"x":3729,"y":2188,"data":{"alt":51,"type":2,"area":432}},{"x":3716,"y":2189,"data":{"alt":51,"type":2,"area":432}},{"x":3717,"y":2189,"data":{"alt":51,"type":2,"area":432}},{"x":3718,"y":2189,"data":{"alt":51,"type":2,"area":432}},{"x":3719,"y":2189,"data":{"alt":51,"type":2,"area":432}},{"x":3720,"y":2189,"data":{"alt":51,"type":2,"area":432}},{"x":3721,"y":2189,"data":{"alt":51,"type":2,"area":432}},{"x":3722,"y":2189,"data":{"alt":51,"type":2,"area":432}},{"x":3723,"y":2189,"data":{"alt":51,"type":2,"area":432}},{"x":3724,"y":2189,"data":{"alt":51,"type":2,"area":432}},{"x":3725,"y":2189,"data":{"alt":51,"type":2,"area":432}},{"x":3726,"y":2189,"data":{"alt":51,"type":2,"area":432}},{"x":3727,"y":2189,"data":{"alt":51,"type":2,"area":432}},{"x":3728,"y":2189,"data":{"alt":51,"type":2,"area":432}},{"x":3729,"y":2189,"data":{"alt":51,"type":2,"area":432}},{"x":3717,"y":2190,"data":{"alt":51,"type":2,"area":432}},{"x":3718,"y":2190,"data":{"alt":51,"type":2,"area":432}},{"x":3719,"y":2190,"data":{"alt":51,"type":2,"area":432}},{"x":3720,"y":2190,"data":{"alt":51,"type":2,"area":432}},{"x":3721,"y":2190,"data":{"alt":51,"type":2,"area":432}},{"x":3722,"y":2190,"data":{"alt":51,"type":2,"area":432}},{"x":3723,"y":2190,"data":{"alt":51,"type":2,"area":432}},{"x":3724,"y":2190,"data":{"alt":51,"type":2,"area":432}},{"x":3725,"y":2190,"data":{"alt":51,"type":2,"area":432}},{"x":3726,"y":2190,"data":{"alt":51,"type":2,"area":432}},{"x":3727,"y":2190,"data":{"alt":51,"type":2,"area":432}},{"x":3728,"y":2190,"data":{"alt":51,"type":2,"area":432}},{"x":3729,"y":2190,"data":{"alt":51,"type":2,"area":432}},{"x":3730,"y":2190,"data":{"alt":51,"type":2,"area":432}},{"x":3717,"y":2191,"data":{"alt":51,"type":2,"area":432}},{"x":3718,"y":2191,"data":{"alt":51,"type":2,"area":432}},{"x":3719,"y":2191,"data":{"alt":51,"type":2,"area":432}},{"x":3720,"y":2191,"data":{"alt":51,"type":2,"area":432}},{"x":3721,"y":2191,"data":{"alt":51,"type":2,"area":432}},{"x":3722,"y":2191,"data":{"alt":51,"type":2,"area":432}},{"x":3723,"y":2191,"data":{"alt":51,"type":2,"area":432}},{"x":3724,"y":2191,"data":{"alt":51,"type":2,"area":432}},{"x":3725,"y":2191,"data":{"alt":51,"type":2,"area":432}},{"x":3726,"y":2191,"data":{"alt":51,"type":2,"area":432}},{"x":3727,"y":2191,"data":{"alt":51,"type":2,"area":432}},{"x":3728,"y":2191,"data":{"alt":51,"type":2,"area":432}},{"x":3729,"y":2191,"data":{"alt":51,"type":2,"area":432}},{"x":3716,"y":2192,"data":{"alt":51,"type":2,"area":432}},{"x":3717,"y":2192,"data":{"alt":51,"type":2,"area":432}},{"x":3718,"y":2192,"data":{"alt":51,"type":2,"area":432}},{"x":3719,"y":2192,"data":{"alt":51,"type":2,"area":432}},{"x":3720,"y":2192,"data":{"alt":51,"type":2,"area":432}},{"x":3721,"y":2192,"data":{"alt":51,"type":2,"area":432}},{"x":3722,"y":2192,"data":{"alt":51,"type":2,"area":432}},{"x":3723,"y":2192,"data":{"alt":51,"type":2,"area":432}},{"x":3724,"y":2192,"data":{"alt":51,"type":2,"area":432}},{"x":3725,"y":2192,"data":{"alt":51,"type":2,"area":432}},{"x":3726,"y":2192,"data":{"alt":51,"type":2,"area":432}},{"x":3727,"y":2192,"data":{"alt":51,"type":2,"area":432}},{"x":3728,"y":2192,"data":{"alt":51,"type":2,"area":432}},{"x":3715,"y":2193,"data":{"alt":51,"type":2,"area":432}},{"x":3716,"y":2193,"data":{"alt":51,"type":2,"area":432}},{"x":3717,"y":2193,"data":{"alt":51,"type":2,"area":432}},{"x":3718,"y":2193,"data":{"alt":51,"type":2,"area":432}},{"x":3719,"y":2193,"data":{"alt":51,"type":2,"area":432}},{"x":3720,"y":2193,"data":{"alt":51,"type":2,"area":432}},{"x":3721,"y":2193,"data":{"alt":51,"type":2,"area":432}},{"x":3722,"y":2193,"data":{"alt":51,"type":2,"area":432}},{"x":3723,"y":2193,"data":{"alt":51,"type":2,"area":432}},{"x":3724,"y":2193,"data":{"alt":51,"type":2,"area":432}},{"x":3727,"y":2193,"data":{"alt":51,"type":2,"area":432}},{"x":3712,"y":2194,"data":{"alt":51,"type":2,"area":432}},{"x":3713,"y":2194,"data":{"alt":51,"type":2,"area":432}},{"x":3714,"y":2194,"data":{"alt":51,"type":2,"area":432}},{"x":3715,"y":2194,"data":{"alt":51,"type":2,"area":432}},{"x":3716,"y":2194,"data":{"alt":51,"type":2,"area":432}},{"x":3717,"y":2194,"data":{"alt":51,"type":2,"area":432}},{"x":3718,"y":2194,"data":{"alt":51,"type":2,"area":432}},{"x":3719,"y":2194,"data":{"alt":51,"type":2,"area":432}},{"x":3720,"y":2194,"data":{"alt":51,"type":2,"area":432}},{"x":3721,"y":2194,"data":{"alt":51,"type":2,"area":432}},{"x":3722,"y":2194,"data":{"alt":51,"type":2,"area":432}},{"x":3723,"y":2194,"data":{"alt":51,"type":2,"area":432}},{"x":3724,"y":2194,"data":{"alt":51,"type":2,"area":432}},{"x":3725,"y":2194,"data":{"alt":51,"type":2,"area":432}},{"x":3712,"y":2195,"data":{"alt":51,"type":2,"area":432}},{"x":3713,"y":2195,"data":{"alt":51,"type":2,"area":432}},{"x":3714,"y":2195,"data":{"alt":51,"type":2,"area":432}},{"x":3715,"y":2195,"data":{"alt":51,"type":2,"area":432}},{"x":3716,"y":2195,"data":{"alt":51,"type":2,"area":432}},{"x":3717,"y":2195,"data":{"alt":51,"type":2,"area":432}},{"x":3718,"y":2195,"data":{"alt":51,"type":2,"area":432}},{"x":3719,"y":2195,"data":{"alt":51,"type":2,"area":432}},{"x":3720,"y":2195,"data":{"alt":51,"type":2,"area":432}},{"x":3721,"y":2195,"data":{"alt":51,"type":2,"area":432}},{"x":3723,"y":2195,"data":{"alt":51,"type":2,"area":432}},{"x":3724,"y":2195,"data":{"alt":51,"type":2,"area":432}},{"x":3712,"y":2196,"data":{"alt":51,"type":1,"area":432}},{"x":3713,"y":2196,"data":{"alt":51,"type":2,"area":432}},{"x":3714,"y":2196,"data":{"alt":51,"type":2,"area":432}},{"x":3715,"y":2196,"data":{"alt":51,"type":2,"area":432}},{"x":3716,"y":2196,"data":{"alt":51,"type":2,"area":432}},{"x":3717,"y":2196,"data":{"alt":51,"type":2,"area":432}},{"x":3718,"y":2196,"data":{"alt":51,"type":2,"area":432}},{"x":3719,"y":2196,"data":{"alt":51,"type":2,"area":432}},{"x":3720,"y":2196,"data":{"alt":51,"type":2,"area":432}},{"x":3723,"y":2196,"data":{"alt":51,"type":2,"area":432}},{"x":3724,"y":2196,"data":{"alt":51,"type":2,"area":432}},{"x":3712,"y":2197,"data":{"alt":51,"type":1,"area":432}},{"x":3713,"y":2197,"data":{"alt":51,"type":2,"area":432}},{"x":3714,"y":2197,"data":{"alt":51,"type":2,"area":432}},{"x":3715,"y":2197,"data":{"alt":51,"type":2,"area":432}},{"x":3716,"y":2197,"data":{"alt":51,"type":2,"area":432}},{"x":3717,"y":2197,"data":{"alt":51,"type":2,"area":432}},{"x":3718,"y":2197,"data":{"alt":51,"type":2,"area":432}},{"x":3719,"y":2197,"data":{"alt":51,"type":2,"area":432}},{"x":3712,"y":2198,"data":{"alt":51,"type":1,"area":432}},{"x":3713,"y":2198,"data":{"alt":51,"type":2,"area":432}},{"x":3714,"y":2198,"data":{"alt":51,"type":2,"area":432}},{"x":3715,"y":2198,"data":{"alt":51,"type":2,"area":432}},{"x":3716,"y":2198,"data":{"alt":51,"type":2,"area":432}},{"x":3717,"y":2198,"data":{"alt":51,"type":2,"area":432}},{"x":3718,"y":2198,"data":{"alt":51,"type":2,"area":432}},{"x":3719,"y":2198,"data":{"alt":51,"type":2,"area":432}},{"x":3720,"y":2198,"data":{"alt":51,"type":2,"area":432}},{"x":3712,"y":2199,"data":{"alt":51,"type":1,"area":432}},{"x":3713,"y":2199,"data":{"alt":51,"type":2,"area":432}},{"x":3714,"y":2199,"data":{"alt":51,"type":2,"area":432}},{"x":3715,"y":2199,"data":{"alt":51,"type":2,"area":432}},{"x":3716,"y":2199,"data":{"alt":51,"type":2,"area":432}},{"x":3717,"y":2199,"data":{"alt":51,"type":2,"area":432}},{"x":3718,"y":2199,"data":{"alt":51,"type":2,"area":432}},{"x":3712,"y":2200,"data":{"alt":51,"type":1,"area":432}},{"x":3713,"y":2200,"data":{"alt":51,"type":2,"area":432}},{"x":3714,"y":2200,"data":{"alt":51,"type":2,"area":432}},{"x":3715,"y":2200,"data":{"alt":51,"type":2,"area":432}},{"x":3716,"y":2200,"data":{"alt":51,"type":2,"area":432}},{"x":3717,"y":2200,"data":{"alt":51,"type":2,"area":432}},{"x":3718,"y":2200,"data":{"alt":51,"type":2,"area":432}},{"x":3719,"y":2200,"data":{"alt":51,"type":2,"area":432}},{"x":3720,"y":2200,"data":{"alt":51,"type":2,"area":432}},{"x":3712,"y":2201,"data":{"alt":51,"type":1,"area":432}},{"x":3713,"y":2201,"data":{"alt":51,"type":2,"area":432}},{"x":3714,"y":2201,"data":{"alt":51,"type":2,"area":432}},{"x":3715,"y":2201,"data":{"alt":51,"type":2,"area":432}},{"x":3716,"y":2201,"data":{"alt":51,"type":2,"area":432}},{"x":3717,"y":2201,"data":{"alt":51,"type":2,"area":432}},{"x":3712,"y":2202,"data":{"alt":51,"type":2,"area":432}},{"x":3713,"y":2202,"data":{"alt":51,"type":2,"area":432}},{"x":3714,"y":2202,"data":{"alt":51,"type":2,"area":432}},{"x":3715,"y":2202,"data":{"alt":51,"type":2,"area":432}},{"x":3716,"y":2202,"data":{"alt":51,"type":2,"area":432}},{"x":3712,"y":2203,"data":{"alt":51,"type":2,"area":432}},{"x":3713,"y":2203,"data":{"alt":51,"type":2,"area":432}},{"x":3714,"y":2203,"data":{"alt":51,"type":2,"area":432}},{"x":3715,"y":2203,"data":{"alt":51,"type":2,"area":432}},{"x":3716,"y":2203,"data":{"alt":51,"type":2,"area":432}},{"x":3714,"y":2204,"data":{"alt":51,"type":2,"area":432}},{"x":3715,"y":2204,"data":{"alt":51,"type":2,"area":432}},{"x":3716,"y":2204,"data":{"alt":51,"type":2,"area":432}},{"x":3715,"y":2205,"data":{"alt":51,"type":2,"area":432}}]