[{"x":3710,"y":2356,"data":{"alt":56,"type":2,"area":434}},{"x":3708,"y":2357,"data":{"alt":56,"type":2,"area":434}},{"x":3709,"y":2357,"data":{"alt":56,"type":2,"area":434}},{"x":3710,"y":2357,"data":{"alt":56,"type":2,"area":434}},{"x":3711,"y":2357,"data":{"alt":56,"type":2,"area":434}},{"x":3704,"y":2358,"data":{"alt":56,"type":2,"area":434}},{"x":3706,"y":2358,"data":{"alt":56,"type":2,"area":434}},{"x":3707,"y":2358,"data":{"alt":56,"type":2,"area":434}},{"x":3708,"y":2358,"data":{"alt":56,"type":2,"area":434}},{"x":3709,"y":2358,"data":{"alt":56,"type":2,"area":434}},{"x":3710,"y":2358,"data":{"alt":56,"type":2,"area":434}},{"x":3711,"y":2358,"data":{"alt":56,"type":2,"area":434}},{"x":3704,"y":2359,"data":{"alt":56,"type":2,"area":434}},{"x":3705,"y":2359,"data":{"alt":56,"type":2,"area":434}},{"x":3706,"y":2359,"data":{"alt":56,"type":2,"area":434}},{"x":3707,"y":2359,"data":{"alt":56,"type":2,"area":434}},{"x":3708,"y":2359,"data":{"alt":56,"type":2,"area":434}},{"x":3709,"y":2359,"data":{"alt":56,"type":2,"area":434}},{"x":3710,"y":2359,"data":{"alt":56,"type":2,"area":434}},{"x":3704,"y":2360,"data":{"alt":56,"type":2,"area":434}},{"x":3708,"y":2360,"data":{"alt":56,"type":2,"area":434}},{"x":3709,"y":2360,"data":{"alt":56,"type":2,"area":434}},{"x":3712,"y":2358,"data":{"alt":56,"type":2,"area":434}},{"x":3713,"y":2358,"data":{"alt":56,"type":2,"area":434}},{"x":3714,"y":2358,"data":{"alt":56,"type":2,"area":434}},{"x":3715,"y":2358,"data":{"alt":56,"type":2,"area":434}},{"x":3713,"y":2359,"data":{"alt":56,"type":2,"area":434}},{"x":3714,"y":2359,"data":{"alt":56,"type":2,"area":434}},{"x":3715,"y":2359,"data":{"alt":56,"type":2,"area":434}},{"x":3716,"y":2359,"data":{"alt":56,"type":2,"area":434}},{"x":3717,"y":2359,"data":{"alt":56,"type":2,"area":434}},{"x":3720,"y":2359,"data":{"alt":56,"type":2,"area":434}},{"x":3721,"y":2359,"data":{"alt":56,"type":2,"area":434}},{"x":3715,"y":2360,"data":{"alt":56,"type":2,"area":434}},{"x":3716,"y":2360,"data":{"alt":56,"type":2,"area":434}},{"x":3717,"y":2360,"data":{"alt":56,"type":2,"area":434}},{"x":3718,"y":2360,"data":{"alt":56,"type":2,"area":434}},{"x":3719,"y":2360,"data":{"alt":56,"type":2,"area":434}},{"x":3720,"y":2360,"data":{"alt":56,"type":2,"area":434}},{"x":3721,"y":2360,"data":{"alt":56,"type":2,"area":434}},{"x":3723,"y":2360,"data":{"alt":56,"type":2,"area":434}},{"x":3724,"y":2360,"data":{"alt":56,"type":2,"area":434}},{"x":3715,"y":2361,"data":{"alt":56,"type":2,"area":434}},{"x":3716,"y":2361,"data":{"alt":56,"type":2,"area":434}},{"x":3717,"y":2361,"data":{"alt":56,"type":2,"area":434}},{"x":3718,"y":2361,"data":{"alt":56,"type":2,"area":434}},{"x":3719,"y":2361,"data":{"alt":56,"type":2,"area":434}},{"x":3720,"y":2361,"data":{"alt":56,"type":2,"area":434}},{"x":3721,"y":2361,"data":{"alt":56,"type":2,"area":434}},{"x":3722,"y":2361,"data":{"alt":56,"type":2,"area":434}},{"x":3723,"y":2361,"data":{"alt":56,"type":2,"area":434}},{"x":3724,"y":2361,"data":{"alt":56,"type":2,"area":434}},{"x":3725,"y":2361,"data":{"alt":56,"type":2,"area":434}},{"x":3715,"y":2362,"data":{"alt":56,"type":2,"area":434}},{"x":3716,"y":2362,"data":{"alt":56,"type":2,"area":434}},{"x":3717,"y":2362,"data":{"alt":56,"type":2,"area":434}},{"x":3718,"y":2362,"data":{"alt":56,"type":2,"area":434}},{"x":3719,"y":2362,"data":{"alt":56,"type":2,"area":434}},{"x":3720,"y":2362,"data":{"alt":56,"type":2,"area":434}},{"x":3721,"y":2362,"data":{"alt":56,"type":2,"area":434}},{"x":3722,"y":2362,"data":{"alt":56,"type":2,"area":434}},{"x":3723,"y":2362,"data":{"alt":56,"type":2,"area":434}},{"x":3724,"y":2362,"data":{"alt":56,"type":2,"area":434}},{"x":3725,"y":2362,"data":{"alt":56,"type":2,"area":434}},{"x":3726,"y":2362,"data":{"alt":56,"type":2,"area":434}},{"x":3727,"y":2362,"data":{"alt":56,"type":2,"area":434}},{"x":3715,"y":2363,"data":{"alt":56,"type":2,"area":434}},{"x":3716,"y":2363,"data":{"alt":56,"type":2,"area":434}},{"x":3717,"y":2363,"data":{"alt":56,"type":2,"area":434}},{"x":3718,"y":2363,"data":{"alt":56,"type":2,"area":434}},{"x":3719,"y":2363,"data":{"alt":56,"type":2,"area":434}},{"x":3720,"y":2363,"data":{"alt":56,"type":2,"area":434}},{"x":3721,"y":2363,"data":{"alt":56,"type":2,"area":434}},{"x":3722,"y":2363,"data":{"alt":56,"type":2,"area":434}},{"x":3723,"y":2363,"data":{"alt":56,"type":2,"area":434}},{"x":3724,"y":2363,"data":{"alt":56,"type":2,"area":434}},{"x":3725,"y":2363,"data":{"alt":56,"type":2,"area":434}},{"x":3726,"y":2363,"data":{"alt":56,"type":2,"area":434}},{"x":3716,"y":2364,"data":{"alt":56,"type":2,"area":434}},{"x":3717,"y":2364,"data":{"alt":56,"type":2,"area":434}},{"x":3718,"y":2364,"data":{"alt":56,"type":2,"area":434}},{"x":3719,"y":2364,"data":{"alt":56,"type":2,"area":434}},{"x":3720,"y":2364,"data":{"alt":56,"type":2,"area":434}},{"x":3721,"y":2364,"data":{"alt":56,"type":2,"area":434}},{"x":3722,"y":2364,"data":{"alt":56,"type":1,"area":434}},{"x":3723,"y":2364,"data":{"alt":56,"type":1,"area":434}},{"x":3724,"y":2364,"data":{"alt":56,"type":2,"area":434}},{"x":3725,"y":2364,"data":{"alt":56,"type":1,"area":434}},{"x":3726,"y":2364,"data":{"alt":56,"type":2,"area":434}},{"x":3717,"y":2365,"data":{"alt":56,"type":1,"area":434}},{"x":3718,"y":2365,"data":{"alt":56,"type":2,"area":434}},{"x":3719,"y":2365,"data":{"alt":56,"type":2,"area":434}},{"x":3720,"y":2365,"data":{"alt":56,"type":2,"area":434}},{"x":3721,"y":2365,"data":{"alt":56,"type":1,"area":434}},{"x":3722,"y":2365,"data":{"alt":56,"type":2,"area":434}},{"x":3723,"y":2365,"data":{"alt":56,"type":2,"area":434}},{"x":3724,"y":2365,"data":{"alt":56,"type":1,"area":434}},{"x":3725,"y":2365,"data":{"alt":56,"type":2,"area":434}},{"x":3726,"y":2365,"data":{"alt":56,"type":1,"area":434}},{"x":3727,"y":2365,"data":{"alt":56,"type":2,"area":434}},{"x":3718,"y":2366,"data":{"alt":56,"type":1,"area":434}},{"x":3719,"y":2366,"data":{"alt":56,"type":2,"area":434}},{"x":3720,"y":2366,"data":{"alt":56,"type":1,"area":434}},{"x":3721,"y":2366,"data":{"alt":56,"type":2,"area":434}},{"x":3722,"y":2366,"data":{"alt":56,"type":2,"area":434}},{"x":3723,"y":2366,"data":{"alt":56,"type":2,"area":434}},{"x":3724,"y":2366,"data":{"alt":56,"type":2,"area":434}},{"x":3725,"y":2366,"data":{"alt":56,"type":2,"area":434}},{"x":3726,"y":2366,"data":{"alt":56,"type":2,"area":434}},{"x":3727,"y":2366,"data":{"alt":56,"type":1,"area":434}},{"x":3728,"y":2366,"data":{"alt":56,"type":1,"area":434}},{"x":3729,"y":2366,"data":{"alt":56,"type":1,"area":434}},{"x":3718,"y":2367,"data":{"alt":56,"type":2,"area":434}},{"x":3719,"y":2367,"data":{"alt":56,"type":1,"area":434}},{"x":3720,"y":2367,"data":{"alt":56,"type":2,"area":434}},{"x":3721,"y":2367,"data":{"alt":56,"type":2,"area":434}},{"x":3722,"y":2367,"data":{"alt":56,"type":2,"area":434}},{"x":3723,"y":2367,"data":{"alt":56,"type":2,"area":434}},{"x":3724,"y":2367,"data":{"alt":56,"type":2,"area":434}},{"x":3725,"y":2367,"data":{"alt":56,"type":2,"area":434}},{"x":3726,"y":2367,"data":{"alt":56,"type":2,"area":434}},{"x":3727,"y":2367,"data":{"alt":56,"type":2,"area":434}},{"x":3719,"y":2368,"data":{"alt":56,"type":2,"area":434}},{"x":3720,"y":2368,"data":{"alt":56,"type":2,"area":434}},{"x":3721,"y":2368,"data":{"alt":56,"type":2,"area":434}},{"x":3722,"y":2368,"data":{"alt":56,"type":2,"area":434}},{"x":3723,"y":2368,"data":{"alt":56,"type":2,"area":434}},{"x":3724,"y":2368,"data":{"alt":56,"type":2,"area":434}},{"x":3725,"y":2368,"data":{"alt":56,"type":2,"area":434}},{"x":3726,"y":2368,"data":{"alt":56,"type":2,"area":434}},{"x":3727,"y":2368,"data":{"alt":56,"type":2,"area":434}},{"x":3719,"y":2369,"data":{"alt":56,"type":2,"area":434}},{"x":3720,"y":2369,"data":{"alt":56,"type":2,"area":434}},{"x":3721,"y":2369,"data":{"alt":56,"type":2,"area":434}},{"x":3722,"y":2369,"data":{"alt":56,"type":2,"area":434}},{"x":3723,"y":2369,"data":{"alt":56,"type":2,"area":434}},{"x":3724,"y":2369,"data":{"alt":56,"type":2,"area":434}},{"x":3725,"y":2369,"data":{"alt":56,"type":2,"area":434}},{"x":3726,"y":2369,"data":{"alt":56,"type":2,"area":434}},{"x":3727,"y":2369,"data":{"alt":56,"type":2,"area":434}},{"x":3728,"y":2369,"data":{"alt":56,"type":2,"area":434}},{"x":3720,"y":2370,"data":{"alt":56,"type":2,"area":434}},{"x":3721,"y":2370,"data":{"alt":56,"type":2,"area":434}},{"x":3722,"y":2370,"data":{"alt":56,"type":2,"area":434}},{"x":3723,"y":2370,"data":{"alt":56,"type":2,"area":434}},{"x":3724,"y":2370,"data":{"alt":56,"type":2,"area":434}},{"x":3725,"y":2370,"data":{"alt":56,"type":2,"area":434}},{"x":3726,"y":2370,"data":{"alt":56,"type":2,"area":434}},{"x":3727,"y":2370,"data":{"alt":56,"type":2,"area":434}},{"x":3721,"y":2371,"data":{"alt":56,"type":2,"area":434}},{"x":3723,"y":2371,"data":{"alt":56,"type":2,"area":434}},{"x":3724,"y":2371,"data":{"alt":56,"type":2,"area":434}},{"x":3725,"y":2371,"data":{"alt":56,"type":2,"area":434}},{"x":3726,"y":2371,"data":{"alt":56,"type":2,"area":434}},{"x":3727,"y":2371,"data":{"alt":56,"type":2,"area":434}},{"x":3729,"y":2371,"data":{"alt":56,"type":2,"area":434}},{"x":3724,"y":2372,"data":{"alt":56,"type":2,"area":434}},{"x":3725,"y":2372,"data":{"alt":56,"type":2,"area":434}},{"x":3726,"y":2372,"data":{"alt":56,"type":2,"area":434}},{"x":3727,"y":2372,"data":{"alt":56,"type":2,"area":434}},{"x":3728,"y":2372,"data":{"alt":56,"type":2,"area":434}},{"x":3729,"y":2372,"data":{"alt":56,"type":2,"area":434}},{"x":3725,"y":2373,"data":{"alt":56,"type":2,"area":434}},{"x":3725,"y":2374,"data":{"alt":56,"type":2,"area":434}},{"x":3726,"y":2374,"data":{"alt":56,"type":2,"area":434}}]