[{"x":3711,"y":3280,"data":{"alt":1,"type":2,"area":436}},{"x":3711,"y":3281,"data":{"alt":1,"type":2,"area":436}},{"x":3711,"y":3283,"data":{"alt":1,"type":1,"area":436}},{"x":3710,"y":3284,"data":{"alt":1,"type":1,"area":436}},{"x":3711,"y":3284,"data":{"alt":1,"type":2,"area":436}},{"x":3712,"y":3278,"data":{"alt":1,"type":2,"area":436}},{"x":3713,"y":3278,"data":{"alt":1,"type":2,"area":436}},{"x":3712,"y":3279,"data":{"alt":1,"type":2,"area":436}},{"x":3713,"y":3279,"data":{"alt":1,"type":2,"area":436}},{"x":3714,"y":3279,"data":{"alt":1,"type":2,"area":436}},{"x":3715,"y":3279,"data":{"alt":1,"type":1,"area":436}},{"x":3712,"y":3280,"data":{"alt":1,"type":2,"area":436}},{"x":3713,"y":3280,"data":{"alt":1,"type":2,"area":436}},{"x":3714,"y":3280,"data":{"alt":1,"type":1,"area":436}},{"x":3712,"y":3281,"data":{"alt":1,"type":2,"area":436}},{"x":3713,"y":3281,"data":{"alt":1,"type":1,"area":436}},{"x":3714,"y":3281,"data":{"alt":1,"type":1,"area":436}},{"x":3715,"y":3281,"data":{"alt":1,"type":1,"area":436}},{"x":3712,"y":3282,"data":{"alt":1,"type":1,"area":436}},{"x":3713,"y":3282,"data":{"alt":1,"type":2,"area":436}},{"x":3715,"y":3282,"data":{"alt":1,"type":2,"area":436}},{"x":3716,"y":3282,"data":{"alt":1,"type":1,"area":436}},{"x":3712,"y":3283,"data":{"alt":1,"type":2,"area":436}},{"x":3713,"y":3283,"data":{"alt":1,"type":2,"area":436}},{"x":3716,"y":3283,"data":{"alt":1,"type":2,"area":436}},{"x":3717,"y":3283,"data":{"alt":1,"type":1,"area":436}},{"x":3718,"y":3283,"data":{"alt":1,"type":2,"area":436}},{"x":3712,"y":3284,"data":{"alt":1,"type":1,"area":436}},{"x":3716,"y":3284,"data":{"alt":1,"type":2,"area":436}},{"x":3717,"y":3284,"data":{"alt":1,"type":2,"area":436}},{"x":3718,"y":3284,"data":{"alt":1,"type":1,"area":436}},{"x":3719,"y":3284,"data":{"alt":1,"type":1,"area":436}},{"x":3720,"y":3284,"data":{"alt":1,"type":1,"area":436}}]