[{"x":3716,"y":3268,"data":{"alt":1,"type":2,"area":438}},{"x":3716,"y":3269,"data":{"alt":1,"type":2,"area":438}},{"x":3717,"y":3269,"data":{"alt":1,"type":2,"area":438}},{"x":3714,"y":3270,"data":{"alt":1,"type":2,"area":438}},{"x":3716,"y":3270,"data":{"alt":1,"type":2,"area":438}},{"x":3717,"y":3270,"data":{"alt":1,"type":2,"area":438}},{"x":3718,"y":3270,"data":{"alt":1,"type":2,"area":438}},{"x":3719,"y":3270,"data":{"alt":1,"type":2,"area":438}},{"x":3720,"y":3270,"data":{"alt":1,"type":2,"area":438}},{"x":3714,"y":3271,"data":{"alt":1,"type":2,"area":438}},{"x":3715,"y":3271,"data":{"alt":1,"type":2,"area":438}},{"x":3716,"y":3271,"data":{"alt":1,"type":2,"area":438}},{"x":3717,"y":3271,"data":{"alt":1,"type":2,"area":438}},{"x":3718,"y":3271,"data":{"alt":1,"type":2,"area":438}},{"x":3712,"y":3272,"data":{"alt":1,"type":2,"area":438}},{"x":3713,"y":3272,"data":{"alt":1,"type":2,"area":438}},{"x":3714,"y":3272,"data":{"alt":1,"type":2,"area":438}},{"x":3715,"y":3272,"data":{"alt":1,"type":2,"area":438}},{"x":3716,"y":3272,"data":{"alt":1,"type":1,"area":438}},{"x":3717,"y":3272,"data":{"alt":1,"type":2,"area":438}},{"x":3720,"y":3272,"data":{"alt":1,"type":2,"area":438}},{"x":3713,"y":3273,"data":{"alt":1,"type":2,"area":438}},{"x":3714,"y":3273,"data":{"alt":1,"type":2,"area":438}},{"x":3715,"y":3273,"data":{"alt":1,"type":2,"area":438}},{"x":3716,"y":3273,"data":{"alt":1,"type":1,"area":438}},{"x":3717,"y":3273,"data":{"alt":1,"type":2,"area":438}},{"x":3718,"y":3273,"data":{"alt":1,"type":2,"area":438}},{"x":3719,"y":3273,"data":{"alt":1,"type":2,"area":438}},{"x":3720,"y":3273,"data":{"alt":1,"type":2,"area":438}},{"x":3713,"y":3274,"data":{"alt":1,"type":2,"area":438}},{"x":3714,"y":3274,"data":{"alt":1,"type":2,"area":438}},{"x":3715,"y":3274,"data":{"alt":1,"type":2,"area":438}},{"x":3716,"y":3274,"data":{"alt":1,"type":1,"area":438}},{"x":3717,"y":3274,"data":{"alt":1,"type":2,"area":438}},{"x":3718,"y":3274,"data":{"alt":1,"type":2,"area":438}},{"x":3719,"y":3274,"data":{"alt":1,"type":2,"area":438}},{"x":3714,"y":3275,"data":{"alt":1,"type":2,"area":438}},{"x":3715,"y":3275,"data":{"alt":1,"type":2,"area":438}},{"x":3716,"y":3275,"data":{"alt":1,"type":1,"area":438}},{"x":3717,"y":3275,"data":{"alt":1,"type":1,"area":438}},{"x":3718,"y":3275,"data":{"alt":1,"type":2,"area":438}},{"x":3719,"y":3275,"data":{"alt":1,"type":2,"area":438}},{"x":3716,"y":3276,"data":{"alt":1,"type":1,"area":438}},{"x":3717,"y":3276,"data":{"alt":1,"type":1,"area":438}},{"x":3718,"y":3276,"data":{"alt":1,"type":2,"area":438}},{"x":3719,"y":3276,"data":{"alt":1,"type":2,"area":438}},{"x":3720,"y":3276,"data":{"alt":1,"type":2,"area":438}},{"x":3721,"y":3276,"data":{"alt":1,"type":2,"area":438}},{"x":3717,"y":3277,"data":{"alt":1,"type":1,"area":438}},{"x":3718,"y":3277,"data":{"alt":1,"type":2,"area":438}},{"x":3719,"y":3277,"data":{"alt":1,"type":2,"area":438}},{"x":3720,"y":3277,"data":{"alt":1,"type":2,"area":438}},{"x":3721,"y":3277,"data":{"alt":1,"type":2,"area":438}},{"x":3718,"y":3278,"data":{"alt":1,"type":2,"area":438}},{"x":3720,"y":3278,"data":{"alt":1,"type":2,"area":438}},{"x":3721,"y":3278,"data":{"alt":1,"type":2,"area":438}},{"x":3720,"y":3279,"data":{"alt":1,"type":2,"area":438}}]