[{"x":461,"y":2528,"data":{"alt":350,"type":1,"area":44}},{"x":462,"y":2528,"data":{"alt":350,"type":1,"area":44}},{"x":458,"y":2529,"data":{"alt":309,"type":1,"area":44}},{"x":459,"y":2529,"data":{"alt":350,"type":1,"area":44}},{"x":460,"y":2529,"data":{"alt":350,"type":1,"area":44}},{"x":461,"y":2529,"data":{"alt":350,"type":1,"area":44}},{"x":462,"y":2529,"data":{"alt":350,"type":2,"area":44}},{"x":463,"y":2529,"data":{"alt":350,"type":2,"area":44}},{"x":464,"y":2529,"data":{"alt":350,"type":2,"area":44}},{"x":465,"y":2529,"data":{"alt":350,"type":2,"area":44}}]