[{"x":3727,"y":2144,"data":{"alt":51,"type":2,"area":442}},{"x":3728,"y":2144,"data":{"alt":51,"type":2,"area":442}},{"x":3729,"y":2144,"data":{"alt":51,"type":2,"area":442}},{"x":3730,"y":2144,"data":{"alt":51,"type":2,"area":442}},{"x":3731,"y":2144,"data":{"alt":51,"type":2,"area":442}},{"x":3732,"y":2144,"data":{"alt":51,"type":2,"area":442}},{"x":3733,"y":2144,"data":{"alt":51,"type":2,"area":442}},{"x":3734,"y":2144,"data":{"alt":51,"type":2,"area":442}},{"x":3735,"y":2144,"data":{"alt":51,"type":2,"area":442}},{"x":3736,"y":2144,"data":{"alt":51,"type":2,"area":442}},{"x":3737,"y":2144,"data":{"alt":51,"type":2,"area":442}},{"x":3738,"y":2144,"data":{"alt":51,"type":2,"area":442}},{"x":3739,"y":2144,"data":{"alt":51,"type":2,"area":442}},{"x":3740,"y":2144,"data":{"alt":51,"type":2,"area":442}},{"x":3741,"y":2144,"data":{"alt":51,"type":2,"area":442}},{"x":3727,"y":2145,"data":{"alt":51,"type":2,"area":442}},{"x":3728,"y":2145,"data":{"alt":51,"type":2,"area":442}},{"x":3729,"y":2145,"data":{"alt":51,"type":2,"area":442}},{"x":3730,"y":2145,"data":{"alt":51,"type":2,"area":442}},{"x":3731,"y":2145,"data":{"alt":51,"type":2,"area":442}},{"x":3732,"y":2145,"data":{"alt":51,"type":2,"area":442}},{"x":3733,"y":2145,"data":{"alt":51,"type":2,"area":442}},{"x":3734,"y":2145,"data":{"alt":51,"type":2,"area":442}},{"x":3735,"y":2145,"data":{"alt":51,"type":2,"area":442}},{"x":3736,"y":2145,"data":{"alt":51,"type":2,"area":442}},{"x":3737,"y":2145,"data":{"alt":51,"type":2,"area":442}},{"x":3738,"y":2145,"data":{"alt":51,"type":2,"area":442}},{"x":3739,"y":2145,"data":{"alt":51,"type":2,"area":442}},{"x":3740,"y":2145,"data":{"alt":51,"type":2,"area":442}},{"x":3728,"y":2146,"data":{"alt":51,"type":2,"area":442}},{"x":3729,"y":2146,"data":{"alt":51,"type":2,"area":442}},{"x":3730,"y":2146,"data":{"alt":51,"type":2,"area":442}},{"x":3731,"y":2146,"data":{"alt":51,"type":2,"area":442}},{"x":3732,"y":2146,"data":{"alt":51,"type":2,"area":442}},{"x":3733,"y":2146,"data":{"alt":51,"type":2,"area":442}},{"x":3734,"y":2146,"data":{"alt":51,"type":2,"area":442}},{"x":3735,"y":2146,"data":{"alt":51,"type":2,"area":442}},{"x":3736,"y":2146,"data":{"alt":51,"type":2,"area":442}},{"x":3737,"y":2146,"data":{"alt":51,"type":2,"area":442}},{"x":3738,"y":2146,"data":{"alt":51,"type":2,"area":442}},{"x":3739,"y":2146,"data":{"alt":51,"type":2,"area":442}},{"x":3740,"y":2146,"data":{"alt":51,"type":2,"area":442}},{"x":3729,"y":2147,"data":{"alt":51,"type":2,"area":442}},{"x":3730,"y":2147,"data":{"alt":51,"type":2,"area":442}},{"x":3731,"y":2147,"data":{"alt":51,"type":2,"area":442}},{"x":3732,"y":2147,"data":{"alt":51,"type":2,"area":442}},{"x":3733,"y":2147,"data":{"alt":51,"type":2,"area":442}},{"x":3734,"y":2147,"data":{"alt":51,"type":2,"area":442}},{"x":3735,"y":2147,"data":{"alt":51,"type":2,"area":442}},{"x":3736,"y":2147,"data":{"alt":51,"type":2,"area":442}},{"x":3737,"y":2147,"data":{"alt":51,"type":2,"area":442}},{"x":3738,"y":2147,"data":{"alt":51,"type":2,"area":442}},{"x":3739,"y":2147,"data":{"alt":51,"type":2,"area":442}},{"x":3740,"y":2147,"data":{"alt":51,"type":2,"area":442}},{"x":3731,"y":2148,"data":{"alt":51,"type":2,"area":442}},{"x":3732,"y":2148,"data":{"alt":51,"type":2,"area":442}},{"x":3733,"y":2148,"data":{"alt":51,"type":2,"area":442}},{"x":3734,"y":2148,"data":{"alt":51,"type":2,"area":442}},{"x":3735,"y":2148,"data":{"alt":51,"type":2,"area":442}},{"x":3736,"y":2148,"data":{"alt":51,"type":2,"area":442}},{"x":3737,"y":2148,"data":{"alt":51,"type":2,"area":442}},{"x":3738,"y":2148,"data":{"alt":51,"type":2,"area":442}},{"x":3732,"y":2149,"data":{"alt":51,"type":2,"area":442}},{"x":3733,"y":2149,"data":{"alt":51,"type":2,"area":442}},{"x":3734,"y":2149,"data":{"alt":51,"type":2,"area":442}},{"x":3735,"y":2149,"data":{"alt":51,"type":2,"area":442}},{"x":3736,"y":2149,"data":{"alt":51,"type":2,"area":442}},{"x":3737,"y":2149,"data":{"alt":51,"type":2,"area":442}},{"x":3738,"y":2149,"data":{"alt":51,"type":2,"area":442}},{"x":3733,"y":2150,"data":{"alt":51,"type":2,"area":442}},{"x":3734,"y":2150,"data":{"alt":51,"type":2,"area":442}},{"x":3735,"y":2150,"data":{"alt":51,"type":2,"area":442}},{"x":3736,"y":2150,"data":{"alt":51,"type":2,"area":442}},{"x":3733,"y":2151,"data":{"alt":51,"type":2,"area":442}},{"x":3734,"y":2151,"data":{"alt":51,"type":2,"area":442}},{"x":3733,"y":2152,"data":{"alt":51,"type":2,"area":442}},{"x":3734,"y":2152,"data":{"alt":51,"type":2,"area":442}},{"x":3733,"y":2153,"data":{"alt":51,"type":2,"area":442}},{"x":3734,"y":2153,"data":{"alt":51,"type":2,"area":442}},{"x":3734,"y":2154,"data":{"alt":51,"type":2,"area":442}},{"x":3735,"y":2154,"data":{"alt":51,"type":2,"area":442}},{"x":3734,"y":2155,"data":{"alt":51,"type":2,"area":442}},{"x":3735,"y":2155,"data":{"alt":51,"type":2,"area":442}},{"x":3736,"y":2155,"data":{"alt":51,"type":2,"area":442}},{"x":3737,"y":2155,"data":{"alt":51,"type":2,"area":442}},{"x":3738,"y":2155,"data":{"alt":51,"type":2,"area":442}},{"x":3734,"y":2156,"data":{"alt":51,"type":2,"area":442}},{"x":3735,"y":2156,"data":{"alt":51,"type":2,"area":442}},{"x":3736,"y":2156,"data":{"alt":51,"type":2,"area":442}},{"x":3737,"y":2156,"data":{"alt":51,"type":2,"area":442}},{"x":3738,"y":2156,"data":{"alt":51,"type":2,"area":442}},{"x":3739,"y":2156,"data":{"alt":51,"type":2,"area":442}},{"x":3734,"y":2157,"data":{"alt":51,"type":2,"area":442}},{"x":3735,"y":2157,"data":{"alt":51,"type":2,"area":442}},{"x":3736,"y":2157,"data":{"alt":51,"type":2,"area":442}},{"x":3737,"y":2157,"data":{"alt":51,"type":2,"area":442}},{"x":3738,"y":2157,"data":{"alt":51,"type":2,"area":442}},{"x":3739,"y":2157,"data":{"alt":51,"type":2,"area":442}},{"x":3740,"y":2157,"data":{"alt":51,"type":2,"area":442}},{"x":3742,"y":2157,"data":{"alt":51,"type":2,"area":442}},{"x":3735,"y":2158,"data":{"alt":51,"type":2,"area":442}},{"x":3736,"y":2158,"data":{"alt":51,"type":2,"area":442}},{"x":3737,"y":2158,"data":{"alt":51,"type":2,"area":442}},{"x":3738,"y":2158,"data":{"alt":51,"type":2,"area":442}},{"x":3739,"y":2158,"data":{"alt":51,"type":2,"area":442}},{"x":3740,"y":2158,"data":{"alt":51,"type":2,"area":442}},{"x":3741,"y":2158,"data":{"alt":51,"type":2,"area":442}},{"x":3742,"y":2158,"data":{"alt":51,"type":2,"area":442}},{"x":3743,"y":2158,"data":{"alt":51,"type":2,"area":442}},{"x":3735,"y":2159,"data":{"alt":51,"type":2,"area":442}},{"x":3738,"y":2159,"data":{"alt":51,"type":2,"area":442}},{"x":3739,"y":2159,"data":{"alt":51,"type":2,"area":442}},{"x":3740,"y":2159,"data":{"alt":51,"type":2,"area":442}},{"x":3741,"y":2159,"data":{"alt":51,"type":2,"area":442}},{"x":3742,"y":2159,"data":{"alt":51,"type":2,"area":442}},{"x":3734,"y":2160,"data":{"alt":51,"type":2,"area":442}},{"x":3738,"y":2160,"data":{"alt":51,"type":2,"area":442}},{"x":3739,"y":2160,"data":{"alt":51,"type":2,"area":442}},{"x":3740,"y":2160,"data":{"alt":51,"type":2,"area":442}},{"x":3741,"y":2160,"data":{"alt":51,"type":2,"area":442}},{"x":3742,"y":2160,"data":{"alt":51,"type":2,"area":442}},{"x":3743,"y":2160,"data":{"alt":51,"type":1,"area":442}},{"x":3734,"y":2161,"data":{"alt":51,"type":2,"area":442}},{"x":3739,"y":2161,"data":{"alt":51,"type":2,"area":442}},{"x":3740,"y":2161,"data":{"alt":51,"type":2,"area":442}},{"x":3741,"y":2161,"data":{"alt":51,"type":2,"area":442}},{"x":3742,"y":2161,"data":{"alt":51,"type":1,"area":442}},{"x":3733,"y":2162,"data":{"alt":51,"type":2,"area":442}},{"x":3734,"y":2162,"data":{"alt":51,"type":2,"area":442}},{"x":3735,"y":2162,"data":{"alt":51,"type":2,"area":442}},{"x":3738,"y":2162,"data":{"alt":51,"type":2,"area":442}},{"x":3739,"y":2162,"data":{"alt":51,"type":2,"area":442}},{"x":3740,"y":2162,"data":{"alt":51,"type":1,"area":442}},{"x":3741,"y":2162,"data":{"alt":51,"type":1,"area":442}},{"x":3742,"y":2162,"data":{"alt":51,"type":2,"area":442}},{"x":3743,"y":2162,"data":{"alt":51,"type":1,"area":442}},{"x":3733,"y":2163,"data":{"alt":51,"type":1,"area":442}},{"x":3734,"y":2163,"data":{"alt":51,"type":1,"area":442}},{"x":3735,"y":2163,"data":{"alt":51,"type":1,"area":442}},{"x":3736,"y":2163,"data":{"alt":51,"type":1,"area":442}},{"x":3737,"y":2163,"data":{"alt":51,"type":1,"area":442}},{"x":3738,"y":2163,"data":{"alt":51,"type":1,"area":442}},{"x":3739,"y":2163,"data":{"alt":51,"type":1,"area":442}},{"x":3743,"y":2163,"data":{"alt":51,"type":2,"area":442}},{"x":3726,"y":2164,"data":{"alt":51,"type":2,"area":442}},{"x":3729,"y":2164,"data":{"alt":51,"type":2,"area":442}},{"x":3730,"y":2164,"data":{"alt":51,"type":1,"area":442}},{"x":3731,"y":2164,"data":{"alt":51,"type":1,"area":442}},{"x":3732,"y":2164,"data":{"alt":51,"type":1,"area":442}},{"x":3733,"y":2164,"data":{"alt":51,"type":2,"area":442}},{"x":3734,"y":2164,"data":{"alt":51,"type":2,"area":442}},{"x":3735,"y":2164,"data":{"alt":51,"type":2,"area":442}},{"x":3740,"y":2164,"data":{"alt":51,"type":2,"area":442}},{"x":3743,"y":2164,"data":{"alt":51,"type":2,"area":442}},{"x":3720,"y":2165,"data":{"alt":51,"type":2,"area":442}},{"x":3721,"y":2165,"data":{"alt":51,"type":2,"area":442}},{"x":3724,"y":2165,"data":{"alt":51,"type":2,"area":442}},{"x":3725,"y":2165,"data":{"alt":51,"type":2,"area":442}},{"x":3726,"y":2165,"data":{"alt":51,"type":2,"area":442}},{"x":3727,"y":2165,"data":{"alt":51,"type":2,"area":442}},{"x":3728,"y":2165,"data":{"alt":51,"type":2,"area":442}},{"x":3729,"y":2165,"data":{"alt":51,"type":1,"area":442}},{"x":3730,"y":2165,"data":{"alt":51,"type":2,"area":442}},{"x":3731,"y":2165,"data":{"alt":51,"type":2,"area":442}},{"x":3732,"y":2165,"data":{"alt":51,"type":2,"area":442}},{"x":3734,"y":2165,"data":{"alt":51,"type":2,"area":442}},{"x":3735,"y":2165,"data":{"alt":51,"type":2,"area":442}},{"x":3736,"y":2165,"data":{"alt":51,"type":2,"area":442}},{"x":3737,"y":2165,"data":{"alt":51,"type":2,"area":442}},{"x":3738,"y":2165,"data":{"alt":51,"type":2,"area":442}},{"x":3739,"y":2165,"data":{"alt":51,"type":2,"area":442}},{"x":3740,"y":2165,"data":{"alt":51,"type":2,"area":442}},{"x":3741,"y":2165,"data":{"alt":51,"type":2,"area":442}},{"x":3742,"y":2165,"data":{"alt":51,"type":2,"area":442}},{"x":3743,"y":2165,"data":{"alt":51,"type":2,"area":442}},{"x":3720,"y":2166,"data":{"alt":51,"type":2,"area":442}},{"x":3721,"y":2166,"data":{"alt":51,"type":2,"area":442}},{"x":3722,"y":2166,"data":{"alt":51,"type":2,"area":442}},{"x":3723,"y":2166,"data":{"alt":51,"type":2,"area":442}},{"x":3724,"y":2166,"data":{"alt":51,"type":2,"area":442}},{"x":3725,"y":2166,"data":{"alt":51,"type":2,"area":442}},{"x":3726,"y":2166,"data":{"alt":51,"type":2,"area":442}},{"x":3727,"y":2166,"data":{"alt":51,"type":2,"area":442}},{"x":3728,"y":2166,"data":{"alt":51,"type":2,"area":442}},{"x":3729,"y":2166,"data":{"alt":51,"type":1,"area":442}},{"x":3730,"y":2166,"data":{"alt":51,"type":2,"area":442}},{"x":3731,"y":2166,"data":{"alt":51,"type":2,"area":442}},{"x":3734,"y":2166,"data":{"alt":51,"type":2,"area":442}},{"x":3735,"y":2166,"data":{"alt":51,"type":2,"area":442}},{"x":3736,"y":2166,"data":{"alt":51,"type":2,"area":442}},{"x":3737,"y":2166,"data":{"alt":51,"type":2,"area":442}},{"x":3738,"y":2166,"data":{"alt":51,"type":2,"area":442}},{"x":3739,"y":2166,"data":{"alt":51,"type":2,"area":442}},{"x":3740,"y":2166,"data":{"alt":51,"type":2,"area":442}},{"x":3743,"y":2166,"data":{"alt":51,"type":2,"area":442}},{"x":3718,"y":2167,"data":{"alt":51,"type":2,"area":442}},{"x":3719,"y":2167,"data":{"alt":51,"type":2,"area":442}},{"x":3720,"y":2167,"data":{"alt":51,"type":2,"area":442}},{"x":3721,"y":2167,"data":{"alt":51,"type":2,"area":442}},{"x":3726,"y":2167,"data":{"alt":51,"type":2,"area":442}},{"x":3727,"y":2167,"data":{"alt":51,"type":2,"area":442}},{"x":3728,"y":2167,"data":{"alt":51,"type":1,"area":442}},{"x":3730,"y":2167,"data":{"alt":51,"type":2,"area":442}},{"x":3731,"y":2167,"data":{"alt":51,"type":2,"area":442}},{"x":3719,"y":2168,"data":{"alt":51,"type":2,"area":442}},{"x":3727,"y":2168,"data":{"alt":51,"type":1,"area":442}},{"x":3728,"y":2168,"data":{"alt":51,"type":2,"area":442}},{"x":3730,"y":2168,"data":{"alt":51,"type":2,"area":442}},{"x":3731,"y":2168,"data":{"alt":51,"type":2,"area":442}},{"x":3727,"y":2169,"data":{"alt":51,"type":1,"area":442}},{"x":3730,"y":2169,"data":{"alt":51,"type":2,"area":442}},{"x":3731,"y":2169,"data":{"alt":51,"type":2,"area":442}},{"x":3730,"y":2170,"data":{"alt":51,"type":2,"area":442}},{"x":3729,"y":2171,"data":{"alt":51,"type":2,"area":442}},{"x":3730,"y":2171,"data":{"alt":51,"type":2,"area":442}},{"x":3729,"y":2172,"data":{"alt":51,"type":2,"area":442}},{"x":3730,"y":2172,"data":{"alt":51,"type":2,"area":442}},{"x":3730,"y":2173,"data":{"alt":51,"type":2,"area":442}},{"x":3731,"y":2173,"data":{"alt":51,"type":2,"area":442}},{"x":3730,"y":2174,"data":{"alt":51,"type":2,"area":442}},{"x":3726,"y":2130,"data":{"alt":51,"type":2,"area":442}},{"x":3727,"y":2130,"data":{"alt":51,"type":2,"area":442}},{"x":3728,"y":2130,"data":{"alt":51,"type":2,"area":442}},{"x":3729,"y":2130,"data":{"alt":51,"type":2,"area":442}},{"x":3730,"y":2130,"data":{"alt":51,"type":2,"area":442}},{"x":3731,"y":2130,"data":{"alt":51,"type":2,"area":442}},{"x":3733,"y":2130,"data":{"alt":51,"type":2,"area":442}},{"x":3734,"y":2130,"data":{"alt":51,"type":2,"area":442}},{"x":3735,"y":2130,"data":{"alt":51,"type":2,"area":442}},{"x":3726,"y":2131,"data":{"alt":51,"type":2,"area":442}},{"x":3727,"y":2131,"data":{"alt":51,"type":2,"area":442}},{"x":3728,"y":2131,"data":{"alt":51,"type":2,"area":442}},{"x":3729,"y":2131,"data":{"alt":51,"type":2,"area":442}},{"x":3730,"y":2131,"data":{"alt":51,"type":2,"area":442}},{"x":3731,"y":2131,"data":{"alt":51,"type":2,"area":442}},{"x":3732,"y":2131,"data":{"alt":51,"type":2,"area":442}},{"x":3733,"y":2131,"data":{"alt":51,"type":2,"area":442}},{"x":3734,"y":2131,"data":{"alt":51,"type":2,"area":442}},{"x":3735,"y":2131,"data":{"alt":51,"type":2,"area":442}},{"x":3736,"y":2131,"data":{"alt":51,"type":2,"area":442}},{"x":3724,"y":2132,"data":{"alt":51,"type":2,"area":442}},{"x":3725,"y":2132,"data":{"alt":51,"type":2,"area":442}},{"x":3726,"y":2132,"data":{"alt":51,"type":2,"area":442}},{"x":3727,"y":2132,"data":{"alt":51,"type":2,"area":442}},{"x":3728,"y":2132,"data":{"alt":51,"type":2,"area":442}},{"x":3729,"y":2132,"data":{"alt":51,"type":2,"area":442}},{"x":3730,"y":2132,"data":{"alt":51,"type":2,"area":442}},{"x":3731,"y":2132,"data":{"alt":51,"type":2,"area":442}},{"x":3732,"y":2132,"data":{"alt":51,"type":2,"area":442}},{"x":3733,"y":2132,"data":{"alt":51,"type":2,"area":442}},{"x":3734,"y":2132,"data":{"alt":51,"type":2,"area":442}},{"x":3735,"y":2132,"data":{"alt":51,"type":2,"area":442}},{"x":3736,"y":2132,"data":{"alt":51,"type":2,"area":442}},{"x":3737,"y":2132,"data":{"alt":51,"type":2,"area":442}},{"x":3724,"y":2133,"data":{"alt":51,"type":2,"area":442}},{"x":3725,"y":2133,"data":{"alt":51,"type":2,"area":442}},{"x":3726,"y":2133,"data":{"alt":51,"type":2,"area":442}},{"x":3727,"y":2133,"data":{"alt":51,"type":2,"area":442}},{"x":3728,"y":2133,"data":{"alt":51,"type":2,"area":442}},{"x":3729,"y":2133,"data":{"alt":51,"type":2,"area":442}},{"x":3730,"y":2133,"data":{"alt":51,"type":2,"area":442}},{"x":3731,"y":2133,"data":{"alt":51,"type":2,"area":442}},{"x":3732,"y":2133,"data":{"alt":51,"type":2,"area":442}},{"x":3733,"y":2133,"data":{"alt":51,"type":2,"area":442}},{"x":3734,"y":2133,"data":{"alt":51,"type":2,"area":442}},{"x":3735,"y":2133,"data":{"alt":51,"type":2,"area":442}},{"x":3736,"y":2133,"data":{"alt":51,"type":2,"area":442}},{"x":3737,"y":2133,"data":{"alt":51,"type":2,"area":442}},{"x":3721,"y":2134,"data":{"alt":51,"type":2,"area":442}},{"x":3722,"y":2134,"data":{"alt":51,"type":2,"area":442}},{"x":3723,"y":2134,"data":{"alt":51,"type":2,"area":442}},{"x":3724,"y":2134,"data":{"alt":51,"type":2,"area":442}},{"x":3725,"y":2134,"data":{"alt":51,"type":2,"area":442}},{"x":3726,"y":2134,"data":{"alt":51,"type":2,"area":442}},{"x":3727,"y":2134,"data":{"alt":51,"type":2,"area":442}},{"x":3728,"y":2134,"data":{"alt":51,"type":2,"area":442}},{"x":3729,"y":2134,"data":{"alt":51,"type":2,"area":442}},{"x":3730,"y":2134,"data":{"alt":51,"type":2,"area":442}},{"x":3731,"y":2134,"data":{"alt":51,"type":2,"area":442}},{"x":3732,"y":2134,"data":{"alt":51,"type":2,"area":442}},{"x":3733,"y":2134,"data":{"alt":51,"type":2,"area":442}},{"x":3734,"y":2134,"data":{"alt":51,"type":2,"area":442}},{"x":3735,"y":2134,"data":{"alt":51,"type":2,"area":442}},{"x":3736,"y":2134,"data":{"alt":51,"type":2,"area":442}},{"x":3737,"y":2134,"data":{"alt":51,"type":2,"area":442}},{"x":3738,"y":2134,"data":{"alt":51,"type":2,"area":442}},{"x":3719,"y":2135,"data":{"alt":51,"type":2,"area":442}},{"x":3720,"y":2135,"data":{"alt":51,"type":2,"area":442}},{"x":3721,"y":2135,"data":{"alt":51,"type":2,"area":442}},{"x":3722,"y":2135,"data":{"alt":51,"type":2,"area":442}},{"x":3723,"y":2135,"data":{"alt":51,"type":2,"area":442}},{"x":3724,"y":2135,"data":{"alt":51,"type":2,"area":442}},{"x":3725,"y":2135,"data":{"alt":51,"type":2,"area":442}},{"x":3726,"y":2135,"data":{"alt":51,"type":2,"area":442}},{"x":3727,"y":2135,"data":{"alt":51,"type":2,"area":442}},{"x":3728,"y":2135,"data":{"alt":51,"type":2,"area":442}},{"x":3729,"y":2135,"data":{"alt":51,"type":2,"area":442}},{"x":3730,"y":2135,"data":{"alt":51,"type":2,"area":442}},{"x":3731,"y":2135,"data":{"alt":51,"type":2,"area":442}},{"x":3732,"y":2135,"data":{"alt":51,"type":2,"area":442}},{"x":3733,"y":2135,"data":{"alt":51,"type":2,"area":442}},{"x":3734,"y":2135,"data":{"alt":51,"type":2,"area":442}},{"x":3735,"y":2135,"data":{"alt":51,"type":2,"area":442}},{"x":3736,"y":2135,"data":{"alt":51,"type":2,"area":442}},{"x":3737,"y":2135,"data":{"alt":51,"type":2,"area":442}},{"x":3738,"y":2135,"data":{"alt":51,"type":2,"area":442}},{"x":3739,"y":2135,"data":{"alt":51,"type":2,"area":442}},{"x":3719,"y":2136,"data":{"alt":51,"type":2,"area":442}},{"x":3720,"y":2136,"data":{"alt":51,"type":2,"area":442}},{"x":3721,"y":2136,"data":{"alt":51,"type":2,"area":442}},{"x":3722,"y":2136,"data":{"alt":51,"type":2,"area":442}},{"x":3723,"y":2136,"data":{"alt":51,"type":2,"area":442}},{"x":3724,"y":2136,"data":{"alt":51,"type":2,"area":442}},{"x":3725,"y":2136,"data":{"alt":51,"type":2,"area":442}},{"x":3726,"y":2136,"data":{"alt":51,"type":2,"area":442}},{"x":3727,"y":2136,"data":{"alt":51,"type":2,"area":442}},{"x":3728,"y":2136,"data":{"alt":51,"type":2,"area":442}},{"x":3729,"y":2136,"data":{"alt":51,"type":2,"area":442}},{"x":3730,"y":2136,"data":{"alt":51,"type":2,"area":442}},{"x":3731,"y":2136,"data":{"alt":51,"type":2,"area":442}},{"x":3732,"y":2136,"data":{"alt":51,"type":2,"area":442}},{"x":3733,"y":2136,"data":{"alt":51,"type":2,"area":442}},{"x":3734,"y":2136,"data":{"alt":51,"type":2,"area":442}},{"x":3735,"y":2136,"data":{"alt":51,"type":2,"area":442}},{"x":3736,"y":2136,"data":{"alt":51,"type":2,"area":442}},{"x":3737,"y":2136,"data":{"alt":51,"type":2,"area":442}},{"x":3738,"y":2136,"data":{"alt":51,"type":2,"area":442}},{"x":3739,"y":2136,"data":{"alt":51,"type":2,"area":442}},{"x":3740,"y":2136,"data":{"alt":51,"type":2,"area":442}},{"x":3741,"y":2136,"data":{"alt":51,"type":2,"area":442}},{"x":3720,"y":2137,"data":{"alt":51,"type":2,"area":442}},{"x":3721,"y":2137,"data":{"alt":51,"type":2,"area":442}},{"x":3722,"y":2137,"data":{"alt":51,"type":2,"area":442}},{"x":3723,"y":2137,"data":{"alt":51,"type":2,"area":442}},{"x":3724,"y":2137,"data":{"alt":51,"type":2,"area":442}},{"x":3725,"y":2137,"data":{"alt":51,"type":2,"area":442}},{"x":3726,"y":2137,"data":{"alt":51,"type":2,"area":442}},{"x":3727,"y":2137,"data":{"alt":51,"type":2,"area":442}},{"x":3728,"y":2137,"data":{"alt":51,"type":2,"area":442}},{"x":3729,"y":2137,"data":{"alt":51,"type":2,"area":442}},{"x":3730,"y":2137,"data":{"alt":51,"type":2,"area":442}},{"x":3731,"y":2137,"data":{"alt":51,"type":2,"area":442}},{"x":3732,"y":2137,"data":{"alt":51,"type":2,"area":442}},{"x":3733,"y":2137,"data":{"alt":51,"type":2,"area":442}},{"x":3734,"y":2137,"data":{"alt":51,"type":2,"area":442}},{"x":3735,"y":2137,"data":{"alt":51,"type":2,"area":442}},{"x":3736,"y":2137,"data":{"alt":51,"type":2,"area":442}},{"x":3737,"y":2137,"data":{"alt":51,"type":2,"area":442}},{"x":3738,"y":2137,"data":{"alt":51,"type":2,"area":442}},{"x":3739,"y":2137,"data":{"alt":51,"type":2,"area":442}},{"x":3740,"y":2137,"data":{"alt":51,"type":2,"area":442}},{"x":3741,"y":2137,"data":{"alt":51,"type":2,"area":442}},{"x":3720,"y":2138,"data":{"alt":51,"type":2,"area":442}},{"x":3721,"y":2138,"data":{"alt":51,"type":2,"area":442}},{"x":3722,"y":2138,"data":{"alt":51,"type":2,"area":442}},{"x":3723,"y":2138,"data":{"alt":51,"type":2,"area":442}},{"x":3724,"y":2138,"data":{"alt":51,"type":2,"area":442}},{"x":3725,"y":2138,"data":{"alt":51,"type":2,"area":442}},{"x":3726,"y":2138,"data":{"alt":51,"type":2,"area":442}},{"x":3727,"y":2138,"data":{"alt":51,"type":2,"area":442}},{"x":3728,"y":2138,"data":{"alt":51,"type":2,"area":442}},{"x":3729,"y":2138,"data":{"alt":51,"type":2,"area":442}},{"x":3730,"y":2138,"data":{"alt":51,"type":2,"area":442}},{"x":3731,"y":2138,"data":{"alt":51,"type":2,"area":442}},{"x":3732,"y":2138,"data":{"alt":51,"type":2,"area":442}},{"x":3733,"y":2138,"data":{"alt":51,"type":2,"area":442}},{"x":3734,"y":2138,"data":{"alt":51,"type":2,"area":442}},{"x":3735,"y":2138,"data":{"alt":51,"type":2,"area":442}},{"x":3736,"y":2138,"data":{"alt":51,"type":2,"area":442}},{"x":3737,"y":2138,"data":{"alt":51,"type":2,"area":442}},{"x":3738,"y":2138,"data":{"alt":51,"type":2,"area":442}},{"x":3739,"y":2138,"data":{"alt":51,"type":2,"area":442}},{"x":3740,"y":2138,"data":{"alt":51,"type":2,"area":442}},{"x":3741,"y":2138,"data":{"alt":51,"type":2,"area":442}},{"x":3742,"y":2138,"data":{"alt":51,"type":2,"area":442}},{"x":3721,"y":2139,"data":{"alt":51,"type":2,"area":442}},{"x":3722,"y":2139,"data":{"alt":51,"type":2,"area":442}},{"x":3723,"y":2139,"data":{"alt":51,"type":2,"area":442}},{"x":3724,"y":2139,"data":{"alt":51,"type":2,"area":442}},{"x":3725,"y":2139,"data":{"alt":51,"type":2,"area":442}},{"x":3726,"y":2139,"data":{"alt":51,"type":2,"area":442}},{"x":3727,"y":2139,"data":{"alt":51,"type":2,"area":442}},{"x":3728,"y":2139,"data":{"alt":51,"type":2,"area":442}},{"x":3729,"y":2139,"data":{"alt":51,"type":2,"area":442}},{"x":3730,"y":2139,"data":{"alt":51,"type":2,"area":442}},{"x":3731,"y":2139,"data":{"alt":51,"type":2,"area":442}},{"x":3732,"y":2139,"data":{"alt":51,"type":2,"area":442}},{"x":3733,"y":2139,"data":{"alt":51,"type":2,"area":442}},{"x":3734,"y":2139,"data":{"alt":51,"type":2,"area":442}},{"x":3735,"y":2139,"data":{"alt":51,"type":2,"area":442}},{"x":3736,"y":2139,"data":{"alt":51,"type":2,"area":442}},{"x":3737,"y":2139,"data":{"alt":51,"type":2,"area":442}},{"x":3738,"y":2139,"data":{"alt":51,"type":2,"area":442}},{"x":3739,"y":2139,"data":{"alt":51,"type":2,"area":442}},{"x":3740,"y":2139,"data":{"alt":51,"type":2,"area":442}},{"x":3741,"y":2139,"data":{"alt":51,"type":2,"area":442}},{"x":3742,"y":2139,"data":{"alt":51,"type":2,"area":442}},{"x":3722,"y":2140,"data":{"alt":51,"type":2,"area":442}},{"x":3723,"y":2140,"data":{"alt":51,"type":2,"area":442}},{"x":3724,"y":2140,"data":{"alt":51,"type":2,"area":442}},{"x":3725,"y":2140,"data":{"alt":51,"type":2,"area":442}},{"x":3726,"y":2140,"data":{"alt":51,"type":2,"area":442}},{"x":3727,"y":2140,"data":{"alt":51,"type":2,"area":442}},{"x":3728,"y":2140,"data":{"alt":51,"type":2,"area":442}},{"x":3729,"y":2140,"data":{"alt":51,"type":2,"area":442}},{"x":3730,"y":2140,"data":{"alt":51,"type":2,"area":442}},{"x":3731,"y":2140,"data":{"alt":51,"type":2,"area":442}},{"x":3732,"y":2140,"data":{"alt":51,"type":2,"area":442}},{"x":3733,"y":2140,"data":{"alt":51,"type":2,"area":442}},{"x":3734,"y":2140,"data":{"alt":51,"type":2,"area":442}},{"x":3735,"y":2140,"data":{"alt":51,"type":2,"area":442}},{"x":3736,"y":2140,"data":{"alt":51,"type":2,"area":442}},{"x":3737,"y":2140,"data":{"alt":51,"type":2,"area":442}},{"x":3738,"y":2140,"data":{"alt":51,"type":2,"area":442}},{"x":3739,"y":2140,"data":{"alt":51,"type":2,"area":442}},{"x":3740,"y":2140,"data":{"alt":51,"type":2,"area":442}},{"x":3741,"y":2140,"data":{"alt":51,"type":2,"area":442}},{"x":3742,"y":2140,"data":{"alt":51,"type":2,"area":442}},{"x":3724,"y":2141,"data":{"alt":51,"type":2,"area":442}},{"x":3725,"y":2141,"data":{"alt":51,"type":2,"area":442}},{"x":3726,"y":2141,"data":{"alt":51,"type":2,"area":442}},{"x":3727,"y":2141,"data":{"alt":51,"type":2,"area":442}},{"x":3728,"y":2141,"data":{"alt":51,"type":2,"area":442}},{"x":3729,"y":2141,"data":{"alt":51,"type":2,"area":442}},{"x":3730,"y":2141,"data":{"alt":51,"type":2,"area":442}},{"x":3731,"y":2141,"data":{"alt":51,"type":2,"area":442}},{"x":3732,"y":2141,"data":{"alt":51,"type":2,"area":442}},{"x":3733,"y":2141,"data":{"alt":51,"type":2,"area":442}},{"x":3734,"y":2141,"data":{"alt":51,"type":2,"area":442}},{"x":3735,"y":2141,"data":{"alt":51,"type":2,"area":442}},{"x":3736,"y":2141,"data":{"alt":51,"type":2,"area":442}},{"x":3737,"y":2141,"data":{"alt":51,"type":2,"area":442}},{"x":3738,"y":2141,"data":{"alt":51,"type":2,"area":442}},{"x":3739,"y":2141,"data":{"alt":51,"type":2,"area":442}},{"x":3740,"y":2141,"data":{"alt":51,"type":2,"area":442}},{"x":3741,"y":2141,"data":{"alt":51,"type":2,"area":442}},{"x":3742,"y":2141,"data":{"alt":51,"type":2,"area":442}},{"x":3727,"y":2142,"data":{"alt":51,"type":2,"area":442}},{"x":3728,"y":2142,"data":{"alt":51,"type":2,"area":442}},{"x":3729,"y":2142,"data":{"alt":51,"type":2,"area":442}},{"x":3730,"y":2142,"data":{"alt":51,"type":2,"area":442}},{"x":3731,"y":2142,"data":{"alt":51,"type":2,"area":442}},{"x":3732,"y":2142,"data":{"alt":51,"type":2,"area":442}},{"x":3733,"y":2142,"data":{"alt":51,"type":2,"area":442}},{"x":3734,"y":2142,"data":{"alt":51,"type":2,"area":442}},{"x":3735,"y":2142,"data":{"alt":51,"type":2,"area":442}},{"x":3736,"y":2142,"data":{"alt":51,"type":2,"area":442}},{"x":3737,"y":2142,"data":{"alt":51,"type":2,"area":442}},{"x":3738,"y":2142,"data":{"alt":51,"type":2,"area":442}},{"x":3739,"y":2142,"data":{"alt":51,"type":2,"area":442}},{"x":3740,"y":2142,"data":{"alt":51,"type":2,"area":442}},{"x":3741,"y":2142,"data":{"alt":51,"type":2,"area":442}},{"x":3742,"y":2142,"data":{"alt":51,"type":2,"area":442}},{"x":3727,"y":2143,"data":{"alt":51,"type":2,"area":442}},{"x":3728,"y":2143,"data":{"alt":51,"type":2,"area":442}},{"x":3729,"y":2143,"data":{"alt":51,"type":2,"area":442}},{"x":3730,"y":2143,"data":{"alt":51,"type":2,"area":442}},{"x":3731,"y":2143,"data":{"alt":51,"type":2,"area":442}},{"x":3732,"y":2143,"data":{"alt":51,"type":2,"area":442}},{"x":3733,"y":2143,"data":{"alt":51,"type":2,"area":442}},{"x":3734,"y":2143,"data":{"alt":51,"type":2,"area":442}},{"x":3735,"y":2143,"data":{"alt":51,"type":2,"area":442}},{"x":3736,"y":2143,"data":{"alt":51,"type":2,"area":442}},{"x":3737,"y":2143,"data":{"alt":51,"type":2,"area":442}},{"x":3738,"y":2143,"data":{"alt":51,"type":2,"area":442}},{"x":3739,"y":2143,"data":{"alt":51,"type":2,"area":442}},{"x":3740,"y":2143,"data":{"alt":51,"type":2,"area":442}},{"x":3741,"y":2143,"data":{"alt":51,"type":2,"area":442}},{"x":3744,"y":2160,"data":{"alt":51,"type":1,"area":442}},{"x":3744,"y":2162,"data":{"alt":51,"type":1,"area":442}},{"x":3744,"y":2163,"data":{"alt":51,"type":1,"area":442}},{"x":3745,"y":2163,"data":{"alt":51,"type":1,"area":442}},{"x":3744,"y":2164,"data":{"alt":51,"type":2,"area":442}},{"x":3745,"y":2164,"data":{"alt":51,"type":1,"area":442}},{"x":3746,"y":2164,"data":{"alt":51,"type":1,"area":442}},{"x":3747,"y":2164,"data":{"alt":51,"type":1,"area":442}},{"x":3744,"y":2165,"data":{"alt":51,"type":2,"area":442}},{"x":3745,"y":2165,"data":{"alt":51,"type":2,"area":442}},{"x":3746,"y":2165,"data":{"alt":51,"type":1,"area":442}},{"x":3747,"y":2165,"data":{"alt":51,"type":1,"area":442}},{"x":3748,"y":2165,"data":{"alt":51,"type":1,"area":442}},{"x":3749,"y":2165,"data":{"alt":51,"type":1,"area":442}},{"x":3750,"y":2165,"data":{"alt":51,"type":1,"area":442}},{"x":3752,"y":2165,"data":{"alt":51,"type":1,"area":442}},{"x":3744,"y":2166,"data":{"alt":51,"type":2,"area":442}},{"x":3745,"y":2166,"data":{"alt":51,"type":2,"area":442}},{"x":3746,"y":2166,"data":{"alt":51,"type":2,"area":442}},{"x":3747,"y":2166,"data":{"alt":51,"type":2,"area":442}},{"x":3748,"y":2166,"data":{"alt":51,"type":1,"area":442}},{"x":3749,"y":2166,"data":{"alt":51,"type":1,"area":442}},{"x":3750,"y":2166,"data":{"alt":51,"type":2,"area":442}},{"x":3751,"y":2166,"data":{"alt":51,"type":1,"area":442}},{"x":3752,"y":2166,"data":{"alt":51,"type":2,"area":442}},{"x":3753,"y":2166,"data":{"alt":51,"type":2,"area":442}},{"x":3744,"y":2167,"data":{"alt":51,"type":2,"area":442}},{"x":3745,"y":2167,"data":{"alt":51,"type":2,"area":442}},{"x":3746,"y":2167,"data":{"alt":51,"type":2,"area":442}},{"x":3747,"y":2167,"data":{"alt":51,"type":2,"area":442}},{"x":3748,"y":2167,"data":{"alt":51,"type":2,"area":442}},{"x":3749,"y":2167,"data":{"alt":51,"type":2,"area":442}},{"x":3750,"y":2167,"data":{"alt":51,"type":1,"area":442}},{"x":3751,"y":2167,"data":{"alt":51,"type":2,"area":442}},{"x":3752,"y":2167,"data":{"alt":51,"type":2,"area":442}},{"x":3753,"y":2167,"data":{"alt":51,"type":2,"area":442}},{"x":3744,"y":2168,"data":{"alt":51,"type":2,"area":442}},{"x":3746,"y":2168,"data":{"alt":51,"type":2,"area":442}},{"x":3747,"y":2168,"data":{"alt":51,"type":2,"area":442}},{"x":3748,"y":2168,"data":{"alt":51,"type":2,"area":442}},{"x":3749,"y":2168,"data":{"alt":51,"type":2,"area":442}},{"x":3750,"y":2168,"data":{"alt":51,"type":2,"area":442}},{"x":3751,"y":2168,"data":{"alt":51,"type":1,"area":442}},{"x":3752,"y":2168,"data":{"alt":51,"type":1,"area":442}},{"x":3748,"y":2169,"data":{"alt":51,"type":2,"area":442}},{"x":3749,"y":2169,"data":{"alt":51,"type":2,"area":442}},{"x":3750,"y":2169,"data":{"alt":51,"type":2,"area":442}},{"x":3751,"y":2169,"data":{"alt":51,"type":2,"area":442}},{"x":3752,"y":2169,"data":{"alt":51,"type":2,"area":442}},{"x":3753,"y":2169,"data":{"alt":51,"type":1,"area":442}},{"x":3751,"y":2170,"data":{"alt":51,"type":2,"area":442}},{"x":3752,"y":2170,"data":{"alt":51,"type":2,"area":442}},{"x":3753,"y":2170,"data":{"alt":51,"type":2,"area":442}},{"x":3754,"y":2170,"data":{"alt":51,"type":1,"area":442}},{"x":3755,"y":2170,"data":{"alt":51,"type":1,"area":442}},{"x":3750,"y":2171,"data":{"alt":51,"type":2,"area":442}},{"x":3751,"y":2171,"data":{"alt":51,"type":2,"area":442}},{"x":3752,"y":2171,"data":{"alt":51,"type":2,"area":442}},{"x":3753,"y":2171,"data":{"alt":51,"type":2,"area":442}},{"x":3754,"y":2171,"data":{"alt":51,"type":2,"area":442}},{"x":3755,"y":2171,"data":{"alt":51,"type":2,"area":442}},{"x":3756,"y":2171,"data":{"alt":51,"type":1,"area":442}},{"x":3757,"y":2171,"data":{"alt":51,"type":1,"area":442}},{"x":3758,"y":2171,"data":{"alt":51,"type":1,"area":442}},{"x":3753,"y":2172,"data":{"alt":51,"type":2,"area":442}},{"x":3754,"y":2172,"data":{"alt":51,"type":2,"area":442}},{"x":3756,"y":2172,"data":{"alt":51,"type":2,"area":442}}]