[{"x":724,"y":2413,"data":{"alt":7,"fertility":40,"region":2143,"area":443}},{"x":725,"y":2413,"data":{"alt":7,"fertility":40,"region":2143,"area":443}},{"x":726,"y":2413,"data":{"alt":7,"fertility":40,"region":2143,"area":443}},{"x":722,"y":2414,"data":{"alt":7,"fertility":40,"region":2143,"area":443}},{"x":723,"y":2414,"data":{"alt":7,"fertility":40,"region":2143,"area":443}},{"x":724,"y":2414,"data":{"alt":7,"fertility":40,"region":2143,"area":443}},{"x":725,"y":2414,"data":{"alt":7,"fertility":40,"forest":40,"region":2143,"area":443}},{"x":726,"y":2414,"data":{"alt":6,"fertility":60,"region":2143,"area":443}},{"x":727,"y":2414,"data":{"alt":6,"fertility":60,"region":2143,"area":443}},{"x":728,"y":2414,"data":{"alt":6,"fertility":60,"forest":80,"region":2143,"area":443}},{"x":729,"y":2414,"data":{"alt":6,"fertility":60,"region":2143,"area":443}},{"x":722,"y":2415,"data":{"alt":7,"fertility":40,"region":2143,"area":443}},{"x":723,"y":2415,"data":{"alt":7,"fertility":40,"forest":20,"region":2143,"area":443}},{"x":724,"y":2415,"data":{"alt":7,"fertility":40,"region":2143,"area":443}},{"x":725,"y":2415,"data":{"alt":7,"fertility":40,"forest":40,"region":2143,"area":443}},{"x":726,"y":2415,"data":{"alt":7,"fertility":40,"forest":40,"region":2143,"area":443}},{"x":727,"y":2415,"data":{"alt":7,"fertility":40,"region":2143,"area":443}},{"x":728,"y":2415,"data":{"alt":7,"fertility":40,"region":2143,"area":443}},{"x":729,"y":2415,"data":{"alt":6,"fertility":60,"forest":80,"region":2143,"area":443}},{"x":730,"y":2415,"data":{"alt":6,"fertility":60,"forest":80,"region":2143,"area":443}},{"x":731,"y":2415,"data":{"alt":6,"fertility":60,"region":2143,"area":443}},{"x":732,"y":2415,"data":{"alt":6,"fertility":60,"region":2143,"area":443}},{"x":723,"y":2416,"data":{"alt":7,"fertility":40,"forest":20,"region":2143,"area":443}},{"x":724,"y":2416,"data":{"alt":8,"fertility":40,"region":2143,"area":443}},{"x":725,"y":2416,"data":{"alt":7,"fertility":40,"region":2143,"area":443}},{"x":726,"y":2416,"data":{"alt":6,"fertility":60,"region":2143,"area":443}},{"x":727,"y":2416,"data":{"alt":6,"fertility":60,"region":2143,"area":443}},{"x":728,"y":2416,"data":{"alt":7,"fertility":40,"region":2143,"area":443}},{"x":729,"y":2416,"data":{"alt":7,"fertility":40,"region":2143,"area":443}},{"x":730,"y":2416,"data":{"alt":7,"fertility":40,"region":2143,"area":443}},{"x":731,"y":2416,"data":{"alt":7,"fertility":40,"region":2143,"area":443}},{"x":732,"y":2416,"data":{"alt":7,"fertility":40,"region":2143,"area":443}},{"x":722,"y":2417,"data":{"alt":6,"fertility":60,"region":2143,"area":443}},{"x":723,"y":2417,"data":{"alt":7,"fertility":40,"region":2143,"area":443}},{"x":724,"y":2417,"data":{"alt":7,"fertility":40,"region":2143,"area":443}},{"x":725,"y":2417,"data":{"alt":7,"fertility":40,"region":2143,"area":443}},{"x":726,"y":2417,"data":{"alt":6,"fertility":60,"forest":40,"region":2143,"area":443}},{"x":727,"y":2417,"data":{"alt":7,"fertility":40,"region":2143,"area":443}},{"x":728,"y":2417,"data":{"alt":7,"fertility":40,"forest":40,"region":2143,"area":443}},{"x":729,"y":2417,"data":{"alt":7,"fertility":40,"forest":40,"region":2143,"area":443}},{"x":730,"y":2417,"data":{"alt":7,"fertility":40,"region":2143,"area":443}},{"x":731,"y":2417,"data":{"alt":6,"fertility":60,"region":2143,"area":443}},{"x":732,"y":2417,"data":{"alt":6,"fertility":60,"region":2143,"area":443}},{"x":722,"y":2418,"data":{"alt":6,"fertility":60,"region":2143,"area":443}},{"x":723,"y":2418,"data":{"alt":7,"fertility":40,"region":2143,"area":443}},{"x":724,"y":2418,"data":{"alt":7,"fertility":40,"forest":20,"region":2143,"area":443}},{"x":725,"y":2418,"data":{"alt":7,"fertility":40,"region":2143,"area":443}},{"x":726,"y":2418,"data":{"alt":7,"fertility":40,"region":2143,"area":443}},{"x":727,"y":2418,"data":{"alt":6,"fertility":60,"region":2143,"area":443}},{"x":728,"y":2418,"data":{"alt":6,"fertility":60,"region":2143,"area":443}},{"x":730,"y":2418,"data":{"alt":6,"fertility":60,"region":2143,"area":443}},{"x":732,"y":2418,"data":{"alt":6,"fertility":60,"forest":80,"region":2143,"area":443}},{"x":722,"y":2419,"data":{"alt":6,"fertility":60,"region":2143,"area":443}},{"x":723,"y":2419,"data":{"alt":6,"fertility":60,"forest":20,"region":2143,"area":443}},{"x":727,"y":2419,"data":{"alt":6,"fertility":60,"region":2143,"area":443}}]