[{"x":3735,"y":2400,"data":{"alt":56,"type":1,"area":444}},{"x":3736,"y":2400,"data":{"alt":56,"type":2,"area":444}},{"x":3737,"y":2400,"data":{"alt":56,"type":2,"area":444}},{"x":3738,"y":2400,"data":{"alt":56,"type":2,"area":444}},{"x":3739,"y":2400,"data":{"alt":56,"type":2,"area":444}},{"x":3740,"y":2400,"data":{"alt":56,"type":2,"area":444}},{"x":3741,"y":2400,"data":{"alt":56,"type":2,"area":444}},{"x":3742,"y":2400,"data":{"alt":56,"type":2,"area":444}},{"x":3743,"y":2400,"data":{"alt":56,"type":2,"area":444}},{"x":3734,"y":2401,"data":{"alt":56,"type":1,"area":444}},{"x":3735,"y":2401,"data":{"alt":56,"type":2,"area":444}},{"x":3736,"y":2401,"data":{"alt":56,"type":2,"area":444}},{"x":3737,"y":2401,"data":{"alt":56,"type":2,"area":444}},{"x":3738,"y":2401,"data":{"alt":56,"type":2,"area":444}},{"x":3739,"y":2401,"data":{"alt":56,"type":2,"area":444}},{"x":3740,"y":2401,"data":{"alt":56,"type":2,"area":444}},{"x":3741,"y":2401,"data":{"alt":56,"type":2,"area":444}},{"x":3742,"y":2401,"data":{"alt":56,"type":2,"area":444}},{"x":3743,"y":2401,"data":{"alt":56,"type":2,"area":444}},{"x":3734,"y":2402,"data":{"alt":56,"type":1,"area":444}},{"x":3735,"y":2402,"data":{"alt":56,"type":2,"area":444}},{"x":3736,"y":2402,"data":{"alt":56,"type":2,"area":444}},{"x":3737,"y":2402,"data":{"alt":56,"type":2,"area":444}},{"x":3738,"y":2402,"data":{"alt":56,"type":2,"area":444}},{"x":3739,"y":2402,"data":{"alt":56,"type":2,"area":444}},{"x":3740,"y":2402,"data":{"alt":56,"type":2,"area":444}},{"x":3741,"y":2402,"data":{"alt":56,"type":2,"area":444}},{"x":3742,"y":2402,"data":{"alt":56,"type":2,"area":444}},{"x":3743,"y":2402,"data":{"alt":56,"type":2,"area":444}},{"x":3733,"y":2403,"data":{"alt":56,"type":2,"area":444}},{"x":3734,"y":2403,"data":{"alt":56,"type":1,"area":444}},{"x":3735,"y":2403,"data":{"alt":56,"type":2,"area":444}},{"x":3736,"y":2403,"data":{"alt":56,"type":2,"area":444}},{"x":3737,"y":2403,"data":{"alt":56,"type":2,"area":444}},{"x":3738,"y":2403,"data":{"alt":56,"type":2,"area":444}},{"x":3739,"y":2403,"data":{"alt":56,"type":2,"area":444}},{"x":3740,"y":2403,"data":{"alt":56,"type":2,"area":444}},{"x":3741,"y":2403,"data":{"alt":56,"type":2,"area":444}},{"x":3742,"y":2403,"data":{"alt":56,"type":2,"area":444}},{"x":3743,"y":2403,"data":{"alt":56,"type":2,"area":444}},{"x":3732,"y":2404,"data":{"alt":56,"type":2,"area":444}},{"x":3733,"y":2404,"data":{"alt":56,"type":1,"area":444}},{"x":3734,"y":2404,"data":{"alt":56,"type":2,"area":444}},{"x":3735,"y":2404,"data":{"alt":56,"type":2,"area":444}},{"x":3736,"y":2404,"data":{"alt":56,"type":2,"area":444}},{"x":3737,"y":2404,"data":{"alt":56,"type":2,"area":444}},{"x":3738,"y":2404,"data":{"alt":56,"type":2,"area":444}},{"x":3739,"y":2404,"data":{"alt":56,"type":2,"area":444}},{"x":3740,"y":2404,"data":{"alt":56,"type":2,"area":444}},{"x":3741,"y":2404,"data":{"alt":56,"type":2,"area":444}},{"x":3742,"y":2404,"data":{"alt":56,"type":2,"area":444}},{"x":3743,"y":2404,"data":{"alt":56,"type":2,"area":444}},{"x":3731,"y":2405,"data":{"alt":56,"type":2,"area":444}},{"x":3732,"y":2405,"data":{"alt":56,"type":2,"area":444}},{"x":3733,"y":2405,"data":{"alt":56,"type":1,"area":444}},{"x":3734,"y":2405,"data":{"alt":56,"type":2,"area":444}},{"x":3735,"y":2405,"data":{"alt":56,"type":2,"area":444}},{"x":3736,"y":2405,"data":{"alt":56,"type":2,"area":444}},{"x":3737,"y":2405,"data":{"alt":56,"type":2,"area":444}},{"x":3738,"y":2405,"data":{"alt":56,"type":2,"area":444}},{"x":3739,"y":2405,"data":{"alt":56,"type":2,"area":444}},{"x":3740,"y":2405,"data":{"alt":56,"type":2,"area":444}},{"x":3741,"y":2405,"data":{"alt":56,"type":2,"area":444}},{"x":3742,"y":2405,"data":{"alt":56,"type":2,"area":444}},{"x":3743,"y":2405,"data":{"alt":56,"type":2,"area":444}},{"x":3732,"y":2406,"data":{"alt":56,"type":2,"area":444}},{"x":3733,"y":2406,"data":{"alt":56,"type":1,"area":444}},{"x":3734,"y":2406,"data":{"alt":56,"type":2,"area":444}},{"x":3735,"y":2406,"data":{"alt":56,"type":2,"area":444}},{"x":3736,"y":2406,"data":{"alt":56,"type":2,"area":444}},{"x":3737,"y":2406,"data":{"alt":56,"type":2,"area":444}},{"x":3738,"y":2406,"data":{"alt":56,"type":2,"area":444}},{"x":3739,"y":2406,"data":{"alt":56,"type":2,"area":444}},{"x":3741,"y":2406,"data":{"alt":56,"type":2,"area":444}},{"x":3742,"y":2406,"data":{"alt":56,"type":2,"area":444}},{"x":3743,"y":2406,"data":{"alt":56,"type":2,"area":444}},{"x":3732,"y":2407,"data":{"alt":56,"type":1,"area":444}},{"x":3733,"y":2407,"data":{"alt":56,"type":2,"area":444}},{"x":3734,"y":2407,"data":{"alt":56,"type":2,"area":444}},{"x":3735,"y":2407,"data":{"alt":56,"type":2,"area":444}},{"x":3741,"y":2407,"data":{"alt":56,"type":2,"area":444}},{"x":3742,"y":2407,"data":{"alt":56,"type":2,"area":444}},{"x":3743,"y":2407,"data":{"alt":56,"type":2,"area":444}},{"x":3734,"y":2408,"data":{"alt":56,"type":2,"area":444}},{"x":3740,"y":2408,"data":{"alt":56,"type":2,"area":444}},{"x":3741,"y":2408,"data":{"alt":56,"type":2,"area":444}},{"x":3742,"y":2408,"data":{"alt":56,"type":2,"area":444}},{"x":3743,"y":2408,"data":{"alt":56,"type":2,"area":444}},{"x":3740,"y":2409,"data":{"alt":56,"type":2,"area":444}},{"x":3741,"y":2409,"data":{"alt":56,"type":2,"area":444}},{"x":3742,"y":2409,"data":{"alt":56,"type":2,"area":444}},{"x":3743,"y":2409,"data":{"alt":56,"type":2,"area":444}},{"x":3741,"y":2410,"data":{"alt":56,"type":2,"area":444}},{"x":3742,"y":2410,"data":{"alt":56,"type":2,"area":444}},{"x":3743,"y":2410,"data":{"alt":56,"type":2,"area":444}},{"x":3726,"y":2388,"data":{"alt":56,"type":2,"area":444}},{"x":3727,"y":2388,"data":{"alt":56,"type":2,"area":444}},{"x":3728,"y":2388,"data":{"alt":56,"type":2,"area":444}},{"x":3726,"y":2389,"data":{"alt":56,"type":2,"area":444}},{"x":3727,"y":2389,"data":{"alt":56,"type":2,"area":444}},{"x":3728,"y":2389,"data":{"alt":56,"type":2,"area":444}},{"x":3729,"y":2389,"data":{"alt":56,"type":2,"area":444}},{"x":3728,"y":2390,"data":{"alt":56,"type":2,"area":444}},{"x":3729,"y":2390,"data":{"alt":56,"type":2,"area":444}},{"x":3730,"y":2390,"data":{"alt":56,"type":2,"area":444}},{"x":3731,"y":2390,"data":{"alt":56,"type":2,"area":444}},{"x":3738,"y":2390,"data":{"alt":56,"type":2,"area":444}},{"x":3739,"y":2390,"data":{"alt":56,"type":2,"area":444}},{"x":3740,"y":2390,"data":{"alt":56,"type":2,"area":444}},{"x":3727,"y":2391,"data":{"alt":56,"type":2,"area":444}},{"x":3728,"y":2391,"data":{"alt":56,"type":2,"area":444}},{"x":3729,"y":2391,"data":{"alt":56,"type":2,"area":444}},{"x":3730,"y":2391,"data":{"alt":56,"type":2,"area":444}},{"x":3731,"y":2391,"data":{"alt":56,"type":2,"area":444}},{"x":3736,"y":2391,"data":{"alt":56,"type":2,"area":444}},{"x":3737,"y":2391,"data":{"alt":56,"type":2,"area":444}},{"x":3738,"y":2391,"data":{"alt":56,"type":2,"area":444}},{"x":3739,"y":2391,"data":{"alt":56,"type":2,"area":444}},{"x":3740,"y":2391,"data":{"alt":56,"type":2,"area":444}},{"x":3741,"y":2391,"data":{"alt":56,"type":2,"area":444}},{"x":3727,"y":2392,"data":{"alt":56,"type":2,"area":444}},{"x":3728,"y":2392,"data":{"alt":56,"type":2,"area":444}},{"x":3729,"y":2392,"data":{"alt":56,"type":2,"area":444}},{"x":3730,"y":2392,"data":{"alt":56,"type":2,"area":444}},{"x":3731,"y":2392,"data":{"alt":56,"type":2,"area":444}},{"x":3732,"y":2392,"data":{"alt":56,"type":2,"area":444}},{"x":3733,"y":2392,"data":{"alt":56,"type":2,"area":444}},{"x":3735,"y":2392,"data":{"alt":56,"type":2,"area":444}},{"x":3736,"y":2392,"data":{"alt":56,"type":2,"area":444}},{"x":3737,"y":2392,"data":{"alt":56,"type":2,"area":444}},{"x":3738,"y":2392,"data":{"alt":56,"type":2,"area":444}},{"x":3739,"y":2392,"data":{"alt":56,"type":2,"area":444}},{"x":3740,"y":2392,"data":{"alt":56,"type":2,"area":444}},{"x":3741,"y":2392,"data":{"alt":56,"type":2,"area":444}},{"x":3742,"y":2392,"data":{"alt":56,"type":2,"area":444}},{"x":3727,"y":2393,"data":{"alt":56,"type":2,"area":444}},{"x":3728,"y":2393,"data":{"alt":56,"type":2,"area":444}},{"x":3729,"y":2393,"data":{"alt":56,"type":2,"area":444}},{"x":3730,"y":2393,"data":{"alt":56,"type":2,"area":444}},{"x":3731,"y":2393,"data":{"alt":56,"type":2,"area":444}},{"x":3732,"y":2393,"data":{"alt":56,"type":2,"area":444}},{"x":3733,"y":2393,"data":{"alt":56,"type":2,"area":444}},{"x":3734,"y":2393,"data":{"alt":56,"type":2,"area":444}},{"x":3735,"y":2393,"data":{"alt":56,"type":2,"area":444}},{"x":3736,"y":2393,"data":{"alt":56,"type":2,"area":444}},{"x":3737,"y":2393,"data":{"alt":56,"type":2,"area":444}},{"x":3738,"y":2393,"data":{"alt":56,"type":2,"area":444}},{"x":3739,"y":2393,"data":{"alt":56,"type":2,"area":444}},{"x":3740,"y":2393,"data":{"alt":56,"type":2,"area":444}},{"x":3741,"y":2393,"data":{"alt":56,"type":2,"area":444}},{"x":3742,"y":2393,"data":{"alt":56,"type":2,"area":444}},{"x":3726,"y":2394,"data":{"alt":56,"type":1,"area":444}},{"x":3727,"y":2394,"data":{"alt":56,"type":1,"area":444}},{"x":3728,"y":2394,"data":{"alt":56,"type":2,"area":444}},{"x":3729,"y":2394,"data":{"alt":56,"type":2,"area":444}},{"x":3730,"y":2394,"data":{"alt":56,"type":2,"area":444}},{"x":3731,"y":2394,"data":{"alt":56,"type":2,"area":444}},{"x":3732,"y":2394,"data":{"alt":56,"type":2,"area":444}},{"x":3733,"y":2394,"data":{"alt":56,"type":2,"area":444}},{"x":3734,"y":2394,"data":{"alt":56,"type":2,"area":444}},{"x":3735,"y":2394,"data":{"alt":56,"type":2,"area":444}},{"x":3736,"y":2394,"data":{"alt":56,"type":2,"area":444}},{"x":3737,"y":2394,"data":{"alt":56,"type":2,"area":444}},{"x":3738,"y":2394,"data":{"alt":56,"type":2,"area":444}},{"x":3739,"y":2394,"data":{"alt":56,"type":2,"area":444}},{"x":3740,"y":2394,"data":{"alt":56,"type":2,"area":444}},{"x":3741,"y":2394,"data":{"alt":56,"type":2,"area":444}},{"x":3742,"y":2394,"data":{"alt":56,"type":2,"area":444}},{"x":3743,"y":2394,"data":{"alt":56,"type":2,"area":444}},{"x":3727,"y":2395,"data":{"alt":56,"type":2,"area":444}},{"x":3728,"y":2395,"data":{"alt":56,"type":1,"area":444}},{"x":3729,"y":2395,"data":{"alt":56,"type":2,"area":444}},{"x":3730,"y":2395,"data":{"alt":56,"type":2,"area":444}},{"x":3731,"y":2395,"data":{"alt":56,"type":2,"area":444}},{"x":3732,"y":2395,"data":{"alt":56,"type":2,"area":444}},{"x":3733,"y":2395,"data":{"alt":56,"type":2,"area":444}},{"x":3734,"y":2395,"data":{"alt":56,"type":2,"area":444}},{"x":3735,"y":2395,"data":{"alt":56,"type":2,"area":444}},{"x":3736,"y":2395,"data":{"alt":56,"type":2,"area":444}},{"x":3737,"y":2395,"data":{"alt":56,"type":2,"area":444}},{"x":3738,"y":2395,"data":{"alt":56,"type":2,"area":444}},{"x":3739,"y":2395,"data":{"alt":56,"type":2,"area":444}},{"x":3740,"y":2395,"data":{"alt":56,"type":2,"area":444}},{"x":3741,"y":2395,"data":{"alt":56,"type":2,"area":444}},{"x":3742,"y":2395,"data":{"alt":56,"type":2,"area":444}},{"x":3728,"y":2396,"data":{"alt":56,"type":2,"area":444}},{"x":3729,"y":2396,"data":{"alt":56,"type":1,"area":444}},{"x":3730,"y":2396,"data":{"alt":56,"type":1,"area":444}},{"x":3731,"y":2396,"data":{"alt":56,"type":1,"area":444}},{"x":3732,"y":2396,"data":{"alt":56,"type":2,"area":444}},{"x":3733,"y":2396,"data":{"alt":56,"type":2,"area":444}},{"x":3734,"y":2396,"data":{"alt":56,"type":2,"area":444}},{"x":3735,"y":2396,"data":{"alt":56,"type":2,"area":444}},{"x":3736,"y":2396,"data":{"alt":56,"type":2,"area":444}},{"x":3737,"y":2396,"data":{"alt":56,"type":2,"area":444}},{"x":3738,"y":2396,"data":{"alt":56,"type":2,"area":444}},{"x":3739,"y":2396,"data":{"alt":56,"type":2,"area":444}},{"x":3740,"y":2396,"data":{"alt":56,"type":2,"area":444}},{"x":3741,"y":2396,"data":{"alt":56,"type":2,"area":444}},{"x":3742,"y":2396,"data":{"alt":56,"type":2,"area":444}},{"x":3743,"y":2396,"data":{"alt":56,"type":2,"area":444}},{"x":3732,"y":2397,"data":{"alt":56,"type":1,"area":444}},{"x":3733,"y":2397,"data":{"alt":56,"type":2,"area":444}},{"x":3734,"y":2397,"data":{"alt":56,"type":2,"area":444}},{"x":3735,"y":2397,"data":{"alt":56,"type":2,"area":444}},{"x":3736,"y":2397,"data":{"alt":56,"type":2,"area":444}},{"x":3737,"y":2397,"data":{"alt":56,"type":2,"area":444}},{"x":3738,"y":2397,"data":{"alt":56,"type":2,"area":444}},{"x":3739,"y":2397,"data":{"alt":56,"type":2,"area":444}},{"x":3740,"y":2397,"data":{"alt":56,"type":2,"area":444}},{"x":3741,"y":2397,"data":{"alt":56,"type":2,"area":444}},{"x":3742,"y":2397,"data":{"alt":56,"type":2,"area":444}},{"x":3743,"y":2397,"data":{"alt":56,"type":2,"area":444}},{"x":3733,"y":2398,"data":{"alt":56,"type":1,"area":444}},{"x":3734,"y":2398,"data":{"alt":56,"type":2,"area":444}},{"x":3735,"y":2398,"data":{"alt":56,"type":2,"area":444}},{"x":3736,"y":2398,"data":{"alt":56,"type":2,"area":444}},{"x":3737,"y":2398,"data":{"alt":56,"type":2,"area":444}},{"x":3738,"y":2398,"data":{"alt":56,"type":2,"area":444}},{"x":3739,"y":2398,"data":{"alt":56,"type":2,"area":444}},{"x":3740,"y":2398,"data":{"alt":56,"type":2,"area":444}},{"x":3741,"y":2398,"data":{"alt":56,"type":2,"area":444}},{"x":3742,"y":2398,"data":{"alt":56,"type":2,"area":444}},{"x":3743,"y":2398,"data":{"alt":56,"type":2,"area":444}},{"x":3733,"y":2399,"data":{"alt":56,"type":2,"area":444}},{"x":3734,"y":2399,"data":{"alt":56,"type":1,"area":444}},{"x":3735,"y":2399,"data":{"alt":56,"type":2,"area":444}},{"x":3736,"y":2399,"data":{"alt":56,"type":2,"area":444}},{"x":3737,"y":2399,"data":{"alt":56,"type":2,"area":444}},{"x":3738,"y":2399,"data":{"alt":56,"type":2,"area":444}},{"x":3739,"y":2399,"data":{"alt":56,"type":2,"area":444}},{"x":3740,"y":2399,"data":{"alt":56,"type":2,"area":444}},{"x":3741,"y":2399,"data":{"alt":56,"type":2,"area":444}},{"x":3742,"y":2399,"data":{"alt":56,"type":2,"area":444}},{"x":3743,"y":2399,"data":{"alt":56,"type":2,"area":444}},{"x":3744,"y":2398,"data":{"alt":56,"type":2,"area":444}},{"x":3745,"y":2398,"data":{"alt":56,"type":2,"area":444}},{"x":3746,"y":2398,"data":{"alt":56,"type":2,"area":444}},{"x":3744,"y":2399,"data":{"alt":56,"type":2,"area":444}},{"x":3745,"y":2399,"data":{"alt":56,"type":2,"area":444}},{"x":3746,"y":2399,"data":{"alt":56,"type":2,"area":444}},{"x":3744,"y":2400,"data":{"alt":56,"type":2,"area":444}},{"x":3745,"y":2400,"data":{"alt":56,"type":2,"area":444}},{"x":3746,"y":2400,"data":{"alt":56,"type":2,"area":444}},{"x":3744,"y":2401,"data":{"alt":56,"type":2,"area":444}},{"x":3745,"y":2401,"data":{"alt":56,"type":2,"area":444}},{"x":3746,"y":2401,"data":{"alt":56,"type":2,"area":444}},{"x":3747,"y":2401,"data":{"alt":56,"type":2,"area":444}},{"x":3744,"y":2402,"data":{"alt":56,"type":2,"area":444}},{"x":3745,"y":2402,"data":{"alt":56,"type":2,"area":444}},{"x":3746,"y":2402,"data":{"alt":56,"type":2,"area":444}},{"x":3744,"y":2403,"data":{"alt":56,"type":2,"area":444}},{"x":3745,"y":2403,"data":{"alt":56,"type":2,"area":444}},{"x":3746,"y":2403,"data":{"alt":56,"type":2,"area":444}},{"x":3744,"y":2404,"data":{"alt":56,"type":2,"area":444}},{"x":3745,"y":2404,"data":{"alt":56,"type":2,"area":444}},{"x":3744,"y":2405,"data":{"alt":56,"type":2,"area":444}},{"x":3745,"y":2405,"data":{"alt":56,"type":2,"area":444}},{"x":3744,"y":2406,"data":{"alt":56,"type":2,"area":444}},{"x":3745,"y":2406,"data":{"alt":56,"type":2,"area":444}},{"x":3746,"y":2406,"data":{"alt":56,"type":2,"area":444}},{"x":3744,"y":2407,"data":{"alt":56,"type":2,"area":444}},{"x":3745,"y":2407,"data":{"alt":56,"type":2,"area":444}},{"x":3746,"y":2407,"data":{"alt":56,"type":2,"area":444}},{"x":3744,"y":2408,"data":{"alt":56,"type":2,"area":444}},{"x":3745,"y":2408,"data":{"alt":56,"type":2,"area":444}},{"x":3744,"y":2409,"data":{"alt":56,"type":2,"area":444}},{"x":3745,"y":2409,"data":{"alt":56,"type":2,"area":444}}]