[{"x":3727,"y":2458,"data":{"alt":4,"type":1,"area":446}},{"x":3727,"y":2459,"data":{"alt":4,"type":1,"area":446}},{"x":3727,"y":2460,"data":{"alt":4,"type":1,"area":446}},{"x":3727,"y":2461,"data":{"alt":4,"type":1,"area":446}},{"x":3727,"y":2462,"data":{"alt":4,"type":1,"area":446}},{"x":3727,"y":2463,"data":{"alt":4,"type":1,"area":446}},{"x":3727,"y":2464,"data":{"alt":4,"type":1,"area":446}},{"x":3727,"y":2465,"data":{"alt":4,"type":1,"area":446}},{"x":3727,"y":2466,"data":{"alt":4,"type":1,"area":446}},{"x":3727,"y":2467,"data":{"alt":4,"type":1,"area":446}},{"x":3727,"y":2468,"data":{"alt":4,"type":1,"area":446}},{"x":3727,"y":2469,"data":{"alt":4,"type":1,"area":446}},{"x":3727,"y":2470,"data":{"alt":4,"type":1,"area":446}}]