[{"x":726,"y":137,"data":{"alt":3,"fertility":100,"region":2121,"area":447}},{"x":726,"y":138,"data":{"alt":3,"fertility":100,"region":2121,"area":447}},{"x":727,"y":138,"data":{"alt":4,"fertility":100,"region":2121,"area":447}},{"x":729,"y":138,"data":{"alt":4,"fertility":100,"region":2121,"area":447}},{"x":727,"y":139,"data":{"alt":4,"fertility":100,"region":2121,"area":447}},{"x":729,"y":139,"data":{"alt":4,"fertility":100,"region":2121,"area":447}},{"x":730,"y":139,"data":{"alt":4,"fertility":100,"region":2121,"area":447}},{"x":727,"y":140,"data":{"alt":4,"fertility":100,"region":2121,"area":447}},{"x":728,"y":140,"data":{"alt":4,"fertility":100,"forest":40,"region":2121,"area":447}},{"x":729,"y":140,"data":{"alt":4,"fertility":100,"region":2121,"area":447}}]