[{"x":3731,"y":2176,"data":{"alt":51,"type":2,"area":448}},{"x":3731,"y":2177,"data":{"alt":51,"type":2,"area":448}},{"x":3732,"y":2177,"data":{"alt":51,"type":2,"area":448}},{"x":3733,"y":2177,"data":{"alt":51,"type":2,"area":448}},{"x":3733,"y":2178,"data":{"alt":51,"type":2,"area":448}},{"x":3734,"y":2178,"data":{"alt":51,"type":2,"area":448}},{"x":3733,"y":2179,"data":{"alt":51,"type":2,"area":448}},{"x":3733,"y":2180,"data":{"alt":51,"type":2,"area":448}},{"x":3732,"y":2181,"data":{"alt":51,"type":2,"area":448}},{"x":3733,"y":2181,"data":{"alt":51,"type":2,"area":448}},{"x":3732,"y":2182,"data":{"alt":51,"type":2,"area":448}},{"x":3731,"y":2175,"data":{"alt":51,"type":2,"area":448}}]