[{"x":727,"y":124,"data":{"alt":4,"fertility":100,"region":2121,"area":449}},{"x":728,"y":124,"data":{"alt":4,"fertility":100,"region":2121,"area":449}},{"x":729,"y":124,"data":{"alt":4,"fertility":100,"region":2121,"area":449}},{"x":730,"y":124,"data":{"alt":4,"fertility":100,"region":2121,"area":449}},{"x":731,"y":124,"data":{"alt":4,"fertility":100,"forest":40,"region":2121,"area":449}},{"x":727,"y":125,"data":{"alt":4,"fertility":100,"forest":80,"region":2121,"area":449}},{"x":728,"y":125,"data":{"alt":4,"fertility":100,"region":2121,"area":449}},{"x":729,"y":125,"data":{"alt":4,"fertility":100,"forest":80,"region":2121,"area":449}},{"x":730,"y":125,"data":{"alt":4,"fertility":100,"region":2121,"area":449}},{"x":727,"y":126,"data":{"alt":4,"fertility":100,"region":2121,"area":449}},{"x":728,"y":126,"data":{"alt":4,"fertility":100,"region":2121,"area":449}},{"x":729,"y":126,"data":{"alt":4,"fertility":100,"region":2121,"area":449}},{"x":730,"y":126,"data":{"alt":4,"fertility":100,"region":2121,"area":449}},{"x":731,"y":126,"data":{"alt":4,"fertility":100,"region":2121,"area":449}},{"x":732,"y":126,"data":{"alt":4,"fertility":100,"region":2121,"area":449}},{"x":730,"y":127,"data":{"alt":4,"fertility":100,"region":2121,"area":449}},{"x":731,"y":127,"data":{"alt":4,"fertility":100,"region":2121,"area":449}},{"x":730,"y":128,"data":{"alt":4,"fertility":100,"forest":40,"region":2121,"area":449}},{"x":731,"y":128,"data":{"alt":4,"fertility":100,"region":2121,"area":449}},{"x":730,"y":129,"data":{"alt":3,"fertility":100,"region":2121,"area":449}},{"x":731,"y":129,"data":{"alt":4,"fertility":100,"forest":40,"region":2121,"area":449}},{"x":732,"y":129,"data":{"alt":4,"fertility":100,"region":2121,"area":449}},{"x":730,"y":130,"data":{"alt":4,"fertility":100,"forest":40,"region":2121,"area":449}},{"x":731,"y":130,"data":{"alt":4,"fertility":100,"region":2121,"area":449}},{"x":732,"y":130,"data":{"alt":4,"fertility":100,"region":2121,"area":449}},{"x":732,"y":131,"data":{"alt":3,"fertility":100,"region":2121,"area":449}}]