[{"x":91,"y":1879,"data":{"alt":3,"fertility":60,"region":2143,"area":45}},{"x":92,"y":1879,"data":{"alt":3,"fertility":60,"region":2143,"area":45}},{"x":91,"y":1880,"data":{"alt":3,"fertility":60,"region":2143,"area":45}},{"x":92,"y":1880,"data":{"alt":3,"fertility":60,"region":2143,"area":45}},{"x":93,"y":1880,"data":{"alt":3,"fertility":60,"region":2143,"area":45}},{"x":95,"y":1880,"data":{"alt":3,"fertility":60,"region":2143,"area":45}},{"x":91,"y":1881,"data":{"alt":3,"fertility":60,"region":2143,"area":45}},{"x":94,"y":1881,"data":{"alt":3,"fertility":60,"region":2143,"area":45}},{"x":95,"y":1881,"data":{"alt":3,"fertility":60,"forest":40,"region":2143,"area":45}},{"x":91,"y":1882,"data":{"alt":3,"fertility":60,"region":2143,"area":45}},{"x":93,"y":1882,"data":{"alt":3,"fertility":60,"region":2143,"area":45}},{"x":94,"y":1882,"data":{"alt":3,"fertility":60,"region":2143,"area":45}},{"x":96,"y":1880,"data":{"alt":3,"fertility":60,"region":2143,"area":45}},{"x":97,"y":1880,"data":{"alt":3,"fertility":60,"region":2143,"area":45}},{"x":96,"y":1881,"data":{"alt":3,"fertility":60,"region":2143,"area":45}},{"x":97,"y":1881,"data":{"alt":3,"fertility":60,"forest":40,"region":2143,"area":45}}]