[{"x":3743,"y":2481,"data":{"alt":1,"type":2,"area":450}},{"x":3743,"y":2482,"data":{"alt":1,"type":2,"area":450}},{"x":3746,"y":2477,"data":{"alt":2,"type":1,"area":450}},{"x":3746,"y":2478,"data":{"alt":1,"type":1,"area":450}},{"x":3745,"y":2479,"data":{"alt":1,"type":1,"area":450}},{"x":3746,"y":2479,"data":{"alt":1,"type":1,"area":450}},{"x":3744,"y":2480,"data":{"alt":1,"type":2,"area":450}},{"x":3745,"y":2480,"data":{"alt":1,"type":2,"area":450}},{"x":3744,"y":2481,"data":{"alt":1,"type":2,"area":450}},{"x":3745,"y":2481,"data":{"alt":1,"type":2,"area":450}},{"x":3744,"y":2482,"data":{"alt":1,"type":2,"area":450}},{"x":3744,"y":2483,"data":{"alt":1,"type":2,"area":450}}]