[{"x":731,"y":2831,"data":{"alt":6,"fertility":60,"region":2135,"area":451}},{"x":732,"y":2831,"data":{"alt":5,"fertility":60,"region":2135,"area":451}},{"x":730,"y":2832,"data":{"alt":6,"fertility":60,"region":2135,"area":451}},{"x":731,"y":2832,"data":{"alt":6,"fertility":60,"region":2135,"area":451}},{"x":732,"y":2832,"data":{"alt":5,"fertility":60,"region":2135,"area":451}},{"x":733,"y":2832,"data":{"alt":5,"fertility":60,"region":2135,"area":451}},{"x":727,"y":2833,"data":{"alt":6,"fertility":60,"region":2135,"area":451}},{"x":728,"y":2833,"data":{"alt":6,"fertility":60,"region":2135,"area":451}},{"x":729,"y":2833,"data":{"alt":6,"fertility":60,"region":2135,"area":451}},{"x":730,"y":2833,"data":{"alt":6,"fertility":60,"region":2135,"area":451}},{"x":731,"y":2833,"data":{"alt":5,"fertility":60,"region":2135,"area":451}},{"x":732,"y":2833,"data":{"alt":5,"fertility":60,"region":2135,"area":451}},{"x":733,"y":2833,"data":{"alt":5,"fertility":60,"region":2135,"area":451}},{"x":733,"y":2834,"data":{"alt":5,"fertility":60,"region":2135,"area":451}}]