[{"x":3751,"y":2483,"data":{"alt":1,"type":2,"area":452}},{"x":3752,"y":2483,"data":{"alt":1,"type":2,"area":452}},{"x":3753,"y":2483,"data":{"alt":1,"type":2,"area":452}},{"x":3754,"y":2483,"data":{"alt":1,"type":2,"area":452}},{"x":3750,"y":2484,"data":{"alt":1,"type":1,"area":452}},{"x":3751,"y":2484,"data":{"alt":1,"type":2,"area":452}},{"x":3752,"y":2484,"data":{"alt":1,"type":2,"area":452}},{"x":3753,"y":2484,"data":{"alt":1,"type":2,"area":452}},{"x":3754,"y":2484,"data":{"alt":1,"type":2,"area":452}},{"x":3751,"y":2485,"data":{"alt":1,"type":1,"area":452}},{"x":3752,"y":2485,"data":{"alt":1,"type":2,"area":452}},{"x":3753,"y":2485,"data":{"alt":1,"type":2,"area":452}},{"x":3754,"y":2485,"data":{"alt":1,"type":2,"area":452}},{"x":3751,"y":2486,"data":{"alt":1,"type":1,"area":452}},{"x":3752,"y":2486,"data":{"alt":1,"type":2,"area":452}},{"x":3750,"y":2487,"data":{"alt":1,"type":1,"area":452}},{"x":3751,"y":2487,"data":{"alt":1,"type":2,"area":452}}]