[{"x":742,"y":140,"data":{"alt":4,"fertility":100,"region":2121,"area":453}},{"x":743,"y":140,"data":{"alt":4,"fertility":100,"region":2121,"area":453}},{"x":744,"y":140,"data":{"alt":4,"fertility":100,"region":2121,"area":453}},{"x":742,"y":141,"data":{"alt":4,"fertility":100,"region":2121,"area":453}},{"x":743,"y":141,"data":{"alt":4,"fertility":100,"region":2121,"area":453}},{"x":744,"y":141,"data":{"alt":4,"fertility":100,"region":2121,"area":453}},{"x":741,"y":142,"data":{"alt":4,"fertility":100,"region":2121,"area":453}},{"x":742,"y":142,"data":{"alt":4,"fertility":100,"region":2121,"area":453}},{"x":743,"y":142,"data":{"alt":4,"fertility":100,"region":2121,"area":453}},{"x":744,"y":142,"data":{"alt":4,"fertility":100,"region":2121,"area":453}},{"x":745,"y":142,"data":{"alt":3,"fertility":100,"region":2121,"area":453}},{"x":741,"y":143,"data":{"alt":4,"fertility":100,"region":2121,"area":453}},{"x":742,"y":143,"data":{"alt":4,"fertility":100,"region":2121,"area":453}},{"x":743,"y":143,"data":{"alt":4,"fertility":100,"region":2121,"area":453}},{"x":744,"y":143,"data":{"alt":4,"fertility":100,"region":2121,"area":453}},{"x":745,"y":143,"data":{"alt":4,"fertility":100,"region":2121,"area":453}},{"x":740,"y":144,"data":{"alt":3,"fertility":100,"region":2121,"area":453}},{"x":741,"y":144,"data":{"alt":4,"fertility":100,"region":2121,"area":453}},{"x":742,"y":144,"data":{"alt":4,"fertility":100,"region":2121,"area":453}},{"x":743,"y":144,"data":{"alt":4,"fertility":100,"region":2121,"area":453}},{"x":744,"y":144,"data":{"alt":4,"fertility":100,"region":2121,"area":453}},{"x":745,"y":144,"data":{"alt":4,"fertility":100,"region":2121,"area":453}},{"x":741,"y":145,"data":{"alt":4,"fertility":100,"region":2121,"area":453}},{"x":742,"y":145,"data":{"alt":4,"fertility":100,"region":2121,"area":453}},{"x":743,"y":145,"data":{"alt":4,"fertility":100,"region":2121,"area":453}},{"x":744,"y":145,"data":{"alt":4,"fertility":100,"region":2121,"area":453}},{"x":745,"y":145,"data":{"alt":4,"fertility":100,"region":2121,"area":453}},{"x":746,"y":145,"data":{"alt":4,"fertility":100,"region":2121,"area":453}},{"x":741,"y":146,"data":{"alt":4,"fertility":100,"forest":40,"region":2121,"area":453}},{"x":742,"y":146,"data":{"alt":4,"fertility":100,"region":2121,"area":453}},{"x":743,"y":146,"data":{"alt":4,"fertility":100,"region":2121,"area":453}},{"x":744,"y":146,"data":{"alt":4,"fertility":100,"region":2121,"area":453}},{"x":745,"y":146,"data":{"alt":4,"fertility":100,"region":2121,"area":453}},{"x":744,"y":147,"data":{"alt":3,"fertility":100,"region":2121,"area":453}}]