[{"x":3759,"y":2153,"data":{"alt":51,"type":1,"area":454}},{"x":3760,"y":2153,"data":{"alt":51,"type":1,"area":454}},{"x":3761,"y":2153,"data":{"alt":51,"type":1,"area":454}},{"x":3762,"y":2153,"data":{"alt":51,"type":1,"area":454}},{"x":3763,"y":2153,"data":{"alt":51,"type":1,"area":454}},{"x":3764,"y":2153,"data":{"alt":51,"type":1,"area":454}},{"x":3765,"y":2153,"data":{"alt":51,"type":1,"area":454}},{"x":3766,"y":2153,"data":{"alt":51,"type":1,"area":454}},{"x":3767,"y":2153,"data":{"alt":51,"type":1,"area":454}},{"x":3768,"y":2153,"data":{"alt":51,"type":1,"area":454}},{"x":3769,"y":2153,"data":{"alt":51,"type":1,"area":454}},{"x":3770,"y":2153,"data":{"alt":51,"type":1,"area":454}},{"x":3771,"y":2153,"data":{"alt":51,"type":1,"area":454}},{"x":3772,"y":2153,"data":{"alt":51,"type":1,"area":454}}]