[{"x":3760,"y":2173,"data":{"alt":51,"type":1,"area":456}},{"x":3761,"y":2173,"data":{"alt":51,"type":1,"area":456}},{"x":3762,"y":2173,"data":{"alt":51,"type":1,"area":456}},{"x":3763,"y":2173,"data":{"alt":51,"type":1,"area":456}},{"x":3764,"y":2173,"data":{"alt":51,"type":1,"area":456}},{"x":3765,"y":2173,"data":{"alt":51,"type":1,"area":456}},{"x":3766,"y":2173,"data":{"alt":51,"type":1,"area":456}},{"x":3767,"y":2173,"data":{"alt":51,"type":1,"area":456}},{"x":3768,"y":2173,"data":{"alt":51,"type":1,"area":456}},{"x":3769,"y":2173,"data":{"alt":51,"type":1,"area":456}}]