[{"x":745,"y":2824,"data":{"alt":5,"fertility":60,"region":2135,"area":457}},{"x":746,"y":2825,"data":{"alt":5,"fertility":60,"region":2135,"area":457}},{"x":747,"y":2825,"data":{"alt":5,"fertility":60,"region":2135,"area":457}},{"x":744,"y":2826,"data":{"alt":5,"fertility":60,"region":2135,"area":457}},{"x":746,"y":2826,"data":{"alt":4,"fertility":60,"region":2135,"area":457}},{"x":747,"y":2826,"data":{"alt":4,"fertility":60,"region":2135,"area":457}},{"x":744,"y":2827,"data":{"alt":5,"fertility":60,"region":2135,"area":457}},{"x":745,"y":2827,"data":{"alt":5,"fertility":60,"region":2135,"area":457}},{"x":744,"y":2828,"data":{"alt":5,"fertility":60,"region":2135,"area":457}},{"x":745,"y":2828,"data":{"alt":5,"fertility":60,"region":2135,"area":457}},{"x":746,"y":2828,"data":{"alt":5,"fertility":60,"region":2135,"area":457}},{"x":744,"y":2829,"data":{"alt":5,"fertility":60,"region":2135,"area":457}},{"x":745,"y":2829,"data":{"alt":5,"fertility":60,"region":2135,"area":457}},{"x":744,"y":2830,"data":{"alt":5,"fertility":100,"region":2135,"area":457}}]