[{"x":3771,"y":2172,"data":{"alt":51,"type":1,"area":458}},{"x":3772,"y":2172,"data":{"alt":51,"type":2,"area":458}},{"x":3772,"y":2173,"data":{"alt":51,"type":1,"area":458}},{"x":3773,"y":2173,"data":{"alt":51,"type":1,"area":458}},{"x":3775,"y":2173,"data":{"alt":51,"type":2,"area":458}},{"x":3770,"y":2174,"data":{"alt":51,"type":1,"area":458}},{"x":3771,"y":2174,"data":{"alt":51,"type":1,"area":458}},{"x":3772,"y":2174,"data":{"alt":51,"type":1,"area":458}},{"x":3773,"y":2174,"data":{"alt":51,"type":2,"area":458}},{"x":3774,"y":2174,"data":{"alt":51,"type":1,"area":458}},{"x":3775,"y":2174,"data":{"alt":51,"type":1,"area":458}},{"x":3773,"y":2175,"data":{"alt":51,"type":1,"area":458}},{"x":3774,"y":2175,"data":{"alt":51,"type":1,"area":458}},{"x":3774,"y":2176,"data":{"alt":51,"type":2,"area":458}}]