[{"x":478,"y":252,"data":{"alt":103,"type":1,"area":46}},{"x":478,"y":253,"data":{"alt":103,"type":2,"area":46}},{"x":479,"y":253,"data":{"alt":103,"type":1,"area":46}},{"x":477,"y":254,"data":{"alt":103,"type":2,"area":46}},{"x":478,"y":254,"data":{"alt":103,"type":2,"area":46}},{"x":479,"y":254,"data":{"alt":103,"type":1,"area":46}},{"x":476,"y":255,"data":{"alt":103,"type":2,"area":46}},{"x":477,"y":255,"data":{"alt":103,"type":2,"area":46}},{"x":478,"y":255,"data":{"alt":103,"type":2,"area":46}},{"x":479,"y":255,"data":{"alt":103,"type":2,"area":46}},{"x":464,"y":288,"data":{"alt":103,"type":1,"area":46}},{"x":465,"y":288,"data":{"alt":103,"type":1,"area":46}},{"x":466,"y":288,"data":{"alt":103,"type":1,"area":46}},{"x":467,"y":288,"data":{"alt":103,"type":1,"area":46}},{"x":468,"y":288,"data":{"alt":103,"type":1,"area":46}},{"x":469,"y":288,"data":{"alt":103,"type":1,"area":46}},{"x":470,"y":288,"data":{"alt":103,"type":2,"area":46}},{"x":475,"y":288,"data":{"alt":103,"type":2,"area":46}},{"x":476,"y":288,"data":{"alt":103,"type":2,"area":46}},{"x":477,"y":288,"data":{"alt":103,"type":2,"area":46}},{"x":478,"y":288,"data":{"alt":103,"type":2,"area":46}},{"x":479,"y":288,"data":{"alt":103,"type":2,"area":46}},{"x":465,"y":289,"data":{"alt":103,"type":1,"area":46}},{"x":475,"y":289,"data":{"alt":103,"type":2,"area":46}},{"x":476,"y":289,"data":{"alt":103,"type":2,"area":46}},{"x":477,"y":289,"data":{"alt":103,"type":2,"area":46}},{"x":478,"y":289,"data":{"alt":103,"type":2,"area":46}},{"x":479,"y":289,"data":{"alt":103,"type":2,"area":46}},{"x":465,"y":290,"data":{"alt":103,"type":1,"area":46}},{"x":474,"y":290,"data":{"alt":103,"type":2,"area":46}},{"x":475,"y":290,"data":{"alt":103,"type":2,"area":46}},{"x":476,"y":290,"data":{"alt":103,"type":2,"area":46}},{"x":477,"y":290,"data":{"alt":103,"type":2,"area":46}},{"x":478,"y":290,"data":{"alt":103,"type":2,"area":46}},{"x":479,"y":290,"data":{"alt":103,"type":2,"area":46}},{"x":474,"y":291,"data":{"alt":103,"type":2,"area":46}},{"x":475,"y":291,"data":{"alt":103,"type":2,"area":46}},{"x":476,"y":291,"data":{"alt":103,"type":2,"area":46}},{"x":477,"y":291,"data":{"alt":103,"type":2,"area":46}},{"x":478,"y":291,"data":{"alt":103,"type":2,"area":46}},{"x":479,"y":291,"data":{"alt":103,"type":2,"area":46}},{"x":475,"y":292,"data":{"alt":103,"type":2,"area":46}},{"x":476,"y":292,"data":{"alt":103,"type":2,"area":46}},{"x":477,"y":292,"data":{"alt":103,"type":2,"area":46}},{"x":478,"y":292,"data":{"alt":103,"type":2,"area":46}},{"x":479,"y":292,"data":{"alt":103,"type":2,"area":46}},{"x":475,"y":293,"data":{"alt":103,"type":2,"area":46}},{"x":476,"y":293,"data":{"alt":103,"type":2,"area":46}},{"x":477,"y":293,"data":{"alt":103,"type":2,"area":46}},{"x":478,"y":293,"data":{"alt":103,"type":2,"area":46}},{"x":479,"y":293,"data":{"alt":103,"type":2,"area":46}},{"x":476,"y":294,"data":{"alt":103,"type":2,"area":46}},{"x":477,"y":294,"data":{"alt":103,"type":2,"area":46}},{"x":478,"y":294,"data":{"alt":103,"type":2,"area":46}},{"x":479,"y":294,"data":{"alt":103,"type":2,"area":46}},{"x":475,"y":295,"data":{"alt":103,"type":2,"area":46}},{"x":476,"y":295,"data":{"alt":103,"type":2,"area":46}},{"x":477,"y":295,"data":{"alt":103,"type":2,"area":46}},{"x":478,"y":295,"data":{"alt":103,"type":2,"area":46}},{"x":479,"y":295,"data":{"alt":103,"type":2,"area":46}},{"x":476,"y":296,"data":{"alt":103,"type":2,"area":46}},{"x":477,"y":296,"data":{"alt":103,"type":2,"area":46}},{"x":478,"y":296,"data":{"alt":103,"type":2,"area":46}},{"x":479,"y":296,"data":{"alt":103,"type":2,"area":46}},{"x":476,"y":297,"data":{"alt":103,"type":2,"area":46}},{"x":477,"y":297,"data":{"alt":103,"type":2,"area":46}},{"x":478,"y":297,"data":{"alt":103,"type":2,"area":46}},{"x":479,"y":297,"data":{"alt":103,"type":2,"area":46}},{"x":477,"y":298,"data":{"alt":103,"type":2,"area":46}},{"x":478,"y":298,"data":{"alt":103,"type":2,"area":46}},{"x":479,"y":298,"data":{"alt":103,"type":2,"area":46}},{"x":471,"y":299,"data":{"alt":103,"type":2,"area":46}},{"x":473,"y":299,"data":{"alt":103,"type":2,"area":46}},{"x":477,"y":299,"data":{"alt":103,"type":2,"area":46}},{"x":478,"y":299,"data":{"alt":103,"type":2,"area":46}},{"x":479,"y":299,"data":{"alt":103,"type":2,"area":46}},{"x":469,"y":300,"data":{"alt":103,"type":2,"area":46}},{"x":470,"y":300,"data":{"alt":103,"type":2,"area":46}},{"x":471,"y":300,"data":{"alt":103,"type":2,"area":46}},{"x":472,"y":300,"data":{"alt":103,"type":2,"area":46}},{"x":473,"y":300,"data":{"alt":103,"type":2,"area":46}},{"x":476,"y":300,"data":{"alt":103,"type":2,"area":46}},{"x":477,"y":300,"data":{"alt":103,"type":2,"area":46}},{"x":478,"y":300,"data":{"alt":103,"type":2,"area":46}},{"x":479,"y":300,"data":{"alt":103,"type":2,"area":46}},{"x":470,"y":301,"data":{"alt":103,"type":2,"area":46}},{"x":471,"y":301,"data":{"alt":103,"type":2,"area":46}},{"x":472,"y":301,"data":{"alt":103,"type":2,"area":46}},{"x":473,"y":301,"data":{"alt":103,"type":2,"area":46}},{"x":476,"y":301,"data":{"alt":103,"type":2,"area":46}},{"x":477,"y":301,"data":{"alt":103,"type":2,"area":46}},{"x":478,"y":301,"data":{"alt":103,"type":2,"area":46}},{"x":479,"y":301,"data":{"alt":103,"type":2,"area":46}},{"x":460,"y":302,"data":{"alt":103,"type":2,"area":46}},{"x":468,"y":302,"data":{"alt":103,"type":2,"area":46}},{"x":469,"y":302,"data":{"alt":103,"type":2,"area":46}},{"x":470,"y":302,"data":{"alt":103,"type":2,"area":46}},{"x":471,"y":302,"data":{"alt":103,"type":2,"area":46}},{"x":472,"y":302,"data":{"alt":103,"type":2,"area":46}},{"x":473,"y":302,"data":{"alt":103,"type":2,"area":46}},{"x":476,"y":302,"data":{"alt":103,"type":2,"area":46}},{"x":477,"y":302,"data":{"alt":103,"type":2,"area":46}},{"x":478,"y":302,"data":{"alt":103,"type":2,"area":46}},{"x":460,"y":303,"data":{"alt":103,"type":2,"area":46}},{"x":465,"y":303,"data":{"alt":103,"type":2,"area":46}},{"x":467,"y":303,"data":{"alt":103,"type":2,"area":46}},{"x":468,"y":303,"data":{"alt":103,"type":2,"area":46}},{"x":469,"y":303,"data":{"alt":103,"type":2,"area":46}},{"x":470,"y":303,"data":{"alt":103,"type":2,"area":46}},{"x":471,"y":303,"data":{"alt":103,"type":2,"area":46}},{"x":472,"y":303,"data":{"alt":103,"type":2,"area":46}},{"x":473,"y":303,"data":{"alt":103,"type":2,"area":46}},{"x":474,"y":303,"data":{"alt":103,"type":2,"area":46}},{"x":475,"y":303,"data":{"alt":103,"type":2,"area":46}},{"x":476,"y":303,"data":{"alt":103,"type":2,"area":46}},{"x":477,"y":303,"data":{"alt":103,"type":2,"area":46}},{"x":460,"y":304,"data":{"alt":103,"type":2,"area":46}},{"x":464,"y":304,"data":{"alt":103,"type":2,"area":46}},{"x":465,"y":304,"data":{"alt":103,"type":2,"area":46}},{"x":466,"y":304,"data":{"alt":103,"type":2,"area":46}},{"x":467,"y":304,"data":{"alt":103,"type":2,"area":46}},{"x":468,"y":304,"data":{"alt":103,"type":2,"area":46}},{"x":469,"y":304,"data":{"alt":103,"type":2,"area":46}},{"x":470,"y":304,"data":{"alt":103,"type":2,"area":46}},{"x":471,"y":304,"data":{"alt":103,"type":2,"area":46}},{"x":472,"y":304,"data":{"alt":103,"type":2,"area":46}},{"x":473,"y":304,"data":{"alt":103,"type":2,"area":46}},{"x":474,"y":304,"data":{"alt":103,"type":2,"area":46}},{"x":475,"y":304,"data":{"alt":103,"type":2,"area":46}},{"x":476,"y":304,"data":{"alt":103,"type":2,"area":46}},{"x":477,"y":304,"data":{"alt":103,"type":2,"area":46}},{"x":460,"y":305,"data":{"alt":103,"type":2,"area":46}},{"x":463,"y":305,"data":{"alt":103,"type":2,"area":46}},{"x":464,"y":305,"data":{"alt":103,"type":2,"area":46}},{"x":465,"y":305,"data":{"alt":103,"type":2,"area":46}},{"x":466,"y":305,"data":{"alt":103,"type":2,"area":46}},{"x":467,"y":305,"data":{"alt":103,"type":2,"area":46}},{"x":468,"y":305,"data":{"alt":103,"type":2,"area":46}},{"x":469,"y":305,"data":{"alt":103,"type":2,"area":46}},{"x":470,"y":305,"data":{"alt":103,"type":2,"area":46}},{"x":471,"y":305,"data":{"alt":103,"type":2,"area":46}},{"x":472,"y":305,"data":{"alt":103,"type":2,"area":46}},{"x":473,"y":305,"data":{"alt":103,"type":2,"area":46}},{"x":474,"y":305,"data":{"alt":103,"type":2,"area":46}},{"x":475,"y":305,"data":{"alt":103,"type":2,"area":46}},{"x":476,"y":305,"data":{"alt":103,"type":2,"area":46}},{"x":477,"y":305,"data":{"alt":103,"type":2,"area":46}},{"x":460,"y":306,"data":{"alt":103,"type":2,"area":46}},{"x":462,"y":306,"data":{"alt":103,"type":2,"area":46}},{"x":463,"y":306,"data":{"alt":103,"type":2,"area":46}},{"x":464,"y":306,"data":{"alt":103,"type":2,"area":46}},{"x":465,"y":306,"data":{"alt":103,"type":2,"area":46}},{"x":466,"y":306,"data":{"alt":103,"type":2,"area":46}},{"x":467,"y":306,"data":{"alt":103,"type":2,"area":46}},{"x":468,"y":306,"data":{"alt":103,"type":2,"area":46}},{"x":469,"y":306,"data":{"alt":103,"type":2,"area":46}},{"x":470,"y":306,"data":{"alt":103,"type":2,"area":46}},{"x":471,"y":306,"data":{"alt":103,"type":2,"area":46}},{"x":472,"y":306,"data":{"alt":103,"type":2,"area":46}},{"x":473,"y":306,"data":{"alt":103,"type":2,"area":46}},{"x":474,"y":306,"data":{"alt":103,"type":2,"area":46}},{"x":475,"y":306,"data":{"alt":103,"type":2,"area":46}},{"x":476,"y":306,"data":{"alt":103,"type":2,"area":46}},{"x":477,"y":306,"data":{"alt":103,"type":2,"area":46}},{"x":478,"y":306,"data":{"alt":103,"type":2,"area":46}},{"x":479,"y":306,"data":{"alt":103,"type":2,"area":46}},{"x":460,"y":307,"data":{"alt":103,"type":2,"area":46}},{"x":461,"y":307,"data":{"alt":103,"type":2,"area":46}},{"x":462,"y":307,"data":{"alt":103,"type":2,"area":46}},{"x":463,"y":307,"data":{"alt":103,"type":2,"area":46}},{"x":464,"y":307,"data":{"alt":103,"type":2,"area":46}},{"x":465,"y":307,"data":{"alt":103,"type":2,"area":46}},{"x":466,"y":307,"data":{"alt":103,"type":2,"area":46}},{"x":467,"y":307,"data":{"alt":103,"type":2,"area":46}},{"x":468,"y":307,"data":{"alt":103,"type":2,"area":46}},{"x":469,"y":307,"data":{"alt":103,"type":2,"area":46}},{"x":470,"y":307,"data":{"alt":103,"type":2,"area":46}},{"x":471,"y":307,"data":{"alt":103,"type":2,"area":46}},{"x":472,"y":307,"data":{"alt":103,"type":2,"area":46}},{"x":473,"y":307,"data":{"alt":103,"type":2,"area":46}},{"x":474,"y":307,"data":{"alt":103,"type":2,"area":46}},{"x":475,"y":307,"data":{"alt":103,"type":2,"area":46}},{"x":476,"y":307,"data":{"alt":103,"type":2,"area":46}},{"x":477,"y":307,"data":{"alt":103,"type":2,"area":46}},{"x":478,"y":307,"data":{"alt":103,"type":2,"area":46}},{"x":479,"y":307,"data":{"alt":103,"type":2,"area":46}},{"x":460,"y":308,"data":{"alt":103,"type":2,"area":46}},{"x":461,"y":308,"data":{"alt":103,"type":2,"area":46}},{"x":462,"y":308,"data":{"alt":103,"type":2,"area":46}},{"x":463,"y":308,"data":{"alt":103,"type":2,"area":46}},{"x":464,"y":308,"data":{"alt":103,"type":2,"area":46}},{"x":465,"y":308,"data":{"alt":103,"type":2,"area":46}},{"x":466,"y":308,"data":{"alt":103,"type":2,"area":46}},{"x":467,"y":308,"data":{"alt":103,"type":2,"area":46}},{"x":468,"y":308,"data":{"alt":103,"type":2,"area":46}},{"x":469,"y":308,"data":{"alt":103,"type":2,"area":46}},{"x":470,"y":308,"data":{"alt":103,"type":2,"area":46}},{"x":471,"y":308,"data":{"alt":103,"type":2,"area":46}},{"x":472,"y":308,"data":{"alt":103,"type":2,"area":46}},{"x":473,"y":308,"data":{"alt":103,"type":2,"area":46}},{"x":474,"y":308,"data":{"alt":103,"type":2,"area":46}},{"x":475,"y":308,"data":{"alt":103,"type":2,"area":46}},{"x":476,"y":308,"data":{"alt":103,"type":2,"area":46}},{"x":477,"y":308,"data":{"alt":103,"type":2,"area":46}},{"x":478,"y":308,"data":{"alt":103,"type":2,"area":46}},{"x":479,"y":308,"data":{"alt":103,"type":2,"area":46}},{"x":461,"y":309,"data":{"alt":103,"type":2,"area":46}},{"x":462,"y":309,"data":{"alt":103,"type":2,"area":46}},{"x":463,"y":309,"data":{"alt":103,"type":2,"area":46}},{"x":464,"y":309,"data":{"alt":103,"type":2,"area":46}},{"x":465,"y":309,"data":{"alt":103,"type":2,"area":46}},{"x":466,"y":309,"data":{"alt":103,"type":2,"area":46}},{"x":467,"y":309,"data":{"alt":103,"type":2,"area":46}},{"x":468,"y":309,"data":{"alt":103,"type":2,"area":46}},{"x":469,"y":309,"data":{"alt":103,"type":2,"area":46}},{"x":470,"y":309,"data":{"alt":103,"type":2,"area":46}},{"x":471,"y":309,"data":{"alt":103,"type":2,"area":46}},{"x":472,"y":309,"data":{"alt":103,"type":2,"area":46}},{"x":473,"y":309,"data":{"alt":103,"type":2,"area":46}},{"x":474,"y":309,"data":{"alt":103,"type":2,"area":46}},{"x":475,"y":309,"data":{"alt":103,"type":2,"area":46}},{"x":476,"y":309,"data":{"alt":103,"type":2,"area":46}},{"x":477,"y":309,"data":{"alt":103,"type":2,"area":46}},{"x":478,"y":309,"data":{"alt":103,"type":2,"area":46}},{"x":479,"y":309,"data":{"alt":103,"type":2,"area":46}},{"x":462,"y":310,"data":{"alt":103,"type":2,"area":46}},{"x":463,"y":310,"data":{"alt":103,"type":2,"area":46}},{"x":464,"y":310,"data":{"alt":103,"type":2,"area":46}},{"x":465,"y":310,"data":{"alt":103,"type":2,"area":46}},{"x":466,"y":310,"data":{"alt":103,"type":2,"area":46}},{"x":467,"y":310,"data":{"alt":103,"type":2,"area":46}},{"x":468,"y":310,"data":{"alt":103,"type":2,"area":46}},{"x":469,"y":310,"data":{"alt":103,"type":2,"area":46}},{"x":470,"y":310,"data":{"alt":103,"type":2,"area":46}},{"x":471,"y":310,"data":{"alt":103,"type":2,"area":46}},{"x":472,"y":310,"data":{"alt":103,"type":2,"area":46}},{"x":473,"y":310,"data":{"alt":103,"type":2,"area":46}},{"x":474,"y":310,"data":{"alt":103,"type":2,"area":46}},{"x":475,"y":310,"data":{"alt":103,"type":2,"area":46}},{"x":476,"y":310,"data":{"alt":103,"type":2,"area":46}},{"x":477,"y":310,"data":{"alt":103,"type":2,"area":46}},{"x":478,"y":310,"data":{"alt":103,"type":2,"area":46}},{"x":479,"y":310,"data":{"alt":103,"type":2,"area":46}},{"x":462,"y":311,"data":{"alt":103,"type":2,"area":46}},{"x":463,"y":311,"data":{"alt":103,"type":2,"area":46}},{"x":464,"y":311,"data":{"alt":103,"type":2,"area":46}},{"x":465,"y":311,"data":{"alt":103,"type":2,"area":46}},{"x":466,"y":311,"data":{"alt":103,"type":2,"area":46}},{"x":467,"y":311,"data":{"alt":103,"type":2,"area":46}},{"x":468,"y":311,"data":{"alt":103,"type":2,"area":46}},{"x":469,"y":311,"data":{"alt":103,"type":2,"area":46}},{"x":470,"y":311,"data":{"alt":103,"type":2,"area":46}},{"x":471,"y":311,"data":{"alt":103,"type":2,"area":46}},{"x":472,"y":311,"data":{"alt":103,"type":2,"area":46}},{"x":473,"y":311,"data":{"alt":103,"type":2,"area":46}},{"x":474,"y":311,"data":{"alt":103,"type":2,"area":46}},{"x":475,"y":311,"data":{"alt":103,"type":2,"area":46}},{"x":476,"y":311,"data":{"alt":103,"type":2,"area":46}},{"x":477,"y":311,"data":{"alt":103,"type":2,"area":46}},{"x":478,"y":311,"data":{"alt":103,"type":2,"area":46}},{"x":461,"y":312,"data":{"alt":103,"type":2,"area":46}},{"x":462,"y":312,"data":{"alt":103,"type":2,"area":46}},{"x":463,"y":312,"data":{"alt":103,"type":2,"area":46}},{"x":464,"y":312,"data":{"alt":103,"type":2,"area":46}},{"x":465,"y":312,"data":{"alt":103,"type":2,"area":46}},{"x":466,"y":312,"data":{"alt":103,"type":2,"area":46}},{"x":467,"y":312,"data":{"alt":103,"type":2,"area":46}},{"x":468,"y":312,"data":{"alt":103,"type":2,"area":46}},{"x":469,"y":312,"data":{"alt":103,"type":2,"area":46}},{"x":470,"y":312,"data":{"alt":103,"type":2,"area":46}},{"x":471,"y":312,"data":{"alt":103,"type":2,"area":46}},{"x":472,"y":312,"data":{"alt":103,"type":2,"area":46}},{"x":473,"y":312,"data":{"alt":103,"type":2,"area":46}},{"x":474,"y":312,"data":{"alt":103,"type":2,"area":46}},{"x":475,"y":312,"data":{"alt":103,"type":2,"area":46}},{"x":476,"y":312,"data":{"alt":103,"type":2,"area":46}},{"x":477,"y":312,"data":{"alt":103,"type":2,"area":46}},{"x":478,"y":312,"data":{"alt":103,"type":2,"area":46}},{"x":461,"y":313,"data":{"alt":103,"type":2,"area":46}},{"x":462,"y":313,"data":{"alt":103,"type":2,"area":46}},{"x":463,"y":313,"data":{"alt":103,"type":2,"area":46}},{"x":464,"y":313,"data":{"alt":103,"type":2,"area":46}},{"x":465,"y":313,"data":{"alt":103,"type":2,"area":46}},{"x":466,"y":313,"data":{"alt":103,"type":2,"area":46}},{"x":467,"y":313,"data":{"alt":103,"type":2,"area":46}},{"x":468,"y":313,"data":{"alt":103,"type":2,"area":46}},{"x":469,"y":313,"data":{"alt":103,"type":2,"area":46}},{"x":470,"y":313,"data":{"alt":103,"type":2,"area":46}},{"x":471,"y":313,"data":{"alt":103,"type":2,"area":46}},{"x":472,"y":313,"data":{"alt":103,"type":2,"area":46}},{"x":473,"y":313,"data":{"alt":103,"type":2,"area":46}},{"x":474,"y":313,"data":{"alt":103,"type":2,"area":46}},{"x":475,"y":313,"data":{"alt":103,"type":2,"area":46}},{"x":476,"y":313,"data":{"alt":103,"type":2,"area":46}},{"x":477,"y":313,"data":{"alt":103,"type":2,"area":46}},{"x":460,"y":314,"data":{"alt":103,"type":2,"area":46}},{"x":461,"y":314,"data":{"alt":103,"type":2,"area":46}},{"x":462,"y":314,"data":{"alt":103,"type":2,"area":46}},{"x":463,"y":314,"data":{"alt":103,"type":2,"area":46}},{"x":464,"y":314,"data":{"alt":103,"type":2,"area":46}},{"x":465,"y":314,"data":{"alt":103,"type":2,"area":46}},{"x":466,"y":314,"data":{"alt":103,"type":2,"area":46}},{"x":467,"y":314,"data":{"alt":103,"type":2,"area":46}},{"x":468,"y":314,"data":{"alt":103,"type":2,"area":46}},{"x":469,"y":314,"data":{"alt":103,"type":2,"area":46}},{"x":470,"y":314,"data":{"alt":103,"type":2,"area":46}},{"x":471,"y":314,"data":{"alt":103,"type":2,"area":46}},{"x":473,"y":314,"data":{"alt":103,"type":2,"area":46}},{"x":474,"y":314,"data":{"alt":103,"type":2,"area":46}},{"x":475,"y":314,"data":{"alt":103,"type":2,"area":46}},{"x":476,"y":314,"data":{"alt":103,"type":2,"area":46}},{"x":460,"y":315,"data":{"alt":103,"type":2,"area":46}},{"x":461,"y":315,"data":{"alt":103,"type":2,"area":46}},{"x":462,"y":315,"data":{"alt":103,"type":2,"area":46}},{"x":463,"y":315,"data":{"alt":103,"type":2,"area":46}},{"x":464,"y":315,"data":{"alt":103,"type":2,"area":46}},{"x":465,"y":315,"data":{"alt":103,"type":2,"area":46}},{"x":466,"y":315,"data":{"alt":103,"type":2,"area":46}},{"x":467,"y":315,"data":{"alt":103,"type":2,"area":46}},{"x":468,"y":315,"data":{"alt":103,"type":2,"area":46}},{"x":469,"y":315,"data":{"alt":103,"type":2,"area":46}},{"x":470,"y":315,"data":{"alt":103,"type":2,"area":46}},{"x":460,"y":316,"data":{"alt":103,"type":2,"area":46}},{"x":461,"y":316,"data":{"alt":103,"type":2,"area":46}},{"x":462,"y":316,"data":{"alt":103,"type":2,"area":46}},{"x":463,"y":316,"data":{"alt":103,"type":2,"area":46}},{"x":464,"y":316,"data":{"alt":103,"type":2,"area":46}},{"x":465,"y":316,"data":{"alt":103,"type":2,"area":46}},{"x":466,"y":316,"data":{"alt":103,"type":2,"area":46}},{"x":467,"y":316,"data":{"alt":103,"type":2,"area":46}},{"x":468,"y":316,"data":{"alt":103,"type":2,"area":46}},{"x":469,"y":316,"data":{"alt":103,"type":2,"area":46}},{"x":470,"y":316,"data":{"alt":103,"type":2,"area":46}},{"x":460,"y":317,"data":{"alt":103,"type":2,"area":46}},{"x":461,"y":317,"data":{"alt":103,"type":2,"area":46}},{"x":462,"y":317,"data":{"alt":103,"type":2,"area":46}},{"x":463,"y":317,"data":{"alt":103,"type":2,"area":46}},{"x":464,"y":317,"data":{"alt":103,"type":2,"area":46}},{"x":465,"y":317,"data":{"alt":103,"type":2,"area":46}},{"x":466,"y":317,"data":{"alt":103,"type":2,"area":46}},{"x":467,"y":317,"data":{"alt":103,"type":2,"area":46}},{"x":468,"y":317,"data":{"alt":103,"type":2,"area":46}},{"x":459,"y":318,"data":{"alt":103,"type":2,"area":46}},{"x":460,"y":318,"data":{"alt":103,"type":2,"area":46}},{"x":461,"y":318,"data":{"alt":103,"type":2,"area":46}},{"x":462,"y":318,"data":{"alt":103,"type":2,"area":46}},{"x":463,"y":318,"data":{"alt":103,"type":2,"area":46}},{"x":464,"y":318,"data":{"alt":103,"type":2,"area":46}},{"x":465,"y":318,"data":{"alt":103,"type":2,"area":46}},{"x":466,"y":318,"data":{"alt":103,"type":2,"area":46}},{"x":467,"y":318,"data":{"alt":103,"type":2,"area":46}},{"x":459,"y":319,"data":{"alt":103,"type":2,"area":46}},{"x":460,"y":319,"data":{"alt":103,"type":2,"area":46}},{"x":461,"y":319,"data":{"alt":103,"type":2,"area":46}},{"x":462,"y":319,"data":{"alt":103,"type":2,"area":46}},{"x":463,"y":319,"data":{"alt":103,"type":2,"area":46}},{"x":464,"y":319,"data":{"alt":103,"type":2,"area":46}},{"x":465,"y":319,"data":{"alt":103,"type":2,"area":46}},{"x":466,"y":319,"data":{"alt":103,"type":2,"area":46}},{"x":467,"y":319,"data":{"alt":103,"type":2,"area":46}},{"x":476,"y":256,"data":{"alt":103,"type":2,"area":46}},{"x":477,"y":256,"data":{"alt":103,"type":2,"area":46}},{"x":478,"y":256,"data":{"alt":103,"type":2,"area":46}},{"x":479,"y":256,"data":{"alt":103,"type":2,"area":46}},{"x":476,"y":257,"data":{"alt":103,"type":2,"area":46}},{"x":477,"y":257,"data":{"alt":103,"type":2,"area":46}},{"x":478,"y":257,"data":{"alt":103,"type":2,"area":46}},{"x":479,"y":257,"data":{"alt":103,"type":2,"area":46}},{"x":476,"y":258,"data":{"alt":103,"type":2,"area":46}},{"x":477,"y":258,"data":{"alt":103,"type":2,"area":46}},{"x":478,"y":258,"data":{"alt":103,"type":2,"area":46}},{"x":479,"y":258,"data":{"alt":103,"type":2,"area":46}},{"x":476,"y":259,"data":{"alt":103,"type":2,"area":46}},{"x":477,"y":259,"data":{"alt":103,"type":2,"area":46}},{"x":478,"y":259,"data":{"alt":103,"type":2,"area":46}},{"x":479,"y":259,"data":{"alt":103,"type":2,"area":46}},{"x":476,"y":260,"data":{"alt":103,"type":2,"area":46}},{"x":477,"y":260,"data":{"alt":103,"type":2,"area":46}},{"x":478,"y":260,"data":{"alt":103,"type":2,"area":46}},{"x":479,"y":260,"data":{"alt":103,"type":2,"area":46}},{"x":476,"y":261,"data":{"alt":103,"type":2,"area":46}},{"x":477,"y":261,"data":{"alt":103,"type":2,"area":46}},{"x":478,"y":261,"data":{"alt":103,"type":2,"area":46}},{"x":479,"y":261,"data":{"alt":103,"type":2,"area":46}},{"x":476,"y":262,"data":{"alt":103,"type":2,"area":46}},{"x":477,"y":262,"data":{"alt":103,"type":2,"area":46}},{"x":479,"y":265,"data":{"alt":103,"type":2,"area":46}},{"x":479,"y":266,"data":{"alt":103,"type":2,"area":46}},{"x":479,"y":267,"data":{"alt":103,"type":2,"area":46}},{"x":478,"y":268,"data":{"alt":103,"type":2,"area":46}},{"x":479,"y":268,"data":{"alt":103,"type":2,"area":46}},{"x":478,"y":269,"data":{"alt":103,"type":2,"area":46}},{"x":477,"y":270,"data":{"alt":103,"type":2,"area":46}},{"x":478,"y":270,"data":{"alt":103,"type":2,"area":46}},{"x":477,"y":271,"data":{"alt":103,"type":2,"area":46}},{"x":478,"y":271,"data":{"alt":103,"type":2,"area":46}},{"x":477,"y":272,"data":{"alt":103,"type":2,"area":46}},{"x":478,"y":272,"data":{"alt":103,"type":2,"area":46}},{"x":479,"y":272,"data":{"alt":103,"type":2,"area":46}},{"x":473,"y":273,"data":{"alt":103,"type":2,"area":46}},{"x":474,"y":273,"data":{"alt":103,"type":2,"area":46}},{"x":475,"y":273,"data":{"alt":103,"type":2,"area":46}},{"x":477,"y":273,"data":{"alt":103,"type":2,"area":46}},{"x":478,"y":273,"data":{"alt":103,"type":2,"area":46}},{"x":479,"y":273,"data":{"alt":103,"type":2,"area":46}},{"x":468,"y":274,"data":{"alt":103,"type":2,"area":46}},{"x":472,"y":274,"data":{"alt":103,"type":2,"area":46}},{"x":473,"y":274,"data":{"alt":103,"type":2,"area":46}},{"x":474,"y":274,"data":{"alt":103,"type":2,"area":46}},{"x":475,"y":274,"data":{"alt":103,"type":2,"area":46}},{"x":477,"y":274,"data":{"alt":103,"type":2,"area":46}},{"x":478,"y":274,"data":{"alt":103,"type":2,"area":46}},{"x":479,"y":274,"data":{"alt":103,"type":1,"area":46}},{"x":468,"y":275,"data":{"alt":103,"type":2,"area":46}},{"x":472,"y":275,"data":{"alt":103,"type":2,"area":46}},{"x":473,"y":275,"data":{"alt":103,"type":2,"area":46}},{"x":474,"y":275,"data":{"alt":103,"type":2,"area":46}},{"x":475,"y":275,"data":{"alt":103,"type":2,"area":46}},{"x":476,"y":275,"data":{"alt":103,"type":2,"area":46}},{"x":477,"y":275,"data":{"alt":103,"type":2,"area":46}},{"x":478,"y":275,"data":{"alt":103,"type":1,"area":46}},{"x":479,"y":275,"data":{"alt":103,"type":2,"area":46}},{"x":468,"y":276,"data":{"alt":103,"type":2,"area":46}},{"x":469,"y":276,"data":{"alt":103,"type":2,"area":46}},{"x":470,"y":276,"data":{"alt":103,"type":2,"area":46}},{"x":471,"y":276,"data":{"alt":103,"type":2,"area":46}},{"x":472,"y":276,"data":{"alt":103,"type":2,"area":46}},{"x":473,"y":276,"data":{"alt":103,"type":2,"area":46}},{"x":474,"y":276,"data":{"alt":103,"type":2,"area":46}},{"x":475,"y":276,"data":{"alt":103,"type":2,"area":46}},{"x":476,"y":276,"data":{"alt":103,"type":2,"area":46}},{"x":477,"y":276,"data":{"alt":103,"type":1,"area":46}},{"x":479,"y":276,"data":{"alt":103,"type":2,"area":46}},{"x":468,"y":277,"data":{"alt":103,"type":2,"area":46}},{"x":469,"y":277,"data":{"alt":103,"type":2,"area":46}},{"x":470,"y":277,"data":{"alt":103,"type":2,"area":46}},{"x":471,"y":277,"data":{"alt":103,"type":2,"area":46}},{"x":472,"y":277,"data":{"alt":103,"type":2,"area":46}},{"x":473,"y":277,"data":{"alt":103,"type":2,"area":46}},{"x":474,"y":277,"data":{"alt":103,"type":2,"area":46}},{"x":475,"y":277,"data":{"alt":103,"type":2,"area":46}},{"x":476,"y":277,"data":{"alt":103,"type":1,"area":46}},{"x":468,"y":278,"data":{"alt":103,"type":2,"area":46}},{"x":469,"y":278,"data":{"alt":103,"type":2,"area":46}},{"x":470,"y":278,"data":{"alt":103,"type":2,"area":46}},{"x":471,"y":278,"data":{"alt":103,"type":2,"area":46}},{"x":472,"y":278,"data":{"alt":103,"type":2,"area":46}},{"x":473,"y":278,"data":{"alt":103,"type":2,"area":46}},{"x":474,"y":278,"data":{"alt":103,"type":2,"area":46}},{"x":475,"y":278,"data":{"alt":103,"type":2,"area":46}},{"x":476,"y":278,"data":{"alt":103,"type":1,"area":46}},{"x":479,"y":278,"data":{"alt":103,"type":1,"area":46}},{"x":468,"y":279,"data":{"alt":103,"type":2,"area":46}},{"x":469,"y":279,"data":{"alt":103,"type":2,"area":46}},{"x":470,"y":279,"data":{"alt":103,"type":2,"area":46}},{"x":471,"y":279,"data":{"alt":103,"type":2,"area":46}},{"x":472,"y":279,"data":{"alt":103,"type":2,"area":46}},{"x":473,"y":279,"data":{"alt":103,"type":2,"area":46}},{"x":474,"y":279,"data":{"alt":103,"type":2,"area":46}},{"x":475,"y":279,"data":{"alt":103,"type":2,"area":46}},{"x":476,"y":279,"data":{"alt":103,"type":1,"area":46}},{"x":479,"y":279,"data":{"alt":103,"type":1,"area":46}},{"x":467,"y":280,"data":{"alt":103,"type":2,"area":46}},{"x":468,"y":280,"data":{"alt":103,"type":2,"area":46}},{"x":469,"y":280,"data":{"alt":103,"type":2,"area":46}},{"x":470,"y":280,"data":{"alt":103,"type":2,"area":46}},{"x":471,"y":280,"data":{"alt":103,"type":2,"area":46}},{"x":472,"y":280,"data":{"alt":103,"type":2,"area":46}},{"x":473,"y":280,"data":{"alt":103,"type":2,"area":46}},{"x":474,"y":280,"data":{"alt":103,"type":2,"res":1,"resAmount":80,"area":46}},{"x":475,"y":280,"data":{"alt":103,"type":2,"area":46}},{"x":476,"y":280,"data":{"alt":103,"type":1,"area":46}},{"x":477,"y":280,"data":{"alt":103,"type":2,"area":46}},{"x":479,"y":280,"data":{"alt":103,"type":1,"area":46}},{"x":468,"y":281,"data":{"alt":103,"type":2,"area":46}},{"x":469,"y":281,"data":{"alt":103,"type":2,"area":46}},{"x":470,"y":281,"data":{"alt":103,"type":2,"area":46}},{"x":471,"y":281,"data":{"alt":103,"type":2,"area":46}},{"x":472,"y":281,"data":{"alt":103,"type":2,"area":46}},{"x":473,"y":281,"data":{"alt":103,"type":2,"area":46}},{"x":474,"y":281,"data":{"alt":103,"type":2,"area":46}},{"x":475,"y":281,"data":{"alt":103,"type":1,"area":46}},{"x":476,"y":281,"data":{"alt":103,"type":1,"area":46}},{"x":477,"y":281,"data":{"alt":103,"type":1,"area":46}},{"x":478,"y":281,"data":{"alt":103,"type":1,"area":46}},{"x":479,"y":281,"data":{"alt":103,"type":2,"area":46}},{"x":470,"y":282,"data":{"alt":103,"type":2,"area":46}},{"x":471,"y":282,"data":{"alt":103,"type":2,"area":46}},{"x":472,"y":282,"data":{"alt":103,"type":2,"area":46}},{"x":473,"y":282,"data":{"alt":103,"type":2,"area":46}},{"x":474,"y":282,"data":{"alt":103,"type":2,"area":46}},{"x":475,"y":282,"data":{"alt":103,"type":1,"area":46}},{"x":476,"y":282,"data":{"alt":103,"type":1,"area":46}},{"x":477,"y":282,"data":{"alt":103,"type":2,"area":46}},{"x":478,"y":282,"data":{"alt":103,"type":2,"area":46}},{"x":479,"y":282,"data":{"alt":103,"type":2,"area":46}},{"x":470,"y":283,"data":{"alt":103,"type":2,"area":46}},{"x":471,"y":283,"data":{"alt":103,"type":2,"area":46}},{"x":472,"y":283,"data":{"alt":103,"type":2,"area":46}},{"x":473,"y":283,"data":{"alt":103,"type":2,"area":46}},{"x":474,"y":283,"data":{"alt":103,"type":1,"area":46}},{"x":475,"y":283,"data":{"alt":103,"type":1,"area":46}},{"x":476,"y":283,"data":{"alt":103,"type":2,"area":46}},{"x":477,"y":283,"data":{"alt":103,"type":2,"area":46}},{"x":478,"y":283,"data":{"alt":103,"type":2,"area":46}},{"x":479,"y":283,"data":{"alt":103,"type":2,"area":46}},{"x":470,"y":284,"data":{"alt":103,"type":2,"area":46}},{"x":471,"y":284,"data":{"alt":103,"type":2,"area":46}},{"x":472,"y":284,"data":{"alt":103,"type":2,"area":46}},{"x":473,"y":284,"data":{"alt":103,"type":1,"area":46}},{"x":474,"y":284,"data":{"alt":103,"type":1,"area":46}},{"x":475,"y":284,"data":{"alt":103,"type":2,"area":46}},{"x":476,"y":284,"data":{"alt":103,"type":2,"area":46}},{"x":477,"y":284,"data":{"alt":103,"type":2,"area":46}},{"x":478,"y":284,"data":{"alt":103,"type":2,"area":46}},{"x":479,"y":284,"data":{"alt":103,"type":2,"area":46}},{"x":470,"y":285,"data":{"alt":103,"type":2,"area":46}},{"x":471,"y":285,"data":{"alt":103,"type":2,"area":46}},{"x":472,"y":285,"data":{"alt":103,"type":1,"area":46}},{"x":473,"y":285,"data":{"alt":103,"type":1,"area":46}},{"x":474,"y":285,"data":{"alt":103,"type":2,"area":46}},{"x":475,"y":285,"data":{"alt":103,"type":2,"area":46}},{"x":476,"y":285,"data":{"alt":103,"type":2,"area":46}},{"x":477,"y":285,"data":{"alt":103,"type":2,"area":46}},{"x":478,"y":285,"data":{"alt":103,"type":2,"area":46}},{"x":479,"y":285,"data":{"alt":103,"type":2,"area":46}},{"x":469,"y":286,"data":{"alt":103,"type":2,"area":46}},{"x":470,"y":286,"data":{"alt":103,"type":2,"area":46}},{"x":471,"y":286,"data":{"alt":103,"type":1,"area":46}},{"x":472,"y":286,"data":{"alt":103,"type":1,"area":46}},{"x":473,"y":286,"data":{"alt":103,"type":2,"area":46}},{"x":474,"y":286,"data":{"alt":103,"type":2,"area":46}},{"x":475,"y":286,"data":{"alt":103,"type":2,"area":46}},{"x":476,"y":286,"data":{"alt":103,"type":2,"area":46}},{"x":477,"y":286,"data":{"alt":103,"type":2,"area":46}},{"x":478,"y":286,"data":{"alt":103,"type":2,"area":46}},{"x":479,"y":286,"data":{"alt":103,"type":2,"area":46}},{"x":470,"y":287,"data":{"alt":103,"type":1,"area":46}},{"x":471,"y":287,"data":{"alt":103,"type":1,"area":46}},{"x":472,"y":287,"data":{"alt":103,"type":2,"area":46}},{"x":473,"y":287,"data":{"alt":103,"type":2,"area":46}},{"x":474,"y":287,"data":{"alt":103,"type":2,"area":46}},{"x":475,"y":287,"data":{"alt":103,"type":2,"area":46}},{"x":476,"y":287,"data":{"alt":103,"type":2,"area":46}},{"x":477,"y":287,"data":{"alt":103,"type":2,"area":46}},{"x":478,"y":287,"data":{"alt":103,"type":2,"area":46}},{"x":479,"y":287,"data":{"alt":103,"type":2,"area":46}},{"x":460,"y":320,"data":{"alt":103,"type":2,"area":46}},{"x":461,"y":320,"data":{"alt":103,"type":2,"area":46}},{"x":462,"y":320,"data":{"alt":103,"type":2,"area":46}},{"x":463,"y":320,"data":{"alt":103,"type":2,"area":46}},{"x":464,"y":320,"data":{"alt":103,"type":2,"area":46}},{"x":465,"y":320,"data":{"alt":103,"type":2,"area":46}},{"x":466,"y":320,"data":{"alt":103,"type":2,"area":46}},{"x":467,"y":320,"data":{"alt":103,"type":2,"area":46}},{"x":460,"y":321,"data":{"alt":103,"type":2,"area":46}},{"x":461,"y":321,"data":{"alt":103,"type":2,"area":46}},{"x":462,"y":321,"data":{"alt":103,"type":2,"area":46}},{"x":463,"y":321,"data":{"alt":103,"type":2,"area":46}},{"x":464,"y":321,"data":{"alt":103,"type":2,"area":46}},{"x":465,"y":321,"data":{"alt":103,"type":2,"area":46}},{"x":461,"y":322,"data":{"alt":103,"type":2,"area":46}},{"x":462,"y":322,"data":{"alt":103,"type":2,"area":46}},{"x":463,"y":322,"data":{"alt":103,"type":2,"area":46}},{"x":461,"y":323,"data":{"alt":103,"type":2,"area":46}},{"x":462,"y":323,"data":{"alt":103,"type":2,"area":46}},{"x":480,"y":256,"data":{"alt":103,"type":1,"area":46}},{"x":481,"y":256,"data":{"alt":103,"type":2,"area":46}},{"x":482,"y":256,"data":{"alt":103,"type":2,"area":46}},{"x":483,"y":256,"data":{"alt":103,"type":2,"area":46}},{"x":484,"y":256,"data":{"alt":103,"type":2,"area":46}},{"x":485,"y":256,"data":{"alt":103,"type":2,"area":46}},{"x":480,"y":257,"data":{"alt":103,"type":2,"area":46}},{"x":481,"y":257,"data":{"alt":103,"type":1,"area":46}},{"x":482,"y":257,"data":{"alt":103,"type":2,"area":46}},{"x":483,"y":257,"data":{"alt":103,"type":2,"area":46}},{"x":484,"y":257,"data":{"alt":103,"type":2,"area":46}},{"x":485,"y":257,"data":{"alt":103,"type":2,"area":46}},{"x":486,"y":257,"data":{"alt":103,"type":2,"area":46}},{"x":487,"y":257,"data":{"alt":103,"type":2,"area":46}},{"x":480,"y":258,"data":{"alt":103,"type":2,"area":46}},{"x":481,"y":258,"data":{"alt":103,"type":2,"area":46}},{"x":482,"y":258,"data":{"alt":103,"type":1,"area":46}},{"x":483,"y":258,"data":{"alt":103,"type":2,"area":46}},{"x":484,"y":258,"data":{"alt":103,"type":2,"area":46}},{"x":485,"y":258,"data":{"alt":103,"type":2,"area":46}},{"x":486,"y":258,"data":{"alt":103,"type":2,"area":46}},{"x":487,"y":258,"data":{"alt":103,"type":2,"area":46}},{"x":480,"y":259,"data":{"alt":103,"type":2,"area":46}},{"x":481,"y":259,"data":{"alt":103,"type":2,"area":46}},{"x":482,"y":259,"data":{"alt":103,"type":2,"area":46}},{"x":483,"y":259,"data":{"alt":103,"type":1,"area":46}},{"x":484,"y":259,"data":{"alt":103,"type":2,"area":46}},{"x":485,"y":259,"data":{"alt":103,"type":2,"area":46}},{"x":486,"y":259,"data":{"alt":103,"type":2,"area":46}},{"x":480,"y":260,"data":{"alt":103,"type":2,"area":46}},{"x":481,"y":260,"data":{"alt":103,"type":2,"area":46}},{"x":482,"y":260,"data":{"alt":103,"type":2,"area":46}},{"x":483,"y":260,"data":{"alt":103,"type":2,"area":46}},{"x":484,"y":260,"data":{"alt":103,"type":1,"area":46}},{"x":485,"y":260,"data":{"alt":103,"type":2,"area":46}},{"x":486,"y":260,"data":{"alt":103,"type":2,"area":46}},{"x":480,"y":261,"data":{"alt":103,"type":2,"area":46}},{"x":481,"y":261,"data":{"alt":103,"type":2,"area":46}},{"x":482,"y":261,"data":{"alt":103,"type":2,"area":46}},{"x":483,"y":261,"data":{"alt":103,"type":2,"area":46}},{"x":484,"y":261,"data":{"alt":103,"type":2,"area":46}},{"x":485,"y":261,"data":{"alt":103,"type":1,"area":46}},{"x":486,"y":261,"data":{"alt":103,"type":2,"area":46}},{"x":488,"y":261,"data":{"alt":103,"type":2,"area":46}},{"x":480,"y":262,"data":{"alt":103,"type":2,"area":46}},{"x":481,"y":262,"data":{"alt":103,"type":2,"area":46}},{"x":482,"y":262,"data":{"alt":103,"type":2,"area":46}},{"x":483,"y":262,"data":{"alt":103,"type":2,"area":46}},{"x":484,"y":262,"data":{"alt":103,"type":2,"area":46}},{"x":485,"y":262,"data":{"alt":103,"type":2,"area":46}},{"x":486,"y":262,"data":{"alt":103,"type":1,"area":46}},{"x":487,"y":262,"data":{"alt":103,"type":2,"area":46}},{"x":488,"y":262,"data":{"alt":103,"type":2,"area":46}},{"x":490,"y":262,"data":{"alt":103,"type":2,"area":46}},{"x":480,"y":263,"data":{"alt":103,"type":2,"area":46}},{"x":481,"y":263,"data":{"alt":103,"type":2,"area":46}},{"x":482,"y":263,"data":{"alt":103,"type":2,"area":46}},{"x":483,"y":263,"data":{"alt":103,"type":2,"area":46}},{"x":484,"y":263,"data":{"alt":103,"type":2,"area":46}},{"x":485,"y":263,"data":{"alt":103,"type":2,"area":46}},{"x":486,"y":263,"data":{"alt":103,"type":2,"area":46}},{"x":487,"y":263,"data":{"alt":103,"type":1,"area":46}},{"x":488,"y":263,"data":{"alt":103,"type":2,"area":46}},{"x":489,"y":263,"data":{"alt":103,"type":2,"area":46}},{"x":490,"y":263,"data":{"alt":103,"type":2,"area":46}},{"x":480,"y":264,"data":{"alt":103,"type":2,"area":46}},{"x":481,"y":264,"data":{"alt":103,"type":2,"area":46}},{"x":482,"y":264,"data":{"alt":103,"type":2,"area":46}},{"x":483,"y":264,"data":{"alt":103,"type":2,"area":46}},{"x":484,"y":264,"data":{"alt":103,"type":2,"area":46}},{"x":485,"y":264,"data":{"alt":103,"type":2,"area":46}},{"x":486,"y":264,"data":{"alt":103,"type":2,"area":46}},{"x":487,"y":264,"data":{"alt":103,"type":2,"area":46}},{"x":488,"y":264,"data":{"alt":103,"type":1,"area":46}},{"x":489,"y":264,"data":{"alt":103,"type":2,"area":46}},{"x":490,"y":264,"data":{"alt":103,"type":2,"area":46}},{"x":480,"y":265,"data":{"alt":103,"type":2,"area":46}},{"x":481,"y":265,"data":{"alt":103,"type":2,"area":46}},{"x":484,"y":265,"data":{"alt":103,"type":2,"area":46}},{"x":485,"y":265,"data":{"alt":103,"type":2,"area":46}},{"x":486,"y":265,"data":{"alt":103,"type":2,"res":1,"resAmount":80,"area":46}},{"x":487,"y":265,"data":{"alt":103,"type":2,"area":46}},{"x":488,"y":265,"data":{"alt":103,"type":1,"area":46}},{"x":489,"y":265,"data":{"alt":103,"type":2,"area":46}},{"x":490,"y":265,"data":{"alt":103,"type":2,"area":46}},{"x":491,"y":265,"data":{"alt":103,"type":2,"area":46}},{"x":492,"y":265,"data":{"alt":103,"type":2,"area":46}},{"x":480,"y":266,"data":{"alt":103,"type":2,"area":46}},{"x":481,"y":266,"data":{"alt":103,"type":2,"area":46}},{"x":485,"y":266,"data":{"alt":103,"type":2,"area":46}},{"x":486,"y":266,"data":{"alt":103,"type":2,"area":46}},{"x":487,"y":266,"data":{"alt":103,"type":2,"area":46}},{"x":488,"y":266,"data":{"alt":103,"type":1,"area":46}},{"x":489,"y":266,"data":{"alt":103,"type":2,"area":46}},{"x":490,"y":266,"data":{"alt":103,"type":2,"area":46}},{"x":491,"y":266,"data":{"alt":103,"type":2,"area":46}},{"x":492,"y":266,"data":{"alt":103,"type":2,"area":46}},{"x":480,"y":267,"data":{"alt":103,"type":2,"area":46}},{"x":484,"y":267,"data":{"alt":103,"type":2,"area":46}},{"x":485,"y":267,"data":{"alt":103,"type":2,"area":46}},{"x":486,"y":267,"data":{"alt":103,"type":2,"area":46}},{"x":487,"y":267,"data":{"alt":103,"type":2,"area":46}},{"x":488,"y":267,"data":{"alt":103,"type":1,"area":46}},{"x":489,"y":267,"data":{"alt":103,"type":2,"area":46}},{"x":490,"y":267,"data":{"alt":103,"type":2,"area":46}},{"x":491,"y":267,"data":{"alt":103,"type":2,"area":46}},{"x":485,"y":268,"data":{"alt":103,"type":2,"area":46}},{"x":486,"y":268,"data":{"alt":103,"type":2,"area":46}},{"x":487,"y":268,"data":{"alt":103,"type":2,"area":46}},{"x":488,"y":268,"data":{"alt":103,"type":1,"area":46}},{"x":483,"y":269,"data":{"alt":103,"type":2,"area":46}},{"x":484,"y":269,"data":{"alt":103,"type":2,"area":46}},{"x":485,"y":269,"data":{"alt":103,"type":2,"area":46}},{"x":486,"y":269,"data":{"alt":103,"type":2,"area":46}},{"x":487,"y":269,"data":{"alt":103,"type":2,"area":46}},{"x":488,"y":269,"data":{"alt":103,"type":1,"area":46}},{"x":483,"y":270,"data":{"alt":103,"type":2,"area":46}},{"x":484,"y":270,"data":{"alt":103,"type":2,"area":46}},{"x":485,"y":270,"data":{"alt":103,"type":2,"area":46}},{"x":486,"y":270,"data":{"alt":103,"type":2,"area":46}},{"x":487,"y":270,"data":{"alt":103,"type":2,"area":46}},{"x":488,"y":270,"data":{"alt":103,"type":1,"area":46}},{"x":481,"y":271,"data":{"alt":103,"type":2,"area":46}},{"x":482,"y":271,"data":{"alt":103,"type":2,"area":46}},{"x":483,"y":271,"data":{"alt":103,"type":2,"area":46}},{"x":484,"y":271,"data":{"alt":103,"type":2,"area":46}},{"x":485,"y":271,"data":{"alt":103,"type":2,"area":46}},{"x":486,"y":271,"data":{"alt":103,"type":2,"area":46}},{"x":487,"y":271,"data":{"alt":103,"type":2,"area":46}},{"x":488,"y":271,"data":{"alt":103,"type":1,"area":46}},{"x":489,"y":271,"data":{"alt":103,"type":2,"area":46}},{"x":484,"y":272,"data":{"alt":103,"type":2,"area":46}},{"x":485,"y":272,"data":{"alt":103,"type":2,"area":46}},{"x":487,"y":272,"data":{"alt":103,"type":2,"area":46}},{"x":488,"y":272,"data":{"alt":103,"type":1,"area":46}},{"x":480,"y":273,"data":{"alt":103,"type":2,"area":46}},{"x":488,"y":273,"data":{"alt":103,"type":1,"area":46}},{"x":480,"y":274,"data":{"alt":103,"type":1,"area":46}},{"x":481,"y":274,"data":{"alt":103,"type":1,"area":46}},{"x":482,"y":274,"data":{"alt":103,"type":1,"area":46}},{"x":483,"y":274,"data":{"alt":103,"type":1,"area":46}},{"x":488,"y":274,"data":{"alt":103,"type":1,"area":46}},{"x":480,"y":275,"data":{"alt":103,"type":2,"area":46}},{"x":481,"y":275,"data":{"alt":103,"type":1,"area":46}},{"x":488,"y":275,"data":{"alt":103,"type":1,"area":46}},{"x":480,"y":276,"data":{"alt":103,"type":2,"area":46}},{"x":481,"y":276,"data":{"alt":103,"type":1,"area":46}},{"x":482,"y":276,"data":{"alt":103,"type":2,"area":46}},{"x":488,"y":276,"data":{"alt":103,"type":1,"area":46}},{"x":480,"y":277,"data":{"alt":103,"type":1,"area":46}},{"x":481,"y":277,"data":{"alt":103,"type":2,"area":46}},{"x":482,"y":277,"data":{"alt":103,"type":2,"area":46}},{"x":488,"y":277,"data":{"alt":103,"type":1,"area":46}},{"x":481,"y":278,"data":{"alt":103,"type":2,"area":46}},{"x":482,"y":278,"data":{"alt":103,"type":2,"area":46}},{"x":487,"y":278,"data":{"alt":103,"type":1,"area":46}},{"x":488,"y":278,"data":{"alt":103,"type":2,"area":46}},{"x":480,"y":279,"data":{"alt":103,"type":2,"area":46}},{"x":481,"y":279,"data":{"alt":103,"type":2,"area":46}},{"x":482,"y":279,"data":{"alt":103,"type":2,"area":46}},{"x":483,"y":279,"data":{"alt":103,"type":2,"area":46}},{"x":484,"y":279,"data":{"alt":103,"type":2,"area":46}},{"x":487,"y":279,"data":{"alt":103,"type":1,"area":46}},{"x":480,"y":280,"data":{"alt":103,"type":2,"area":46}},{"x":481,"y":280,"data":{"alt":103,"type":2,"area":46}},{"x":482,"y":280,"data":{"alt":103,"type":2,"area":46}},{"x":483,"y":280,"data":{"alt":103,"type":2,"area":46}},{"x":484,"y":280,"data":{"alt":103,"type":2,"area":46}},{"x":487,"y":280,"data":{"alt":103,"type":1,"area":46}},{"x":480,"y":281,"data":{"alt":103,"type":2,"area":46}},{"x":481,"y":281,"data":{"alt":103,"type":2,"area":46}},{"x":482,"y":281,"data":{"alt":103,"type":2,"area":46}},{"x":483,"y":281,"data":{"alt":103,"type":2,"area":46}},{"x":484,"y":281,"data":{"alt":103,"type":2,"area":46}},{"x":480,"y":282,"data":{"alt":103,"type":2,"area":46}},{"x":481,"y":282,"data":{"alt":103,"type":2,"area":46}},{"x":482,"y":282,"data":{"alt":103,"type":2,"area":46}},{"x":483,"y":282,"data":{"alt":103,"type":2,"area":46}},{"x":480,"y":283,"data":{"alt":103,"type":2,"area":46}},{"x":481,"y":283,"data":{"alt":103,"type":2,"area":46}},{"x":482,"y":283,"data":{"alt":103,"type":2,"area":46}},{"x":480,"y":284,"data":{"alt":103,"type":2,"area":46}},{"x":481,"y":284,"data":{"alt":103,"type":2,"area":46}},{"x":482,"y":284,"data":{"alt":103,"type":2,"area":46}},{"x":483,"y":284,"data":{"alt":103,"type":2,"area":46}},{"x":480,"y":285,"data":{"alt":103,"type":2,"area":46}},{"x":481,"y":285,"data":{"alt":103,"type":2,"area":46}},{"x":482,"y":285,"data":{"alt":103,"type":2,"area":46}},{"x":483,"y":285,"data":{"alt":103,"type":2,"area":46}},{"x":480,"y":286,"data":{"alt":103,"type":2,"area":46}},{"x":481,"y":286,"data":{"alt":103,"type":2,"area":46}},{"x":482,"y":286,"data":{"alt":103,"type":2,"area":46}},{"x":483,"y":286,"data":{"alt":103,"type":2,"area":46}},{"x":480,"y":287,"data":{"alt":103,"type":2,"area":46}},{"x":481,"y":287,"data":{"alt":103,"type":2,"area":46}},{"x":482,"y":287,"data":{"alt":103,"type":2,"area":46}},{"x":483,"y":287,"data":{"alt":103,"type":2,"area":46}},{"x":482,"y":252,"data":{"alt":103,"type":2,"area":46}},{"x":480,"y":253,"data":{"alt":103,"type":2,"area":46}},{"x":481,"y":253,"data":{"alt":103,"type":2,"area":46}},{"x":482,"y":253,"data":{"alt":103,"type":2,"area":46}},{"x":483,"y":253,"data":{"alt":103,"type":2,"area":46}},{"x":486,"y":253,"data":{"alt":103,"type":2,"area":46}},{"x":480,"y":254,"data":{"alt":103,"type":2,"area":46}},{"x":481,"y":254,"data":{"alt":103,"type":2,"area":46}},{"x":482,"y":254,"data":{"alt":103,"type":2,"area":46}},{"x":483,"y":254,"data":{"alt":103,"type":2,"area":46}},{"x":484,"y":254,"data":{"alt":103,"type":2,"area":46}},{"x":485,"y":254,"data":{"alt":103,"type":2,"area":46}},{"x":486,"y":254,"data":{"alt":103,"type":2,"area":46}},{"x":480,"y":255,"data":{"alt":103,"type":1,"area":46}},{"x":481,"y":255,"data":{"alt":103,"type":2,"area":46}},{"x":482,"y":255,"data":{"alt":103,"type":2,"area":46}},{"x":483,"y":255,"data":{"alt":103,"type":2,"area":46}},{"x":484,"y":255,"data":{"alt":103,"type":2,"area":46}},{"x":485,"y":255,"data":{"alt":103,"type":2,"area":46}},{"x":480,"y":288,"data":{"alt":103,"type":2,"area":46}},{"x":484,"y":288,"data":{"alt":103,"type":2,"area":46}},{"x":480,"y":289,"data":{"alt":103,"type":2,"area":46}},{"x":481,"y":289,"data":{"alt":103,"type":2,"area":46}},{"x":482,"y":289,"data":{"alt":103,"type":2,"area":46}},{"x":483,"y":289,"data":{"alt":103,"type":2,"area":46}},{"x":484,"y":289,"data":{"alt":103,"type":2,"area":46}},{"x":485,"y":289,"data":{"alt":103,"type":2,"area":46}},{"x":480,"y":290,"data":{"alt":103,"type":2,"area":46}},{"x":481,"y":290,"data":{"alt":103,"type":2,"area":46}},{"x":482,"y":290,"data":{"alt":103,"type":2,"area":46}},{"x":483,"y":290,"data":{"alt":103,"type":2,"area":46}},{"x":484,"y":290,"data":{"alt":103,"type":2,"area":46}},{"x":485,"y":290,"data":{"alt":103,"type":2,"area":46}},{"x":480,"y":291,"data":{"alt":103,"type":2,"area":46}},{"x":481,"y":291,"data":{"alt":103,"type":2,"area":46}},{"x":482,"y":291,"data":{"alt":103,"type":2,"area":46}},{"x":483,"y":291,"data":{"alt":103,"type":2,"area":46}},{"x":484,"y":291,"data":{"alt":103,"type":2,"area":46}},{"x":480,"y":292,"data":{"alt":103,"type":2,"area":46}},{"x":481,"y":292,"data":{"alt":103,"type":2,"area":46}},{"x":482,"y":292,"data":{"alt":103,"type":2,"area":46}},{"x":483,"y":292,"data":{"alt":103,"type":2,"area":46}},{"x":484,"y":292,"data":{"alt":103,"type":2,"area":46}},{"x":480,"y":293,"data":{"alt":103,"type":2,"area":46}},{"x":481,"y":293,"data":{"alt":103,"type":2,"area":46}},{"x":482,"y":293,"data":{"alt":103,"type":2,"area":46}},{"x":483,"y":293,"data":{"alt":103,"type":2,"area":46}},{"x":484,"y":293,"data":{"alt":103,"type":2,"area":46}},{"x":480,"y":294,"data":{"alt":103,"type":2,"area":46}},{"x":481,"y":294,"data":{"alt":103,"type":2,"area":46}},{"x":482,"y":294,"data":{"alt":103,"type":2,"area":46}},{"x":483,"y":294,"data":{"alt":103,"type":2,"area":46}},{"x":484,"y":294,"data":{"alt":103,"type":2,"area":46}},{"x":485,"y":294,"data":{"alt":103,"type":2,"area":46}},{"x":486,"y":294,"data":{"alt":103,"type":2,"area":46}},{"x":480,"y":295,"data":{"alt":103,"type":2,"area":46}},{"x":481,"y":295,"data":{"alt":103,"type":2,"area":46}},{"x":482,"y":295,"data":{"alt":103,"type":2,"area":46}},{"x":483,"y":295,"data":{"alt":103,"type":2,"area":46}},{"x":484,"y":295,"data":{"alt":103,"type":2,"area":46}},{"x":486,"y":295,"data":{"alt":103,"type":2,"area":46}},{"x":480,"y":296,"data":{"alt":103,"type":2,"area":46}},{"x":481,"y":296,"data":{"alt":103,"type":2,"area":46}},{"x":482,"y":296,"data":{"alt":103,"type":2,"area":46}},{"x":483,"y":296,"data":{"alt":103,"type":2,"area":46}},{"x":480,"y":297,"data":{"alt":103,"type":2,"area":46}},{"x":481,"y":297,"data":{"alt":103,"type":2,"area":46}},{"x":482,"y":297,"data":{"alt":103,"type":2,"area":46}},{"x":483,"y":297,"data":{"alt":103,"type":2,"area":46}},{"x":484,"y":297,"data":{"alt":103,"type":2,"area":46}},{"x":480,"y":298,"data":{"alt":103,"type":2,"area":46}},{"x":481,"y":298,"data":{"alt":103,"type":2,"area":46}},{"x":482,"y":298,"data":{"alt":103,"type":2,"area":46}},{"x":483,"y":298,"data":{"alt":103,"type":2,"area":46}},{"x":484,"y":298,"data":{"alt":103,"type":2,"area":46}},{"x":485,"y":298,"data":{"alt":103,"type":2,"area":46}},{"x":486,"y":298,"data":{"alt":103,"type":2,"area":46}},{"x":480,"y":299,"data":{"alt":103,"type":2,"area":46}},{"x":481,"y":299,"data":{"alt":103,"type":2,"area":46}},{"x":482,"y":299,"data":{"alt":103,"type":2,"area":46}},{"x":483,"y":299,"data":{"alt":103,"type":2,"area":46}},{"x":484,"y":299,"data":{"alt":103,"type":2,"area":46}},{"x":481,"y":300,"data":{"alt":103,"type":2,"area":46}},{"x":482,"y":300,"data":{"alt":103,"type":2,"area":46}},{"x":483,"y":300,"data":{"alt":103,"type":2,"area":46}},{"x":483,"y":306,"data":{"alt":103,"type":2,"area":46}},{"x":480,"y":307,"data":{"alt":103,"type":2,"area":46}},{"x":481,"y":307,"data":{"alt":103,"type":2,"area":46}},{"x":482,"y":307,"data":{"alt":103,"type":2,"area":46}},{"x":483,"y":307,"data":{"alt":103,"type":2,"area":46}},{"x":480,"y":308,"data":{"alt":103,"type":2,"area":46}},{"x":481,"y":308,"data":{"alt":103,"type":2,"area":46}},{"x":482,"y":308,"data":{"alt":103,"type":2,"area":46}},{"x":483,"y":308,"data":{"alt":103,"type":2,"area":46}},{"x":480,"y":309,"data":{"alt":103,"type":2,"area":46}},{"x":481,"y":309,"data":{"alt":103,"type":2,"area":46}},{"x":482,"y":309,"data":{"alt":103,"type":2,"area":46}},{"x":481,"y":310,"data":{"alt":103,"type":2,"area":46}},{"x":482,"y":310,"data":{"alt":103,"type":2,"area":46}}]