[{"x":3772,"y":2348,"data":{"alt":59,"type":2,"area":460}},{"x":3771,"y":2349,"data":{"alt":59,"type":2,"area":460}},{"x":3772,"y":2349,"data":{"alt":59,"type":2,"area":460}},{"x":3770,"y":2350,"data":{"alt":59,"type":2,"area":460}},{"x":3771,"y":2350,"data":{"alt":59,"type":2,"area":460}},{"x":3772,"y":2350,"data":{"alt":59,"type":2,"area":460}},{"x":3773,"y":2350,"data":{"alt":59,"type":2,"area":460}},{"x":3774,"y":2350,"data":{"alt":59,"type":1,"area":460}},{"x":3771,"y":2351,"data":{"alt":59,"type":2,"area":460}},{"x":3772,"y":2351,"data":{"alt":59,"type":2,"area":460}},{"x":3773,"y":2351,"data":{"alt":59,"type":1,"area":460}},{"x":3774,"y":2351,"data":{"alt":59,"type":2,"area":460}},{"x":3775,"y":2351,"data":{"alt":59,"type":1,"area":460}},{"x":3771,"y":2352,"data":{"alt":59,"type":2,"area":460}},{"x":3772,"y":2352,"data":{"alt":59,"type":1,"area":460}},{"x":3774,"y":2352,"data":{"alt":59,"type":2,"area":460}},{"x":3771,"y":2353,"data":{"alt":59,"type":1,"area":460}},{"x":3772,"y":2353,"data":{"alt":59,"type":2,"area":460}},{"x":3772,"y":2354,"data":{"alt":59,"type":2,"area":460}},{"x":3773,"y":2354,"data":{"alt":59,"type":2,"area":460}},{"x":3774,"y":2354,"data":{"alt":59,"type":2,"area":460}},{"x":3775,"y":2354,"data":{"alt":59,"type":2,"area":460}},{"x":3775,"y":2355,"data":{"alt":59,"type":2,"area":460}},{"x":3778,"y":2353,"data":{"alt":59,"type":2,"area":460}},{"x":3777,"y":2354,"data":{"alt":59,"type":2,"area":460}},{"x":3778,"y":2354,"data":{"alt":59,"type":2,"area":460}},{"x":3776,"y":2355,"data":{"alt":59,"type":2,"area":460}},{"x":3777,"y":2355,"data":{"alt":59,"type":2,"area":460}},{"x":3776,"y":2356,"data":{"alt":59,"type":2,"area":460}}]