[{"x":765,"y":129,"data":{"alt":4,"fertility":100,"region":2121,"area":461}},{"x":767,"y":129,"data":{"alt":3,"fertility":100,"forest":80,"region":2121,"area":461}},{"x":764,"y":130,"data":{"alt":4,"fertility":100,"region":2121,"area":461}},{"x":765,"y":130,"data":{"alt":4,"fertility":100,"region":2121,"area":461}},{"x":767,"y":130,"data":{"alt":4,"fertility":100,"region":2121,"area":461}},{"x":761,"y":131,"data":{"alt":4,"fertility":100,"region":2121,"area":461}},{"x":762,"y":131,"data":{"alt":4,"fertility":100,"region":2121,"area":461}},{"x":763,"y":131,"data":{"alt":4,"fertility":100,"region":2121,"area":461}},{"x":764,"y":131,"data":{"alt":4,"fertility":100,"region":2121,"area":461}},{"x":765,"y":131,"data":{"alt":4,"fertility":100,"region":2121,"area":461}},{"x":766,"y":131,"data":{"alt":4,"fertility":100,"region":2121,"area":461}},{"x":767,"y":131,"data":{"alt":5,"fertility":100,"region":2121,"area":461}},{"x":760,"y":132,"data":{"alt":4,"fertility":100,"region":2121,"area":461}},{"x":761,"y":132,"data":{"alt":4,"fertility":100,"region":2121,"area":461}},{"x":762,"y":132,"data":{"alt":4,"fertility":100,"region":2121,"area":461}},{"x":763,"y":132,"data":{"alt":4,"fertility":100,"region":2121,"area":461}},{"x":764,"y":132,"data":{"alt":4,"fertility":100,"region":2121,"area":461}},{"x":765,"y":132,"data":{"alt":4,"fertility":100,"forest":80,"region":2121,"area":461}},{"x":766,"y":132,"data":{"alt":5,"fertility":100,"region":2121,"area":461}},{"x":767,"y":132,"data":{"alt":5,"fertility":100,"region":2121,"area":461}},{"x":760,"y":133,"data":{"alt":4,"fertility":100,"region":2121,"area":461}},{"x":761,"y":133,"data":{"alt":4,"fertility":100,"region":2121,"area":461}},{"x":762,"y":133,"data":{"alt":4,"fertility":100,"forest":80,"region":2121,"area":461}},{"x":763,"y":133,"data":{"alt":4,"fertility":100,"region":2121,"area":461}},{"x":764,"y":133,"data":{"alt":4,"fertility":100,"region":2121,"area":461}},{"x":765,"y":133,"data":{"alt":4,"fertility":100,"region":2121,"area":461}},{"x":766,"y":133,"data":{"alt":5,"fertility":100,"region":2121,"area":461}},{"x":767,"y":133,"data":{"alt":5,"fertility":100,"region":2121,"area":461}},{"x":759,"y":134,"data":{"alt":4,"fertility":100,"region":2121,"area":461}},{"x":760,"y":134,"data":{"alt":4,"fertility":100,"region":2121,"area":461}},{"x":761,"y":134,"data":{"alt":4,"fertility":100,"region":2121,"area":461}},{"x":762,"y":134,"data":{"alt":4,"fertility":100,"region":2121,"area":461}},{"x":763,"y":134,"data":{"alt":4,"fertility":100,"region":2121,"area":461}},{"x":764,"y":134,"data":{"alt":4,"fertility":100,"region":2121,"area":461}},{"x":765,"y":134,"data":{"alt":5,"fertility":100,"region":2121,"area":461}},{"x":766,"y":134,"data":{"alt":5,"fertility":100,"region":2121,"area":461}},{"x":767,"y":134,"data":{"alt":5,"fertility":100,"region":2121,"area":461}},{"x":755,"y":135,"data":{"alt":3,"fertility":100,"region":2121,"area":461}},{"x":756,"y":135,"data":{"alt":4,"fertility":100,"region":2121,"area":461}},{"x":757,"y":135,"data":{"alt":4,"fertility":100,"region":2121,"area":461}},{"x":758,"y":135,"data":{"alt":3,"fertility":100,"region":2121,"area":461}},{"x":759,"y":135,"data":{"alt":4,"fertility":100,"region":2121,"area":461}},{"x":760,"y":135,"data":{"alt":4,"fertility":100,"region":2121,"area":461}},{"x":761,"y":135,"data":{"alt":4,"fertility":100,"region":2121,"area":461}},{"x":762,"y":135,"data":{"alt":4,"fertility":100,"region":2121,"area":461}},{"x":763,"y":135,"data":{"alt":4,"fertility":100,"forest":80,"region":2121,"area":461}},{"x":764,"y":135,"data":{"alt":4,"fertility":100,"region":2121,"area":461}},{"x":765,"y":135,"data":{"alt":5,"fertility":100,"region":2121,"area":461}},{"x":766,"y":135,"data":{"alt":4,"fertility":100,"region":2121,"area":461}},{"x":767,"y":135,"data":{"alt":4,"fertility":100,"region":2121,"area":461}},{"x":755,"y":136,"data":{"alt":4,"fertility":100,"region":2121,"area":461}},{"x":756,"y":136,"data":{"alt":4,"fertility":100,"region":2121,"area":461}},{"x":757,"y":136,"data":{"alt":4,"fertility":100,"region":2121,"area":461}},{"x":758,"y":136,"data":{"alt":4,"fertility":100,"region":2121,"area":461}},{"x":759,"y":136,"data":{"alt":4,"fertility":100,"region":2121,"area":461}},{"x":760,"y":136,"data":{"alt":4,"fertility":100,"region":2121,"area":461}},{"x":761,"y":136,"data":{"alt":4,"fertility":100,"region":2121,"area":461}},{"x":762,"y":136,"data":{"alt":4,"fertility":100,"forest":80,"region":2121,"area":461}},{"x":763,"y":136,"data":{"alt":5,"fertility":100,"region":2121,"area":461}},{"x":764,"y":136,"data":{"alt":4,"fertility":100,"region":2121,"area":461}},{"x":765,"y":136,"data":{"alt":4,"fertility":100,"region":2121,"area":461}},{"x":766,"y":136,"data":{"alt":4,"fertility":100,"region":2121,"area":461}},{"x":767,"y":136,"data":{"alt":4,"fertility":100,"region":2121,"area":461}},{"x":755,"y":137,"data":{"alt":4,"fertility":100,"region":2121,"area":461}},{"x":756,"y":137,"data":{"alt":5,"fertility":100,"region":2121,"area":461}},{"x":757,"y":137,"data":{"alt":5,"fertility":100,"region":2121,"area":461}},{"x":758,"y":137,"data":{"alt":5,"fertility":100,"region":2121,"area":461}},{"x":759,"y":137,"data":{"alt":4,"fertility":100,"region":2121,"area":461}},{"x":760,"y":137,"data":{"alt":4,"fertility":100,"region":2121,"area":461}},{"x":761,"y":137,"data":{"alt":4,"fertility":100,"region":2121,"area":461}},{"x":762,"y":137,"data":{"alt":4,"fertility":100,"region":2121,"area":461}},{"x":763,"y":137,"data":{"alt":4,"fertility":100,"region":2121,"area":461}},{"x":764,"y":137,"data":{"alt":4,"fertility":100,"region":2121,"area":461}},{"x":765,"y":137,"data":{"alt":4,"fertility":100,"region":2121,"area":461}},{"x":766,"y":137,"data":{"alt":4,"fertility":100,"region":2121,"area":461}},{"x":767,"y":137,"data":{"alt":4,"fertility":100,"region":2121,"area":461}},{"x":755,"y":138,"data":{"alt":4,"fertility":100,"region":2121,"area":461}},{"x":756,"y":138,"data":{"alt":5,"fertility":100,"region":2121,"area":461}},{"x":757,"y":138,"data":{"alt":4,"fertility":100,"region":2121,"area":461}},{"x":758,"y":138,"data":{"alt":4,"fertility":100,"region":2121,"area":461}},{"x":759,"y":138,"data":{"alt":5,"fertility":100,"forest":80,"res":5,"resAmount":40,"region":2121,"area":461}},{"x":760,"y":138,"data":{"alt":5,"fertility":100,"region":2121,"area":461}},{"x":761,"y":138,"data":{"alt":4,"fertility":100,"region":2121,"area":461}},{"x":762,"y":138,"data":{"alt":4,"fertility":100,"forest":80,"region":2121,"area":461}},{"x":763,"y":138,"data":{"alt":4,"fertility":100,"region":2121,"area":461}},{"x":764,"y":138,"data":{"alt":4,"fertility":100,"region":2121,"area":461}},{"x":754,"y":139,"data":{"alt":3,"fertility":100,"region":2121,"area":461}},{"x":755,"y":139,"data":{"alt":4,"fertility":100,"forest":80,"region":2121,"area":461}},{"x":756,"y":139,"data":{"alt":4,"fertility":100,"region":2121,"area":461}},{"x":757,"y":139,"data":{"alt":4,"fertility":100,"region":2121,"area":461}},{"x":758,"y":139,"data":{"alt":4,"fertility":100,"region":2121,"area":461}},{"x":759,"y":139,"data":{"alt":4,"fertility":100,"region":2121,"area":461}},{"x":760,"y":139,"data":{"alt":4,"fertility":100,"region":2121,"area":461}},{"x":761,"y":139,"data":{"alt":4,"fertility":100,"region":2121,"area":461}},{"x":762,"y":139,"data":{"alt":3,"fertility":100,"region":2121,"area":461}},{"x":751,"y":140,"data":{"alt":3,"fertility":100,"region":2121,"area":461}},{"x":754,"y":140,"data":{"alt":3,"fertility":100,"region":2121,"area":461}},{"x":755,"y":140,"data":{"alt":4,"fertility":100,"region":2121,"area":461}},{"x":756,"y":140,"data":{"alt":4,"fertility":100,"region":2121,"area":461}},{"x":757,"y":140,"data":{"alt":5,"fertility":100,"region":2121,"area":461}},{"x":758,"y":140,"data":{"alt":5,"fertility":100,"region":2121,"area":461}},{"x":759,"y":140,"data":{"alt":5,"fertility":100,"region":2121,"area":461}},{"x":760,"y":140,"data":{"alt":4,"fertility":100,"region":2121,"area":461}},{"x":761,"y":140,"data":{"alt":4,"fertility":100,"region":2121,"area":461}},{"x":750,"y":141,"data":{"alt":4,"fertility":100,"region":2121,"area":461}},{"x":751,"y":141,"data":{"alt":4,"fertility":100,"region":2121,"area":461}},{"x":753,"y":141,"data":{"alt":4,"fertility":100,"region":2121,"area":461}},{"x":754,"y":141,"data":{"alt":4,"fertility":100,"region":2121,"area":461}},{"x":755,"y":141,"data":{"alt":4,"fertility":100,"region":2121,"area":461}},{"x":756,"y":141,"data":{"alt":4,"fertility":100,"region":2121,"area":461}},{"x":757,"y":141,"data":{"alt":5,"fertility":100,"region":2121,"area":461}},{"x":758,"y":141,"data":{"alt":4,"fertility":100,"region":2121,"area":461}},{"x":759,"y":141,"data":{"alt":4,"fertility":100,"region":2121,"area":461}},{"x":760,"y":141,"data":{"alt":4,"fertility":100,"forest":80,"region":2121,"area":461}},{"x":761,"y":141,"data":{"alt":4,"fertility":100,"region":2121,"area":461}},{"x":749,"y":142,"data":{"alt":4,"fertility":100,"region":2121,"area":461}},{"x":750,"y":142,"data":{"alt":4,"fertility":100,"region":2121,"area":461}},{"x":751,"y":142,"data":{"alt":4,"fertility":100,"forest":80,"region":2121,"area":461}},{"x":752,"y":142,"data":{"alt":4,"fertility":100,"region":2121,"area":461}},{"x":753,"y":142,"data":{"alt":4,"fertility":100,"region":2121,"area":461}},{"x":754,"y":142,"data":{"alt":4,"fertility":100,"region":2121,"area":461}},{"x":755,"y":142,"data":{"alt":5,"fertility":100,"region":2121,"area":461}},{"x":756,"y":142,"data":{"alt":5,"fertility":100,"region":2121,"area":461}},{"x":757,"y":142,"data":{"alt":5,"fertility":100,"forest":80,"region":2121,"area":461}},{"x":758,"y":142,"data":{"alt":4,"fertility":100,"forest":40,"region":2121,"area":461}},{"x":759,"y":142,"data":{"alt":4,"fertility":100,"region":2121,"area":461}},{"x":760,"y":142,"data":{"alt":4,"fertility":100,"region":2121,"area":461}},{"x":761,"y":142,"data":{"alt":4,"fertility":100,"region":2121,"area":461}},{"x":749,"y":143,"data":{"alt":4,"fertility":100,"region":2121,"area":461}},{"x":750,"y":143,"data":{"alt":4,"fertility":100,"region":2121,"area":461}},{"x":751,"y":143,"data":{"alt":4,"fertility":100,"region":2121,"area":461}},{"x":752,"y":143,"data":{"alt":4,"fertility":100,"region":2121,"area":461}},{"x":753,"y":143,"data":{"alt":5,"fertility":100,"forest":80,"region":2121,"area":461}},{"x":754,"y":143,"data":{"alt":5,"fertility":100,"region":2121,"area":461}},{"x":755,"y":143,"data":{"alt":5,"fertility":100,"region":2121,"area":461}},{"x":756,"y":143,"data":{"alt":5,"fertility":100,"region":2121,"area":461}},{"x":757,"y":143,"data":{"alt":5,"fertility":100,"region":2121,"area":461}},{"x":758,"y":143,"data":{"alt":5,"fertility":100,"region":2121,"area":461}},{"x":759,"y":143,"data":{"alt":4,"fertility":100,"region":2121,"area":461}},{"x":760,"y":143,"data":{"alt":4,"fertility":100,"region":2121,"area":461}},{"x":761,"y":143,"data":{"alt":4,"fertility":100,"region":2121,"area":461}},{"x":750,"y":144,"data":{"alt":3,"fertility":100,"region":2121,"area":461}},{"x":751,"y":144,"data":{"alt":4,"fertility":100,"region":2121,"area":461}},{"x":752,"y":144,"data":{"alt":5,"fertility":100,"region":2121,"area":461}},{"x":753,"y":144,"data":{"alt":5,"fertility":100,"region":2121,"area":461}},{"x":754,"y":144,"data":{"alt":5,"fertility":100,"region":2121,"area":461}},{"x":755,"y":144,"data":{"alt":5,"fertility":100,"region":2121,"area":461}},{"x":756,"y":144,"data":{"alt":5,"fertility":100,"region":2121,"area":461}},{"x":757,"y":144,"data":{"alt":5,"fertility":100,"region":2121,"area":461}},{"x":758,"y":144,"data":{"alt":4,"fertility":100,"region":2121,"area":461}},{"x":759,"y":144,"data":{"alt":4,"fertility":100,"region":2121,"area":461}},{"x":760,"y":144,"data":{"alt":4,"fertility":100,"region":2121,"area":461}},{"x":750,"y":145,"data":{"alt":4,"fertility":100,"region":2121,"area":461}},{"x":751,"y":145,"data":{"alt":4,"fertility":100,"region":2121,"area":461}},{"x":752,"y":145,"data":{"alt":4,"fertility":100,"region":2121,"area":461}},{"x":753,"y":145,"data":{"alt":5,"fertility":100,"forest":80,"region":2121,"area":461}},{"x":754,"y":145,"data":{"alt":5,"fertility":100,"region":2121,"area":461}},{"x":755,"y":145,"data":{"alt":5,"fertility":100,"forest":40,"region":2121,"area":461}},{"x":756,"y":145,"data":{"alt":5,"fertility":100,"region":2121,"area":461}},{"x":757,"y":145,"data":{"alt":5,"fertility":100,"forest":40,"region":2121,"area":461}},{"x":758,"y":145,"data":{"alt":4,"fertility":100,"region":2121,"area":461}},{"x":759,"y":145,"data":{"alt":4,"fertility":100,"forest":40,"region":2121,"area":461}},{"x":749,"y":146,"data":{"alt":4,"fertility":100,"region":2121,"area":461}},{"x":751,"y":146,"data":{"alt":4,"fertility":100,"region":2121,"area":461}},{"x":752,"y":146,"data":{"alt":4,"fertility":100,"region":2121,"area":461}},{"x":753,"y":146,"data":{"alt":4,"fertility":100,"region":2121,"area":461}},{"x":754,"y":146,"data":{"alt":5,"fertility":100,"forest":40,"region":2121,"area":461}},{"x":755,"y":146,"data":{"alt":5,"fertility":100,"region":2121,"area":461}},{"x":756,"y":146,"data":{"alt":5,"fertility":100,"region":2121,"area":461}},{"x":757,"y":146,"data":{"alt":4,"fertility":100,"region":2121,"area":461}},{"x":758,"y":146,"data":{"alt":5,"fertility":100,"forest":40,"region":2121,"area":461}},{"x":759,"y":146,"data":{"alt":4,"fertility":100,"region":2121,"area":461}},{"x":748,"y":147,"data":{"alt":4,"fertility":100,"region":2121,"area":461}},{"x":749,"y":147,"data":{"alt":4,"fertility":100,"region":2121,"area":461}},{"x":750,"y":147,"data":{"alt":4,"fertility":100,"region":2121,"area":461}},{"x":752,"y":147,"data":{"alt":4,"fertility":100,"region":2121,"area":461}},{"x":753,"y":147,"data":{"alt":4,"fertility":100,"region":2121,"area":461}},{"x":754,"y":147,"data":{"alt":4,"fertility":100,"region":2121,"area":461}},{"x":755,"y":147,"data":{"alt":4,"fertility":100,"forest":40,"region":2121,"area":461}},{"x":756,"y":147,"data":{"alt":5,"fertility":100,"region":2121,"area":461}},{"x":757,"y":147,"data":{"alt":4,"fertility":100,"region":2121,"area":461}},{"x":758,"y":147,"data":{"alt":4,"fertility":100,"region":2121,"area":461}},{"x":759,"y":147,"data":{"alt":4,"fertility":100,"region":2121,"area":461}},{"x":749,"y":148,"data":{"alt":4,"fertility":100,"region":2121,"area":461}},{"x":750,"y":148,"data":{"alt":4,"fertility":100,"region":2121,"area":461}},{"x":751,"y":148,"data":{"alt":4,"fertility":100,"region":2121,"area":461}},{"x":754,"y":148,"data":{"alt":4,"fertility":100,"region":2121,"area":461}},{"x":755,"y":148,"data":{"alt":4,"fertility":100,"region":2121,"area":461}},{"x":756,"y":148,"data":{"alt":4,"fertility":100,"region":2121,"area":461}},{"x":757,"y":148,"data":{"alt":4,"fertility":100,"region":2121,"area":461}},{"x":758,"y":148,"data":{"alt":4,"fertility":100,"region":2121,"area":461}},{"x":759,"y":148,"data":{"alt":4,"fertility":100,"region":2121,"area":461}},{"x":750,"y":149,"data":{"alt":4,"fertility":100,"region":2121,"area":461}},{"x":751,"y":149,"data":{"alt":4,"fertility":100,"region":2121,"area":461}},{"x":754,"y":149,"data":{"alt":3,"fertility":100,"region":2121,"area":461}},{"x":755,"y":149,"data":{"alt":4,"fertility":100,"region":2121,"area":461}},{"x":756,"y":149,"data":{"alt":4,"fertility":100,"region":2121,"area":461}},{"x":757,"y":149,"data":{"alt":5,"fertility":100,"region":2121,"area":461}},{"x":758,"y":149,"data":{"alt":5,"fertility":100,"forest":20,"region":2121,"area":461}},{"x":759,"y":149,"data":{"alt":4,"fertility":100,"region":2121,"area":461}},{"x":755,"y":150,"data":{"alt":4,"fertility":100,"region":2121,"area":461}},{"x":756,"y":150,"data":{"alt":5,"fertility":100,"region":2121,"area":461}},{"x":757,"y":150,"data":{"alt":4,"fertility":100,"forest":20,"region":2121,"area":461}},{"x":758,"y":150,"data":{"alt":5,"fertility":100,"region":2121,"area":461}},{"x":759,"y":150,"data":{"alt":4,"fertility":100,"region":2121,"area":461}},{"x":760,"y":150,"data":{"alt":4,"fertility":100,"region":2121,"area":461}},{"x":755,"y":151,"data":{"alt":4,"fertility":100,"forest":40,"region":2121,"area":461}},{"x":756,"y":151,"data":{"alt":4,"fertility":100,"region":2121,"area":461}},{"x":757,"y":151,"data":{"alt":5,"fertility":100,"region":2121,"area":461}},{"x":758,"y":151,"data":{"alt":4,"fertility":100,"region":2121,"area":461}},{"x":759,"y":151,"data":{"alt":4,"fertility":100,"region":2121,"area":461}},{"x":760,"y":151,"data":{"alt":4,"fertility":100,"region":2121,"area":461}},{"x":756,"y":152,"data":{"alt":4,"fertility":100,"forest":40,"region":2121,"area":461}},{"x":757,"y":152,"data":{"alt":4,"fertility":100,"forest":20,"region":2121,"area":461}},{"x":758,"y":152,"data":{"alt":4,"fertility":100,"region":2121,"area":461}},{"x":759,"y":152,"data":{"alt":4,"fertility":100,"region":2121,"area":461}},{"x":760,"y":152,"data":{"alt":4,"fertility":100,"region":2121,"area":461}},{"x":761,"y":152,"data":{"alt":3,"fertility":100,"region":2121,"area":461}},{"x":756,"y":153,"data":{"alt":4,"fertility":100,"region":2121,"area":461}},{"x":757,"y":153,"data":{"alt":4,"fertility":100,"forest":20,"region":2121,"area":461}},{"x":756,"y":154,"data":{"alt":4,"fertility":100,"region":2121,"area":461}},{"x":768,"y":129,"data":{"alt":4,"fertility":100,"region":2121,"area":461}},{"x":769,"y":129,"data":{"alt":4,"fertility":100,"region":2121,"area":461}},{"x":768,"y":130,"data":{"alt":4,"fertility":100,"region":2121,"area":461}},{"x":769,"y":130,"data":{"alt":4,"fertility":100,"forest":80,"region":2121,"area":461}},{"x":770,"y":130,"data":{"alt":4,"fertility":100,"region":2121,"area":461}},{"x":768,"y":131,"data":{"alt":5,"fertility":100,"region":2121,"area":461}},{"x":769,"y":131,"data":{"alt":4,"fertility":100,"region":2121,"area":461}},{"x":770,"y":131,"data":{"alt":4,"fertility":100,"region":2121,"area":461}},{"x":771,"y":131,"data":{"alt":4,"fertility":100,"forest":40,"region":2121,"area":461}},{"x":768,"y":132,"data":{"alt":5,"fertility":100,"region":2121,"area":461}},{"x":769,"y":132,"data":{"alt":4,"fertility":100,"region":2121,"area":461}},{"x":770,"y":132,"data":{"alt":4,"fertility":100,"forest":80,"region":2121,"area":461}},{"x":771,"y":132,"data":{"alt":4,"fertility":100,"region":2121,"area":461}},{"x":772,"y":132,"data":{"alt":4,"fertility":100,"region":2121,"area":461}},{"x":768,"y":133,"data":{"alt":5,"fertility":100,"region":2121,"area":461}},{"x":769,"y":133,"data":{"alt":5,"fertility":100,"forest":80,"region":2121,"area":461}},{"x":770,"y":133,"data":{"alt":4,"fertility":100,"region":2121,"area":461}},{"x":771,"y":133,"data":{"alt":4,"fertility":100,"region":2121,"area":461}},{"x":768,"y":134,"data":{"alt":5,"fertility":100,"region":2121,"area":461}},{"x":769,"y":134,"data":{"alt":4,"fertility":100,"region":2121,"area":461}},{"x":770,"y":134,"data":{"alt":4,"fertility":100,"region":2121,"area":461}},{"x":771,"y":134,"data":{"alt":4,"fertility":100,"region":2121,"area":461}},{"x":773,"y":134,"data":{"alt":4,"fertility":100,"region":2121,"area":461}},{"x":768,"y":135,"data":{"alt":4,"fertility":100,"region":2121,"area":461}},{"x":769,"y":135,"data":{"alt":4,"fertility":100,"forest":80,"region":2121,"area":461}},{"x":770,"y":135,"data":{"alt":4,"fertility":100,"region":2121,"area":461}},{"x":771,"y":135,"data":{"alt":4,"fertility":100,"region":2121,"area":461}},{"x":772,"y":135,"data":{"alt":4,"fertility":100,"region":2121,"area":461}},{"x":773,"y":135,"data":{"alt":4,"fertility":100,"forest":40,"region":2121,"area":461}},{"x":774,"y":135,"data":{"alt":4,"fertility":100,"region":2121,"area":461}},{"x":768,"y":136,"data":{"alt":4,"fertility":100,"region":2121,"area":461}},{"x":769,"y":136,"data":{"alt":4,"fertility":100,"region":2121,"area":461}},{"x":770,"y":136,"data":{"alt":4,"fertility":100,"region":2121,"area":461}},{"x":771,"y":136,"data":{"alt":4,"fertility":100,"region":2121,"area":461}},{"x":772,"y":136,"data":{"alt":4,"fertility":100,"region":2121,"area":461}},{"x":773,"y":136,"data":{"alt":4,"fertility":100,"region":2121,"area":461}},{"x":774,"y":136,"data":{"alt":4,"fertility":100,"region":2121,"area":461}},{"x":770,"y":137,"data":{"alt":4,"fertility":100,"region":2121,"area":461}},{"x":771,"y":137,"data":{"alt":4,"fertility":100,"region":2121,"area":461}},{"x":772,"y":137,"data":{"alt":4,"fertility":100,"region":2121,"area":461}},{"x":773,"y":137,"data":{"alt":4,"fertility":100,"region":2121,"area":461}},{"x":774,"y":137,"data":{"alt":4,"fertility":100,"region":2121,"area":461}},{"x":775,"y":137,"data":{"alt":4,"fertility":100,"region":2121,"area":461}},{"x":772,"y":138,"data":{"alt":4,"fertility":100,"forest":40,"region":2121,"area":461}},{"x":773,"y":138,"data":{"alt":4,"fertility":100,"region":2121,"area":461}},{"x":774,"y":138,"data":{"alt":4,"fertility":100,"region":2121,"area":461}},{"x":775,"y":138,"data":{"alt":4,"fertility":100,"region":2121,"area":461}},{"x":776,"y":138,"data":{"alt":3,"fertility":100,"region":2121,"area":461}},{"x":777,"y":138,"data":{"alt":3,"fertility":100,"region":2121,"area":461}}]