[{"x":3775,"y":2177,"data":{"alt":51,"type":2,"area":462}},{"x":3774,"y":2178,"data":{"alt":51,"type":2,"area":462}},{"x":3775,"y":2178,"data":{"alt":51,"type":2,"area":462}},{"x":3775,"y":2179,"data":{"alt":51,"type":2,"area":462}},{"x":3775,"y":2180,"data":{"alt":51,"type":2,"area":462}},{"x":3776,"y":2176,"data":{"alt":51,"type":2,"area":462}},{"x":3779,"y":2176,"data":{"alt":51,"type":2,"area":462}},{"x":3780,"y":2176,"data":{"alt":51,"type":2,"area":462}},{"x":3781,"y":2176,"data":{"alt":51,"type":2,"area":462}},{"x":3782,"y":2176,"data":{"alt":51,"type":2,"area":462}},{"x":3783,"y":2176,"data":{"alt":51,"type":2,"area":462}},{"x":3784,"y":2176,"data":{"alt":51,"type":2,"area":462}},{"x":3785,"y":2176,"data":{"alt":51,"type":2,"area":462}},{"x":3786,"y":2176,"data":{"alt":51,"type":2,"area":462}},{"x":3787,"y":2176,"data":{"alt":51,"type":2,"area":462}},{"x":3788,"y":2176,"data":{"alt":51,"type":2,"area":462}},{"x":3789,"y":2176,"data":{"alt":51,"type":2,"area":462}},{"x":3790,"y":2176,"data":{"alt":51,"type":2,"area":462}},{"x":3791,"y":2176,"data":{"alt":51,"type":2,"area":462}},{"x":3792,"y":2176,"data":{"alt":51,"type":2,"area":462}},{"x":3793,"y":2176,"data":{"alt":51,"type":2,"area":462}},{"x":3794,"y":2176,"data":{"alt":51,"type":2,"area":462}},{"x":3795,"y":2176,"data":{"alt":51,"type":2,"area":462}},{"x":3796,"y":2176,"data":{"alt":51,"type":2,"area":462}},{"x":3797,"y":2176,"data":{"alt":51,"type":2,"area":462}},{"x":3798,"y":2176,"data":{"alt":51,"type":2,"area":462}},{"x":3799,"y":2176,"data":{"alt":51,"type":2,"area":462}},{"x":3800,"y":2176,"data":{"alt":51,"type":2,"area":462}},{"x":3801,"y":2176,"data":{"alt":51,"type":2,"area":462}},{"x":3802,"y":2176,"data":{"alt":51,"type":2,"area":462}},{"x":3803,"y":2176,"data":{"alt":51,"type":2,"area":462}},{"x":3804,"y":2176,"data":{"alt":51,"type":2,"area":462}},{"x":3805,"y":2176,"data":{"alt":51,"type":2,"area":462}},{"x":3806,"y":2176,"data":{"alt":51,"type":2,"area":462}},{"x":3807,"y":2176,"data":{"alt":51,"type":2,"area":462}},{"x":3776,"y":2177,"data":{"alt":51,"type":2,"area":462}},{"x":3777,"y":2177,"data":{"alt":51,"type":2,"area":462}},{"x":3778,"y":2177,"data":{"alt":51,"type":2,"area":462}},{"x":3779,"y":2177,"data":{"alt":51,"type":2,"area":462}},{"x":3780,"y":2177,"data":{"alt":51,"type":2,"area":462}},{"x":3781,"y":2177,"data":{"alt":51,"type":2,"area":462}},{"x":3782,"y":2177,"data":{"alt":51,"type":2,"area":462}},{"x":3783,"y":2177,"data":{"alt":51,"type":2,"area":462}},{"x":3784,"y":2177,"data":{"alt":51,"type":2,"area":462}},{"x":3785,"y":2177,"data":{"alt":51,"type":2,"area":462}},{"x":3786,"y":2177,"data":{"alt":51,"type":2,"area":462}},{"x":3787,"y":2177,"data":{"alt":51,"type":2,"area":462}},{"x":3788,"y":2177,"data":{"alt":51,"type":2,"area":462}},{"x":3789,"y":2177,"data":{"alt":51,"type":2,"area":462}},{"x":3790,"y":2177,"data":{"alt":51,"type":2,"area":462}},{"x":3791,"y":2177,"data":{"alt":51,"type":2,"area":462}},{"x":3792,"y":2177,"data":{"alt":51,"type":2,"area":462}},{"x":3793,"y":2177,"data":{"alt":51,"type":2,"area":462}},{"x":3794,"y":2177,"data":{"alt":51,"type":2,"area":462}},{"x":3795,"y":2177,"data":{"alt":51,"type":2,"area":462}},{"x":3796,"y":2177,"data":{"alt":51,"type":2,"area":462}},{"x":3797,"y":2177,"data":{"alt":51,"type":2,"area":462}},{"x":3798,"y":2177,"data":{"alt":51,"type":2,"area":462}},{"x":3799,"y":2177,"data":{"alt":51,"type":2,"area":462}},{"x":3800,"y":2177,"data":{"alt":51,"type":2,"area":462}},{"x":3801,"y":2177,"data":{"alt":51,"type":2,"area":462}},{"x":3802,"y":2177,"data":{"alt":51,"type":2,"area":462}},{"x":3803,"y":2177,"data":{"alt":51,"type":2,"area":462}},{"x":3804,"y":2177,"data":{"alt":51,"type":2,"area":462}},{"x":3805,"y":2177,"data":{"alt":51,"type":2,"area":462}},{"x":3806,"y":2177,"data":{"alt":51,"type":2,"area":462}},{"x":3807,"y":2177,"data":{"alt":51,"type":2,"area":462}},{"x":3776,"y":2178,"data":{"alt":51,"type":2,"area":462}},{"x":3777,"y":2178,"data":{"alt":51,"type":2,"area":462}},{"x":3778,"y":2178,"data":{"alt":51,"type":2,"area":462}},{"x":3779,"y":2178,"data":{"alt":51,"type":2,"area":462}},{"x":3780,"y":2178,"data":{"alt":51,"type":2,"area":462}},{"x":3781,"y":2178,"data":{"alt":51,"type":2,"area":462}},{"x":3782,"y":2178,"data":{"alt":51,"type":2,"area":462}},{"x":3783,"y":2178,"data":{"alt":51,"type":2,"area":462}},{"x":3784,"y":2178,"data":{"alt":51,"type":2,"area":462}},{"x":3785,"y":2178,"data":{"alt":51,"type":2,"area":462}},{"x":3786,"y":2178,"data":{"alt":51,"type":2,"area":462}},{"x":3787,"y":2178,"data":{"alt":51,"type":2,"area":462}},{"x":3788,"y":2178,"data":{"alt":51,"type":2,"area":462}},{"x":3789,"y":2178,"data":{"alt":51,"type":2,"area":462}},{"x":3790,"y":2178,"data":{"alt":51,"type":2,"area":462}},{"x":3791,"y":2178,"data":{"alt":51,"type":2,"area":462}},{"x":3792,"y":2178,"data":{"alt":51,"type":2,"area":462}},{"x":3793,"y":2178,"data":{"alt":51,"type":2,"area":462}},{"x":3794,"y":2178,"data":{"alt":51,"type":2,"area":462}},{"x":3795,"y":2178,"data":{"alt":51,"type":2,"area":462}},{"x":3796,"y":2178,"data":{"alt":51,"type":2,"area":462}},{"x":3797,"y":2178,"data":{"alt":51,"type":2,"area":462}},{"x":3798,"y":2178,"data":{"alt":51,"type":2,"area":462}},{"x":3799,"y":2178,"data":{"alt":51,"type":2,"area":462}},{"x":3800,"y":2178,"data":{"alt":51,"type":2,"area":462}},{"x":3801,"y":2178,"data":{"alt":51,"type":2,"area":462}},{"x":3802,"y":2178,"data":{"alt":51,"type":2,"area":462}},{"x":3803,"y":2178,"data":{"alt":51,"type":2,"area":462}},{"x":3804,"y":2178,"data":{"alt":51,"type":2,"area":462}},{"x":3805,"y":2178,"data":{"alt":51,"type":2,"area":462}},{"x":3806,"y":2178,"data":{"alt":51,"type":2,"area":462}},{"x":3807,"y":2178,"data":{"alt":51,"type":2,"area":462}},{"x":3776,"y":2179,"data":{"alt":51,"type":2,"area":462}},{"x":3777,"y":2179,"data":{"alt":51,"type":2,"area":462}},{"x":3778,"y":2179,"data":{"alt":51,"type":2,"area":462}},{"x":3779,"y":2179,"data":{"alt":51,"type":2,"area":462}},{"x":3780,"y":2179,"data":{"alt":51,"type":2,"area":462}},{"x":3781,"y":2179,"data":{"alt":51,"type":2,"area":462}},{"x":3782,"y":2179,"data":{"alt":51,"type":2,"area":462}},{"x":3783,"y":2179,"data":{"alt":51,"type":2,"area":462}},{"x":3784,"y":2179,"data":{"alt":51,"type":2,"area":462}},{"x":3785,"y":2179,"data":{"alt":51,"type":2,"area":462}},{"x":3786,"y":2179,"data":{"alt":51,"type":2,"area":462}},{"x":3787,"y":2179,"data":{"alt":51,"type":2,"area":462}},{"x":3788,"y":2179,"data":{"alt":51,"type":2,"area":462}},{"x":3789,"y":2179,"data":{"alt":51,"type":2,"res":1,"resAmount":80,"area":462}},{"x":3790,"y":2179,"data":{"alt":51,"type":2,"area":462}},{"x":3791,"y":2179,"data":{"alt":51,"type":2,"area":462}},{"x":3792,"y":2179,"data":{"alt":51,"type":2,"area":462}},{"x":3793,"y":2179,"data":{"alt":51,"type":2,"area":462}},{"x":3794,"y":2179,"data":{"alt":51,"type":2,"area":462}},{"x":3795,"y":2179,"data":{"alt":51,"type":2,"area":462}},{"x":3796,"y":2179,"data":{"alt":51,"type":2,"area":462}},{"x":3797,"y":2179,"data":{"alt":51,"type":2,"area":462}},{"x":3799,"y":2179,"data":{"alt":51,"type":2,"area":462}},{"x":3800,"y":2179,"data":{"alt":51,"type":2,"area":462}},{"x":3801,"y":2179,"data":{"alt":51,"type":2,"area":462}},{"x":3802,"y":2179,"data":{"alt":51,"type":2,"area":462}},{"x":3803,"y":2179,"data":{"alt":51,"type":2,"area":462}},{"x":3804,"y":2179,"data":{"alt":51,"type":2,"area":462}},{"x":3805,"y":2179,"data":{"alt":51,"type":2,"area":462}},{"x":3806,"y":2179,"data":{"alt":51,"type":2,"area":462}},{"x":3807,"y":2179,"data":{"alt":51,"type":2,"area":462}},{"x":3778,"y":2180,"data":{"alt":51,"type":2,"area":462}},{"x":3779,"y":2180,"data":{"alt":51,"type":2,"area":462}},{"x":3780,"y":2180,"data":{"alt":51,"type":2,"area":462}},{"x":3781,"y":2180,"data":{"alt":51,"type":2,"area":462}},{"x":3782,"y":2180,"data":{"alt":51,"type":2,"area":462}},{"x":3783,"y":2180,"data":{"alt":51,"type":2,"area":462}},{"x":3784,"y":2180,"data":{"alt":51,"type":2,"area":462}},{"x":3785,"y":2180,"data":{"alt":51,"type":2,"area":462}},{"x":3786,"y":2180,"data":{"alt":51,"type":2,"area":462}},{"x":3787,"y":2180,"data":{"alt":51,"type":2,"area":462}},{"x":3788,"y":2180,"data":{"alt":51,"type":2,"area":462}},{"x":3789,"y":2180,"data":{"alt":51,"type":2,"area":462}},{"x":3790,"y":2180,"data":{"alt":51,"type":2,"area":462}},{"x":3791,"y":2180,"data":{"alt":51,"type":2,"area":462}},{"x":3792,"y":2180,"data":{"alt":51,"type":2,"area":462}},{"x":3793,"y":2180,"data":{"alt":51,"type":2,"area":462}},{"x":3794,"y":2180,"data":{"alt":51,"type":2,"area":462}},{"x":3795,"y":2180,"data":{"alt":51,"type":2,"area":462}},{"x":3796,"y":2180,"data":{"alt":51,"type":2,"area":462}},{"x":3797,"y":2180,"data":{"alt":51,"type":2,"area":462}},{"x":3802,"y":2180,"data":{"alt":51,"type":2,"area":462}},{"x":3803,"y":2180,"data":{"alt":51,"type":2,"area":462}},{"x":3804,"y":2180,"data":{"alt":51,"type":2,"area":462}},{"x":3805,"y":2180,"data":{"alt":51,"type":2,"area":462}},{"x":3778,"y":2181,"data":{"alt":51,"type":2,"area":462}},{"x":3779,"y":2181,"data":{"alt":51,"type":2,"area":462}},{"x":3780,"y":2181,"data":{"alt":51,"type":2,"area":462}},{"x":3781,"y":2181,"data":{"alt":51,"type":2,"area":462}},{"x":3782,"y":2181,"data":{"alt":51,"type":2,"area":462}},{"x":3783,"y":2181,"data":{"alt":51,"type":2,"area":462}},{"x":3784,"y":2181,"data":{"alt":51,"type":2,"area":462}},{"x":3785,"y":2181,"data":{"alt":51,"type":2,"area":462}},{"x":3786,"y":2181,"data":{"alt":51,"type":2,"area":462}},{"x":3787,"y":2181,"data":{"alt":51,"type":2,"area":462}},{"x":3788,"y":2181,"data":{"alt":51,"type":2,"area":462}},{"x":3789,"y":2181,"data":{"alt":51,"type":2,"area":462}},{"x":3790,"y":2181,"data":{"alt":51,"type":2,"area":462}},{"x":3791,"y":2181,"data":{"alt":51,"type":2,"area":462}},{"x":3792,"y":2181,"data":{"alt":51,"type":2,"area":462}},{"x":3793,"y":2181,"data":{"alt":51,"type":2,"area":462}},{"x":3794,"y":2181,"data":{"alt":51,"type":2,"area":462}},{"x":3795,"y":2181,"data":{"alt":51,"type":2,"area":462}},{"x":3796,"y":2181,"data":{"alt":51,"type":2,"area":462}},{"x":3779,"y":2182,"data":{"alt":51,"type":2,"area":462}},{"x":3780,"y":2182,"data":{"alt":51,"type":2,"area":462}},{"x":3781,"y":2182,"data":{"alt":51,"type":2,"area":462}},{"x":3782,"y":2182,"data":{"alt":51,"type":2,"area":462}},{"x":3783,"y":2182,"data":{"alt":51,"type":2,"area":462}},{"x":3784,"y":2182,"data":{"alt":51,"type":2,"area":462}},{"x":3785,"y":2182,"data":{"alt":51,"type":2,"area":462}},{"x":3786,"y":2182,"data":{"alt":51,"type":2,"area":462}},{"x":3787,"y":2182,"data":{"alt":51,"type":2,"area":462}},{"x":3788,"y":2182,"data":{"alt":51,"type":2,"area":462}},{"x":3789,"y":2182,"data":{"alt":51,"type":2,"area":462}},{"x":3790,"y":2182,"data":{"alt":51,"type":2,"area":462}},{"x":3791,"y":2182,"data":{"alt":51,"type":2,"area":462}},{"x":3792,"y":2182,"data":{"alt":51,"type":2,"area":462}},{"x":3793,"y":2182,"data":{"alt":51,"type":2,"area":462}},{"x":3794,"y":2182,"data":{"alt":51,"type":2,"area":462}},{"x":3795,"y":2182,"data":{"alt":51,"type":2,"area":462}},{"x":3796,"y":2182,"data":{"alt":51,"type":2,"area":462}},{"x":3797,"y":2182,"data":{"alt":51,"type":2,"area":462}},{"x":3780,"y":2183,"data":{"alt":51,"type":2,"area":462}},{"x":3781,"y":2183,"data":{"alt":51,"type":2,"area":462}},{"x":3782,"y":2183,"data":{"alt":51,"type":2,"area":462}},{"x":3783,"y":2183,"data":{"alt":51,"type":2,"area":462}},{"x":3784,"y":2183,"data":{"alt":51,"type":2,"area":462}},{"x":3785,"y":2183,"data":{"alt":51,"type":2,"area":462}},{"x":3786,"y":2183,"data":{"alt":51,"type":2,"area":462}},{"x":3787,"y":2183,"data":{"alt":51,"type":2,"area":462}},{"x":3788,"y":2183,"data":{"alt":51,"type":2,"area":462}},{"x":3789,"y":2183,"data":{"alt":51,"type":2,"area":462}},{"x":3790,"y":2183,"data":{"alt":51,"type":2,"area":462}},{"x":3791,"y":2183,"data":{"alt":51,"type":2,"area":462}},{"x":3792,"y":2183,"data":{"alt":51,"type":2,"area":462}},{"x":3793,"y":2183,"data":{"alt":51,"type":2,"area":462}},{"x":3794,"y":2183,"data":{"alt":51,"type":2,"area":462}},{"x":3795,"y":2183,"data":{"alt":51,"type":2,"area":462}},{"x":3796,"y":2183,"data":{"alt":51,"type":2,"area":462}},{"x":3780,"y":2184,"data":{"alt":51,"type":2,"area":462}},{"x":3781,"y":2184,"data":{"alt":51,"type":2,"area":462}},{"x":3782,"y":2184,"data":{"alt":51,"type":2,"area":462}},{"x":3783,"y":2184,"data":{"alt":51,"type":2,"area":462}},{"x":3784,"y":2184,"data":{"alt":51,"type":2,"area":462}},{"x":3785,"y":2184,"data":{"alt":51,"type":2,"area":462}},{"x":3786,"y":2184,"data":{"alt":51,"type":2,"area":462}},{"x":3787,"y":2184,"data":{"alt":51,"type":2,"area":462}},{"x":3788,"y":2184,"data":{"alt":51,"type":2,"area":462}},{"x":3789,"y":2184,"data":{"alt":51,"type":2,"area":462}},{"x":3790,"y":2184,"data":{"alt":51,"type":2,"area":462}},{"x":3791,"y":2184,"data":{"alt":51,"type":2,"area":462}},{"x":3792,"y":2184,"data":{"alt":51,"type":2,"area":462}},{"x":3793,"y":2184,"data":{"alt":51,"type":2,"area":462}},{"x":3794,"y":2184,"data":{"alt":51,"type":2,"area":462}},{"x":3795,"y":2184,"data":{"alt":51,"type":2,"area":462}},{"x":3796,"y":2184,"data":{"alt":51,"type":2,"area":462}},{"x":3779,"y":2185,"data":{"alt":51,"type":2,"area":462}},{"x":3780,"y":2185,"data":{"alt":51,"type":2,"area":462}},{"x":3781,"y":2185,"data":{"alt":51,"type":2,"area":462}},{"x":3782,"y":2185,"data":{"alt":51,"type":2,"area":462}},{"x":3783,"y":2185,"data":{"alt":51,"type":2,"area":462}},{"x":3784,"y":2185,"data":{"alt":51,"type":2,"area":462}},{"x":3785,"y":2185,"data":{"alt":51,"type":2,"area":462}},{"x":3786,"y":2185,"data":{"alt":51,"type":2,"area":462}},{"x":3787,"y":2185,"data":{"alt":51,"type":2,"area":462}},{"x":3788,"y":2185,"data":{"alt":51,"type":2,"area":462}},{"x":3789,"y":2185,"data":{"alt":51,"type":2,"area":462}},{"x":3790,"y":2185,"data":{"alt":51,"type":2,"area":462}},{"x":3791,"y":2185,"data":{"alt":51,"type":2,"area":462}},{"x":3792,"y":2185,"data":{"alt":51,"type":2,"area":462}},{"x":3793,"y":2185,"data":{"alt":51,"type":2,"area":462}},{"x":3794,"y":2185,"data":{"alt":51,"type":2,"area":462}},{"x":3795,"y":2185,"data":{"alt":51,"type":2,"area":462}},{"x":3778,"y":2186,"data":{"alt":51,"type":2,"area":462}},{"x":3779,"y":2186,"data":{"alt":51,"type":2,"area":462}},{"x":3780,"y":2186,"data":{"alt":51,"type":2,"area":462}},{"x":3781,"y":2186,"data":{"alt":51,"type":2,"area":462}},{"x":3782,"y":2186,"data":{"alt":51,"type":2,"area":462}},{"x":3783,"y":2186,"data":{"alt":51,"type":2,"area":462}},{"x":3784,"y":2186,"data":{"alt":51,"type":2,"area":462}},{"x":3785,"y":2186,"data":{"alt":51,"type":2,"area":462}},{"x":3786,"y":2186,"data":{"alt":51,"type":2,"area":462}},{"x":3787,"y":2186,"data":{"alt":51,"type":2,"area":462}},{"x":3788,"y":2186,"data":{"alt":51,"type":2,"area":462}},{"x":3789,"y":2186,"data":{"alt":51,"type":2,"area":462}},{"x":3790,"y":2186,"data":{"alt":51,"type":2,"area":462}},{"x":3791,"y":2186,"data":{"alt":51,"type":2,"area":462}},{"x":3792,"y":2186,"data":{"alt":51,"type":2,"area":462}},{"x":3793,"y":2186,"data":{"alt":51,"type":2,"area":462}},{"x":3794,"y":2186,"data":{"alt":51,"type":2,"area":462}},{"x":3795,"y":2186,"data":{"alt":51,"type":2,"area":462}},{"x":3780,"y":2187,"data":{"alt":51,"type":2,"area":462}},{"x":3781,"y":2187,"data":{"alt":51,"type":2,"area":462}},{"x":3782,"y":2187,"data":{"alt":51,"type":2,"area":462}},{"x":3783,"y":2187,"data":{"alt":51,"type":2,"area":462}},{"x":3784,"y":2187,"data":{"alt":51,"type":2,"area":462}},{"x":3785,"y":2187,"data":{"alt":51,"type":2,"area":462}},{"x":3786,"y":2187,"data":{"alt":51,"type":2,"area":462}},{"x":3787,"y":2187,"data":{"alt":51,"type":2,"area":462}},{"x":3788,"y":2187,"data":{"alt":51,"type":2,"area":462}},{"x":3789,"y":2187,"data":{"alt":51,"type":2,"area":462}},{"x":3790,"y":2187,"data":{"alt":51,"type":2,"area":462}},{"x":3791,"y":2187,"data":{"alt":51,"type":2,"area":462}},{"x":3792,"y":2187,"data":{"alt":51,"type":2,"area":462}},{"x":3793,"y":2187,"data":{"alt":51,"type":2,"area":462}},{"x":3781,"y":2188,"data":{"alt":51,"type":2,"area":462}},{"x":3782,"y":2188,"data":{"alt":51,"type":2,"area":462}},{"x":3783,"y":2188,"data":{"alt":51,"type":2,"area":462}},{"x":3784,"y":2188,"data":{"alt":51,"type":2,"area":462}},{"x":3785,"y":2188,"data":{"alt":51,"type":2,"area":462}},{"x":3786,"y":2188,"data":{"alt":51,"type":2,"area":462}},{"x":3787,"y":2188,"data":{"alt":51,"type":2,"area":462}},{"x":3788,"y":2188,"data":{"alt":51,"type":2,"area":462}},{"x":3789,"y":2188,"data":{"alt":51,"type":2,"area":462}},{"x":3790,"y":2188,"data":{"alt":51,"type":2,"area":462}},{"x":3781,"y":2189,"data":{"alt":51,"type":2,"area":462}},{"x":3782,"y":2189,"data":{"alt":51,"type":2,"area":462}},{"x":3783,"y":2189,"data":{"alt":51,"type":2,"area":462}},{"x":3784,"y":2189,"data":{"alt":51,"type":2,"area":462}},{"x":3785,"y":2189,"data":{"alt":51,"type":2,"area":462}},{"x":3786,"y":2189,"data":{"alt":51,"type":2,"area":462}},{"x":3787,"y":2189,"data":{"alt":51,"type":2,"area":462}},{"x":3788,"y":2189,"data":{"alt":51,"type":2,"area":462}},{"x":3789,"y":2189,"data":{"alt":51,"type":2,"area":462}},{"x":3782,"y":2190,"data":{"alt":51,"type":2,"area":462}},{"x":3784,"y":2190,"data":{"alt":51,"type":2,"area":462}},{"x":3785,"y":2190,"data":{"alt":51,"type":2,"area":462}},{"x":3786,"y":2190,"data":{"alt":51,"type":2,"area":462}},{"x":3806,"y":2153,"data":{"alt":51,"type":2,"area":462}},{"x":3794,"y":2154,"data":{"alt":51,"type":2,"area":462}},{"x":3805,"y":2154,"data":{"alt":51,"type":2,"area":462}},{"x":3806,"y":2154,"data":{"alt":51,"type":2,"area":462}},{"x":3807,"y":2154,"data":{"alt":51,"type":2,"area":462}},{"x":3794,"y":2155,"data":{"alt":51,"type":2,"area":462}},{"x":3804,"y":2155,"data":{"alt":51,"type":2,"area":462}},{"x":3805,"y":2155,"data":{"alt":51,"type":2,"area":462}},{"x":3806,"y":2155,"data":{"alt":51,"type":2,"area":462}},{"x":3807,"y":2155,"data":{"alt":51,"type":2,"area":462}},{"x":3794,"y":2156,"data":{"alt":51,"type":2,"area":462}},{"x":3803,"y":2156,"data":{"alt":51,"type":2,"area":462}},{"x":3804,"y":2156,"data":{"alt":51,"type":2,"area":462}},{"x":3805,"y":2156,"data":{"alt":51,"type":2,"area":462}},{"x":3806,"y":2156,"data":{"alt":51,"type":2,"area":462}},{"x":3807,"y":2156,"data":{"alt":51,"type":2,"area":462}},{"x":3794,"y":2157,"data":{"alt":51,"type":2,"area":462}},{"x":3802,"y":2157,"data":{"alt":51,"type":2,"area":462}},{"x":3803,"y":2157,"data":{"alt":51,"type":2,"area":462}},{"x":3804,"y":2157,"data":{"alt":51,"type":2,"area":462}},{"x":3805,"y":2157,"data":{"alt":51,"type":2,"area":462}},{"x":3806,"y":2157,"data":{"alt":51,"type":2,"area":462}},{"x":3807,"y":2157,"data":{"alt":51,"type":2,"area":462}},{"x":3794,"y":2158,"data":{"alt":51,"type":2,"area":462}},{"x":3795,"y":2158,"data":{"alt":51,"type":2,"area":462}},{"x":3802,"y":2158,"data":{"alt":51,"type":2,"area":462}},{"x":3803,"y":2158,"data":{"alt":51,"type":2,"area":462}},{"x":3804,"y":2158,"data":{"alt":51,"type":2,"area":462}},{"x":3805,"y":2158,"data":{"alt":51,"type":2,"area":462}},{"x":3806,"y":2158,"data":{"alt":51,"type":2,"area":462}},{"x":3807,"y":2158,"data":{"alt":51,"type":2,"area":462}},{"x":3794,"y":2159,"data":{"alt":51,"type":2,"area":462}},{"x":3795,"y":2159,"data":{"alt":51,"type":2,"area":462}},{"x":3802,"y":2159,"data":{"alt":51,"type":2,"area":462}},{"x":3803,"y":2159,"data":{"alt":51,"type":2,"area":462}},{"x":3804,"y":2159,"data":{"alt":51,"type":2,"area":462}},{"x":3805,"y":2159,"data":{"alt":51,"type":2,"area":462}},{"x":3806,"y":2159,"data":{"alt":51,"type":2,"area":462}},{"x":3807,"y":2159,"data":{"alt":51,"type":2,"area":462}},{"x":3793,"y":2160,"data":{"alt":51,"type":2,"area":462}},{"x":3794,"y":2160,"data":{"alt":51,"type":2,"area":462}},{"x":3795,"y":2160,"data":{"alt":51,"type":2,"area":462}},{"x":3796,"y":2160,"data":{"alt":51,"type":2,"area":462}},{"x":3802,"y":2160,"data":{"alt":51,"type":2,"area":462}},{"x":3803,"y":2160,"data":{"alt":51,"type":2,"area":462}},{"x":3804,"y":2160,"data":{"alt":51,"type":2,"area":462}},{"x":3805,"y":2160,"data":{"alt":51,"type":2,"area":462}},{"x":3806,"y":2160,"data":{"alt":51,"type":2,"area":462}},{"x":3807,"y":2160,"data":{"alt":51,"type":2,"area":462}},{"x":3794,"y":2161,"data":{"alt":51,"type":2,"area":462}},{"x":3795,"y":2161,"data":{"alt":51,"type":2,"area":462}},{"x":3796,"y":2161,"data":{"alt":51,"type":2,"area":462}},{"x":3797,"y":2161,"data":{"alt":51,"type":2,"area":462}},{"x":3802,"y":2161,"data":{"alt":51,"type":2,"area":462}},{"x":3803,"y":2161,"data":{"alt":51,"type":2,"area":462}},{"x":3804,"y":2161,"data":{"alt":51,"type":2,"area":462}},{"x":3805,"y":2161,"data":{"alt":51,"type":2,"area":462}},{"x":3806,"y":2161,"data":{"alt":51,"type":2,"area":462}},{"x":3807,"y":2161,"data":{"alt":51,"type":2,"area":462}},{"x":3795,"y":2162,"data":{"alt":51,"type":2,"area":462}},{"x":3797,"y":2162,"data":{"alt":51,"type":2,"area":462}},{"x":3799,"y":2162,"data":{"alt":51,"type":2,"area":462}},{"x":3800,"y":2162,"data":{"alt":51,"type":2,"area":462}},{"x":3801,"y":2162,"data":{"alt":51,"type":2,"area":462}},{"x":3802,"y":2162,"data":{"alt":51,"type":2,"area":462}},{"x":3803,"y":2162,"data":{"alt":51,"type":2,"area":462}},{"x":3804,"y":2162,"data":{"alt":51,"type":2,"area":462}},{"x":3805,"y":2162,"data":{"alt":51,"type":2,"area":462}},{"x":3806,"y":2162,"data":{"alt":51,"type":2,"area":462}},{"x":3807,"y":2162,"data":{"alt":51,"type":2,"area":462}},{"x":3797,"y":2163,"data":{"alt":51,"type":2,"area":462}},{"x":3798,"y":2163,"data":{"alt":51,"type":2,"area":462}},{"x":3799,"y":2163,"data":{"alt":51,"type":2,"area":462}},{"x":3800,"y":2163,"data":{"alt":51,"type":2,"area":462}},{"x":3801,"y":2163,"data":{"alt":51,"type":2,"area":462}},{"x":3802,"y":2163,"data":{"alt":51,"type":2,"area":462}},{"x":3803,"y":2163,"data":{"alt":51,"type":2,"area":462}},{"x":3804,"y":2163,"data":{"alt":51,"type":2,"area":462}},{"x":3805,"y":2163,"data":{"alt":51,"type":2,"area":462}},{"x":3806,"y":2163,"data":{"alt":51,"type":2,"area":462}},{"x":3807,"y":2163,"data":{"alt":51,"type":2,"area":462}},{"x":3797,"y":2164,"data":{"alt":51,"type":2,"area":462}},{"x":3798,"y":2164,"data":{"alt":51,"type":2,"area":462}},{"x":3799,"y":2164,"data":{"alt":51,"type":2,"area":462}},{"x":3800,"y":2164,"data":{"alt":51,"type":2,"area":462}},{"x":3801,"y":2164,"data":{"alt":51,"type":2,"area":462}},{"x":3802,"y":2164,"data":{"alt":51,"type":2,"area":462}},{"x":3803,"y":2164,"data":{"alt":51,"type":2,"area":462}},{"x":3804,"y":2164,"data":{"alt":51,"type":2,"area":462}},{"x":3805,"y":2164,"data":{"alt":51,"type":2,"area":462}},{"x":3806,"y":2164,"data":{"alt":51,"type":2,"area":462}},{"x":3807,"y":2164,"data":{"alt":51,"type":2,"area":462}},{"x":3799,"y":2165,"data":{"alt":51,"type":2,"area":462}},{"x":3803,"y":2165,"data":{"alt":51,"type":2,"area":462}},{"x":3804,"y":2165,"data":{"alt":51,"type":2,"area":462}},{"x":3805,"y":2165,"data":{"alt":51,"type":2,"area":462}},{"x":3806,"y":2165,"data":{"alt":51,"type":2,"area":462}},{"x":3807,"y":2165,"data":{"alt":51,"type":2,"area":462}},{"x":3801,"y":2166,"data":{"alt":51,"type":2,"area":462}},{"x":3802,"y":2166,"data":{"alt":51,"type":2,"area":462}},{"x":3803,"y":2166,"data":{"alt":51,"type":2,"area":462}},{"x":3804,"y":2166,"data":{"alt":51,"type":2,"area":462}},{"x":3805,"y":2166,"data":{"alt":51,"type":2,"area":462}},{"x":3806,"y":2166,"data":{"alt":51,"type":2,"area":462}},{"x":3807,"y":2166,"data":{"alt":51,"type":2,"area":462}},{"x":3801,"y":2167,"data":{"alt":51,"type":2,"area":462}},{"x":3802,"y":2167,"data":{"alt":51,"type":2,"area":462}},{"x":3803,"y":2167,"data":{"alt":51,"type":2,"area":462}},{"x":3804,"y":2167,"data":{"alt":51,"type":2,"area":462}},{"x":3805,"y":2167,"data":{"alt":51,"type":2,"area":462}},{"x":3806,"y":2167,"data":{"alt":51,"type":2,"area":462}},{"x":3807,"y":2167,"data":{"alt":51,"type":2,"area":462}},{"x":3800,"y":2168,"data":{"alt":51,"type":2,"area":462}},{"x":3801,"y":2168,"data":{"alt":51,"type":2,"area":462}},{"x":3802,"y":2168,"data":{"alt":51,"type":2,"area":462}},{"x":3803,"y":2168,"data":{"alt":51,"type":2,"area":462}},{"x":3804,"y":2168,"data":{"alt":51,"type":2,"area":462}},{"x":3805,"y":2168,"data":{"alt":51,"type":2,"area":462}},{"x":3806,"y":2168,"data":{"alt":51,"type":2,"area":462}},{"x":3807,"y":2168,"data":{"alt":51,"type":2,"area":462}},{"x":3785,"y":2169,"data":{"alt":51,"type":2,"area":462}},{"x":3786,"y":2169,"data":{"alt":51,"type":2,"area":462}},{"x":3787,"y":2169,"data":{"alt":51,"type":2,"area":462}},{"x":3789,"y":2169,"data":{"alt":51,"type":2,"area":462}},{"x":3790,"y":2169,"data":{"alt":51,"type":2,"area":462}},{"x":3799,"y":2169,"data":{"alt":51,"type":2,"area":462}},{"x":3800,"y":2169,"data":{"alt":51,"type":2,"area":462}},{"x":3801,"y":2169,"data":{"alt":51,"type":2,"area":462}},{"x":3802,"y":2169,"data":{"alt":51,"type":2,"area":462}},{"x":3803,"y":2169,"data":{"alt":51,"type":2,"area":462}},{"x":3804,"y":2169,"data":{"alt":51,"type":2,"area":462}},{"x":3805,"y":2169,"data":{"alt":51,"type":2,"area":462}},{"x":3806,"y":2169,"data":{"alt":51,"type":2,"area":462}},{"x":3807,"y":2169,"data":{"alt":51,"type":2,"area":462}},{"x":3781,"y":2170,"data":{"alt":51,"type":2,"area":462}},{"x":3782,"y":2170,"data":{"alt":51,"type":2,"area":462}},{"x":3783,"y":2170,"data":{"alt":51,"type":2,"area":462}},{"x":3784,"y":2170,"data":{"alt":51,"type":2,"area":462}},{"x":3785,"y":2170,"data":{"alt":51,"type":2,"area":462}},{"x":3786,"y":2170,"data":{"alt":51,"type":2,"area":462}},{"x":3787,"y":2170,"data":{"alt":51,"type":2,"area":462}},{"x":3788,"y":2170,"data":{"alt":51,"type":2,"area":462}},{"x":3789,"y":2170,"data":{"alt":51,"type":2,"area":462}},{"x":3790,"y":2170,"data":{"alt":51,"type":2,"area":462}},{"x":3791,"y":2170,"data":{"alt":51,"type":2,"area":462}},{"x":3792,"y":2170,"data":{"alt":51,"type":2,"area":462}},{"x":3798,"y":2170,"data":{"alt":51,"type":2,"area":462}},{"x":3799,"y":2170,"data":{"alt":51,"type":2,"area":462}},{"x":3800,"y":2170,"data":{"alt":51,"type":2,"area":462}},{"x":3801,"y":2170,"data":{"alt":51,"type":2,"area":462}},{"x":3802,"y":2170,"data":{"alt":51,"type":2,"area":462}},{"x":3803,"y":2170,"data":{"alt":51,"type":2,"area":462}},{"x":3804,"y":2170,"data":{"alt":51,"type":2,"area":462}},{"x":3805,"y":2170,"data":{"alt":51,"type":2,"area":462}},{"x":3806,"y":2170,"data":{"alt":51,"type":2,"area":462}},{"x":3807,"y":2170,"data":{"alt":51,"type":2,"area":462}},{"x":3779,"y":2171,"data":{"alt":51,"type":2,"area":462}},{"x":3780,"y":2171,"data":{"alt":51,"type":2,"area":462}},{"x":3781,"y":2171,"data":{"alt":51,"type":2,"area":462}},{"x":3782,"y":2171,"data":{"alt":51,"type":2,"area":462}},{"x":3783,"y":2171,"data":{"alt":51,"type":2,"area":462}},{"x":3784,"y":2171,"data":{"alt":51,"type":2,"area":462}},{"x":3785,"y":2171,"data":{"alt":51,"type":2,"area":462}},{"x":3786,"y":2171,"data":{"alt":51,"type":2,"area":462}},{"x":3787,"y":2171,"data":{"alt":51,"type":2,"area":462}},{"x":3788,"y":2171,"data":{"alt":51,"type":2,"area":462}},{"x":3789,"y":2171,"data":{"alt":51,"type":2,"area":462}},{"x":3790,"y":2171,"data":{"alt":51,"type":2,"area":462}},{"x":3791,"y":2171,"data":{"alt":51,"type":2,"area":462}},{"x":3792,"y":2171,"data":{"alt":51,"type":2,"area":462}},{"x":3793,"y":2171,"data":{"alt":51,"type":2,"area":462}},{"x":3794,"y":2171,"data":{"alt":51,"type":2,"area":462}},{"x":3795,"y":2171,"data":{"alt":51,"type":2,"area":462}},{"x":3796,"y":2171,"data":{"alt":51,"type":2,"area":462}},{"x":3798,"y":2171,"data":{"alt":51,"type":2,"area":462}},{"x":3799,"y":2171,"data":{"alt":51,"type":2,"area":462}},{"x":3800,"y":2171,"data":{"alt":51,"type":2,"area":462}},{"x":3801,"y":2171,"data":{"alt":51,"type":2,"area":462}},{"x":3802,"y":2171,"data":{"alt":51,"type":2,"area":462}},{"x":3803,"y":2171,"data":{"alt":51,"type":2,"area":462}},{"x":3804,"y":2171,"data":{"alt":51,"type":2,"area":462}},{"x":3805,"y":2171,"data":{"alt":51,"type":2,"area":462}},{"x":3806,"y":2171,"data":{"alt":51,"type":2,"area":462}},{"x":3807,"y":2171,"data":{"alt":51,"type":2,"area":462}},{"x":3779,"y":2172,"data":{"alt":51,"type":2,"area":462}},{"x":3780,"y":2172,"data":{"alt":51,"type":2,"area":462}},{"x":3781,"y":2172,"data":{"alt":51,"type":2,"area":462}},{"x":3782,"y":2172,"data":{"alt":51,"type":2,"area":462}},{"x":3783,"y":2172,"data":{"alt":51,"type":2,"area":462}},{"x":3784,"y":2172,"data":{"alt":51,"type":2,"area":462}},{"x":3785,"y":2172,"data":{"alt":51,"type":2,"area":462}},{"x":3786,"y":2172,"data":{"alt":51,"type":2,"area":462}},{"x":3787,"y":2172,"data":{"alt":51,"type":2,"area":462}},{"x":3788,"y":2172,"data":{"alt":51,"type":2,"area":462}},{"x":3789,"y":2172,"data":{"alt":51,"type":2,"area":462}},{"x":3790,"y":2172,"data":{"alt":51,"type":2,"area":462}},{"x":3791,"y":2172,"data":{"alt":51,"type":2,"area":462}},{"x":3792,"y":2172,"data":{"alt":51,"type":2,"area":462}},{"x":3793,"y":2172,"data":{"alt":51,"type":2,"area":462}},{"x":3794,"y":2172,"data":{"alt":51,"type":2,"area":462}},{"x":3795,"y":2172,"data":{"alt":51,"type":2,"area":462}},{"x":3796,"y":2172,"data":{"alt":51,"type":2,"area":462}},{"x":3798,"y":2172,"data":{"alt":51,"type":2,"area":462}},{"x":3799,"y":2172,"data":{"alt":51,"type":2,"area":462}},{"x":3800,"y":2172,"data":{"alt":51,"type":2,"area":462}},{"x":3801,"y":2172,"data":{"alt":51,"type":2,"area":462}},{"x":3802,"y":2172,"data":{"alt":51,"type":2,"area":462}},{"x":3803,"y":2172,"data":{"alt":51,"type":2,"area":462}},{"x":3804,"y":2172,"data":{"alt":51,"type":2,"area":462}},{"x":3805,"y":2172,"data":{"alt":51,"type":2,"area":462}},{"x":3806,"y":2172,"data":{"alt":51,"type":2,"area":462}},{"x":3807,"y":2172,"data":{"alt":51,"type":2,"area":462}},{"x":3778,"y":2173,"data":{"alt":51,"type":2,"area":462}},{"x":3779,"y":2173,"data":{"alt":51,"type":2,"area":462}},{"x":3780,"y":2173,"data":{"alt":51,"type":2,"area":462}},{"x":3781,"y":2173,"data":{"alt":51,"type":2,"area":462}},{"x":3782,"y":2173,"data":{"alt":51,"type":2,"area":462}},{"x":3783,"y":2173,"data":{"alt":51,"type":2,"area":462}},{"x":3784,"y":2173,"data":{"alt":51,"type":2,"area":462}},{"x":3785,"y":2173,"data":{"alt":51,"type":2,"area":462}},{"x":3786,"y":2173,"data":{"alt":51,"type":2,"area":462}},{"x":3787,"y":2173,"data":{"alt":51,"type":2,"area":462}},{"x":3788,"y":2173,"data":{"alt":51,"type":2,"area":462}},{"x":3789,"y":2173,"data":{"alt":51,"type":2,"area":462}},{"x":3790,"y":2173,"data":{"alt":51,"type":2,"area":462}},{"x":3791,"y":2173,"data":{"alt":51,"type":2,"area":462}},{"x":3792,"y":2173,"data":{"alt":51,"type":2,"area":462}},{"x":3793,"y":2173,"data":{"alt":51,"type":2,"area":462}},{"x":3794,"y":2173,"data":{"alt":51,"type":2,"area":462}},{"x":3795,"y":2173,"data":{"alt":51,"type":2,"area":462}},{"x":3796,"y":2173,"data":{"alt":51,"type":2,"area":462}},{"x":3797,"y":2173,"data":{"alt":51,"type":2,"area":462}},{"x":3798,"y":2173,"data":{"alt":51,"type":2,"area":462}},{"x":3799,"y":2173,"data":{"alt":51,"type":2,"area":462}},{"x":3800,"y":2173,"data":{"alt":51,"type":2,"area":462}},{"x":3801,"y":2173,"data":{"alt":51,"type":2,"area":462}},{"x":3802,"y":2173,"data":{"alt":51,"type":2,"area":462}},{"x":3803,"y":2173,"data":{"alt":51,"type":2,"area":462}},{"x":3804,"y":2173,"data":{"alt":51,"type":2,"area":462}},{"x":3805,"y":2173,"data":{"alt":51,"type":2,"area":462}},{"x":3806,"y":2173,"data":{"alt":51,"type":2,"area":462}},{"x":3807,"y":2173,"data":{"alt":51,"type":2,"area":462}},{"x":3779,"y":2174,"data":{"alt":51,"type":2,"area":462}},{"x":3780,"y":2174,"data":{"alt":51,"type":2,"area":462}},{"x":3781,"y":2174,"data":{"alt":51,"type":2,"area":462}},{"x":3782,"y":2174,"data":{"alt":51,"type":2,"area":462}},{"x":3783,"y":2174,"data":{"alt":51,"type":2,"area":462}},{"x":3784,"y":2174,"data":{"alt":51,"type":2,"area":462}},{"x":3785,"y":2174,"data":{"alt":51,"type":2,"area":462}},{"x":3786,"y":2174,"data":{"alt":51,"type":2,"area":462}},{"x":3787,"y":2174,"data":{"alt":51,"type":2,"area":462}},{"x":3788,"y":2174,"data":{"alt":51,"type":2,"area":462}},{"x":3789,"y":2174,"data":{"alt":51,"type":2,"area":462}},{"x":3790,"y":2174,"data":{"alt":51,"type":2,"area":462}},{"x":3791,"y":2174,"data":{"alt":51,"type":2,"area":462}},{"x":3792,"y":2174,"data":{"alt":51,"type":2,"area":462}},{"x":3793,"y":2174,"data":{"alt":51,"type":2,"area":462}},{"x":3794,"y":2174,"data":{"alt":51,"type":2,"area":462}},{"x":3795,"y":2174,"data":{"alt":51,"type":2,"area":462}},{"x":3796,"y":2174,"data":{"alt":51,"type":2,"area":462}},{"x":3797,"y":2174,"data":{"alt":51,"type":2,"area":462}},{"x":3798,"y":2174,"data":{"alt":51,"type":2,"area":462}},{"x":3799,"y":2174,"data":{"alt":51,"type":2,"area":462}},{"x":3800,"y":2174,"data":{"alt":51,"type":2,"area":462}},{"x":3801,"y":2174,"data":{"alt":51,"type":2,"area":462}},{"x":3802,"y":2174,"data":{"alt":51,"type":2,"area":462}},{"x":3803,"y":2174,"data":{"alt":51,"type":2,"area":462}},{"x":3804,"y":2174,"data":{"alt":51,"type":2,"area":462}},{"x":3805,"y":2174,"data":{"alt":51,"type":2,"area":462}},{"x":3806,"y":2174,"data":{"alt":51,"type":2,"area":462}},{"x":3807,"y":2174,"data":{"alt":51,"type":2,"area":462}},{"x":3778,"y":2175,"data":{"alt":51,"type":2,"area":462}},{"x":3779,"y":2175,"data":{"alt":51,"type":2,"area":462}},{"x":3780,"y":2175,"data":{"alt":51,"type":2,"area":462}},{"x":3781,"y":2175,"data":{"alt":51,"type":2,"area":462}},{"x":3782,"y":2175,"data":{"alt":51,"type":2,"area":462}},{"x":3783,"y":2175,"data":{"alt":51,"type":2,"area":462}},{"x":3784,"y":2175,"data":{"alt":51,"type":2,"area":462}},{"x":3785,"y":2175,"data":{"alt":51,"type":2,"area":462}},{"x":3786,"y":2175,"data":{"alt":51,"type":2,"area":462}},{"x":3787,"y":2175,"data":{"alt":51,"type":2,"area":462}},{"x":3788,"y":2175,"data":{"alt":51,"type":2,"area":462}},{"x":3789,"y":2175,"data":{"alt":51,"type":2,"area":462}},{"x":3790,"y":2175,"data":{"alt":51,"type":2,"area":462}},{"x":3791,"y":2175,"data":{"alt":51,"type":2,"area":462}},{"x":3792,"y":2175,"data":{"alt":51,"type":2,"area":462}},{"x":3793,"y":2175,"data":{"alt":51,"type":2,"area":462}},{"x":3794,"y":2175,"data":{"alt":51,"type":2,"area":462}},{"x":3795,"y":2175,"data":{"alt":51,"type":2,"area":462}},{"x":3796,"y":2175,"data":{"alt":51,"type":2,"area":462}},{"x":3797,"y":2175,"data":{"alt":51,"type":2,"area":462}},{"x":3798,"y":2175,"data":{"alt":51,"type":2,"area":462}},{"x":3799,"y":2175,"data":{"alt":51,"type":2,"area":462}},{"x":3800,"y":2175,"data":{"alt":51,"type":2,"area":462}},{"x":3801,"y":2175,"data":{"alt":51,"type":2,"area":462}},{"x":3802,"y":2175,"data":{"alt":51,"type":2,"area":462}},{"x":3803,"y":2175,"data":{"alt":51,"type":2,"area":462}},{"x":3804,"y":2175,"data":{"alt":51,"type":2,"area":462}},{"x":3805,"y":2175,"data":{"alt":51,"type":2,"area":462}},{"x":3806,"y":2175,"data":{"alt":51,"type":2,"area":462}},{"x":3807,"y":2175,"data":{"alt":51,"type":2,"area":462}},{"x":3808,"y":2154,"data":{"alt":51,"type":2,"area":462}},{"x":3808,"y":2155,"data":{"alt":51,"type":2,"area":462}},{"x":3809,"y":2155,"data":{"alt":51,"type":2,"area":462}},{"x":3810,"y":2155,"data":{"alt":51,"type":2,"area":462}},{"x":3811,"y":2155,"data":{"alt":51,"type":2,"area":462}},{"x":3808,"y":2156,"data":{"alt":51,"type":2,"area":462}},{"x":3809,"y":2156,"data":{"alt":51,"type":2,"area":462}},{"x":3810,"y":2156,"data":{"alt":51,"type":2,"area":462}},{"x":3811,"y":2156,"data":{"alt":51,"type":2,"area":462}},{"x":3812,"y":2156,"data":{"alt":51,"type":2,"area":462}},{"x":3814,"y":2156,"data":{"alt":51,"type":2,"area":462}},{"x":3815,"y":2156,"data":{"alt":51,"type":2,"area":462}},{"x":3816,"y":2156,"data":{"alt":51,"type":2,"area":462}},{"x":3808,"y":2157,"data":{"alt":51,"type":2,"area":462}},{"x":3809,"y":2157,"data":{"alt":51,"type":2,"area":462}},{"x":3810,"y":2157,"data":{"alt":51,"type":2,"area":462}},{"x":3811,"y":2157,"data":{"alt":51,"type":2,"area":462}},{"x":3812,"y":2157,"data":{"alt":51,"type":2,"area":462}},{"x":3813,"y":2157,"data":{"alt":51,"type":2,"area":462}},{"x":3814,"y":2157,"data":{"alt":51,"type":2,"area":462}},{"x":3808,"y":2158,"data":{"alt":51,"type":2,"area":462}},{"x":3809,"y":2158,"data":{"alt":51,"type":2,"area":462}},{"x":3810,"y":2158,"data":{"alt":51,"type":2,"area":462}},{"x":3811,"y":2158,"data":{"alt":51,"type":2,"area":462}},{"x":3812,"y":2158,"data":{"alt":51,"type":2,"area":462}},{"x":3813,"y":2158,"data":{"alt":51,"type":2,"area":462}},{"x":3814,"y":2158,"data":{"alt":51,"type":2,"area":462}},{"x":3808,"y":2159,"data":{"alt":51,"type":2,"area":462}},{"x":3809,"y":2159,"data":{"alt":51,"type":2,"area":462}},{"x":3810,"y":2159,"data":{"alt":51,"type":2,"area":462}},{"x":3811,"y":2159,"data":{"alt":51,"type":2,"area":462}},{"x":3812,"y":2159,"data":{"alt":51,"type":2,"area":462}},{"x":3813,"y":2159,"data":{"alt":51,"type":2,"area":462}},{"x":3814,"y":2159,"data":{"alt":51,"type":2,"area":462}},{"x":3815,"y":2159,"data":{"alt":51,"type":2,"area":462}},{"x":3816,"y":2159,"data":{"alt":51,"type":2,"area":462}},{"x":3808,"y":2160,"data":{"alt":51,"type":2,"area":462}},{"x":3809,"y":2160,"data":{"alt":51,"type":2,"area":462}},{"x":3810,"y":2160,"data":{"alt":51,"type":2,"area":462}},{"x":3811,"y":2160,"data":{"alt":51,"type":2,"area":462}},{"x":3812,"y":2160,"data":{"alt":51,"type":2,"area":462}},{"x":3813,"y":2160,"data":{"alt":51,"type":2,"area":462}},{"x":3814,"y":2160,"data":{"alt":51,"type":2,"area":462}},{"x":3815,"y":2160,"data":{"alt":51,"type":2,"area":462}},{"x":3816,"y":2160,"data":{"alt":51,"type":2,"area":462}},{"x":3808,"y":2161,"data":{"alt":51,"type":2,"area":462}},{"x":3809,"y":2161,"data":{"alt":51,"type":2,"area":462}},{"x":3810,"y":2161,"data":{"alt":51,"type":2,"area":462}},{"x":3811,"y":2161,"data":{"alt":51,"type":2,"area":462}},{"x":3812,"y":2161,"data":{"alt":51,"type":2,"area":462}},{"x":3813,"y":2161,"data":{"alt":51,"type":2,"area":462}},{"x":3814,"y":2161,"data":{"alt":51,"type":2,"area":462}},{"x":3808,"y":2162,"data":{"alt":51,"type":2,"area":462}},{"x":3809,"y":2162,"data":{"alt":51,"type":2,"area":462}},{"x":3810,"y":2162,"data":{"alt":51,"type":2,"area":462}},{"x":3811,"y":2162,"data":{"alt":51,"type":2,"area":462}},{"x":3812,"y":2162,"data":{"alt":51,"type":2,"area":462}},{"x":3813,"y":2162,"data":{"alt":51,"type":2,"area":462}},{"x":3814,"y":2162,"data":{"alt":51,"type":2,"area":462}},{"x":3808,"y":2163,"data":{"alt":51,"type":2,"area":462}},{"x":3809,"y":2163,"data":{"alt":51,"type":2,"area":462}},{"x":3810,"y":2163,"data":{"alt":51,"type":2,"area":462}},{"x":3811,"y":2163,"data":{"alt":51,"type":2,"area":462}},{"x":3812,"y":2163,"data":{"alt":51,"type":2,"area":462}},{"x":3813,"y":2163,"data":{"alt":51,"type":2,"area":462}},{"x":3808,"y":2164,"data":{"alt":51,"type":2,"area":462}},{"x":3809,"y":2164,"data":{"alt":51,"type":2,"area":462}},{"x":3810,"y":2164,"data":{"alt":51,"type":2,"area":462}},{"x":3811,"y":2164,"data":{"alt":51,"type":2,"area":462}},{"x":3812,"y":2164,"data":{"alt":51,"type":2,"area":462}},{"x":3813,"y":2164,"data":{"alt":51,"type":2,"area":462}},{"x":3814,"y":2164,"data":{"alt":51,"type":2,"area":462}},{"x":3808,"y":2165,"data":{"alt":51,"type":2,"area":462}},{"x":3809,"y":2165,"data":{"alt":51,"type":2,"area":462}},{"x":3810,"y":2165,"data":{"alt":51,"type":2,"area":462}},{"x":3811,"y":2165,"data":{"alt":51,"type":2,"area":462}},{"x":3812,"y":2165,"data":{"alt":51,"type":2,"area":462}},{"x":3813,"y":2165,"data":{"alt":51,"type":2,"area":462}},{"x":3808,"y":2166,"data":{"alt":51,"type":2,"area":462}},{"x":3809,"y":2166,"data":{"alt":51,"type":2,"area":462}},{"x":3810,"y":2166,"data":{"alt":51,"type":2,"area":462}},{"x":3811,"y":2166,"data":{"alt":51,"type":2,"area":462}},{"x":3808,"y":2167,"data":{"alt":51,"type":2,"area":462}},{"x":3809,"y":2167,"data":{"alt":51,"type":2,"area":462}},{"x":3810,"y":2167,"data":{"alt":51,"type":2,"area":462}},{"x":3811,"y":2167,"data":{"alt":51,"type":2,"area":462}},{"x":3812,"y":2167,"data":{"alt":51,"type":2,"area":462}},{"x":3813,"y":2167,"data":{"alt":51,"type":2,"area":462}},{"x":3808,"y":2168,"data":{"alt":51,"type":2,"area":462}},{"x":3809,"y":2168,"data":{"alt":51,"type":2,"area":462}},{"x":3810,"y":2168,"data":{"alt":51,"type":2,"area":462}},{"x":3811,"y":2168,"data":{"alt":51,"type":2,"area":462}},{"x":3812,"y":2168,"data":{"alt":51,"type":2,"area":462}},{"x":3813,"y":2168,"data":{"alt":51,"type":2,"area":462}},{"x":3814,"y":2168,"data":{"alt":51,"type":2,"area":462}},{"x":3808,"y":2169,"data":{"alt":51,"type":2,"area":462}},{"x":3809,"y":2169,"data":{"alt":51,"type":2,"area":462}},{"x":3810,"y":2169,"data":{"alt":51,"type":2,"area":462}},{"x":3811,"y":2169,"data":{"alt":51,"type":2,"area":462}},{"x":3812,"y":2169,"data":{"alt":51,"type":2,"area":462}},{"x":3813,"y":2169,"data":{"alt":51,"type":2,"area":462}},{"x":3814,"y":2169,"data":{"alt":51,"type":2,"area":462}},{"x":3808,"y":2170,"data":{"alt":51,"type":2,"area":462}},{"x":3809,"y":2170,"data":{"alt":51,"type":2,"area":462}},{"x":3810,"y":2170,"data":{"alt":51,"type":2,"area":462}},{"x":3811,"y":2170,"data":{"alt":51,"type":2,"area":462}},{"x":3812,"y":2170,"data":{"alt":51,"type":2,"area":462}},{"x":3813,"y":2170,"data":{"alt":51,"type":2,"area":462}},{"x":3808,"y":2171,"data":{"alt":51,"type":2,"area":462}},{"x":3809,"y":2171,"data":{"alt":51,"type":2,"area":462}},{"x":3810,"y":2171,"data":{"alt":51,"type":2,"area":462}},{"x":3811,"y":2171,"data":{"alt":51,"type":2,"area":462}},{"x":3812,"y":2171,"data":{"alt":51,"type":2,"area":462}},{"x":3813,"y":2171,"data":{"alt":51,"type":2,"area":462}},{"x":3808,"y":2172,"data":{"alt":51,"type":2,"area":462}},{"x":3809,"y":2172,"data":{"alt":51,"type":2,"area":462}},{"x":3810,"y":2172,"data":{"alt":51,"type":2,"area":462}},{"x":3811,"y":2172,"data":{"alt":51,"type":2,"area":462}},{"x":3812,"y":2172,"data":{"alt":51,"type":2,"area":462}},{"x":3813,"y":2172,"data":{"alt":51,"type":2,"area":462}},{"x":3808,"y":2173,"data":{"alt":51,"type":2,"area":462}},{"x":3809,"y":2173,"data":{"alt":51,"type":2,"area":462}},{"x":3810,"y":2173,"data":{"alt":51,"type":2,"area":462}},{"x":3811,"y":2173,"data":{"alt":51,"type":2,"area":462}},{"x":3812,"y":2173,"data":{"alt":51,"type":2,"area":462}},{"x":3813,"y":2173,"data":{"alt":51,"type":2,"area":462}},{"x":3808,"y":2174,"data":{"alt":51,"type":2,"area":462}},{"x":3809,"y":2174,"data":{"alt":51,"type":2,"area":462}},{"x":3810,"y":2174,"data":{"alt":51,"type":2,"area":462}},{"x":3811,"y":2174,"data":{"alt":51,"type":2,"area":462}},{"x":3812,"y":2174,"data":{"alt":51,"type":2,"area":462}},{"x":3808,"y":2175,"data":{"alt":51,"type":2,"area":462}},{"x":3809,"y":2175,"data":{"alt":51,"type":2,"area":462}},{"x":3810,"y":2175,"data":{"alt":51,"type":2,"area":462}},{"x":3811,"y":2175,"data":{"alt":51,"type":2,"area":462}},{"x":3812,"y":2175,"data":{"alt":51,"type":2,"area":462}},{"x":3808,"y":2176,"data":{"alt":51,"type":2,"area":462}},{"x":3809,"y":2176,"data":{"alt":51,"type":2,"area":462}},{"x":3810,"y":2176,"data":{"alt":51,"type":2,"area":462}},{"x":3811,"y":2176,"data":{"alt":51,"type":2,"area":462}},{"x":3812,"y":2176,"data":{"alt":51,"type":2,"area":462}},{"x":3808,"y":2177,"data":{"alt":51,"type":2,"area":462}},{"x":3809,"y":2177,"data":{"alt":51,"type":2,"area":462}},{"x":3810,"y":2177,"data":{"alt":51,"type":2,"area":462}},{"x":3811,"y":2177,"data":{"alt":51,"type":2,"area":462}},{"x":3812,"y":2177,"data":{"alt":51,"type":2,"area":462}},{"x":3808,"y":2178,"data":{"alt":51,"type":2,"area":462}},{"x":3809,"y":2178,"data":{"alt":51,"type":2,"area":462}},{"x":3810,"y":2178,"data":{"alt":51,"type":2,"area":462}},{"x":3811,"y":2178,"data":{"alt":51,"type":2,"area":462}},{"x":3808,"y":2179,"data":{"alt":51,"type":2,"area":462}},{"x":3809,"y":2179,"data":{"alt":51,"type":2,"area":462}},{"x":3810,"y":2179,"data":{"alt":51,"type":2,"area":462}}]