[{"x":3775,"y":1498,"data":{"alt":105,"type":1,"area":464}},{"x":3776,"y":1498,"data":{"alt":106,"type":1,"area":464}},{"x":3777,"y":1498,"data":{"alt":107,"type":1,"area":464}},{"x":3778,"y":1498,"data":{"alt":107,"type":1,"area":464}},{"x":3779,"y":1498,"data":{"alt":107,"type":1,"area":464}},{"x":3780,"y":1498,"data":{"alt":107,"type":1,"area":464}},{"x":3781,"y":1498,"data":{"alt":108,"type":1,"area":464}},{"x":3782,"y":1498,"data":{"alt":108,"type":1,"area":464}},{"x":3783,"y":1498,"data":{"alt":108,"type":1,"area":464}},{"x":3784,"y":1498,"data":{"alt":108,"type":1,"area":464}},{"x":3785,"y":1498,"data":{"alt":108,"type":1,"area":464}}]