[{"x":752,"y":166,"data":{"alt":4,"fertility":100,"region":2121,"area":465}},{"x":753,"y":166,"data":{"alt":4,"fertility":100,"region":2121,"area":465}},{"x":754,"y":166,"data":{"alt":4,"fertility":100,"region":2121,"area":465}},{"x":752,"y":167,"data":{"alt":4,"fertility":100,"region":2121,"area":465}},{"x":753,"y":167,"data":{"alt":4,"fertility":100,"region":2121,"area":465}},{"x":754,"y":167,"data":{"alt":4,"fertility":100,"region":2121,"area":465}},{"x":755,"y":167,"data":{"alt":4,"fertility":100,"region":2121,"area":465}},{"x":756,"y":167,"data":{"alt":4,"fertility":100,"region":2121,"area":465}},{"x":757,"y":167,"data":{"alt":4,"fertility":100,"region":2121,"area":465}},{"x":752,"y":168,"data":{"alt":4,"fertility":100,"region":2121,"area":465}},{"x":753,"y":168,"data":{"alt":4,"fertility":100,"region":2121,"area":465}},{"x":754,"y":168,"data":{"alt":4,"fertility":100,"region":2121,"area":465}},{"x":755,"y":168,"data":{"alt":4,"fertility":100,"region":2121,"area":465}},{"x":756,"y":168,"data":{"alt":4,"fertility":100,"region":2121,"area":465}},{"x":753,"y":169,"data":{"alt":4,"fertility":100,"region":2121,"area":465}}]