[{"x":3785,"y":2143,"data":{"alt":51,"type":1,"area":466}},{"x":3786,"y":2143,"data":{"alt":51,"type":1,"area":466}},{"x":3787,"y":2143,"data":{"alt":51,"type":1,"area":466}},{"x":3788,"y":2143,"data":{"alt":51,"type":1,"area":466}},{"x":3789,"y":2143,"data":{"alt":51,"type":1,"area":466}},{"x":3790,"y":2143,"data":{"alt":51,"type":1,"area":466}},{"x":3791,"y":2143,"data":{"alt":51,"type":1,"area":466}},{"x":3792,"y":2143,"data":{"alt":51,"type":1,"area":466}},{"x":3793,"y":2143,"data":{"alt":51,"type":1,"area":466}},{"x":3794,"y":2143,"data":{"alt":51,"type":1,"area":466}},{"x":3795,"y":2143,"data":{"alt":51,"type":1,"area":466}},{"x":3796,"y":2143,"data":{"alt":51,"type":1,"area":466}},{"x":3797,"y":2143,"data":{"alt":51,"type":1,"area":466}}]