[{"x":3801,"y":2119,"data":{"alt":51,"type":1,"area":468}},{"x":3801,"y":2120,"data":{"alt":51,"type":1,"area":468}},{"x":3800,"y":2121,"data":{"alt":51,"type":2,"area":468}},{"x":3801,"y":2121,"data":{"alt":51,"type":1,"area":468}},{"x":3800,"y":2122,"data":{"alt":51,"type":2,"area":468}},{"x":3801,"y":2122,"data":{"alt":51,"type":2,"area":468}},{"x":3802,"y":2122,"data":{"alt":51,"type":1,"area":468}},{"x":3801,"y":2123,"data":{"alt":51,"type":1,"area":468}},{"x":3801,"y":2124,"data":{"alt":51,"type":1,"area":468}},{"x":3801,"y":2125,"data":{"alt":51,"type":1,"area":468}},{"x":3801,"y":2126,"data":{"alt":51,"type":1,"area":468}},{"x":3801,"y":2127,"data":{"alt":51,"type":1,"area":468}}]