[{"x":3802,"y":2128,"data":{"alt":51,"type":1,"area":470}},{"x":3802,"y":2129,"data":{"alt":51,"type":1,"area":470}},{"x":3803,"y":2129,"data":{"alt":51,"type":1,"area":470}},{"x":3802,"y":2130,"data":{"alt":51,"type":1,"area":470}},{"x":3802,"y":2131,"data":{"alt":51,"type":1,"area":470}},{"x":3802,"y":2132,"data":{"alt":51,"type":1,"area":470}},{"x":3802,"y":2133,"data":{"alt":51,"type":1,"area":470}},{"x":3802,"y":2134,"data":{"alt":51,"type":1,"area":470}},{"x":3802,"y":2135,"data":{"alt":51,"type":1,"area":470}},{"x":3802,"y":2136,"data":{"alt":51,"type":1,"area":470}},{"x":3802,"y":2137,"data":{"alt":51,"type":1,"area":470}},{"x":3803,"y":2137,"data":{"alt":51,"type":1,"area":470}},{"x":3804,"y":2137,"data":{"alt":51,"type":2,"area":470}},{"x":3800,"y":2138,"data":{"alt":51,"type":2,"area":470}},{"x":3801,"y":2138,"data":{"alt":51,"type":2,"area":470}},{"x":3802,"y":2138,"data":{"alt":51,"type":2,"area":470}},{"x":3803,"y":2138,"data":{"alt":51,"type":1,"area":470}},{"x":3804,"y":2138,"data":{"alt":51,"type":1,"area":470}},{"x":3805,"y":2138,"data":{"alt":51,"type":2,"area":470}},{"x":3802,"y":2139,"data":{"alt":51,"type":1,"area":470}},{"x":3803,"y":2139,"data":{"alt":51,"type":2,"area":470}},{"x":3804,"y":2139,"data":{"alt":51,"type":1,"area":470}},{"x":3802,"y":2140,"data":{"alt":51,"type":1,"area":470}},{"x":3803,"y":2140,"data":{"alt":51,"type":1,"area":470}}]