[{"x":767,"y":152,"data":{"alt":4,"fertility":100,"region":2121,"area":471}},{"x":767,"y":154,"data":{"alt":4,"fertility":100,"region":2121,"area":471}},{"x":767,"y":156,"data":{"alt":4,"fertility":100,"forest":20,"region":2121,"area":471}},{"x":767,"y":157,"data":{"alt":4,"fertility":100,"forest":40,"region":2121,"area":471}},{"x":767,"y":158,"data":{"alt":4,"fertility":100,"region":2121,"area":471}},{"x":769,"y":147,"data":{"alt":4,"fertility":100,"region":2121,"area":471}},{"x":770,"y":147,"data":{"alt":4,"fertility":100,"region":2121,"area":471}},{"x":771,"y":147,"data":{"alt":4,"fertility":100,"region":2121,"area":471}},{"x":768,"y":148,"data":{"alt":4,"fertility":100,"region":2121,"area":471}},{"x":769,"y":148,"data":{"alt":4,"fertility":100,"region":2121,"area":471}},{"x":770,"y":148,"data":{"alt":4,"fertility":100,"region":2121,"area":471}},{"x":771,"y":148,"data":{"alt":4,"fertility":100,"region":2121,"area":471}},{"x":772,"y":148,"data":{"alt":4,"fertility":100,"region":2121,"area":471}},{"x":774,"y":148,"data":{"alt":4,"fertility":100,"region":2121,"area":471}},{"x":775,"y":148,"data":{"alt":4,"fertility":100,"region":2121,"area":471}},{"x":776,"y":148,"data":{"alt":4,"fertility":100,"forest":20,"region":2121,"area":471}},{"x":768,"y":149,"data":{"alt":4,"fertility":100,"forest":20,"region":2121,"area":471}},{"x":769,"y":149,"data":{"alt":4,"fertility":100,"region":2121,"area":471}},{"x":770,"y":149,"data":{"alt":4,"fertility":100,"region":2121,"area":471}},{"x":771,"y":149,"data":{"alt":4,"fertility":100,"region":2121,"area":471}},{"x":772,"y":149,"data":{"alt":4,"fertility":100,"forest":20,"region":2121,"area":471}},{"x":773,"y":149,"data":{"alt":4,"fertility":100,"region":2121,"area":471}},{"x":774,"y":149,"data":{"alt":4,"fertility":100,"region":2121,"area":471}},{"x":768,"y":150,"data":{"alt":4,"fertility":100,"region":2121,"area":471}},{"x":769,"y":150,"data":{"alt":4,"fertility":100,"region":2121,"area":471}},{"x":770,"y":150,"data":{"alt":4,"fertility":100,"region":2121,"area":471}},{"x":771,"y":150,"data":{"alt":4,"fertility":100,"region":2121,"area":471}},{"x":772,"y":150,"data":{"alt":4,"fertility":100,"region":2121,"area":471}},{"x":773,"y":150,"data":{"alt":4,"fertility":100,"region":2121,"area":471}},{"x":774,"y":150,"data":{"alt":4,"fertility":100,"region":2121,"area":471}},{"x":769,"y":151,"data":{"alt":4,"fertility":100,"forest":20,"region":2121,"area":471}},{"x":770,"y":151,"data":{"alt":4,"fertility":100,"region":2121,"area":471}},{"x":771,"y":151,"data":{"alt":4,"fertility":100,"region":2121,"area":471}},{"x":768,"y":152,"data":{"alt":4,"fertility":100,"region":2121,"area":471}},{"x":768,"y":153,"data":{"alt":4,"fertility":100,"region":2121,"area":471}},{"x":769,"y":153,"data":{"alt":4,"fertility":100,"region":2121,"area":471}},{"x":768,"y":154,"data":{"alt":4,"fertility":100,"region":2121,"area":471}},{"x":769,"y":154,"data":{"alt":4,"fertility":100,"region":2121,"area":471}},{"x":770,"y":154,"data":{"alt":4,"fertility":100,"region":2121,"area":471}},{"x":771,"y":154,"data":{"alt":4,"fertility":100,"region":2121,"area":471}},{"x":768,"y":155,"data":{"alt":4,"fertility":100,"region":2121,"area":471}},{"x":769,"y":155,"data":{"alt":4,"fertility":100,"region":2121,"area":471}},{"x":770,"y":155,"data":{"alt":4,"fertility":100,"forest":40,"region":2121,"area":471}},{"x":771,"y":155,"data":{"alt":4,"fertility":100,"region":2121,"area":471}},{"x":772,"y":155,"data":{"alt":4,"fertility":100,"region":2121,"area":471}},{"x":768,"y":156,"data":{"alt":4,"fertility":100,"region":2121,"area":471}},{"x":769,"y":156,"data":{"alt":4,"fertility":100,"region":2121,"area":471}},{"x":770,"y":156,"data":{"alt":4,"fertility":100,"region":2121,"area":471}},{"x":771,"y":156,"data":{"alt":4,"fertility":100,"region":2121,"area":471}},{"x":772,"y":156,"data":{"alt":4,"fertility":100,"forest":40,"region":2121,"area":471}},{"x":768,"y":157,"data":{"alt":4,"fertility":100,"region":2121,"area":471}},{"x":769,"y":157,"data":{"alt":4,"fertility":100,"region":2121,"area":471}},{"x":770,"y":157,"data":{"alt":4,"fertility":100,"region":2121,"area":471}},{"x":771,"y":157,"data":{"alt":4,"fertility":100,"region":2121,"area":471}},{"x":772,"y":157,"data":{"alt":4,"fertility":100,"region":2121,"area":471}},{"x":773,"y":157,"data":{"alt":4,"fertility":100,"region":2121,"area":471}},{"x":770,"y":158,"data":{"alt":4,"fertility":100,"region":2121,"area":471}},{"x":771,"y":158,"data":{"alt":4,"fertility":100,"forest":40,"region":2121,"area":471}},{"x":772,"y":158,"data":{"alt":4,"fertility":100,"region":2121,"area":471}}]