[{"x":3818,"y":3923,"data":{"alt":1,"type":1,"area":474}},{"x":3818,"y":3924,"data":{"alt":1,"type":1,"area":474}},{"x":3818,"y":3925,"data":{"alt":1,"type":1,"area":474}},{"x":3818,"y":3926,"data":{"alt":1,"type":1,"area":474}},{"x":3818,"y":3927,"data":{"alt":1,"type":1,"area":474}},{"x":3818,"y":3928,"data":{"alt":1,"type":1,"area":474}},{"x":3818,"y":3929,"data":{"alt":1,"type":1,"area":474}},{"x":3818,"y":3930,"data":{"alt":1,"type":1,"area":474}},{"x":3818,"y":3931,"data":{"alt":1,"type":1,"area":474}},{"x":3818,"y":3932,"data":{"alt":1,"type":1,"area":474}},{"x":3818,"y":3933,"data":{"alt":1,"type":1,"area":474}},{"x":3818,"y":3934,"data":{"alt":1,"type":1,"area":474}},{"x":3818,"y":3935,"data":{"alt":1,"type":1,"area":474}},{"x":3818,"y":3936,"data":{"alt":1,"type":1,"area":474}},{"x":3818,"y":3937,"data":{"alt":1,"type":1,"area":474}},{"x":3818,"y":3938,"data":{"alt":1,"type":1,"area":474}}]