[{"x":780,"y":109,"data":{"alt":3,"fertility":100,"region":2121,"area":475}},{"x":781,"y":109,"data":{"alt":3,"fertility":100,"region":2121,"area":475}},{"x":782,"y":109,"data":{"alt":4,"fertility":100,"region":2121,"area":475}},{"x":780,"y":110,"data":{"alt":4,"fertility":100,"region":2121,"area":475}},{"x":781,"y":110,"data":{"alt":4,"fertility":100,"region":2121,"area":475}},{"x":782,"y":110,"data":{"alt":4,"fertility":100,"region":2121,"area":475}},{"x":783,"y":110,"data":{"alt":4,"fertility":100,"region":2121,"area":475}},{"x":781,"y":111,"data":{"alt":4,"fertility":100,"region":2121,"area":475}},{"x":782,"y":111,"data":{"alt":4,"fertility":100,"region":2121,"area":475}},{"x":783,"y":111,"data":{"alt":4,"fertility":100,"region":2121,"area":475}},{"x":784,"y":111,"data":{"alt":4,"fertility":100,"region":2121,"area":475}},{"x":781,"y":112,"data":{"alt":4,"fertility":100,"region":2121,"area":475}},{"x":782,"y":112,"data":{"alt":4,"fertility":100,"region":2121,"area":475}},{"x":783,"y":112,"data":{"alt":4,"fertility":100,"forest":20,"region":2121,"area":475}},{"x":784,"y":112,"data":{"alt":5,"fertility":100,"region":2121,"area":475}},{"x":785,"y":112,"data":{"alt":3,"fertility":100,"region":2121,"area":475}},{"x":782,"y":113,"data":{"alt":4,"fertility":100,"region":2121,"area":475}},{"x":783,"y":113,"data":{"alt":4,"fertility":100,"region":2121,"area":475}},{"x":784,"y":113,"data":{"alt":4,"fertility":100,"region":2121,"area":475}},{"x":785,"y":113,"data":{"alt":4,"fertility":100,"region":2121,"area":475}},{"x":782,"y":114,"data":{"alt":4,"fertility":100,"region":2121,"area":475}},{"x":783,"y":114,"data":{"alt":4,"fertility":100,"region":2121,"area":475}},{"x":784,"y":114,"data":{"alt":4,"fertility":100,"region":2121,"area":475}},{"x":782,"y":115,"data":{"alt":3,"fertility":100,"region":2121,"area":475}},{"x":783,"y":115,"data":{"alt":4,"fertility":100,"region":2121,"area":475}},{"x":780,"y":116,"data":{"alt":4,"fertility":100,"region":2121,"area":475}},{"x":781,"y":116,"data":{"alt":4,"fertility":100,"region":2121,"area":475}},{"x":782,"y":116,"data":{"alt":4,"fertility":100,"region":2121,"area":475}},{"x":783,"y":116,"data":{"alt":4,"fertility":100,"forest":20,"region":2121,"area":475}},{"x":779,"y":117,"data":{"alt":4,"fertility":100,"region":2121,"area":475}},{"x":780,"y":117,"data":{"alt":4,"fertility":100,"region":2121,"area":475}},{"x":781,"y":117,"data":{"alt":4,"fertility":100,"region":2121,"area":475}},{"x":782,"y":117,"data":{"alt":4,"fertility":100,"region":2121,"area":475}},{"x":783,"y":117,"data":{"alt":4,"fertility":100,"region":2121,"area":475}},{"x":784,"y":117,"data":{"alt":4,"fertility":100,"region":2121,"area":475}},{"x":779,"y":118,"data":{"alt":4,"fertility":100,"region":2121,"area":475}},{"x":780,"y":118,"data":{"alt":4,"fertility":100,"region":2121,"area":475}},{"x":781,"y":118,"data":{"alt":4,"fertility":100,"region":2121,"area":475}},{"x":782,"y":118,"data":{"alt":4,"fertility":100,"region":2121,"area":475}},{"x":783,"y":118,"data":{"alt":4,"fertility":100,"region":2121,"area":475}},{"x":784,"y":118,"data":{"alt":4,"fertility":100,"region":2121,"area":475}},{"x":780,"y":119,"data":{"alt":4,"fertility":100,"region":2121,"area":475}},{"x":781,"y":119,"data":{"alt":5,"fertility":100,"region":2121,"area":475}},{"x":782,"y":119,"data":{"alt":4,"fertility":100,"region":2121,"area":475}},{"x":783,"y":119,"data":{"alt":4,"fertility":100,"region":2121,"area":475}},{"x":784,"y":119,"data":{"alt":4,"fertility":100,"region":2121,"area":475}},{"x":785,"y":119,"data":{"alt":4,"fertility":100,"region":2121,"area":475}},{"x":786,"y":119,"data":{"alt":4,"fertility":100,"region":2121,"area":475}},{"x":789,"y":119,"data":{"alt":4,"fertility":100,"region":2121,"area":475}},{"x":790,"y":119,"data":{"alt":4,"fertility":100,"region":2121,"area":475}},{"x":780,"y":120,"data":{"alt":4,"fertility":100,"region":2121,"area":475}},{"x":781,"y":120,"data":{"alt":5,"fertility":100,"region":2121,"area":475}},{"x":782,"y":120,"data":{"alt":5,"fertility":100,"region":2121,"area":475}},{"x":783,"y":120,"data":{"alt":4,"fertility":100,"region":2121,"area":475}},{"x":784,"y":120,"data":{"alt":4,"fertility":100,"region":2121,"area":475}},{"x":785,"y":120,"data":{"alt":4,"fertility":100,"region":2121,"area":475}},{"x":786,"y":120,"data":{"alt":4,"fertility":100,"forest":40,"region":2121,"area":475}},{"x":787,"y":120,"data":{"alt":4,"fertility":100,"region":2121,"area":475}},{"x":789,"y":120,"data":{"alt":4,"fertility":100,"region":2121,"area":475}},{"x":790,"y":120,"data":{"alt":4,"fertility":100,"region":2121,"area":475}},{"x":779,"y":121,"data":{"alt":3,"fertility":100,"region":2121,"area":475}},{"x":780,"y":121,"data":{"alt":4,"fertility":100,"forest":40,"region":2121,"area":475}},{"x":781,"y":121,"data":{"alt":4,"fertility":100,"region":2121,"area":475}},{"x":782,"y":121,"data":{"alt":5,"fertility":100,"region":2121,"area":475}},{"x":783,"y":121,"data":{"alt":4,"fertility":100,"region":2121,"area":475}},{"x":784,"y":121,"data":{"alt":4,"fertility":100,"region":2121,"area":475}},{"x":785,"y":121,"data":{"alt":4,"fertility":100,"region":2121,"area":475}},{"x":786,"y":121,"data":{"alt":4,"fertility":100,"region":2121,"area":475}},{"x":787,"y":121,"data":{"alt":4,"fertility":100,"region":2121,"area":475}},{"x":788,"y":121,"data":{"alt":4,"fertility":100,"region":2121,"area":475}},{"x":789,"y":121,"data":{"alt":4,"fertility":100,"region":2121,"area":475}},{"x":790,"y":121,"data":{"alt":4,"fertility":100,"forest":40,"region":2121,"area":475}},{"x":780,"y":122,"data":{"alt":4,"fertility":100,"region":2121,"area":475}},{"x":781,"y":122,"data":{"alt":4,"fertility":100,"region":2121,"area":475}},{"x":782,"y":122,"data":{"alt":4,"fertility":100,"region":2121,"area":475}},{"x":783,"y":122,"data":{"alt":4,"fertility":100,"forest":40,"region":2121,"area":475}},{"x":784,"y":122,"data":{"alt":4,"fertility":100,"region":2121,"area":475}},{"x":785,"y":122,"data":{"alt":5,"fertility":100,"region":2121,"area":475}},{"x":786,"y":122,"data":{"alt":4,"fertility":100,"region":2121,"area":475}},{"x":787,"y":122,"data":{"alt":4,"fertility":100,"region":2121,"area":475}},{"x":788,"y":122,"data":{"alt":4,"fertility":100,"region":2121,"area":475}},{"x":789,"y":122,"data":{"alt":4,"fertility":100,"region":2121,"area":475}},{"x":779,"y":123,"data":{"alt":3,"fertility":100,"region":2121,"area":475}},{"x":780,"y":123,"data":{"alt":4,"fertility":100,"region":2121,"area":475}},{"x":781,"y":123,"data":{"alt":4,"fertility":100,"forest":40,"region":2121,"area":475}},{"x":782,"y":123,"data":{"alt":4,"fertility":100,"region":2121,"area":475}},{"x":783,"y":123,"data":{"alt":4,"fertility":100,"forest":40,"region":2121,"area":475}},{"x":784,"y":123,"data":{"alt":5,"fertility":100,"region":2121,"area":475}},{"x":785,"y":123,"data":{"alt":4,"fertility":100,"region":2121,"area":475}},{"x":786,"y":123,"data":{"alt":5,"fertility":100,"region":2121,"area":475}},{"x":787,"y":123,"data":{"alt":4,"fertility":100,"region":2121,"area":475}},{"x":788,"y":123,"data":{"alt":4,"fertility":100,"region":2121,"area":475}},{"x":789,"y":123,"data":{"alt":4,"fertility":100,"region":2121,"area":475}},{"x":790,"y":123,"data":{"alt":4,"fertility":100,"region":2121,"area":475}},{"x":792,"y":123,"data":{"alt":4,"fertility":100,"region":2121,"area":475}},{"x":793,"y":123,"data":{"alt":4,"fertility":100,"region":2121,"area":475}},{"x":780,"y":124,"data":{"alt":4,"fertility":100,"region":2121,"area":475}},{"x":781,"y":124,"data":{"alt":3,"fertility":100,"region":2121,"area":475}},{"x":783,"y":124,"data":{"alt":4,"fertility":100,"region":2121,"area":475}},{"x":784,"y":124,"data":{"alt":4,"fertility":100,"forest":40,"region":2121,"area":475}},{"x":785,"y":124,"data":{"alt":4,"fertility":100,"region":2121,"area":475}},{"x":786,"y":124,"data":{"alt":4,"fertility":100,"region":2121,"area":475}},{"x":790,"y":124,"data":{"alt":3,"fertility":100,"region":2121,"area":475}},{"x":791,"y":124,"data":{"alt":4,"fertility":100,"region":2121,"area":475}},{"x":792,"y":124,"data":{"alt":4,"fertility":100,"forest":40,"region":2121,"area":475}},{"x":793,"y":124,"data":{"alt":4,"fertility":100,"forest":40,"region":2121,"area":475}},{"x":791,"y":125,"data":{"alt":4,"fertility":100,"region":2121,"area":475}},{"x":792,"y":125,"data":{"alt":4,"fertility":100,"region":2121,"area":475}}]