[{"x":3821,"y":3944,"data":{"alt":1,"type":1,"area":476}},{"x":3821,"y":3945,"data":{"alt":1,"type":1,"area":476}},{"x":3821,"y":3946,"data":{"alt":1,"type":1,"area":476}},{"x":3821,"y":3947,"data":{"alt":3,"type":1,"area":476}},{"x":3821,"y":3948,"data":{"alt":3,"type":1,"area":476}},{"x":3821,"y":3949,"data":{"alt":3,"type":1,"area":476}},{"x":3821,"y":3950,"data":{"alt":3,"type":1,"area":476}},{"x":3821,"y":3951,"data":{"alt":3,"type":1,"area":476}},{"x":3821,"y":3952,"data":{"alt":3,"type":1,"area":476}},{"x":3821,"y":3953,"data":{"alt":3,"type":1,"area":476}},{"x":3821,"y":3954,"data":{"alt":3,"type":1,"area":476}},{"x":3821,"y":3955,"data":{"alt":3,"type":1,"area":476}},{"x":3821,"y":3956,"data":{"alt":3,"type":1,"area":476}},{"x":3821,"y":3957,"data":{"alt":3,"type":1,"area":476}},{"x":3821,"y":3958,"data":{"alt":3,"type":1,"area":476}},{"x":3821,"y":3959,"data":{"alt":3,"type":1,"area":476}},{"x":3821,"y":3960,"data":{"alt":3,"type":1,"area":476}},{"x":3821,"y":3961,"data":{"alt":3,"type":1,"area":476}},{"x":3821,"y":3962,"data":{"alt":3,"type":1,"area":476}},{"x":3821,"y":3963,"data":{"alt":3,"type":1,"area":476}}]