[{"x":794,"y":3936,"data":{"alt":1,"fertility":60,"region":2137,"area":477}},{"x":795,"y":3936,"data":{"alt":1,"fertility":60,"region":2137,"area":477}},{"x":796,"y":3936,"data":{"alt":1,"fertility":60,"region":2137,"area":477}},{"x":796,"y":3937,"data":{"alt":1,"fertility":60,"region":2137,"area":477}},{"x":797,"y":3937,"data":{"alt":1,"fertility":60,"region":2137,"area":477}},{"x":798,"y":3937,"data":{"alt":1,"fertility":60,"region":2137,"area":477}},{"x":799,"y":3937,"data":{"alt":1,"fertility":60,"region":2137,"area":477}},{"x":796,"y":3938,"data":{"alt":1,"fertility":60,"region":2137,"area":477}},{"x":797,"y":3938,"data":{"alt":1,"fertility":60,"region":2137,"area":477}},{"x":798,"y":3938,"data":{"alt":1,"fertility":60,"region":2137,"area":477}},{"x":799,"y":3938,"data":{"alt":1,"fertility":60,"region":2137,"area":477}},{"x":796,"y":3939,"data":{"alt":1,"fertility":60,"region":2137,"area":477}},{"x":797,"y":3939,"data":{"alt":1,"fertility":60,"region":2137,"area":477}},{"x":798,"y":3939,"data":{"alt":1,"fertility":60,"region":2137,"area":477}},{"x":799,"y":3939,"data":{"alt":1,"fertility":60,"region":2137,"area":477}},{"x":796,"y":3940,"data":{"alt":1,"fertility":60,"region":2137,"area":477}},{"x":797,"y":3940,"data":{"alt":1,"fertility":60,"region":2137,"area":477}},{"x":798,"y":3940,"data":{"alt":1,"fertility":60,"region":2137,"area":477}},{"x":799,"y":3940,"data":{"alt":1,"fertility":60,"region":2137,"area":477}},{"x":800,"y":3936,"data":{"alt":1,"fertility":60,"region":2137,"area":477}},{"x":800,"y":3937,"data":{"alt":1,"fertility":60,"region":2137,"area":477}},{"x":800,"y":3938,"data":{"alt":1,"fertility":60,"region":2137,"area":477}}]