[{"x":3839,"y":1984,"data":{"alt":6,"type":2,"area":478}},{"x":3839,"y":1985,"data":{"alt":6,"type":2,"area":478}},{"x":3839,"y":1986,"data":{"alt":6,"type":2,"area":478}},{"x":3840,"y":1984,"data":{"alt":6,"type":2,"area":478}},{"x":3841,"y":1984,"data":{"alt":6,"type":1,"area":478}},{"x":3840,"y":1985,"data":{"alt":6,"type":2,"area":478}},{"x":3841,"y":1985,"data":{"alt":6,"type":2,"area":478}},{"x":3842,"y":1985,"data":{"alt":6,"type":1,"area":478}},{"x":3841,"y":1986,"data":{"alt":6,"type":2,"area":478}},{"x":3842,"y":1986,"data":{"alt":6,"type":1,"area":478}},{"x":3840,"y":1981,"data":{"alt":6,"type":1,"area":478}},{"x":3840,"y":1982,"data":{"alt":6,"type":1,"area":478}},{"x":3841,"y":1982,"data":{"alt":6,"type":2,"area":478}},{"x":3840,"y":1983,"data":{"alt":6,"type":1,"area":478}},{"x":3841,"y":1983,"data":{"alt":6,"type":2,"area":478}}]