[{"x":796,"y":127,"data":{"alt":4,"fertility":100,"region":2121,"area":479}},{"x":798,"y":127,"data":{"alt":4,"fertility":100,"region":2121,"area":479}},{"x":799,"y":127,"data":{"alt":4,"fertility":100,"region":2121,"area":479}},{"x":796,"y":128,"data":{"alt":4,"fertility":100,"region":2121,"area":479}},{"x":797,"y":128,"data":{"alt":4,"fertility":100,"region":2121,"area":479}},{"x":798,"y":128,"data":{"alt":4,"fertility":100,"region":2121,"area":479}},{"x":799,"y":128,"data":{"alt":4,"fertility":100,"region":2121,"area":479}},{"x":795,"y":129,"data":{"alt":4,"fertility":100,"region":2121,"area":479}},{"x":796,"y":129,"data":{"alt":4,"fertility":100,"region":2121,"area":479}},{"x":797,"y":129,"data":{"alt":4,"fertility":100,"region":2121,"area":479}},{"x":798,"y":129,"data":{"alt":4,"fertility":100,"region":2121,"area":479}},{"x":799,"y":129,"data":{"alt":4,"fertility":100,"forest":40,"region":2121,"area":479}},{"x":795,"y":130,"data":{"alt":4,"fertility":100,"region":2121,"area":479}},{"x":796,"y":130,"data":{"alt":4,"fertility":100,"forest":80,"region":2121,"area":479}},{"x":797,"y":130,"data":{"alt":4,"fertility":100,"region":2121,"area":479}},{"x":795,"y":131,"data":{"alt":4,"fertility":100,"region":2121,"area":479}},{"x":800,"y":128,"data":{"alt":4,"fertility":100,"region":2121,"area":479}},{"x":801,"y":128,"data":{"alt":4,"fertility":100,"region":2121,"area":479}},{"x":800,"y":129,"data":{"alt":4,"fertility":100,"region":2121,"area":479}},{"x":801,"y":129,"data":{"alt":4,"fertility":100,"forest":40,"region":2121,"area":479}},{"x":800,"y":127,"data":{"alt":4,"fertility":100,"region":2121,"area":479}},{"x":801,"y":127,"data":{"alt":4,"fertility":100,"region":2121,"area":479}}]