[{"x":3842,"y":1522,"data":{"alt":154,"type":1,"area":480}},{"x":3842,"y":1523,"data":{"alt":154,"type":1,"area":480}},{"x":3843,"y":1523,"data":{"alt":154,"type":1,"area":480}},{"x":3844,"y":1523,"data":{"alt":154,"type":1,"area":480}},{"x":3843,"y":1524,"data":{"alt":154,"type":1,"area":480}},{"x":3843,"y":1525,"data":{"alt":154,"type":1,"area":480}},{"x":3843,"y":1526,"data":{"alt":154,"type":1,"area":480}},{"x":3844,"y":1526,"data":{"alt":154,"type":1,"area":480}},{"x":3843,"y":1527,"data":{"alt":154,"type":1,"area":480}},{"x":3843,"y":1528,"data":{"alt":154,"type":1,"area":480}},{"x":3844,"y":1528,"data":{"alt":154,"type":1,"area":480}},{"x":3843,"y":1529,"data":{"alt":154,"type":1,"area":480}},{"x":3844,"y":1529,"data":{"alt":154,"type":1,"area":480}},{"x":3843,"y":1530,"data":{"alt":154,"type":1,"area":480}},{"x":3842,"y":1531,"data":{"alt":154,"type":1,"area":480}},{"x":3843,"y":1531,"data":{"alt":154,"type":1,"area":480}},{"x":3843,"y":1532,"data":{"alt":154,"type":1,"area":480}},{"x":3843,"y":1533,"data":{"alt":154,"type":1,"area":480}},{"x":3843,"y":1534,"data":{"alt":154,"type":1,"area":480}},{"x":3843,"y":1535,"data":{"alt":154,"type":1,"area":480}},{"x":3843,"y":1536,"data":{"alt":154,"type":1,"area":480}}]