[{"x":798,"y":141,"data":{"alt":4,"fertility":100,"region":2121,"area":481}},{"x":799,"y":141,"data":{"alt":4,"fertility":100,"region":2121,"area":481}},{"x":798,"y":142,"data":{"alt":4,"fertility":100,"region":2121,"area":481}},{"x":799,"y":142,"data":{"alt":4,"fertility":100,"region":2121,"area":481}},{"x":797,"y":143,"data":{"alt":4,"fertility":100,"region":2121,"area":481}},{"x":798,"y":143,"data":{"alt":4,"fertility":100,"region":2121,"area":481}},{"x":799,"y":143,"data":{"alt":4,"fertility":100,"region":2121,"area":481}},{"x":796,"y":144,"data":{"alt":4,"fertility":100,"region":2121,"area":481}},{"x":797,"y":144,"data":{"alt":4,"fertility":100,"region":2121,"area":481}},{"x":798,"y":144,"data":{"alt":4,"fertility":100,"region":2121,"area":481}},{"x":799,"y":144,"data":{"alt":4,"fertility":100,"region":2121,"area":481}},{"x":797,"y":145,"data":{"alt":4,"fertility":100,"region":2121,"area":481}},{"x":798,"y":145,"data":{"alt":4,"fertility":100,"region":2121,"area":481}},{"x":799,"y":145,"data":{"alt":4,"fertility":100,"forest":80,"region":2121,"area":481}},{"x":798,"y":146,"data":{"alt":4,"fertility":100,"region":2121,"area":481}},{"x":799,"y":146,"data":{"alt":4,"fertility":100,"region":2121,"area":481}},{"x":800,"y":142,"data":{"alt":4,"fertility":100,"region":2121,"area":481}},{"x":801,"y":142,"data":{"alt":4,"fertility":100,"region":2121,"area":481}},{"x":800,"y":143,"data":{"alt":4,"fertility":100,"region":2121,"area":481}},{"x":801,"y":143,"data":{"alt":4,"fertility":100,"region":2121,"area":481}},{"x":800,"y":144,"data":{"alt":4,"fertility":100,"region":2121,"area":481}},{"x":801,"y":144,"data":{"alt":4,"fertility":100,"region":2121,"area":481}},{"x":800,"y":145,"data":{"alt":4,"fertility":100,"region":2121,"area":481}},{"x":801,"y":145,"data":{"alt":4,"fertility":100,"region":2121,"area":481}},{"x":800,"y":146,"data":{"alt":4,"fertility":100,"forest":40,"region":2121,"area":481}}]