[{"x":3854,"y":1986,"data":{"alt":5,"type":1,"area":482}},{"x":3854,"y":1987,"data":{"alt":5,"type":1,"area":482}},{"x":3855,"y":1987,"data":{"alt":5,"type":1,"area":482}},{"x":3854,"y":1988,"data":{"alt":5,"type":1,"area":482}},{"x":3855,"y":1988,"data":{"alt":5,"type":1,"area":482}},{"x":3854,"y":1989,"data":{"alt":5,"type":1,"area":482}},{"x":3855,"y":1989,"data":{"alt":5,"type":1,"area":482}},{"x":3854,"y":1990,"data":{"alt":5,"type":1,"area":482}},{"x":3853,"y":1991,"data":{"alt":5,"type":1,"area":482}},{"x":3854,"y":1991,"data":{"alt":5,"type":1,"area":482}},{"x":3853,"y":1992,"data":{"alt":5,"type":1,"area":482}}]