[{"x":803,"y":150,"data":{"alt":4,"fertility":100,"region":2121,"area":483}},{"x":803,"y":151,"data":{"alt":4,"fertility":100,"region":2121,"area":483}},{"x":802,"y":152,"data":{"alt":4,"fertility":100,"region":2121,"area":483}},{"x":803,"y":152,"data":{"alt":4,"fertility":100,"region":2121,"area":483}},{"x":804,"y":152,"data":{"alt":4,"fertility":100,"region":2121,"area":483}},{"x":803,"y":153,"data":{"alt":4,"fertility":100,"region":2121,"area":483}},{"x":804,"y":153,"data":{"alt":4,"fertility":100,"region":2121,"area":483}},{"x":803,"y":154,"data":{"alt":4,"fertility":100,"forest":80,"region":2121,"area":483}},{"x":804,"y":154,"data":{"alt":4,"fertility":100,"forest":80,"region":2121,"area":483}}]