[{"x":3856,"y":1497,"data":{"alt":154,"type":1,"area":484}},{"x":3857,"y":1497,"data":{"alt":154,"type":1,"area":484}},{"x":3858,"y":1497,"data":{"alt":154,"type":1,"area":484}},{"x":3859,"y":1497,"data":{"alt":154,"type":1,"area":484}},{"x":3860,"y":1497,"data":{"alt":154,"type":1,"area":484}},{"x":3861,"y":1497,"data":{"alt":154,"type":1,"area":484}},{"x":3862,"y":1497,"data":{"alt":154,"type":1,"area":484}},{"x":3863,"y":1497,"data":{"alt":154,"type":1,"area":484}},{"x":3864,"y":1497,"data":{"alt":154,"type":1,"area":484}},{"x":3865,"y":1497,"data":{"alt":154,"type":1,"area":484}}]