[{"x":814,"y":111,"data":{"alt":3,"fertility":100,"forest":80,"region":2121,"area":485}},{"x":813,"y":112,"data":{"alt":4,"fertility":100,"region":2121,"area":485}},{"x":814,"y":112,"data":{"alt":4,"fertility":100,"region":2121,"area":485}},{"x":815,"y":112,"data":{"alt":4,"fertility":100,"region":2121,"area":485}},{"x":816,"y":112,"data":{"alt":4,"fertility":100,"region":2121,"area":485}},{"x":817,"y":112,"data":{"alt":4,"fertility":100,"region":2121,"area":485}},{"x":816,"y":113,"data":{"alt":4,"fertility":100,"forest":80,"region":2121,"area":485}},{"x":816,"y":114,"data":{"alt":4,"fertility":100,"region":2121,"area":485}}]