[{"x":3868,"y":1544,"data":{"alt":155,"type":2,"area":486}},{"x":3869,"y":1544,"data":{"alt":155,"type":2,"area":486}},{"x":3870,"y":1544,"data":{"alt":155,"type":2,"area":486}},{"x":3867,"y":1545,"data":{"alt":155,"type":2,"area":486}},{"x":3868,"y":1545,"data":{"alt":155,"type":2,"area":486}},{"x":3869,"y":1545,"data":{"alt":155,"type":2,"area":486}},{"x":3870,"y":1545,"data":{"alt":155,"type":2,"area":486}},{"x":3871,"y":1545,"data":{"alt":155,"type":2,"area":486}},{"x":3868,"y":1546,"data":{"alt":155,"type":2,"area":486}},{"x":3869,"y":1546,"data":{"alt":155,"type":2,"area":486}},{"x":3870,"y":1546,"data":{"alt":155,"type":2,"area":486}},{"x":3871,"y":1546,"data":{"alt":155,"type":2,"area":486}},{"x":3868,"y":1547,"data":{"alt":155,"type":2,"area":486}},{"x":3869,"y":1547,"data":{"alt":155,"type":2,"area":486}},{"x":3869,"y":1548,"data":{"alt":155,"type":2,"area":486}},{"x":3877,"y":1530,"data":{"alt":155,"type":2,"area":486}},{"x":3875,"y":1531,"data":{"alt":155,"type":2,"area":486}},{"x":3876,"y":1531,"data":{"alt":155,"type":2,"area":486}},{"x":3877,"y":1531,"data":{"alt":155,"type":2,"area":486}},{"x":3876,"y":1532,"data":{"alt":155,"type":2,"area":486}},{"x":3877,"y":1532,"data":{"alt":155,"type":2,"area":486}},{"x":3876,"y":1533,"data":{"alt":155,"type":2,"area":486}},{"x":3877,"y":1533,"data":{"alt":155,"type":2,"area":486}},{"x":3876,"y":1534,"data":{"alt":155,"type":2,"area":486}},{"x":3877,"y":1534,"data":{"alt":155,"type":2,"area":486}},{"x":3878,"y":1534,"data":{"alt":155,"type":2,"area":486}},{"x":3877,"y":1535,"data":{"alt":155,"type":2,"area":486}},{"x":3878,"y":1535,"data":{"alt":155,"type":2,"area":486}},{"x":3879,"y":1535,"data":{"alt":155,"type":2,"area":486}},{"x":3876,"y":1536,"data":{"alt":155,"type":2,"area":486}},{"x":3877,"y":1536,"data":{"alt":155,"type":2,"area":486}},{"x":3878,"y":1536,"data":{"alt":155,"type":2,"area":486}},{"x":3879,"y":1536,"data":{"alt":155,"type":2,"area":486}},{"x":3876,"y":1537,"data":{"alt":155,"type":2,"area":486}},{"x":3877,"y":1537,"data":{"alt":155,"type":2,"area":486}},{"x":3878,"y":1537,"data":{"alt":155,"type":2,"area":486}},{"x":3879,"y":1537,"data":{"alt":155,"type":2,"area":486}},{"x":3880,"y":1537,"data":{"alt":155,"type":2,"area":486}},{"x":3881,"y":1537,"data":{"alt":155,"type":2,"area":486}},{"x":3876,"y":1538,"data":{"alt":155,"type":2,"area":486}},{"x":3877,"y":1538,"data":{"alt":155,"type":2,"area":486}},{"x":3880,"y":1538,"data":{"alt":155,"type":2,"area":486}},{"x":3881,"y":1538,"data":{"alt":155,"type":2,"area":486}},{"x":3882,"y":1538,"data":{"alt":155,"type":1,"area":486}},{"x":3876,"y":1539,"data":{"alt":155,"type":2,"area":486}},{"x":3877,"y":1539,"data":{"alt":155,"type":2,"area":486}},{"x":3878,"y":1539,"data":{"alt":155,"type":2,"area":486}},{"x":3880,"y":1539,"data":{"alt":155,"type":2,"area":486}},{"x":3881,"y":1539,"data":{"alt":155,"type":2,"area":486}},{"x":3882,"y":1539,"data":{"alt":155,"type":1,"area":486}},{"x":3876,"y":1540,"data":{"alt":155,"type":2,"area":486}},{"x":3877,"y":1540,"data":{"alt":155,"type":2,"area":486}},{"x":3878,"y":1540,"data":{"alt":155,"type":2,"area":486}},{"x":3879,"y":1540,"data":{"alt":155,"type":2,"area":486}},{"x":3880,"y":1540,"data":{"alt":155,"type":2,"area":486}},{"x":3881,"y":1540,"data":{"alt":155,"type":1,"area":486}},{"x":3876,"y":1541,"data":{"alt":155,"type":2,"area":486}},{"x":3877,"y":1541,"data":{"alt":155,"type":2,"area":486}},{"x":3878,"y":1541,"data":{"alt":155,"type":2,"area":486}},{"x":3879,"y":1541,"data":{"alt":155,"type":2,"area":486}},{"x":3880,"y":1541,"data":{"alt":155,"type":1,"area":486}},{"x":3875,"y":1542,"data":{"alt":155,"type":2,"area":486}},{"x":3876,"y":1542,"data":{"alt":155,"type":2,"area":486}},{"x":3877,"y":1542,"data":{"alt":155,"type":2,"area":486}},{"x":3878,"y":1542,"data":{"alt":155,"type":2,"area":486}},{"x":3879,"y":1542,"data":{"alt":155,"type":1,"area":486}},{"x":3880,"y":1542,"data":{"alt":155,"type":2,"area":486}},{"x":3875,"y":1543,"data":{"alt":155,"type":2,"area":486}},{"x":3876,"y":1543,"data":{"alt":155,"type":2,"area":486}},{"x":3877,"y":1543,"data":{"alt":155,"type":2,"area":486}},{"x":3878,"y":1543,"data":{"alt":155,"type":1,"area":486}},{"x":3879,"y":1543,"data":{"alt":155,"type":2,"area":486}},{"x":3880,"y":1543,"data":{"alt":155,"type":1,"area":486}},{"x":3875,"y":1544,"data":{"alt":155,"type":2,"area":486}},{"x":3876,"y":1544,"data":{"alt":155,"type":2,"area":486}},{"x":3877,"y":1544,"data":{"alt":155,"type":2,"area":486}},{"x":3878,"y":1544,"data":{"alt":155,"type":1,"area":486}},{"x":3872,"y":1545,"data":{"alt":155,"type":2,"area":486}},{"x":3873,"y":1545,"data":{"alt":155,"type":2,"area":486}},{"x":3874,"y":1545,"data":{"alt":155,"type":2,"area":486}},{"x":3875,"y":1545,"data":{"alt":155,"type":2,"area":486}},{"x":3876,"y":1545,"data":{"alt":155,"type":2,"area":486}},{"x":3877,"y":1545,"data":{"alt":155,"type":1,"area":486}},{"x":3872,"y":1546,"data":{"alt":155,"type":2,"area":486}},{"x":3873,"y":1546,"data":{"alt":155,"type":2,"area":486}},{"x":3874,"y":1546,"data":{"alt":155,"type":2,"area":486}},{"x":3875,"y":1546,"data":{"alt":155,"type":2,"area":486}},{"x":3876,"y":1546,"data":{"alt":155,"type":1,"area":486}},{"x":3875,"y":1547,"data":{"alt":155,"type":1,"area":486}}]