[{"x":826,"y":140,"data":{"alt":4,"fertility":100,"region":2121,"area":487}},{"x":826,"y":141,"data":{"alt":3,"fertility":100,"region":2121,"area":487}},{"x":824,"y":142,"data":{"alt":4,"fertility":100,"region":2121,"area":487}},{"x":825,"y":142,"data":{"alt":4,"fertility":100,"region":2121,"area":487}},{"x":826,"y":142,"data":{"alt":3,"fertility":100,"region":2121,"area":487}},{"x":820,"y":143,"data":{"alt":4,"fertility":100,"region":2121,"area":487}},{"x":821,"y":143,"data":{"alt":3,"fertility":100,"region":2121,"area":487}},{"x":822,"y":143,"data":{"alt":4,"fertility":100,"region":2121,"area":487}},{"x":823,"y":143,"data":{"alt":4,"fertility":100,"region":2121,"area":487}},{"x":824,"y":143,"data":{"alt":4,"fertility":100,"region":2121,"area":487}},{"x":825,"y":143,"data":{"alt":3,"fertility":100,"region":2121,"area":487}},{"x":820,"y":144,"data":{"alt":3,"fertility":100,"region":2121,"area":487}},{"x":821,"y":144,"data":{"alt":4,"fertility":100,"region":2121,"area":487}},{"x":822,"y":144,"data":{"alt":4,"fertility":100,"forest":40,"region":2121,"area":487}},{"x":823,"y":144,"data":{"alt":4,"fertility":100,"region":2121,"area":487}},{"x":824,"y":144,"data":{"alt":4,"fertility":100,"forest":80,"region":2121,"area":487}},{"x":825,"y":144,"data":{"alt":4,"fertility":100,"region":2121,"area":487}},{"x":822,"y":145,"data":{"alt":4,"fertility":100,"region":2121,"area":487}},{"x":823,"y":145,"data":{"alt":4,"fertility":100,"forest":80,"region":2121,"area":487}},{"x":824,"y":145,"data":{"alt":4,"fertility":100,"region":2121,"area":487}},{"x":825,"y":145,"data":{"alt":4,"fertility":100,"region":2121,"area":487}},{"x":823,"y":146,"data":{"alt":4,"fertility":100,"region":2121,"area":487}},{"x":823,"y":147,"data":{"alt":3,"fertility":100,"region":2121,"area":487}}]