[{"x":3903,"y":1968,"data":{"alt":1,"type":2,"area":488}},{"x":3903,"y":1969,"data":{"alt":1,"type":2,"area":488}},{"x":3903,"y":1970,"data":{"alt":1,"type":2,"area":488}},{"x":3903,"y":1971,"data":{"alt":1,"type":2,"area":488}},{"x":3902,"y":1972,"data":{"alt":1,"type":2,"area":488}},{"x":3903,"y":1972,"data":{"alt":1,"type":2,"area":488}},{"x":3906,"y":1965,"data":{"alt":1,"type":2,"area":488}},{"x":3907,"y":1965,"data":{"alt":1,"type":2,"area":488}},{"x":3908,"y":1965,"data":{"alt":1,"type":2,"area":488}},{"x":3909,"y":1965,"data":{"alt":1,"type":2,"area":488}},{"x":3906,"y":1966,"data":{"alt":1,"type":1,"area":488}},{"x":3907,"y":1966,"data":{"alt":1,"type":2,"area":488}},{"x":3908,"y":1966,"data":{"alt":1,"type":2,"area":488}},{"x":3909,"y":1966,"data":{"alt":1,"type":2,"area":488}},{"x":3910,"y":1966,"data":{"alt":1,"type":2,"area":488}},{"x":3904,"y":1967,"data":{"alt":1,"type":2,"area":488}},{"x":3905,"y":1967,"data":{"alt":1,"type":2,"area":488}},{"x":3906,"y":1967,"data":{"alt":1,"type":1,"area":488}},{"x":3907,"y":1967,"data":{"alt":1,"type":2,"area":488}},{"x":3908,"y":1967,"data":{"alt":1,"type":2,"area":488}},{"x":3909,"y":1967,"data":{"alt":1,"type":2,"area":488}},{"x":3910,"y":1967,"data":{"alt":1,"type":2,"area":488}},{"x":3904,"y":1968,"data":{"alt":1,"type":1,"area":488}},{"x":3905,"y":1968,"data":{"alt":1,"type":1,"area":488}},{"x":3906,"y":1968,"data":{"alt":1,"type":2,"area":488}},{"x":3907,"y":1968,"data":{"alt":1,"type":1,"area":488}},{"x":3908,"y":1968,"data":{"alt":1,"type":1,"area":488}},{"x":3909,"y":1968,"data":{"alt":1,"type":1,"area":488}},{"x":3910,"y":1968,"data":{"alt":1,"type":2,"area":488}},{"x":3911,"y":1968,"data":{"alt":1,"type":2,"area":488}},{"x":3904,"y":1969,"data":{"alt":1,"type":1,"area":488}},{"x":3905,"y":1969,"data":{"alt":1,"type":2,"area":488}},{"x":3906,"y":1969,"data":{"alt":1,"type":2,"area":488}},{"x":3907,"y":1969,"data":{"alt":1,"type":2,"area":488}},{"x":3908,"y":1969,"data":{"alt":1,"type":2,"area":488}},{"x":3909,"y":1969,"data":{"alt":1,"type":2,"area":488}},{"x":3910,"y":1969,"data":{"alt":1,"type":1,"area":488}},{"x":3911,"y":1969,"data":{"alt":1,"type":1,"area":488}},{"x":3904,"y":1970,"data":{"alt":1,"type":2,"area":488}},{"x":3905,"y":1970,"data":{"alt":1,"type":1,"area":488}},{"x":3906,"y":1970,"data":{"alt":1,"type":2,"area":488}},{"x":3907,"y":1970,"data":{"alt":1,"type":2,"area":488}},{"x":3908,"y":1970,"data":{"alt":1,"type":2,"area":488}},{"x":3909,"y":1970,"data":{"alt":1,"type":2,"area":488}},{"x":3904,"y":1971,"data":{"alt":1,"type":2,"area":488}},{"x":3905,"y":1971,"data":{"alt":1,"type":2,"area":488}},{"x":3906,"y":1971,"data":{"alt":1,"type":1,"area":488}},{"x":3907,"y":1971,"data":{"alt":1,"type":2,"area":488}},{"x":3906,"y":1972,"data":{"alt":1,"type":1,"area":488}}]