[{"x":3912,"y":1960,"data":{"alt":1,"type":1,"area":490}},{"x":3912,"y":1961,"data":{"alt":1,"type":1,"area":490}},{"x":3911,"y":1962,"data":{"alt":1,"type":2,"area":490}},{"x":3912,"y":1962,"data":{"alt":1,"type":1,"area":490}},{"x":3913,"y":1962,"data":{"alt":1,"type":1,"area":490}},{"x":3911,"y":1963,"data":{"alt":1,"type":2,"area":490}},{"x":3913,"y":1963,"data":{"alt":1,"type":2,"area":490}},{"x":3914,"y":1963,"data":{"alt":1,"type":1,"area":490}},{"x":3915,"y":1963,"data":{"alt":1,"type":2,"area":490}},{"x":3914,"y":1964,"data":{"alt":1,"type":2,"area":490}},{"x":3915,"y":1964,"data":{"alt":1,"type":1,"area":490}},{"x":3916,"y":1964,"data":{"alt":1,"type":2,"area":490}},{"x":3917,"y":1964,"data":{"alt":1,"type":2,"area":490}},{"x":3916,"y":1965,"data":{"alt":1,"type":1,"area":490}}]