[{"x":3918,"y":3183,"data":{"alt":58,"type":2,"area":492}},{"x":3919,"y":3183,"data":{"alt":58,"type":2,"area":492}},{"x":3920,"y":3183,"data":{"alt":58,"type":2,"area":492}},{"x":3917,"y":3184,"data":{"alt":58,"type":2,"area":492}},{"x":3918,"y":3184,"data":{"alt":58,"type":1,"area":492}},{"x":3919,"y":3184,"data":{"alt":58,"type":2,"area":492}},{"x":3920,"y":3184,"data":{"alt":58,"type":2,"area":492}},{"x":3921,"y":3184,"data":{"alt":58,"type":2,"area":492}},{"x":3917,"y":3185,"data":{"alt":58,"type":1,"area":492}},{"x":3918,"y":3185,"data":{"alt":58,"type":1,"area":492}},{"x":3919,"y":3185,"data":{"alt":58,"type":2,"area":492}},{"x":3920,"y":3185,"data":{"alt":58,"type":2,"area":492}},{"x":3915,"y":3186,"data":{"alt":58,"type":2,"area":492}},{"x":3916,"y":3186,"data":{"alt":58,"type":2,"area":492}},{"x":3917,"y":3186,"data":{"alt":58,"type":1,"area":492}},{"x":3918,"y":3186,"data":{"alt":58,"type":1,"area":492}},{"x":3919,"y":3186,"data":{"alt":58,"type":2,"area":492}},{"x":3920,"y":3186,"data":{"alt":58,"type":2,"area":492}},{"x":3915,"y":3187,"data":{"alt":58,"type":2,"area":492}},{"x":3916,"y":3187,"data":{"alt":58,"type":1,"area":492}},{"x":3917,"y":3187,"data":{"alt":58,"type":2,"area":492}},{"x":3918,"y":3187,"data":{"alt":58,"type":1,"area":492}},{"x":3919,"y":3187,"data":{"alt":58,"type":2,"area":492}},{"x":3920,"y":3187,"data":{"alt":58,"type":2,"area":492}},{"x":3914,"y":3188,"data":{"alt":58,"type":1,"area":492}},{"x":3915,"y":3188,"data":{"alt":58,"type":1,"area":492}},{"x":3916,"y":3188,"data":{"alt":58,"type":1,"area":492}},{"x":3917,"y":3188,"data":{"alt":58,"type":2,"area":492}},{"x":3918,"y":3188,"data":{"alt":58,"type":2,"area":492}},{"x":3919,"y":3188,"data":{"alt":58,"type":1,"area":492}},{"x":3915,"y":3189,"data":{"alt":58,"type":2,"area":492}},{"x":3916,"y":3189,"data":{"alt":58,"type":2,"area":492}},{"x":3917,"y":3189,"data":{"alt":58,"type":2,"area":492}},{"x":3918,"y":3189,"data":{"alt":58,"type":2,"area":492}},{"x":3919,"y":3189,"data":{"alt":58,"type":1,"area":492}},{"x":3916,"y":3190,"data":{"alt":58,"type":2,"area":492}},{"x":3917,"y":3190,"data":{"alt":58,"type":2,"area":492}},{"x":3918,"y":3190,"data":{"alt":58,"type":2,"area":492}},{"x":3919,"y":3190,"data":{"alt":58,"type":1,"area":492}},{"x":3920,"y":3190,"data":{"alt":58,"type":2,"area":492}},{"x":3920,"y":3191,"data":{"alt":58,"type":1,"area":492}},{"x":3920,"y":3192,"data":{"alt":56,"type":1,"area":492}},{"x":3921,"y":3192,"data":{"alt":56,"type":1,"area":492}}]