[{"x":846,"y":1313,"data":{"alt":1,"fertility":60,"region":2101,"area":493}},{"x":847,"y":1313,"data":{"alt":1,"fertility":60,"region":2101,"area":493}},{"x":848,"y":1313,"data":{"alt":1,"fertility":60,"region":2101,"area":493}},{"x":849,"y":1313,"data":{"alt":1,"fertility":60,"region":2101,"area":493}},{"x":846,"y":1314,"data":{"alt":1,"fertility":60,"region":2101,"area":493}},{"x":847,"y":1314,"data":{"alt":1,"fertility":60,"region":2101,"area":493}},{"x":848,"y":1314,"data":{"alt":1,"fertility":60,"region":2101,"area":493}},{"x":849,"y":1314,"data":{"alt":1,"fertility":60,"region":2101,"area":493}},{"x":847,"y":1315,"data":{"alt":1,"fertility":60,"region":2101,"area":493}},{"x":848,"y":1315,"data":{"alt":1,"fertility":60,"region":2101,"area":493}},{"x":849,"y":1315,"data":{"alt":1,"fertility":60,"region":2101,"area":493}},{"x":846,"y":1316,"data":{"alt":1,"fertility":60,"region":2101,"area":493}},{"x":847,"y":1316,"data":{"alt":1,"fertility":60,"region":2101,"area":493}},{"x":846,"y":1317,"data":{"alt":1,"fertility":60,"region":2101,"area":493}},{"x":847,"y":1318,"data":{"alt":1,"fertility":60,"region":2101,"area":493}},{"x":848,"y":1318,"data":{"alt":1,"fertility":60,"region":2101,"area":493}}]