[{"x":3918,"y":3520,"data":{"alt":1,"type":2,"area":494}},{"x":3919,"y":3520,"data":{"alt":1,"type":2,"area":494}},{"x":3920,"y":3520,"data":{"alt":1,"type":1,"area":494}},{"x":3921,"y":3520,"data":{"alt":1,"type":2,"area":494}},{"x":3922,"y":3520,"data":{"alt":1,"type":2,"area":494}},{"x":3923,"y":3520,"data":{"alt":1,"type":2,"area":494}},{"x":3919,"y":3521,"data":{"alt":1,"type":2,"area":494}},{"x":3920,"y":3521,"data":{"alt":1,"type":1,"area":494}},{"x":3921,"y":3521,"data":{"alt":1,"type":2,"area":494}},{"x":3922,"y":3521,"data":{"alt":1,"type":2,"area":494}},{"x":3923,"y":3521,"data":{"alt":1,"type":2,"area":494}},{"x":3919,"y":3522,"data":{"alt":1,"type":2,"area":494}},{"x":3920,"y":3522,"data":{"alt":1,"type":2,"area":494}},{"x":3921,"y":3522,"data":{"alt":1,"type":1,"area":494}},{"x":3922,"y":3522,"data":{"alt":1,"type":2,"area":494}},{"x":3919,"y":3523,"data":{"alt":1,"type":2,"area":494}},{"x":3920,"y":3523,"data":{"alt":1,"type":2,"area":494}},{"x":3921,"y":3523,"data":{"alt":1,"type":2,"area":494}},{"x":3922,"y":3523,"data":{"alt":1,"type":1,"area":494}},{"x":3923,"y":3523,"data":{"alt":1,"type":2,"area":494}},{"x":3919,"y":3524,"data":{"alt":1,"type":2,"area":494}},{"x":3920,"y":3524,"data":{"alt":1,"type":2,"area":494}},{"x":3921,"y":3524,"data":{"alt":1,"type":2,"area":494}},{"x":3922,"y":3524,"data":{"alt":1,"type":1,"area":494}},{"x":3923,"y":3524,"data":{"alt":1,"type":2,"area":494}},{"x":3919,"y":3525,"data":{"alt":1,"type":2,"area":494}},{"x":3920,"y":3525,"data":{"alt":1,"type":2,"area":494}},{"x":3921,"y":3525,"data":{"alt":1,"type":2,"area":494}},{"x":3922,"y":3525,"data":{"alt":1,"type":1,"area":494}},{"x":3919,"y":3526,"data":{"alt":1,"type":2,"area":494}},{"x":3920,"y":3526,"data":{"alt":1,"type":2,"area":494}},{"x":3921,"y":3526,"data":{"alt":1,"type":2,"area":494}},{"x":3922,"y":3526,"data":{"alt":1,"type":2,"area":494}},{"x":3923,"y":3526,"data":{"alt":1,"type":1,"area":494}},{"x":3919,"y":3527,"data":{"alt":1,"type":2,"area":494}},{"x":3920,"y":3527,"data":{"alt":1,"type":2,"area":494}},{"x":3921,"y":3527,"data":{"alt":1,"type":2,"area":494}},{"x":3919,"y":3528,"data":{"alt":1,"type":2,"area":494}},{"x":3920,"y":3528,"data":{"alt":1,"type":2,"area":494}},{"x":3919,"y":3510,"data":{"alt":1,"type":2,"area":494}},{"x":3920,"y":3510,"data":{"alt":1,"type":1,"area":494}},{"x":3917,"y":3511,"data":{"alt":1,"type":2,"area":494}},{"x":3918,"y":3511,"data":{"alt":1,"type":2,"area":494}},{"x":3919,"y":3511,"data":{"alt":1,"type":2,"area":494}},{"x":3920,"y":3511,"data":{"alt":1,"type":1,"area":494}},{"x":3921,"y":3511,"data":{"alt":1,"type":2,"area":494}},{"x":3923,"y":3511,"data":{"alt":1,"type":2,"area":494}},{"x":3917,"y":3512,"data":{"alt":1,"type":2,"area":494}},{"x":3918,"y":3512,"data":{"alt":1,"type":2,"area":494}},{"x":3919,"y":3512,"data":{"alt":1,"type":2,"area":494}},{"x":3920,"y":3512,"data":{"alt":1,"type":1,"area":494}},{"x":3921,"y":3512,"data":{"alt":1,"type":2,"area":494}},{"x":3922,"y":3512,"data":{"alt":1,"type":2,"area":494}},{"x":3923,"y":3512,"data":{"alt":1,"type":2,"area":494}},{"x":3924,"y":3512,"data":{"alt":1,"type":2,"area":494}},{"x":3918,"y":3513,"data":{"alt":1,"type":2,"area":494}},{"x":3919,"y":3513,"data":{"alt":1,"type":2,"area":494}},{"x":3920,"y":3513,"data":{"alt":1,"type":1,"area":494}},{"x":3921,"y":3513,"data":{"alt":1,"type":2,"area":494}},{"x":3922,"y":3513,"data":{"alt":1,"type":2,"area":494}},{"x":3923,"y":3513,"data":{"alt":1,"type":2,"area":494}},{"x":3915,"y":3514,"data":{"alt":1,"type":2,"area":494}},{"x":3916,"y":3514,"data":{"alt":1,"type":2,"area":494}},{"x":3917,"y":3514,"data":{"alt":1,"type":2,"area":494}},{"x":3918,"y":3514,"data":{"alt":1,"type":2,"area":494}},{"x":3919,"y":3514,"data":{"alt":1,"type":2,"area":494}},{"x":3920,"y":3514,"data":{"alt":1,"type":1,"area":494}},{"x":3921,"y":3514,"data":{"alt":1,"type":2,"area":494}},{"x":3922,"y":3514,"data":{"alt":1,"type":2,"area":494}},{"x":3923,"y":3514,"data":{"alt":1,"type":2,"area":494}},{"x":3917,"y":3515,"data":{"alt":1,"type":2,"area":494}},{"x":3918,"y":3515,"data":{"alt":1,"type":2,"area":494}},{"x":3919,"y":3515,"data":{"alt":1,"type":2,"area":494}},{"x":3920,"y":3515,"data":{"alt":1,"type":1,"area":494}},{"x":3921,"y":3515,"data":{"alt":1,"type":2,"area":494}},{"x":3922,"y":3515,"data":{"alt":1,"type":2,"area":494}},{"x":3923,"y":3515,"data":{"alt":1,"type":2,"area":494}},{"x":3916,"y":3516,"data":{"alt":1,"type":2,"area":494}},{"x":3917,"y":3516,"data":{"alt":1,"type":2,"area":494}},{"x":3918,"y":3516,"data":{"alt":1,"type":2,"area":494}},{"x":3919,"y":3516,"data":{"alt":1,"type":2,"area":494}},{"x":3920,"y":3516,"data":{"alt":1,"type":1,"area":494}},{"x":3921,"y":3516,"data":{"alt":1,"type":2,"area":494}},{"x":3922,"y":3516,"data":{"alt":1,"type":2,"area":494}},{"x":3923,"y":3516,"data":{"alt":1,"type":2,"area":494}},{"x":3917,"y":3517,"data":{"alt":1,"type":2,"area":494}},{"x":3918,"y":3517,"data":{"alt":1,"type":2,"area":494}},{"x":3919,"y":3517,"data":{"alt":1,"type":2,"area":494}},{"x":3920,"y":3517,"data":{"alt":1,"type":1,"area":494}},{"x":3921,"y":3517,"data":{"alt":1,"type":2,"area":494}},{"x":3922,"y":3517,"data":{"alt":1,"type":2,"area":494}},{"x":3923,"y":3517,"data":{"alt":1,"type":2,"area":494}},{"x":3917,"y":3518,"data":{"alt":1,"type":2,"area":494}},{"x":3918,"y":3518,"data":{"alt":1,"type":2,"area":494}},{"x":3919,"y":3518,"data":{"alt":1,"type":2,"area":494}},{"x":3920,"y":3518,"data":{"alt":1,"type":1,"area":494}},{"x":3921,"y":3518,"data":{"alt":1,"type":2,"area":494}},{"x":3922,"y":3518,"data":{"alt":1,"type":2,"area":494}},{"x":3917,"y":3519,"data":{"alt":1,"type":2,"area":494}},{"x":3918,"y":3519,"data":{"alt":1,"type":2,"area":494}},{"x":3919,"y":3519,"data":{"alt":1,"type":2,"area":494}},{"x":3920,"y":3519,"data":{"alt":1,"type":1,"area":494}},{"x":3921,"y":3519,"data":{"alt":1,"type":2,"area":494}},{"x":3922,"y":3519,"data":{"alt":1,"type":2,"area":494}},{"x":3923,"y":3519,"data":{"alt":1,"type":2,"area":494}},{"x":3924,"y":3519,"data":{"alt":1,"type":2,"area":494}}]