[{"x":3924,"y":3427,"data":{"alt":1,"type":2,"area":496}},{"x":3926,"y":3427,"data":{"alt":1,"type":2,"area":496}},{"x":3927,"y":3427,"data":{"alt":1,"type":2,"area":496}},{"x":3923,"y":3428,"data":{"alt":1,"type":2,"area":496}},{"x":3924,"y":3428,"data":{"alt":1,"type":2,"area":496}},{"x":3925,"y":3428,"data":{"alt":1,"type":2,"area":496}},{"x":3926,"y":3428,"data":{"alt":1,"type":2,"area":496}},{"x":3927,"y":3428,"data":{"alt":1,"type":2,"area":496}},{"x":3928,"y":3428,"data":{"alt":1,"type":2,"area":496}},{"x":3929,"y":3428,"data":{"alt":1,"type":2,"area":496}},{"x":3924,"y":3429,"data":{"alt":1,"type":2,"area":496}},{"x":3925,"y":3429,"data":{"alt":1,"type":2,"area":496}},{"x":3926,"y":3429,"data":{"alt":1,"type":2,"area":496}},{"x":3927,"y":3429,"data":{"alt":1,"type":2,"area":496}},{"x":3928,"y":3429,"data":{"alt":1,"type":2,"area":496}},{"x":3929,"y":3429,"data":{"alt":1,"type":2,"area":496}},{"x":3930,"y":3429,"data":{"alt":1,"type":2,"area":496}},{"x":3925,"y":3430,"data":{"alt":1,"type":2,"area":496}},{"x":3926,"y":3430,"data":{"alt":1,"type":2,"area":496}},{"x":3927,"y":3430,"data":{"alt":1,"type":2,"area":496}},{"x":3928,"y":3430,"data":{"alt":1,"type":2,"area":496}},{"x":3929,"y":3430,"data":{"alt":1,"type":2,"area":496}},{"x":3930,"y":3430,"data":{"alt":1,"type":2,"area":496}},{"x":3931,"y":3430,"data":{"alt":1,"type":2,"area":496}},{"x":3924,"y":3431,"data":{"alt":1,"type":2,"area":496}},{"x":3925,"y":3431,"data":{"alt":1,"type":2,"area":496}},{"x":3926,"y":3431,"data":{"alt":1,"type":2,"area":496}},{"x":3927,"y":3431,"data":{"alt":1,"type":2,"area":496}},{"x":3928,"y":3431,"data":{"alt":1,"type":2,"area":496}},{"x":3929,"y":3431,"data":{"alt":1,"type":2,"area":496}},{"x":3930,"y":3431,"data":{"alt":1,"type":2,"area":496}},{"x":3933,"y":3431,"data":{"alt":1,"type":2,"area":496}},{"x":3934,"y":3431,"data":{"alt":1,"type":2,"area":496}},{"x":3935,"y":3431,"data":{"alt":1,"type":2,"area":496}},{"x":3924,"y":3432,"data":{"alt":1,"type":2,"area":496}},{"x":3925,"y":3432,"data":{"alt":1,"type":2,"area":496}},{"x":3926,"y":3432,"data":{"alt":1,"type":2,"area":496}},{"x":3927,"y":3432,"data":{"alt":1,"type":2,"area":496}},{"x":3928,"y":3432,"data":{"alt":1,"type":2,"area":496}},{"x":3929,"y":3432,"data":{"alt":1,"type":2,"area":496}},{"x":3930,"y":3432,"data":{"alt":1,"type":2,"area":496}},{"x":3935,"y":3432,"data":{"alt":1,"type":2,"area":496}},{"x":3925,"y":3433,"data":{"alt":1,"type":2,"area":496}},{"x":3926,"y":3433,"data":{"alt":1,"type":2,"area":496}},{"x":3927,"y":3433,"data":{"alt":1,"type":2,"area":496}},{"x":3928,"y":3433,"data":{"alt":1,"type":2,"area":496}},{"x":3929,"y":3433,"data":{"alt":1,"type":2,"area":496}},{"x":3934,"y":3433,"data":{"alt":1,"type":2,"area":496}},{"x":3935,"y":3433,"data":{"alt":1,"type":2,"area":496}},{"x":3925,"y":3434,"data":{"alt":1,"type":2,"area":496}},{"x":3926,"y":3434,"data":{"alt":1,"type":2,"area":496}},{"x":3927,"y":3434,"data":{"alt":1,"type":2,"area":496}},{"x":3928,"y":3434,"data":{"alt":1,"type":2,"area":496}},{"x":3929,"y":3434,"data":{"alt":1,"type":2,"area":496}},{"x":3934,"y":3434,"data":{"alt":1,"type":2,"area":496}},{"x":3935,"y":3434,"data":{"alt":1,"type":2,"area":496}},{"x":3926,"y":3435,"data":{"alt":1,"type":2,"area":496}},{"x":3927,"y":3435,"data":{"alt":1,"type":2,"area":496}},{"x":3928,"y":3435,"data":{"alt":1,"type":2,"area":496}},{"x":3929,"y":3435,"data":{"alt":1,"type":2,"area":496}},{"x":3930,"y":3435,"data":{"alt":1,"type":2,"area":496}},{"x":3932,"y":3435,"data":{"alt":1,"type":2,"area":496}},{"x":3933,"y":3435,"data":{"alt":1,"type":2,"area":496}},{"x":3934,"y":3435,"data":{"alt":1,"type":2,"area":496}},{"x":3935,"y":3435,"data":{"alt":1,"type":2,"area":496}},{"x":3926,"y":3436,"data":{"alt":1,"type":2,"area":496}},{"x":3927,"y":3436,"data":{"alt":1,"type":2,"area":496}},{"x":3928,"y":3436,"data":{"alt":1,"type":2,"area":496}},{"x":3929,"y":3436,"data":{"alt":1,"type":2,"area":496}},{"x":3930,"y":3436,"data":{"alt":1,"type":2,"area":496}},{"x":3931,"y":3436,"data":{"alt":1,"type":2,"area":496}},{"x":3932,"y":3436,"data":{"alt":1,"type":2,"area":496}},{"x":3933,"y":3436,"data":{"alt":1,"type":2,"area":496}},{"x":3934,"y":3436,"data":{"alt":1,"type":2,"area":496}},{"x":3935,"y":3436,"data":{"alt":1,"type":2,"area":496}},{"x":3926,"y":3437,"data":{"alt":1,"type":2,"area":496}},{"x":3927,"y":3437,"data":{"alt":1,"type":2,"area":496}},{"x":3928,"y":3437,"data":{"alt":1,"type":2,"area":496}},{"x":3929,"y":3437,"data":{"alt":1,"type":2,"area":496}},{"x":3930,"y":3437,"data":{"alt":1,"type":2,"area":496}},{"x":3931,"y":3437,"data":{"alt":1,"type":2,"area":496}},{"x":3932,"y":3437,"data":{"alt":1,"type":2,"area":496}},{"x":3933,"y":3437,"data":{"alt":1,"type":2,"area":496}},{"x":3934,"y":3437,"data":{"alt":1,"type":2,"area":496}},{"x":3935,"y":3437,"data":{"alt":1,"type":2,"area":496}},{"x":3925,"y":3438,"data":{"alt":1,"type":2,"area":496}},{"x":3926,"y":3438,"data":{"alt":1,"type":2,"area":496}},{"x":3927,"y":3438,"data":{"alt":1,"type":2,"area":496}},{"x":3928,"y":3438,"data":{"alt":1,"type":2,"area":496}},{"x":3929,"y":3438,"data":{"alt":1,"type":2,"area":496}},{"x":3930,"y":3438,"data":{"alt":1,"type":2,"area":496}},{"x":3931,"y":3438,"data":{"alt":1,"type":2,"area":496}},{"x":3932,"y":3438,"data":{"alt":1,"type":2,"area":496}},{"x":3933,"y":3438,"data":{"alt":1,"type":2,"area":496}},{"x":3934,"y":3438,"data":{"alt":1,"type":2,"area":496}},{"x":3935,"y":3438,"data":{"alt":1,"type":2,"area":496}},{"x":3925,"y":3439,"data":{"alt":1,"type":2,"area":496}},{"x":3926,"y":3439,"data":{"alt":1,"type":2,"area":496}},{"x":3927,"y":3439,"data":{"alt":1,"type":2,"area":496}},{"x":3928,"y":3439,"data":{"alt":1,"type":2,"area":496}},{"x":3929,"y":3439,"data":{"alt":1,"type":2,"area":496}},{"x":3930,"y":3439,"data":{"alt":1,"type":2,"area":496}},{"x":3931,"y":3439,"data":{"alt":1,"type":2,"area":496}},{"x":3932,"y":3439,"data":{"alt":1,"type":2,"area":496}},{"x":3933,"y":3439,"data":{"alt":1,"type":2,"area":496}},{"x":3934,"y":3439,"data":{"alt":1,"type":2,"area":496}},{"x":3935,"y":3439,"data":{"alt":1,"type":2,"area":496}},{"x":3925,"y":3440,"data":{"alt":1,"type":2,"area":496}},{"x":3926,"y":3440,"data":{"alt":1,"type":2,"area":496}},{"x":3927,"y":3440,"data":{"alt":1,"type":2,"area":496}},{"x":3928,"y":3440,"data":{"alt":1,"type":2,"area":496}},{"x":3929,"y":3440,"data":{"alt":1,"type":2,"area":496}},{"x":3930,"y":3440,"data":{"alt":1,"type":2,"area":496}},{"x":3931,"y":3440,"data":{"alt":1,"type":2,"area":496}},{"x":3932,"y":3440,"data":{"alt":1,"type":2,"area":496}},{"x":3933,"y":3440,"data":{"alt":1,"type":2,"area":496}},{"x":3934,"y":3440,"data":{"alt":1,"type":2,"area":496}},{"x":3935,"y":3440,"data":{"alt":1,"type":2,"area":496}},{"x":3925,"y":3441,"data":{"alt":1,"type":2,"area":496}},{"x":3926,"y":3441,"data":{"alt":1,"type":2,"area":496}},{"x":3927,"y":3441,"data":{"alt":1,"type":2,"area":496}},{"x":3928,"y":3441,"data":{"alt":1,"type":2,"area":496}},{"x":3929,"y":3441,"data":{"alt":1,"type":2,"area":496}},{"x":3930,"y":3441,"data":{"alt":1,"type":2,"area":496}},{"x":3931,"y":3441,"data":{"alt":1,"type":2,"area":496}},{"x":3932,"y":3441,"data":{"alt":1,"type":2,"area":496}},{"x":3933,"y":3441,"data":{"alt":1,"type":2,"area":496}},{"x":3934,"y":3441,"data":{"alt":1,"type":2,"area":496}},{"x":3935,"y":3441,"data":{"alt":1,"type":2,"area":496}},{"x":3927,"y":3442,"data":{"alt":1,"type":2,"area":496}},{"x":3928,"y":3442,"data":{"alt":1,"type":2,"area":496}},{"x":3929,"y":3442,"data":{"alt":1,"type":2,"area":496}},{"x":3930,"y":3442,"data":{"alt":1,"type":2,"area":496}},{"x":3931,"y":3442,"data":{"alt":1,"type":2,"area":496}},{"x":3932,"y":3442,"data":{"alt":1,"type":2,"area":496}},{"x":3933,"y":3442,"data":{"alt":1,"type":2,"area":496}},{"x":3934,"y":3442,"data":{"alt":1,"type":2,"area":496}},{"x":3935,"y":3442,"data":{"alt":1,"type":2,"area":496}},{"x":3926,"y":3443,"data":{"alt":1,"type":2,"area":496}},{"x":3927,"y":3443,"data":{"alt":1,"type":2,"area":496}},{"x":3928,"y":3443,"data":{"alt":1,"type":2,"area":496}},{"x":3929,"y":3443,"data":{"alt":1,"type":2,"area":496}},{"x":3930,"y":3443,"data":{"alt":1,"type":2,"area":496}},{"x":3931,"y":3443,"data":{"alt":1,"type":2,"area":496}},{"x":3932,"y":3443,"data":{"alt":1,"type":2,"area":496}},{"x":3933,"y":3443,"data":{"alt":1,"type":2,"area":496}},{"x":3934,"y":3443,"data":{"alt":1,"type":2,"area":496}},{"x":3935,"y":3443,"data":{"alt":1,"type":2,"area":496}},{"x":3927,"y":3444,"data":{"alt":1,"type":2,"area":496}},{"x":3928,"y":3444,"data":{"alt":1,"type":2,"area":496}},{"x":3929,"y":3444,"data":{"alt":1,"type":2,"area":496}},{"x":3930,"y":3444,"data":{"alt":1,"type":2,"area":496}},{"x":3931,"y":3444,"data":{"alt":1,"type":2,"area":496}},{"x":3932,"y":3444,"data":{"alt":1,"type":2,"area":496}},{"x":3933,"y":3444,"data":{"alt":1,"type":2,"area":496}},{"x":3934,"y":3444,"data":{"alt":1,"type":2,"area":496}},{"x":3935,"y":3444,"data":{"alt":1,"type":2,"area":496}},{"x":3928,"y":3445,"data":{"alt":1,"type":2,"area":496}},{"x":3929,"y":3445,"data":{"alt":1,"type":2,"area":496}},{"x":3930,"y":3445,"data":{"alt":1,"type":2,"area":496}},{"x":3931,"y":3445,"data":{"alt":1,"type":2,"area":496}},{"x":3932,"y":3445,"data":{"alt":1,"type":2,"area":496}},{"x":3933,"y":3445,"data":{"alt":1,"type":2,"area":496}},{"x":3934,"y":3445,"data":{"alt":1,"type":2,"area":496}},{"x":3929,"y":3446,"data":{"alt":1,"type":2,"area":496}},{"x":3930,"y":3446,"data":{"alt":1,"type":2,"area":496}},{"x":3931,"y":3446,"data":{"alt":1,"type":2,"area":496}},{"x":3932,"y":3446,"data":{"alt":1,"type":2,"area":496}},{"x":3930,"y":3447,"data":{"alt":1,"type":2,"area":496}},{"x":3931,"y":3447,"data":{"alt":1,"type":2,"area":496}},{"x":3932,"y":3447,"data":{"alt":1,"type":2,"area":496}},{"x":3929,"y":3448,"data":{"alt":1,"type":2,"area":496}},{"x":3930,"y":3448,"data":{"alt":1,"type":2,"area":496}},{"x":3931,"y":3448,"data":{"alt":1,"type":2,"area":496}},{"x":3934,"y":3448,"data":{"alt":1,"type":2,"area":496}},{"x":3928,"y":3449,"data":{"alt":1,"type":2,"area":496}},{"x":3929,"y":3449,"data":{"alt":1,"type":2,"area":496}},{"x":3930,"y":3449,"data":{"alt":1,"type":2,"area":496}},{"x":3934,"y":3449,"data":{"alt":1,"type":2,"area":496}},{"x":3935,"y":3449,"data":{"alt":1,"type":2,"area":496}},{"x":3928,"y":3450,"data":{"alt":1,"type":2,"area":496}},{"x":3929,"y":3450,"data":{"alt":1,"type":2,"area":496}},{"x":3934,"y":3450,"data":{"alt":1,"type":2,"area":496}},{"x":3935,"y":3450,"data":{"alt":1,"type":2,"area":496}},{"x":3935,"y":3451,"data":{"alt":1,"type":2,"area":496}},{"x":3928,"y":3454,"data":{"alt":1,"type":2,"area":496}},{"x":3935,"y":3454,"data":{"alt":1,"type":2,"area":496}},{"x":3928,"y":3455,"data":{"alt":1,"type":2,"area":496}},{"x":3929,"y":3455,"data":{"alt":1,"type":2,"area":496}},{"x":3930,"y":3455,"data":{"alt":1,"type":2,"area":496}},{"x":3931,"y":3455,"data":{"alt":1,"type":2,"area":496}},{"x":3935,"y":3455,"data":{"alt":1,"type":2,"area":496}},{"x":3928,"y":3456,"data":{"alt":1,"type":2,"area":496}},{"x":3931,"y":3456,"data":{"alt":1,"type":2,"area":496}},{"x":3935,"y":3456,"data":{"alt":1,"type":2,"area":496}},{"x":3928,"y":3457,"data":{"alt":1,"type":2,"area":496}},{"x":3935,"y":3457,"data":{"alt":1,"type":2,"area":496}},{"x":3928,"y":3458,"data":{"alt":1,"type":2,"area":496}},{"x":3929,"y":3458,"data":{"alt":1,"type":2,"area":496}},{"x":3931,"y":3458,"data":{"alt":1,"type":2,"area":496}},{"x":3934,"y":3458,"data":{"alt":1,"type":2,"area":496}},{"x":3935,"y":3458,"data":{"alt":1,"type":2,"area":496}},{"x":3928,"y":3459,"data":{"alt":1,"type":2,"area":496}},{"x":3929,"y":3459,"data":{"alt":1,"type":2,"area":496}},{"x":3930,"y":3459,"data":{"alt":1,"type":2,"area":496}},{"x":3931,"y":3459,"data":{"alt":1,"type":2,"area":496}},{"x":3932,"y":3459,"data":{"alt":1,"type":2,"area":496}},{"x":3933,"y":3459,"data":{"alt":1,"type":2,"area":496}},{"x":3934,"y":3459,"data":{"alt":1,"type":2,"area":496}},{"x":3935,"y":3459,"data":{"alt":1,"type":2,"area":496}},{"x":3928,"y":3460,"data":{"alt":1,"type":2,"area":496}},{"x":3929,"y":3460,"data":{"alt":1,"type":2,"area":496}},{"x":3930,"y":3460,"data":{"alt":1,"type":2,"area":496}},{"x":3931,"y":3460,"data":{"alt":1,"type":2,"area":496}},{"x":3932,"y":3460,"data":{"alt":1,"type":2,"area":496}},{"x":3933,"y":3460,"data":{"alt":1,"type":2,"area":496}},{"x":3934,"y":3460,"data":{"alt":1,"type":2,"area":496}},{"x":3935,"y":3460,"data":{"alt":1,"type":2,"area":496}},{"x":3927,"y":3461,"data":{"alt":1,"type":2,"area":496}},{"x":3928,"y":3461,"data":{"alt":1,"type":2,"area":496}},{"x":3929,"y":3461,"data":{"alt":1,"type":2,"area":496}},{"x":3930,"y":3461,"data":{"alt":1,"type":2,"area":496}},{"x":3931,"y":3461,"data":{"alt":1,"type":2,"area":496}},{"x":3932,"y":3461,"data":{"alt":1,"type":2,"area":496}},{"x":3933,"y":3461,"data":{"alt":1,"type":2,"area":496}},{"x":3934,"y":3461,"data":{"alt":1,"type":2,"area":496}},{"x":3935,"y":3461,"data":{"alt":1,"type":2,"area":496}},{"x":3928,"y":3462,"data":{"alt":1,"type":2,"area":496}},{"x":3929,"y":3462,"data":{"alt":1,"type":2,"area":496}},{"x":3930,"y":3462,"data":{"alt":1,"type":2,"area":496}},{"x":3931,"y":3462,"data":{"alt":1,"type":2,"area":496}},{"x":3932,"y":3462,"data":{"alt":1,"type":2,"area":496}},{"x":3933,"y":3462,"data":{"alt":1,"type":2,"area":496}},{"x":3934,"y":3462,"data":{"alt":1,"type":2,"area":496}},{"x":3935,"y":3462,"data":{"alt":1,"type":2,"area":496}},{"x":3928,"y":3463,"data":{"alt":1,"type":2,"area":496}},{"x":3929,"y":3463,"data":{"alt":1,"type":2,"area":496}},{"x":3930,"y":3463,"data":{"alt":1,"type":2,"area":496}},{"x":3931,"y":3463,"data":{"alt":1,"type":2,"area":496}},{"x":3932,"y":3463,"data":{"alt":1,"type":2,"area":496}},{"x":3933,"y":3463,"data":{"alt":1,"type":2,"area":496}},{"x":3934,"y":3463,"data":{"alt":1,"type":2,"area":496}},{"x":3935,"y":3463,"data":{"alt":1,"type":2,"area":496}},{"x":3927,"y":3464,"data":{"alt":1,"type":2,"area":496}},{"x":3928,"y":3464,"data":{"alt":1,"type":2,"area":496}},{"x":3929,"y":3464,"data":{"alt":1,"type":2,"area":496}},{"x":3930,"y":3464,"data":{"alt":1,"type":2,"area":496}},{"x":3931,"y":3464,"data":{"alt":1,"type":2,"area":496}},{"x":3932,"y":3464,"data":{"alt":1,"type":2,"area":496}},{"x":3933,"y":3464,"data":{"alt":1,"type":2,"area":496}},{"x":3934,"y":3464,"data":{"alt":1,"type":2,"area":496}},{"x":3935,"y":3464,"data":{"alt":1,"type":2,"area":496}},{"x":3927,"y":3465,"data":{"alt":1,"type":2,"area":496}},{"x":3928,"y":3465,"data":{"alt":1,"type":2,"area":496}},{"x":3929,"y":3465,"data":{"alt":1,"type":2,"area":496}},{"x":3930,"y":3465,"data":{"alt":1,"type":2,"area":496}},{"x":3931,"y":3465,"data":{"alt":1,"type":2,"area":496}},{"x":3932,"y":3465,"data":{"alt":1,"type":2,"area":496}},{"x":3933,"y":3465,"data":{"alt":1,"type":2,"area":496}},{"x":3934,"y":3465,"data":{"alt":1,"type":2,"area":496}},{"x":3935,"y":3465,"data":{"alt":1,"type":1,"area":496}},{"x":3930,"y":3466,"data":{"alt":1,"type":2,"area":496}},{"x":3931,"y":3466,"data":{"alt":1,"type":2,"area":496}},{"x":3932,"y":3466,"data":{"alt":1,"type":2,"area":496}},{"x":3933,"y":3466,"data":{"alt":1,"type":2,"area":496}},{"x":3934,"y":3466,"data":{"alt":1,"type":2,"area":496}},{"x":3935,"y":3466,"data":{"alt":1,"type":1,"area":496}},{"x":3929,"y":3467,"data":{"alt":1,"type":2,"area":496}},{"x":3930,"y":3467,"data":{"alt":1,"type":2,"area":496}},{"x":3931,"y":3467,"data":{"alt":1,"type":2,"area":496}},{"x":3932,"y":3467,"data":{"alt":1,"type":2,"area":496}},{"x":3933,"y":3467,"data":{"alt":1,"type":2,"area":496}},{"x":3934,"y":3467,"data":{"alt":1,"type":1,"area":496}},{"x":3935,"y":3467,"data":{"alt":1,"type":2,"area":496}},{"x":3928,"y":3468,"data":{"alt":1,"type":2,"area":496}},{"x":3929,"y":3468,"data":{"alt":1,"type":2,"area":496}},{"x":3930,"y":3468,"data":{"alt":1,"type":2,"area":496}},{"x":3931,"y":3468,"data":{"alt":1,"type":2,"area":496}},{"x":3932,"y":3468,"data":{"alt":1,"type":2,"area":496}},{"x":3933,"y":3468,"data":{"alt":1,"type":1,"area":496}},{"x":3934,"y":3468,"data":{"alt":1,"type":2,"area":496}},{"x":3935,"y":3468,"data":{"alt":1,"type":2,"area":496}},{"x":3928,"y":3469,"data":{"alt":1,"type":2,"area":496}},{"x":3929,"y":3469,"data":{"alt":1,"type":2,"area":496}},{"x":3930,"y":3469,"data":{"alt":1,"type":2,"area":496}},{"x":3931,"y":3469,"data":{"alt":1,"type":2,"area":496}},{"x":3932,"y":3469,"data":{"alt":1,"type":1,"area":496}},{"x":3933,"y":3469,"data":{"alt":1,"type":2,"area":496}},{"x":3934,"y":3469,"data":{"alt":1,"type":2,"area":496}},{"x":3935,"y":3469,"data":{"alt":1,"type":2,"area":496}},{"x":3930,"y":3470,"data":{"alt":1,"type":2,"area":496}},{"x":3931,"y":3470,"data":{"alt":1,"type":2,"area":496}},{"x":3932,"y":3470,"data":{"alt":1,"type":1,"area":496}},{"x":3934,"y":3470,"data":{"alt":1,"type":2,"area":496}},{"x":3935,"y":3470,"data":{"alt":1,"type":2,"area":496}},{"x":3930,"y":3471,"data":{"alt":1,"type":2,"area":496}},{"x":3931,"y":3471,"data":{"alt":1,"type":1,"area":496}},{"x":3935,"y":3471,"data":{"alt":1,"type":2,"area":496}},{"x":3930,"y":3472,"data":{"alt":1,"type":1,"area":496}},{"x":3935,"y":3472,"data":{"alt":1,"type":2,"area":496}},{"x":3930,"y":3473,"data":{"alt":1,"type":1,"area":496}},{"x":3930,"y":3474,"data":{"alt":1,"type":1,"area":496}},{"x":3930,"y":3475,"data":{"alt":1,"type":1,"area":496}},{"x":3930,"y":3476,"data":{"alt":1,"type":1,"area":496}},{"x":3930,"y":3477,"data":{"alt":1,"type":1,"area":496}},{"x":3930,"y":3478,"data":{"alt":1,"type":1,"area":496}},{"x":3930,"y":3479,"data":{"alt":1,"type":1,"area":496}},{"x":3936,"y":3433,"data":{"alt":1,"type":2,"area":496}},{"x":3937,"y":3433,"data":{"alt":1,"type":2,"area":496}},{"x":3936,"y":3434,"data":{"alt":1,"type":2,"area":496}},{"x":3937,"y":3434,"data":{"alt":1,"type":2,"area":496}},{"x":3938,"y":3434,"data":{"alt":1,"type":1,"area":496}},{"x":3936,"y":3435,"data":{"alt":1,"type":1,"area":496}},{"x":3937,"y":3435,"data":{"alt":1,"type":1,"area":496}},{"x":3936,"y":3436,"data":{"alt":1,"type":2,"area":496}},{"x":3937,"y":3436,"data":{"alt":1,"type":2,"area":496}},{"x":3938,"y":3436,"data":{"alt":1,"type":1,"area":496}},{"x":3936,"y":3437,"data":{"alt":1,"type":2,"area":496}},{"x":3937,"y":3437,"data":{"alt":1,"type":2,"area":496}},{"x":3938,"y":3437,"data":{"alt":1,"type":1,"area":496}},{"x":3939,"y":3437,"data":{"alt":1,"type":2,"area":496}},{"x":3936,"y":3438,"data":{"alt":1,"type":2,"area":496}},{"x":3937,"y":3438,"data":{"alt":1,"type":2,"area":496}},{"x":3938,"y":3438,"data":{"alt":1,"type":1,"area":496}},{"x":3936,"y":3439,"data":{"alt":1,"type":2,"area":496}},{"x":3937,"y":3439,"data":{"alt":1,"type":2,"area":496}},{"x":3938,"y":3439,"data":{"alt":1,"type":2,"area":496}},{"x":3939,"y":3439,"data":{"alt":1,"type":1,"area":496}},{"x":3940,"y":3439,"data":{"alt":1,"type":2,"area":496}},{"x":3936,"y":3440,"data":{"alt":1,"type":2,"area":496}},{"x":3937,"y":3440,"data":{"alt":1,"type":2,"area":496}},{"x":3938,"y":3440,"data":{"alt":1,"type":2,"area":496}},{"x":3939,"y":3440,"data":{"alt":1,"type":1,"area":496}},{"x":3940,"y":3440,"data":{"alt":1,"type":2,"area":496}},{"x":3941,"y":3440,"data":{"alt":1,"type":2,"area":496}},{"x":3942,"y":3440,"data":{"alt":1,"type":2,"area":496}},{"x":3936,"y":3441,"data":{"alt":1,"type":2,"area":496}},{"x":3937,"y":3441,"data":{"alt":1,"type":2,"area":496}},{"x":3938,"y":3441,"data":{"alt":1,"type":2,"area":496}},{"x":3939,"y":3441,"data":{"alt":1,"type":1,"area":496}},{"x":3940,"y":3441,"data":{"alt":1,"type":2,"area":496}},{"x":3941,"y":3441,"data":{"alt":1,"type":2,"area":496}},{"x":3942,"y":3441,"data":{"alt":1,"type":2,"area":496}},{"x":3936,"y":3442,"data":{"alt":1,"type":2,"area":496}},{"x":3937,"y":3442,"data":{"alt":1,"type":2,"area":496}},{"x":3938,"y":3442,"data":{"alt":1,"type":2,"area":496}},{"x":3939,"y":3442,"data":{"alt":1,"type":1,"area":496}},{"x":3940,"y":3442,"data":{"alt":1,"type":2,"area":496}},{"x":3941,"y":3442,"data":{"alt":1,"type":2,"area":496}},{"x":3943,"y":3442,"data":{"alt":1,"type":2,"area":496}},{"x":3944,"y":3442,"data":{"alt":1,"type":2,"area":496}},{"x":3936,"y":3443,"data":{"alt":1,"type":2,"area":496}},{"x":3937,"y":3443,"data":{"alt":1,"type":2,"area":496}},{"x":3938,"y":3443,"data":{"alt":1,"type":1,"area":496}},{"x":3939,"y":3443,"data":{"alt":1,"type":2,"area":496}},{"x":3940,"y":3443,"data":{"alt":1,"type":2,"area":496}},{"x":3944,"y":3443,"data":{"alt":1,"type":2,"area":496}},{"x":3945,"y":3443,"data":{"alt":1,"type":2,"area":496}},{"x":3936,"y":3444,"data":{"alt":1,"type":2,"area":496}},{"x":3937,"y":3444,"data":{"alt":1,"type":2,"area":496}},{"x":3938,"y":3444,"data":{"alt":1,"type":1,"area":496}},{"x":3939,"y":3444,"data":{"alt":1,"type":2,"area":496}},{"x":3940,"y":3444,"data":{"alt":1,"type":2,"area":496}},{"x":3941,"y":3444,"data":{"alt":1,"type":2,"area":496}},{"x":3942,"y":3444,"data":{"alt":1,"type":2,"area":496}},{"x":3943,"y":3444,"data":{"alt":1,"type":2,"area":496}},{"x":3944,"y":3444,"data":{"alt":1,"type":2,"area":496}},{"x":3945,"y":3444,"data":{"alt":1,"type":2,"area":496}},{"x":3937,"y":3445,"data":{"alt":1,"type":2,"area":496}},{"x":3938,"y":3445,"data":{"alt":1,"type":1,"area":496}},{"x":3939,"y":3445,"data":{"alt":1,"type":2,"area":496}},{"x":3940,"y":3445,"data":{"alt":1,"type":2,"area":496}},{"x":3941,"y":3445,"data":{"alt":1,"type":2,"area":496}},{"x":3942,"y":3445,"data":{"alt":1,"type":2,"area":496}},{"x":3943,"y":3445,"data":{"alt":1,"type":2,"area":496}},{"x":3944,"y":3445,"data":{"alt":1,"type":2,"area":496}},{"x":3945,"y":3445,"data":{"alt":1,"type":2,"area":496}},{"x":3946,"y":3445,"data":{"alt":1,"type":2,"area":496}},{"x":3947,"y":3445,"data":{"alt":1,"type":2,"area":496}},{"x":3937,"y":3446,"data":{"alt":1,"type":2,"area":496}},{"x":3938,"y":3446,"data":{"alt":1,"type":1,"area":496}},{"x":3939,"y":3446,"data":{"alt":1,"type":2,"area":496}},{"x":3940,"y":3446,"data":{"alt":1,"type":2,"area":496}},{"x":3942,"y":3446,"data":{"alt":1,"type":2,"area":496}},{"x":3943,"y":3446,"data":{"alt":1,"type":2,"area":496}},{"x":3944,"y":3446,"data":{"alt":1,"type":2,"area":496}},{"x":3945,"y":3446,"data":{"alt":1,"type":2,"area":496}},{"x":3946,"y":3446,"data":{"alt":1,"type":2,"area":496}},{"x":3947,"y":3446,"data":{"alt":1,"type":2,"area":496}},{"x":3938,"y":3447,"data":{"alt":1,"type":1,"area":496}},{"x":3939,"y":3447,"data":{"alt":1,"type":2,"area":496}},{"x":3940,"y":3447,"data":{"alt":1,"type":2,"area":496}},{"x":3941,"y":3447,"data":{"alt":1,"type":2,"area":496}},{"x":3942,"y":3447,"data":{"alt":1,"type":2,"area":496}},{"x":3943,"y":3447,"data":{"alt":1,"type":2,"area":496}},{"x":3944,"y":3447,"data":{"alt":1,"type":2,"area":496}},{"x":3945,"y":3447,"data":{"alt":1,"type":2,"area":496}},{"x":3946,"y":3447,"data":{"alt":1,"type":2,"area":496}},{"x":3948,"y":3447,"data":{"alt":1,"type":2,"area":496}},{"x":3939,"y":3448,"data":{"alt":1,"type":1,"area":496}},{"x":3940,"y":3448,"data":{"alt":1,"type":2,"area":496}},{"x":3941,"y":3448,"data":{"alt":1,"type":2,"area":496}},{"x":3942,"y":3448,"data":{"alt":1,"type":2,"area":496}},{"x":3943,"y":3448,"data":{"alt":1,"type":2,"area":496}},{"x":3944,"y":3448,"data":{"alt":1,"type":2,"area":496}},{"x":3945,"y":3448,"data":{"alt":1,"type":2,"area":496}},{"x":3948,"y":3448,"data":{"alt":1,"type":2,"area":496}},{"x":3949,"y":3448,"data":{"alt":1,"type":2,"area":496}},{"x":3938,"y":3449,"data":{"alt":1,"type":2,"area":496}},{"x":3939,"y":3449,"data":{"alt":1,"type":1,"area":496}},{"x":3940,"y":3449,"data":{"alt":1,"type":2,"area":496}},{"x":3941,"y":3449,"data":{"alt":1,"type":2,"area":496}},{"x":3942,"y":3449,"data":{"alt":1,"type":2,"area":496}},{"x":3943,"y":3449,"data":{"alt":1,"type":2,"area":496}},{"x":3944,"y":3449,"data":{"alt":1,"type":2,"area":496}},{"x":3945,"y":3449,"data":{"alt":1,"type":2,"area":496}},{"x":3949,"y":3449,"data":{"alt":1,"type":2,"area":496}},{"x":3936,"y":3450,"data":{"alt":1,"type":2,"area":496}},{"x":3938,"y":3450,"data":{"alt":1,"type":1,"area":496}},{"x":3940,"y":3450,"data":{"alt":1,"type":2,"area":496}},{"x":3941,"y":3450,"data":{"alt":1,"type":2,"area":496}},{"x":3942,"y":3450,"data":{"alt":1,"type":2,"area":496}},{"x":3943,"y":3450,"data":{"alt":1,"type":2,"area":496}},{"x":3944,"y":3450,"data":{"alt":1,"type":2,"area":496}},{"x":3947,"y":3450,"data":{"alt":1,"type":2,"area":496}},{"x":3948,"y":3450,"data":{"alt":1,"type":2,"area":496}},{"x":3949,"y":3450,"data":{"alt":1,"type":2,"area":496}},{"x":3950,"y":3450,"data":{"alt":1,"type":2,"area":496}},{"x":3936,"y":3451,"data":{"alt":1,"type":2,"area":496}},{"x":3937,"y":3451,"data":{"alt":1,"type":2,"area":496}},{"x":3938,"y":3451,"data":{"alt":1,"type":1,"area":496}},{"x":3941,"y":3451,"data":{"alt":1,"type":2,"area":496}},{"x":3942,"y":3451,"data":{"alt":1,"type":2,"area":496}},{"x":3943,"y":3451,"data":{"alt":1,"type":2,"area":496}},{"x":3944,"y":3451,"data":{"alt":1,"type":2,"area":496}},{"x":3948,"y":3451,"data":{"alt":1,"type":2,"area":496}},{"x":3949,"y":3451,"data":{"alt":1,"type":2,"area":496}},{"x":3950,"y":3451,"data":{"alt":1,"type":2,"res":1,"resAmount":80,"area":496}},{"x":3936,"y":3452,"data":{"alt":1,"type":2,"area":496}},{"x":3937,"y":3452,"data":{"alt":1,"type":2,"area":496}},{"x":3938,"y":3452,"data":{"alt":1,"type":1,"area":496}},{"x":3939,"y":3452,"data":{"alt":1,"type":2,"area":496}},{"x":3940,"y":3452,"data":{"alt":1,"type":2,"area":496}},{"x":3941,"y":3452,"data":{"alt":1,"type":2,"area":496}},{"x":3942,"y":3452,"data":{"alt":1,"type":2,"area":496}},{"x":3943,"y":3452,"data":{"alt":1,"type":2,"area":496}},{"x":3944,"y":3452,"data":{"alt":1,"type":2,"area":496}},{"x":3945,"y":3452,"data":{"alt":1,"type":2,"area":496}},{"x":3947,"y":3452,"data":{"alt":1,"type":2,"area":496}},{"x":3948,"y":3452,"data":{"alt":1,"type":2,"area":496}},{"x":3949,"y":3452,"data":{"alt":1,"type":2,"area":496}},{"x":3950,"y":3452,"data":{"alt":1,"type":2,"area":496}},{"x":3936,"y":3453,"data":{"alt":1,"type":2,"area":496}},{"x":3937,"y":3453,"data":{"alt":1,"type":2,"area":496}},{"x":3938,"y":3453,"data":{"alt":1,"type":1,"area":496}},{"x":3939,"y":3453,"data":{"alt":1,"type":2,"area":496}},{"x":3940,"y":3453,"data":{"alt":1,"type":2,"area":496}},{"x":3941,"y":3453,"data":{"alt":1,"type":2,"area":496}},{"x":3942,"y":3453,"data":{"alt":1,"type":2,"area":496}},{"x":3943,"y":3453,"data":{"alt":1,"type":2,"area":496}},{"x":3944,"y":3453,"data":{"alt":1,"type":2,"area":496}},{"x":3945,"y":3453,"data":{"alt":1,"type":2,"area":496}},{"x":3946,"y":3453,"data":{"alt":1,"type":2,"area":496}},{"x":3947,"y":3453,"data":{"alt":1,"type":2,"area":496}},{"x":3948,"y":3453,"data":{"alt":1,"type":2,"area":496}},{"x":3949,"y":3453,"data":{"alt":1,"type":2,"area":496}},{"x":3950,"y":3453,"data":{"alt":1,"type":2,"area":496}},{"x":3936,"y":3454,"data":{"alt":1,"type":2,"area":496}},{"x":3937,"y":3454,"data":{"alt":1,"type":2,"area":496}},{"x":3938,"y":3454,"data":{"alt":1,"type":1,"area":496}},{"x":3939,"y":3454,"data":{"alt":1,"type":2,"area":496}},{"x":3940,"y":3454,"data":{"alt":1,"type":2,"area":496}},{"x":3941,"y":3454,"data":{"alt":1,"type":2,"area":496}},{"x":3942,"y":3454,"data":{"alt":1,"type":2,"area":496}},{"x":3943,"y":3454,"data":{"alt":1,"type":2,"area":496}},{"x":3944,"y":3454,"data":{"alt":1,"type":2,"area":496}},{"x":3945,"y":3454,"data":{"alt":1,"type":2,"area":496}},{"x":3946,"y":3454,"data":{"alt":1,"type":2,"area":496}},{"x":3947,"y":3454,"data":{"alt":1,"type":2,"area":496}},{"x":3948,"y":3454,"data":{"alt":1,"type":2,"area":496}},{"x":3949,"y":3454,"data":{"alt":1,"type":2,"area":496}},{"x":3936,"y":3455,"data":{"alt":1,"type":2,"area":496}},{"x":3937,"y":3455,"data":{"alt":1,"type":2,"area":496}},{"x":3938,"y":3455,"data":{"alt":1,"type":1,"area":496}},{"x":3939,"y":3455,"data":{"alt":1,"type":2,"area":496}},{"x":3940,"y":3455,"data":{"alt":1,"type":2,"area":496}},{"x":3941,"y":3455,"data":{"alt":1,"type":2,"area":496}},{"x":3942,"y":3455,"data":{"alt":1,"type":2,"area":496}},{"x":3943,"y":3455,"data":{"alt":1,"type":2,"area":496}},{"x":3944,"y":3455,"data":{"alt":1,"type":2,"area":496}},{"x":3945,"y":3455,"data":{"alt":1,"type":2,"area":496}},{"x":3946,"y":3455,"data":{"alt":1,"type":2,"area":496}},{"x":3947,"y":3455,"data":{"alt":1,"type":2,"area":496}},{"x":3936,"y":3456,"data":{"alt":1,"type":2,"area":496}},{"x":3937,"y":3456,"data":{"alt":1,"type":2,"area":496}},{"x":3938,"y":3456,"data":{"alt":1,"type":1,"area":496}},{"x":3939,"y":3456,"data":{"alt":1,"type":2,"area":496}},{"x":3940,"y":3456,"data":{"alt":1,"type":2,"area":496}},{"x":3941,"y":3456,"data":{"alt":1,"type":2,"area":496}},{"x":3942,"y":3456,"data":{"alt":1,"type":2,"area":496}},{"x":3943,"y":3456,"data":{"alt":1,"type":2,"area":496}},{"x":3944,"y":3456,"data":{"alt":1,"type":2,"area":496}},{"x":3945,"y":3456,"data":{"alt":1,"type":2,"area":496}},{"x":3946,"y":3456,"data":{"alt":1,"type":2,"area":496}},{"x":3947,"y":3456,"data":{"alt":1,"type":2,"area":496}},{"x":3936,"y":3457,"data":{"alt":1,"type":2,"area":496}},{"x":3937,"y":3457,"data":{"alt":1,"type":2,"area":496}},{"x":3938,"y":3457,"data":{"alt":1,"type":1,"area":496}},{"x":3939,"y":3457,"data":{"alt":1,"type":2,"area":496}},{"x":3940,"y":3457,"data":{"alt":1,"type":2,"area":496}},{"x":3941,"y":3457,"data":{"alt":1,"type":2,"area":496}},{"x":3942,"y":3457,"data":{"alt":1,"type":2,"area":496}},{"x":3943,"y":3457,"data":{"alt":1,"type":2,"area":496}},{"x":3944,"y":3457,"data":{"alt":1,"type":2,"area":496}},{"x":3945,"y":3457,"data":{"alt":1,"type":2,"area":496}},{"x":3946,"y":3457,"data":{"alt":1,"type":2,"area":496}},{"x":3947,"y":3457,"data":{"alt":1,"type":2,"area":496}},{"x":3936,"y":3458,"data":{"alt":1,"type":2,"area":496}},{"x":3937,"y":3458,"data":{"alt":1,"type":2,"area":496}},{"x":3938,"y":3458,"data":{"alt":1,"type":1,"area":496}},{"x":3939,"y":3458,"data":{"alt":1,"type":2,"area":496}},{"x":3940,"y":3458,"data":{"alt":1,"type":2,"area":496}},{"x":3941,"y":3458,"data":{"alt":1,"type":2,"area":496}},{"x":3942,"y":3458,"data":{"alt":1,"type":2,"area":496}},{"x":3943,"y":3458,"data":{"alt":1,"type":2,"area":496}},{"x":3944,"y":3458,"data":{"alt":1,"type":2,"area":496}},{"x":3945,"y":3458,"data":{"alt":1,"type":2,"area":496}},{"x":3946,"y":3458,"data":{"alt":1,"type":2,"area":496}},{"x":3947,"y":3458,"data":{"alt":1,"type":2,"area":496}},{"x":3936,"y":3459,"data":{"alt":1,"type":2,"area":496}},{"x":3937,"y":3459,"data":{"alt":1,"type":2,"area":496}},{"x":3938,"y":3459,"data":{"alt":1,"type":1,"area":496}},{"x":3939,"y":3459,"data":{"alt":1,"type":2,"area":496}},{"x":3940,"y":3459,"data":{"alt":1,"type":2,"area":496}},{"x":3941,"y":3459,"data":{"alt":1,"type":2,"area":496}},{"x":3942,"y":3459,"data":{"alt":1,"type":2,"area":496}},{"x":3943,"y":3459,"data":{"alt":1,"type":2,"area":496}},{"x":3944,"y":3459,"data":{"alt":1,"type":2,"area":496}},{"x":3945,"y":3459,"data":{"alt":1,"type":2,"area":496}},{"x":3946,"y":3459,"data":{"alt":1,"type":2,"res":1,"resAmount":40,"area":496}},{"x":3947,"y":3459,"data":{"alt":1,"type":2,"area":496}},{"x":3936,"y":3460,"data":{"alt":1,"type":2,"area":496}},{"x":3937,"y":3460,"data":{"alt":1,"type":2,"area":496}},{"x":3938,"y":3460,"data":{"alt":1,"type":1,"area":496}},{"x":3939,"y":3460,"data":{"alt":1,"type":2,"area":496}},{"x":3940,"y":3460,"data":{"alt":1,"type":2,"area":496}},{"x":3941,"y":3460,"data":{"alt":1,"type":2,"area":496}},{"x":3942,"y":3460,"data":{"alt":1,"type":2,"area":496}},{"x":3943,"y":3460,"data":{"alt":1,"type":2,"area":496}},{"x":3944,"y":3460,"data":{"alt":1,"type":2,"area":496}},{"x":3945,"y":3460,"data":{"alt":1,"type":2,"area":496}},{"x":3946,"y":3460,"data":{"alt":1,"type":2,"area":496}},{"x":3947,"y":3460,"data":{"alt":1,"type":2,"area":496}},{"x":3948,"y":3460,"data":{"alt":1,"type":2,"area":496}},{"x":3936,"y":3461,"data":{"alt":1,"type":2,"area":496}},{"x":3937,"y":3461,"data":{"alt":1,"type":2,"area":496}},{"x":3938,"y":3461,"data":{"alt":1,"type":1,"area":496}},{"x":3939,"y":3461,"data":{"alt":1,"type":2,"area":496}},{"x":3940,"y":3461,"data":{"alt":1,"type":2,"area":496}},{"x":3941,"y":3461,"data":{"alt":1,"type":2,"area":496}},{"x":3942,"y":3461,"data":{"alt":1,"type":2,"area":496}},{"x":3943,"y":3461,"data":{"alt":1,"type":2,"area":496}},{"x":3944,"y":3461,"data":{"alt":1,"type":2,"area":496}},{"x":3945,"y":3461,"data":{"alt":1,"type":2,"area":496}},{"x":3946,"y":3461,"data":{"alt":1,"type":2,"area":496}},{"x":3947,"y":3461,"data":{"alt":1,"type":2,"area":496}},{"x":3936,"y":3462,"data":{"alt":1,"type":2,"area":496}},{"x":3937,"y":3462,"data":{"alt":1,"type":1,"area":496}},{"x":3938,"y":3462,"data":{"alt":1,"type":2,"area":496}},{"x":3939,"y":3462,"data":{"alt":1,"type":2,"area":496}},{"x":3940,"y":3462,"data":{"alt":1,"type":2,"area":496}},{"x":3941,"y":3462,"data":{"alt":1,"type":2,"area":496}},{"x":3942,"y":3462,"data":{"alt":1,"type":2,"area":496}},{"x":3943,"y":3462,"data":{"alt":1,"type":2,"area":496}},{"x":3944,"y":3462,"data":{"alt":1,"type":2,"area":496}},{"x":3945,"y":3462,"data":{"alt":1,"type":2,"area":496}},{"x":3946,"y":3462,"data":{"alt":1,"type":2,"area":496}},{"x":3947,"y":3462,"data":{"alt":1,"type":2,"area":496}},{"x":3948,"y":3462,"data":{"alt":1,"type":2,"area":496}},{"x":3949,"y":3462,"data":{"alt":1,"type":2,"area":496}},{"x":3950,"y":3462,"data":{"alt":1,"type":2,"area":496}},{"x":3936,"y":3463,"data":{"alt":1,"type":1,"area":496}},{"x":3937,"y":3463,"data":{"alt":1,"type":2,"area":496}},{"x":3938,"y":3463,"data":{"alt":1,"type":2,"area":496}},{"x":3939,"y":3463,"data":{"alt":1,"type":2,"area":496}},{"x":3940,"y":3463,"data":{"alt":1,"type":2,"area":496}},{"x":3941,"y":3463,"data":{"alt":1,"type":2,"area":496}},{"x":3942,"y":3463,"data":{"alt":1,"type":2,"area":496}},{"x":3943,"y":3463,"data":{"alt":1,"type":2,"area":496}},{"x":3944,"y":3463,"data":{"alt":1,"type":2,"area":496}},{"x":3945,"y":3463,"data":{"alt":1,"type":2,"area":496}},{"x":3946,"y":3463,"data":{"alt":1,"type":2,"area":496}},{"x":3947,"y":3463,"data":{"alt":1,"type":2,"area":496}},{"x":3949,"y":3463,"data":{"alt":1,"type":2,"area":496}},{"x":3950,"y":3463,"data":{"alt":1,"type":2,"area":496}},{"x":3936,"y":3464,"data":{"alt":1,"type":1,"area":496}},{"x":3937,"y":3464,"data":{"alt":1,"type":2,"area":496}},{"x":3938,"y":3464,"data":{"alt":1,"type":2,"area":496}},{"x":3939,"y":3464,"data":{"alt":1,"type":2,"area":496}},{"x":3940,"y":3464,"data":{"alt":1,"type":2,"area":496}},{"x":3941,"y":3464,"data":{"alt":1,"type":2,"area":496}},{"x":3942,"y":3464,"data":{"alt":1,"type":2,"area":496}},{"x":3943,"y":3464,"data":{"alt":1,"type":2,"area":496}},{"x":3944,"y":3464,"data":{"alt":1,"type":2,"area":496}},{"x":3945,"y":3464,"data":{"alt":1,"type":2,"area":496}},{"x":3946,"y":3464,"data":{"alt":1,"type":2,"area":496}},{"x":3947,"y":3464,"data":{"alt":1,"type":2,"area":496}},{"x":3936,"y":3465,"data":{"alt":1,"type":2,"area":496}},{"x":3937,"y":3465,"data":{"alt":1,"type":2,"area":496}},{"x":3938,"y":3465,"data":{"alt":1,"type":2,"area":496}},{"x":3939,"y":3465,"data":{"alt":1,"type":2,"area":496}},{"x":3940,"y":3465,"data":{"alt":1,"type":2,"area":496}},{"x":3941,"y":3465,"data":{"alt":1,"type":2,"area":496}},{"x":3942,"y":3465,"data":{"alt":1,"type":2,"area":496}},{"x":3943,"y":3465,"data":{"alt":1,"type":2,"area":496}},{"x":3944,"y":3465,"data":{"alt":1,"type":2,"area":496}},{"x":3945,"y":3465,"data":{"alt":1,"type":2,"area":496}},{"x":3946,"y":3465,"data":{"alt":1,"type":2,"area":496}},{"x":3947,"y":3465,"data":{"alt":1,"type":2,"area":496}},{"x":3948,"y":3465,"data":{"alt":1,"type":2,"area":496}},{"x":3936,"y":3466,"data":{"alt":1,"type":2,"area":496}},{"x":3937,"y":3466,"data":{"alt":1,"type":2,"area":496}},{"x":3938,"y":3466,"data":{"alt":1,"type":2,"area":496}},{"x":3939,"y":3466,"data":{"alt":1,"type":2,"area":496}},{"x":3940,"y":3466,"data":{"alt":1,"type":2,"area":496}},{"x":3941,"y":3466,"data":{"alt":1,"type":2,"area":496}},{"x":3942,"y":3466,"data":{"alt":1,"type":2,"area":496}},{"x":3943,"y":3466,"data":{"alt":1,"type":2,"area":496}},{"x":3944,"y":3466,"data":{"alt":1,"type":2,"area":496}},{"x":3945,"y":3466,"data":{"alt":1,"type":2,"area":496}},{"x":3946,"y":3466,"data":{"alt":1,"type":2,"area":496}},{"x":3947,"y":3466,"data":{"alt":1,"type":2,"area":496}},{"x":3948,"y":3466,"data":{"alt":1,"type":2,"area":496}},{"x":3950,"y":3466,"data":{"alt":1,"type":2,"area":496}},{"x":3951,"y":3466,"data":{"alt":1,"type":2,"area":496}},{"x":3952,"y":3466,"data":{"alt":1,"type":2,"area":496}},{"x":3953,"y":3466,"data":{"alt":1,"type":2,"area":496}},{"x":3936,"y":3467,"data":{"alt":1,"type":2,"area":496}},{"x":3937,"y":3467,"data":{"alt":1,"type":2,"area":496}},{"x":3938,"y":3467,"data":{"alt":1,"type":2,"area":496}},{"x":3939,"y":3467,"data":{"alt":1,"type":2,"area":496}},{"x":3940,"y":3467,"data":{"alt":1,"type":2,"area":496}},{"x":3941,"y":3467,"data":{"alt":1,"type":2,"area":496}},{"x":3942,"y":3467,"data":{"alt":1,"type":2,"area":496}},{"x":3943,"y":3467,"data":{"alt":1,"type":2,"area":496}},{"x":3944,"y":3467,"data":{"alt":1,"type":2,"area":496}},{"x":3945,"y":3467,"data":{"alt":1,"type":2,"area":496}},{"x":3946,"y":3467,"data":{"alt":1,"type":2,"area":496}},{"x":3947,"y":3467,"data":{"alt":1,"type":2,"area":496}},{"x":3948,"y":3467,"data":{"alt":1,"type":2,"area":496}},{"x":3949,"y":3467,"data":{"alt":1,"type":2,"area":496}},{"x":3950,"y":3467,"data":{"alt":1,"type":2,"area":496}},{"x":3951,"y":3467,"data":{"alt":1,"type":2,"area":496}},{"x":3952,"y":3467,"data":{"alt":1,"type":2,"area":496}},{"x":3953,"y":3467,"data":{"alt":1,"type":2,"area":496}},{"x":3936,"y":3468,"data":{"alt":1,"type":2,"area":496}},{"x":3937,"y":3468,"data":{"alt":1,"type":2,"area":496}},{"x":3938,"y":3468,"data":{"alt":1,"type":2,"area":496}},{"x":3939,"y":3468,"data":{"alt":1,"type":2,"area":496}},{"x":3940,"y":3468,"data":{"alt":1,"type":2,"area":496}},{"x":3941,"y":3468,"data":{"alt":1,"type":2,"area":496}},{"x":3942,"y":3468,"data":{"alt":1,"type":2,"area":496}},{"x":3943,"y":3468,"data":{"alt":1,"type":2,"area":496}},{"x":3944,"y":3468,"data":{"alt":1,"type":2,"area":496}},{"x":3945,"y":3468,"data":{"alt":1,"type":2,"area":496}},{"x":3946,"y":3468,"data":{"alt":1,"type":2,"area":496}},{"x":3947,"y":3468,"data":{"alt":1,"type":2,"area":496}},{"x":3948,"y":3468,"data":{"alt":1,"type":2,"area":496}},{"x":3949,"y":3468,"data":{"alt":1,"type":2,"area":496}},{"x":3950,"y":3468,"data":{"alt":1,"type":2,"area":496}},{"x":3951,"y":3468,"data":{"alt":1,"type":2,"area":496}},{"x":3952,"y":3468,"data":{"alt":1,"type":2,"area":496}},{"x":3953,"y":3468,"data":{"alt":1,"type":2,"area":496}},{"x":3954,"y":3468,"data":{"alt":1,"type":2,"area":496}},{"x":3936,"y":3469,"data":{"alt":1,"type":2,"area":496}},{"x":3937,"y":3469,"data":{"alt":1,"type":2,"area":496}},{"x":3938,"y":3469,"data":{"alt":1,"type":2,"area":496}},{"x":3939,"y":3469,"data":{"alt":1,"type":2,"area":496}},{"x":3940,"y":3469,"data":{"alt":1,"type":2,"area":496}},{"x":3941,"y":3469,"data":{"alt":1,"type":2,"area":496}},{"x":3942,"y":3469,"data":{"alt":1,"type":2,"area":496}},{"x":3943,"y":3469,"data":{"alt":1,"type":2,"area":496}},{"x":3944,"y":3469,"data":{"alt":1,"type":2,"area":496}},{"x":3945,"y":3469,"data":{"alt":1,"type":2,"area":496}},{"x":3946,"y":3469,"data":{"alt":1,"type":2,"area":496}},{"x":3947,"y":3469,"data":{"alt":1,"type":2,"area":496}},{"x":3948,"y":3469,"data":{"alt":1,"type":2,"area":496}},{"x":3949,"y":3469,"data":{"alt":1,"type":2,"area":496}},{"x":3950,"y":3469,"data":{"alt":1,"type":2,"area":496}},{"x":3951,"y":3469,"data":{"alt":1,"type":2,"area":496}},{"x":3952,"y":3469,"data":{"alt":1,"type":2,"area":496}},{"x":3953,"y":3469,"data":{"alt":1,"type":2,"area":496}},{"x":3954,"y":3469,"data":{"alt":1,"type":2,"area":496}},{"x":3936,"y":3470,"data":{"alt":1,"type":2,"area":496}},{"x":3937,"y":3470,"data":{"alt":1,"type":2,"area":496}},{"x":3938,"y":3470,"data":{"alt":1,"type":2,"area":496}},{"x":3939,"y":3470,"data":{"alt":1,"type":2,"area":496}},{"x":3940,"y":3470,"data":{"alt":1,"type":2,"area":496}},{"x":3941,"y":3470,"data":{"alt":1,"type":2,"area":496}},{"x":3942,"y":3470,"data":{"alt":1,"type":2,"area":496}},{"x":3943,"y":3470,"data":{"alt":1,"type":2,"area":496}},{"x":3944,"y":3470,"data":{"alt":1,"type":2,"area":496}},{"x":3945,"y":3470,"data":{"alt":1,"type":2,"area":496}},{"x":3946,"y":3470,"data":{"alt":1,"type":2,"area":496}},{"x":3947,"y":3470,"data":{"alt":1,"type":2,"area":496}},{"x":3948,"y":3470,"data":{"alt":1,"type":2,"area":496}},{"x":3949,"y":3470,"data":{"alt":1,"type":2,"area":496}},{"x":3950,"y":3470,"data":{"alt":1,"type":2,"area":496}},{"x":3951,"y":3470,"data":{"alt":1,"type":2,"area":496}},{"x":3952,"y":3470,"data":{"alt":1,"type":2,"area":496}},{"x":3953,"y":3470,"data":{"alt":1,"type":2,"area":496}},{"x":3954,"y":3470,"data":{"alt":1,"type":2,"area":496}},{"x":3936,"y":3471,"data":{"alt":1,"type":2,"area":496}},{"x":3937,"y":3471,"data":{"alt":1,"type":2,"area":496}},{"x":3938,"y":3471,"data":{"alt":1,"type":2,"area":496}},{"x":3939,"y":3471,"data":{"alt":1,"type":2,"area":496}},{"x":3940,"y":3471,"data":{"alt":1,"type":2,"area":496}},{"x":3941,"y":3471,"data":{"alt":1,"type":2,"area":496}},{"x":3942,"y":3471,"data":{"alt":1,"type":2,"area":496}},{"x":3943,"y":3471,"data":{"alt":1,"type":2,"area":496}},{"x":3944,"y":3471,"data":{"alt":1,"type":2,"area":496}},{"x":3945,"y":3471,"data":{"alt":1,"type":2,"area":496}},{"x":3946,"y":3471,"data":{"alt":1,"type":2,"area":496}},{"x":3947,"y":3471,"data":{"alt":1,"type":2,"area":496}},{"x":3948,"y":3471,"data":{"alt":1,"type":2,"area":496}},{"x":3949,"y":3471,"data":{"alt":1,"type":2,"area":496}},{"x":3950,"y":3471,"data":{"alt":1,"type":2,"area":496}},{"x":3951,"y":3471,"data":{"alt":1,"type":2,"area":496}},{"x":3952,"y":3471,"data":{"alt":1,"type":2,"area":496}},{"x":3953,"y":3471,"data":{"alt":1,"type":2,"area":496}},{"x":3954,"y":3471,"data":{"alt":1,"type":2,"area":496}},{"x":3936,"y":3472,"data":{"alt":1,"type":2,"area":496}},{"x":3937,"y":3472,"data":{"alt":1,"type":2,"area":496}},{"x":3938,"y":3472,"data":{"alt":1,"type":2,"area":496}},{"x":3939,"y":3472,"data":{"alt":1,"type":2,"area":496}},{"x":3940,"y":3472,"data":{"alt":1,"type":2,"area":496}},{"x":3941,"y":3472,"data":{"alt":1,"type":2,"area":496}},{"x":3942,"y":3472,"data":{"alt":1,"type":2,"area":496}},{"x":3943,"y":3472,"data":{"alt":1,"type":2,"area":496}},{"x":3944,"y":3472,"data":{"alt":1,"type":2,"area":496}},{"x":3945,"y":3472,"data":{"alt":1,"type":2,"area":496}},{"x":3946,"y":3472,"data":{"alt":1,"type":2,"area":496}},{"x":3947,"y":3472,"data":{"alt":1,"type":2,"area":496}},{"x":3948,"y":3472,"data":{"alt":1,"type":2,"area":496}},{"x":3949,"y":3472,"data":{"alt":1,"type":2,"area":496}},{"x":3950,"y":3472,"data":{"alt":1,"type":2,"area":496}},{"x":3951,"y":3472,"data":{"alt":1,"type":2,"area":496}},{"x":3952,"y":3472,"data":{"alt":1,"type":2,"area":496}},{"x":3953,"y":3472,"data":{"alt":1,"type":2,"area":496}},{"x":3936,"y":3473,"data":{"alt":1,"type":2,"area":496}},{"x":3937,"y":3473,"data":{"alt":1,"type":2,"area":496}},{"x":3938,"y":3473,"data":{"alt":1,"type":2,"area":496}},{"x":3939,"y":3473,"data":{"alt":1,"type":2,"area":496}},{"x":3940,"y":3473,"data":{"alt":1,"type":2,"area":496}},{"x":3941,"y":3473,"data":{"alt":1,"type":2,"area":496}},{"x":3942,"y":3473,"data":{"alt":1,"type":2,"area":496}},{"x":3943,"y":3473,"data":{"alt":1,"type":2,"area":496}},{"x":3944,"y":3473,"data":{"alt":1,"type":2,"area":496}},{"x":3945,"y":3473,"data":{"alt":1,"type":2,"area":496}},{"x":3946,"y":3473,"data":{"alt":1,"type":2,"area":496}},{"x":3947,"y":3473,"data":{"alt":1,"type":2,"area":496}},{"x":3948,"y":3473,"data":{"alt":1,"type":2,"area":496}},{"x":3949,"y":3473,"data":{"alt":1,"type":2,"area":496}},{"x":3950,"y":3473,"data":{"alt":1,"type":2,"area":496}},{"x":3951,"y":3473,"data":{"alt":1,"type":2,"area":496}},{"x":3952,"y":3473,"data":{"alt":1,"type":2,"area":496}},{"x":3953,"y":3473,"data":{"alt":1,"type":2,"area":496}},{"x":3938,"y":3474,"data":{"alt":1,"type":2,"area":496}},{"x":3939,"y":3474,"data":{"alt":1,"type":2,"area":496}},{"x":3940,"y":3474,"data":{"alt":1,"type":2,"area":496}},{"x":3941,"y":3474,"data":{"alt":1,"type":2,"area":496}},{"x":3942,"y":3474,"data":{"alt":1,"type":2,"area":496}},{"x":3943,"y":3474,"data":{"alt":1,"type":2,"area":496}},{"x":3944,"y":3474,"data":{"alt":1,"type":2,"area":496}},{"x":3945,"y":3474,"data":{"alt":1,"type":2,"area":496}},{"x":3946,"y":3474,"data":{"alt":1,"type":2,"area":496}},{"x":3947,"y":3474,"data":{"alt":1,"type":2,"area":496}},{"x":3948,"y":3474,"data":{"alt":1,"type":2,"area":496}},{"x":3949,"y":3474,"data":{"alt":1,"type":2,"area":496}},{"x":3950,"y":3474,"data":{"alt":1,"type":2,"area":496}},{"x":3951,"y":3474,"data":{"alt":1,"type":2,"area":496}},{"x":3952,"y":3474,"data":{"alt":1,"type":2,"area":496}},{"x":3953,"y":3474,"data":{"alt":1,"type":2,"area":496}},{"x":3954,"y":3474,"data":{"alt":1,"type":2,"area":496}},{"x":3937,"y":3475,"data":{"alt":1,"type":2,"area":496}},{"x":3938,"y":3475,"data":{"alt":1,"type":2,"area":496}},{"x":3939,"y":3475,"data":{"alt":1,"type":2,"area":496}},{"x":3940,"y":3475,"data":{"alt":1,"type":2,"area":496}},{"x":3941,"y":3475,"data":{"alt":1,"type":2,"area":496}},{"x":3942,"y":3475,"data":{"alt":1,"type":2,"area":496}},{"x":3943,"y":3475,"data":{"alt":1,"type":2,"area":496}},{"x":3944,"y":3475,"data":{"alt":1,"type":2,"area":496}},{"x":3945,"y":3475,"data":{"alt":1,"type":2,"area":496}},{"x":3946,"y":3475,"data":{"alt":1,"type":2,"area":496}},{"x":3947,"y":3475,"data":{"alt":1,"type":2,"area":496}},{"x":3948,"y":3475,"data":{"alt":1,"type":2,"area":496}},{"x":3949,"y":3475,"data":{"alt":1,"type":2,"area":496}},{"x":3950,"y":3475,"data":{"alt":1,"type":2,"area":496}},{"x":3951,"y":3475,"data":{"alt":1,"type":2,"area":496}},{"x":3952,"y":3475,"data":{"alt":1,"type":2,"area":496}},{"x":3953,"y":3475,"data":{"alt":1,"type":2,"area":496}},{"x":3954,"y":3475,"data":{"alt":1,"type":2,"area":496}},{"x":3936,"y":3476,"data":{"alt":1,"type":2,"area":496}},{"x":3937,"y":3476,"data":{"alt":1,"type":2,"area":496}},{"x":3938,"y":3476,"data":{"alt":1,"type":2,"area":496}},{"x":3939,"y":3476,"data":{"alt":1,"type":2,"area":496}},{"x":3940,"y":3476,"data":{"alt":1,"type":2,"area":496}},{"x":3941,"y":3476,"data":{"alt":1,"type":2,"area":496}},{"x":3942,"y":3476,"data":{"alt":1,"type":2,"area":496}},{"x":3943,"y":3476,"data":{"alt":1,"type":2,"area":496}},{"x":3944,"y":3476,"data":{"alt":1,"type":2,"area":496}},{"x":3945,"y":3476,"data":{"alt":1,"type":2,"area":496}},{"x":3946,"y":3476,"data":{"alt":1,"type":2,"area":496}},{"x":3947,"y":3476,"data":{"alt":1,"type":2,"area":496}},{"x":3948,"y":3476,"data":{"alt":1,"type":2,"area":496}},{"x":3949,"y":3476,"data":{"alt":1,"type":2,"area":496}},{"x":3950,"y":3476,"data":{"alt":1,"type":2,"area":496}},{"x":3951,"y":3476,"data":{"alt":1,"type":2,"area":496}},{"x":3952,"y":3476,"data":{"alt":1,"type":2,"area":496}},{"x":3953,"y":3476,"data":{"alt":1,"type":2,"area":496}},{"x":3954,"y":3476,"data":{"alt":1,"type":2,"area":496}},{"x":3936,"y":3477,"data":{"alt":1,"type":2,"area":496}},{"x":3937,"y":3477,"data":{"alt":1,"type":2,"area":496}},{"x":3938,"y":3477,"data":{"alt":1,"type":2,"area":496}},{"x":3939,"y":3477,"data":{"alt":1,"type":2,"area":496}},{"x":3940,"y":3477,"data":{"alt":1,"type":2,"area":496}},{"x":3941,"y":3477,"data":{"alt":1,"type":2,"area":496}},{"x":3942,"y":3477,"data":{"alt":1,"type":2,"area":496}},{"x":3943,"y":3477,"data":{"alt":1,"type":2,"area":496}},{"x":3944,"y":3477,"data":{"alt":1,"type":2,"area":496}},{"x":3945,"y":3477,"data":{"alt":1,"type":2,"area":496}},{"x":3946,"y":3477,"data":{"alt":1,"type":2,"area":496}},{"x":3947,"y":3477,"data":{"alt":1,"type":2,"area":496}},{"x":3948,"y":3477,"data":{"alt":1,"type":2,"area":496}},{"x":3949,"y":3477,"data":{"alt":1,"type":2,"area":496}},{"x":3950,"y":3477,"data":{"alt":1,"type":2,"area":496}},{"x":3951,"y":3477,"data":{"alt":1,"type":2,"area":496}},{"x":3952,"y":3477,"data":{"alt":1,"type":2,"area":496}},{"x":3953,"y":3477,"data":{"alt":1,"type":2,"area":496}},{"x":3936,"y":3478,"data":{"alt":1,"type":2,"area":496}},{"x":3937,"y":3478,"data":{"alt":1,"type":2,"area":496}},{"x":3938,"y":3478,"data":{"alt":1,"type":2,"area":496}},{"x":3939,"y":3478,"data":{"alt":1,"type":2,"area":496}},{"x":3940,"y":3478,"data":{"alt":1,"type":2,"area":496}},{"x":3941,"y":3478,"data":{"alt":1,"type":2,"area":496}},{"x":3942,"y":3478,"data":{"alt":1,"type":2,"area":496}},{"x":3943,"y":3478,"data":{"alt":1,"type":2,"area":496}},{"x":3944,"y":3478,"data":{"alt":1,"type":2,"area":496}},{"x":3945,"y":3478,"data":{"alt":1,"type":2,"area":496}},{"x":3946,"y":3478,"data":{"alt":1,"type":2,"area":496}},{"x":3947,"y":3478,"data":{"alt":1,"type":2,"area":496}},{"x":3949,"y":3478,"data":{"alt":1,"type":2,"area":496}},{"x":3950,"y":3478,"data":{"alt":1,"type":2,"area":496}},{"x":3951,"y":3478,"data":{"alt":1,"type":2,"area":496}},{"x":3952,"y":3478,"data":{"alt":1,"type":2,"area":496}},{"x":3953,"y":3478,"data":{"alt":1,"type":2,"area":496}},{"x":3954,"y":3478,"data":{"alt":1,"type":2,"area":496}},{"x":3941,"y":3479,"data":{"alt":1,"type":2,"area":496}},{"x":3942,"y":3479,"data":{"alt":1,"type":2,"area":496}},{"x":3943,"y":3479,"data":{"alt":1,"type":2,"area":496}},{"x":3949,"y":3479,"data":{"alt":1,"type":2,"area":496}},{"x":3950,"y":3479,"data":{"alt":1,"type":2,"area":496}},{"x":3951,"y":3479,"data":{"alt":1,"type":2,"area":496}},{"x":3952,"y":3479,"data":{"alt":1,"type":2,"area":496}},{"x":3953,"y":3479,"data":{"alt":1,"type":2,"area":496}},{"x":3954,"y":3479,"data":{"alt":1,"type":2,"area":496}},{"x":3941,"y":3480,"data":{"alt":1,"type":2,"area":496}},{"x":3942,"y":3480,"data":{"alt":1,"type":2,"area":496}},{"x":3943,"y":3480,"data":{"alt":1,"type":2,"area":496}},{"x":3944,"y":3480,"data":{"alt":1,"type":2,"area":496}},{"x":3948,"y":3480,"data":{"alt":1,"type":2,"area":496}},{"x":3949,"y":3480,"data":{"alt":1,"type":2,"area":496}},{"x":3950,"y":3480,"data":{"alt":1,"type":2,"area":496}},{"x":3951,"y":3480,"data":{"alt":1,"type":2,"area":496}},{"x":3952,"y":3480,"data":{"alt":1,"type":2,"area":496}},{"x":3953,"y":3480,"data":{"alt":1,"type":2,"area":496}},{"x":3954,"y":3480,"data":{"alt":1,"type":2,"area":496}},{"x":3955,"y":3480,"data":{"alt":1,"type":2,"area":496}},{"x":3956,"y":3480,"data":{"alt":1,"type":2,"area":496}},{"x":3952,"y":3481,"data":{"alt":1,"type":2,"area":496}},{"x":3953,"y":3481,"data":{"alt":1,"type":2,"area":496}},{"x":3954,"y":3481,"data":{"alt":1,"type":2,"area":496}},{"x":3952,"y":3482,"data":{"alt":1,"type":2,"area":496}}]