[{"x":3925,"y":3526,"data":{"alt":1,"type":2,"area":498}},{"x":3924,"y":3527,"data":{"alt":1,"type":1,"area":498}},{"x":3925,"y":3527,"data":{"alt":1,"type":2,"area":498}},{"x":3926,"y":3527,"data":{"alt":1,"type":2,"area":498}},{"x":3927,"y":3527,"data":{"alt":1,"type":2,"area":498}},{"x":3928,"y":3527,"data":{"alt":1,"type":2,"area":498}},{"x":3929,"y":3527,"data":{"alt":1,"type":2,"area":498}},{"x":3925,"y":3528,"data":{"alt":1,"type":1,"area":498}},{"x":3926,"y":3528,"data":{"alt":1,"type":1,"area":498}},{"x":3927,"y":3528,"data":{"alt":1,"type":1,"area":498}},{"x":3928,"y":3528,"data":{"alt":1,"type":1,"area":498}},{"x":3929,"y":3528,"data":{"alt":1,"type":1,"area":498}},{"x":3930,"y":3528,"data":{"alt":1,"type":1,"area":498}},{"x":3926,"y":3529,"data":{"alt":1,"type":2,"area":498}},{"x":3927,"y":3529,"data":{"alt":1,"type":2,"area":498}},{"x":3928,"y":3529,"data":{"alt":1,"type":2,"area":498}},{"x":3929,"y":3529,"data":{"alt":1,"type":2,"area":498}},{"x":3930,"y":3529,"data":{"alt":1,"type":2,"area":498}},{"x":3931,"y":3529,"data":{"alt":1,"type":1,"area":498}},{"x":3932,"y":3529,"data":{"alt":1,"type":1,"area":498}},{"x":3927,"y":3530,"data":{"alt":1,"type":2,"area":498}},{"x":3930,"y":3530,"data":{"alt":1,"type":2,"area":498}},{"x":3927,"y":3531,"data":{"alt":1,"type":2,"area":498}},{"x":3927,"y":3532,"data":{"alt":1,"type":2,"area":498}}]