[{"x":0,"y":1026,"data":{"alt":3,"fertility":60,"region":2121,"area":5}},{"x":1,"y":1026,"data":{"alt":2,"fertility":60,"region":2121,"area":5}},{"x":0,"y":1027,"data":{"alt":3,"fertility":60,"region":2121,"area":5}},{"x":1,"y":1027,"data":{"alt":3,"fertility":60,"region":2121,"area":5}},{"x":0,"y":1028,"data":{"alt":3,"fertility":60,"region":2121,"area":5}},{"x":1,"y":1028,"data":{"alt":3,"fertility":60,"region":2121,"area":5}},{"x":2,"y":1028,"data":{"alt":3,"fertility":60,"region":2121,"area":5}}]