[{"x":526,"y":72,"data":{"alt":2,"type":2,"area":50}},{"x":527,"y":72,"data":{"alt":2,"type":1,"area":50}},{"x":526,"y":73,"data":{"alt":2,"type":2,"area":50}},{"x":527,"y":73,"data":{"alt":2,"type":1,"area":50}},{"x":526,"y":74,"data":{"alt":2,"type":2,"area":50}},{"x":527,"y":74,"data":{"alt":2,"type":1,"area":50}},{"x":528,"y":74,"data":{"alt":2,"type":2,"area":50}},{"x":527,"y":75,"data":{"alt":2,"type":1,"area":50}},{"x":528,"y":75,"data":{"alt":2,"type":2,"area":50}},{"x":527,"y":76,"data":{"alt":2,"type":1,"area":50}},{"x":527,"y":77,"data":{"alt":2,"type":1,"area":50}},{"x":528,"y":77,"data":{"alt":2,"type":2,"area":50}},{"x":529,"y":77,"data":{"alt":2,"type":2,"area":50}},{"x":527,"y":78,"data":{"alt":2,"type":2,"area":50}},{"x":528,"y":78,"data":{"alt":2,"type":1,"area":50}},{"x":529,"y":78,"data":{"alt":2,"type":2,"area":50}},{"x":530,"y":78,"data":{"alt":2,"type":2,"area":50}},{"x":531,"y":78,"data":{"alt":2,"type":2,"area":50}},{"x":532,"y":78,"data":{"alt":2,"type":2,"area":50}},{"x":543,"y":78,"data":{"alt":2,"type":2,"area":50}},{"x":527,"y":79,"data":{"alt":2,"type":2,"area":50}},{"x":528,"y":79,"data":{"alt":2,"type":1,"area":50}},{"x":529,"y":79,"data":{"alt":2,"type":2,"area":50}},{"x":530,"y":79,"data":{"alt":2,"type":2,"area":50}},{"x":531,"y":79,"data":{"alt":2,"type":2,"area":50}},{"x":532,"y":79,"data":{"alt":2,"type":2,"area":50}},{"x":538,"y":79,"data":{"alt":2,"type":2,"area":50}},{"x":539,"y":79,"data":{"alt":2,"type":2,"area":50}},{"x":540,"y":79,"data":{"alt":2,"type":2,"area":50}},{"x":541,"y":79,"data":{"alt":2,"type":2,"area":50}},{"x":543,"y":79,"data":{"alt":2,"type":2,"area":50}},{"x":527,"y":80,"data":{"alt":2,"type":2,"area":50}},{"x":528,"y":80,"data":{"alt":2,"type":1,"area":50}},{"x":529,"y":80,"data":{"alt":2,"type":2,"area":50}},{"x":530,"y":80,"data":{"alt":2,"type":2,"area":50}},{"x":531,"y":80,"data":{"alt":2,"type":2,"area":50}},{"x":532,"y":80,"data":{"alt":2,"type":2,"area":50}},{"x":533,"y":80,"data":{"alt":2,"type":2,"area":50}},{"x":538,"y":80,"data":{"alt":2,"type":2,"area":50}},{"x":539,"y":80,"data":{"alt":2,"type":2,"area":50}},{"x":540,"y":80,"data":{"alt":2,"type":2,"area":50}},{"x":541,"y":80,"data":{"alt":2,"type":2,"area":50}},{"x":542,"y":80,"data":{"alt":2,"type":2,"area":50}},{"x":543,"y":80,"data":{"alt":2,"type":2,"area":50}},{"x":526,"y":81,"data":{"alt":2,"type":2,"area":50}},{"x":527,"y":81,"data":{"alt":2,"type":1,"area":50}},{"x":528,"y":81,"data":{"alt":2,"type":2,"area":50}},{"x":529,"y":81,"data":{"alt":2,"type":2,"area":50}},{"x":530,"y":81,"data":{"alt":2,"type":2,"area":50}},{"x":532,"y":81,"data":{"alt":2,"type":2,"area":50}},{"x":538,"y":81,"data":{"alt":2,"type":2,"area":50}},{"x":539,"y":81,"data":{"alt":2,"type":2,"area":50}},{"x":540,"y":81,"data":{"alt":2,"type":2,"area":50}},{"x":541,"y":81,"data":{"alt":2,"type":2,"area":50}},{"x":542,"y":81,"data":{"alt":2,"type":2,"area":50}},{"x":543,"y":81,"data":{"alt":2,"type":2,"area":50}},{"x":525,"y":82,"data":{"alt":2,"type":2,"area":50}},{"x":526,"y":82,"data":{"alt":2,"type":1,"area":50}},{"x":527,"y":82,"data":{"alt":2,"type":2,"area":50}},{"x":528,"y":82,"data":{"alt":2,"type":2,"area":50}},{"x":529,"y":82,"data":{"alt":2,"type":2,"area":50}},{"x":539,"y":82,"data":{"alt":2,"type":2,"area":50}},{"x":540,"y":82,"data":{"alt":2,"type":2,"area":50}},{"x":541,"y":82,"data":{"alt":2,"type":2,"area":50}},{"x":542,"y":82,"data":{"alt":2,"type":2,"area":50}},{"x":543,"y":82,"data":{"alt":2,"type":2,"area":50}},{"x":525,"y":83,"data":{"alt":2,"type":2,"area":50}},{"x":526,"y":83,"data":{"alt":2,"type":1,"area":50}},{"x":527,"y":83,"data":{"alt":2,"type":2,"area":50}},{"x":528,"y":83,"data":{"alt":2,"type":2,"area":50}},{"x":539,"y":83,"data":{"alt":2,"type":2,"area":50}},{"x":540,"y":83,"data":{"alt":2,"type":2,"area":50}},{"x":541,"y":83,"data":{"alt":2,"type":2,"area":50}},{"x":542,"y":83,"data":{"alt":2,"type":2,"area":50}},{"x":543,"y":83,"data":{"alt":2,"type":2,"area":50}},{"x":524,"y":84,"data":{"alt":2,"type":2,"area":50}},{"x":525,"y":84,"data":{"alt":2,"type":2,"area":50}},{"x":526,"y":84,"data":{"alt":2,"type":1,"area":50}},{"x":527,"y":84,"data":{"alt":2,"type":2,"area":50}},{"x":539,"y":84,"data":{"alt":2,"type":2,"area":50}},{"x":540,"y":84,"data":{"alt":2,"type":2,"area":50}},{"x":541,"y":84,"data":{"alt":2,"type":2,"area":50}},{"x":542,"y":84,"data":{"alt":2,"type":2,"area":50}},{"x":543,"y":84,"data":{"alt":2,"type":2,"area":50}},{"x":524,"y":85,"data":{"alt":2,"type":2,"area":50}},{"x":526,"y":85,"data":{"alt":2,"type":1,"area":50}},{"x":527,"y":85,"data":{"alt":2,"type":2,"area":50}},{"x":528,"y":85,"data":{"alt":2,"type":2,"area":50}},{"x":529,"y":85,"data":{"alt":2,"type":2,"area":50}},{"x":530,"y":85,"data":{"alt":2,"type":2,"area":50}},{"x":531,"y":85,"data":{"alt":2,"type":2,"area":50}},{"x":532,"y":85,"data":{"alt":2,"type":2,"area":50}},{"x":533,"y":85,"data":{"alt":2,"type":2,"area":50}},{"x":535,"y":85,"data":{"alt":2,"type":2,"area":50}},{"x":536,"y":85,"data":{"alt":2,"type":2,"area":50}},{"x":537,"y":85,"data":{"alt":2,"type":2,"area":50}},{"x":538,"y":85,"data":{"alt":2,"type":2,"area":50}},{"x":539,"y":85,"data":{"alt":2,"type":2,"area":50}},{"x":540,"y":85,"data":{"alt":2,"type":2,"area":50}},{"x":541,"y":85,"data":{"alt":2,"type":2,"area":50}},{"x":542,"y":85,"data":{"alt":2,"type":2,"area":50}},{"x":543,"y":85,"data":{"alt":2,"type":2,"area":50}},{"x":521,"y":86,"data":{"alt":2,"type":2,"area":50}},{"x":525,"y":86,"data":{"alt":2,"type":1,"area":50}},{"x":526,"y":86,"data":{"alt":2,"type":2,"area":50}},{"x":527,"y":86,"data":{"alt":2,"type":2,"area":50}},{"x":528,"y":86,"data":{"alt":2,"type":2,"area":50}},{"x":529,"y":86,"data":{"alt":2,"type":2,"area":50}},{"x":530,"y":86,"data":{"alt":2,"type":2,"area":50}},{"x":531,"y":86,"data":{"alt":2,"type":2,"area":50}},{"x":532,"y":86,"data":{"alt":2,"type":2,"area":50}},{"x":533,"y":86,"data":{"alt":2,"type":2,"area":50}},{"x":534,"y":86,"data":{"alt":2,"type":2,"area":50}},{"x":535,"y":86,"data":{"alt":2,"type":2,"area":50}},{"x":536,"y":86,"data":{"alt":2,"type":2,"area":50}},{"x":537,"y":86,"data":{"alt":2,"type":2,"area":50}},{"x":538,"y":86,"data":{"alt":2,"type":2,"area":50}},{"x":539,"y":86,"data":{"alt":2,"type":2,"area":50}},{"x":540,"y":86,"data":{"alt":2,"type":2,"area":50}},{"x":541,"y":86,"data":{"alt":2,"type":2,"area":50}},{"x":542,"y":86,"data":{"alt":2,"type":2,"area":50}},{"x":543,"y":86,"data":{"alt":2,"type":2,"area":50}},{"x":517,"y":87,"data":{"alt":2,"type":2,"area":50}},{"x":518,"y":87,"data":{"alt":2,"type":2,"area":50}},{"x":519,"y":87,"data":{"alt":2,"type":2,"area":50}},{"x":520,"y":87,"data":{"alt":2,"type":2,"area":50}},{"x":521,"y":87,"data":{"alt":2,"type":2,"area":50}},{"x":522,"y":87,"data":{"alt":2,"type":2,"area":50}},{"x":523,"y":87,"data":{"alt":2,"type":2,"area":50}},{"x":524,"y":87,"data":{"alt":2,"type":1,"area":50}},{"x":525,"y":87,"data":{"alt":2,"type":2,"area":50}},{"x":526,"y":87,"data":{"alt":2,"type":2,"area":50}},{"x":527,"y":87,"data":{"alt":2,"type":2,"area":50}},{"x":528,"y":87,"data":{"alt":2,"type":2,"area":50}},{"x":529,"y":87,"data":{"alt":2,"type":2,"area":50}},{"x":530,"y":87,"data":{"alt":2,"type":2,"area":50}},{"x":531,"y":87,"data":{"alt":2,"type":2,"area":50}},{"x":532,"y":87,"data":{"alt":2,"type":2,"area":50}},{"x":533,"y":87,"data":{"alt":2,"type":2,"area":50}},{"x":534,"y":87,"data":{"alt":2,"type":2,"area":50}},{"x":535,"y":87,"data":{"alt":2,"type":2,"area":50}},{"x":536,"y":87,"data":{"alt":2,"type":2,"area":50}},{"x":537,"y":87,"data":{"alt":2,"type":2,"area":50}},{"x":538,"y":87,"data":{"alt":2,"type":2,"area":50}},{"x":539,"y":87,"data":{"alt":2,"type":2,"area":50}},{"x":540,"y":87,"data":{"alt":2,"type":2,"area":50}},{"x":541,"y":87,"data":{"alt":2,"type":2,"area":50}},{"x":542,"y":87,"data":{"alt":2,"type":2,"area":50}},{"x":543,"y":87,"data":{"alt":2,"type":2,"area":50}},{"x":516,"y":88,"data":{"alt":2,"type":2,"area":50}},{"x":517,"y":88,"data":{"alt":2,"type":2,"area":50}},{"x":518,"y":88,"data":{"alt":2,"type":2,"area":50}},{"x":519,"y":88,"data":{"alt":2,"type":2,"area":50}},{"x":520,"y":88,"data":{"alt":2,"type":2,"area":50}},{"x":521,"y":88,"data":{"alt":2,"type":2,"area":50}},{"x":522,"y":88,"data":{"alt":2,"type":2,"area":50}},{"x":523,"y":88,"data":{"alt":2,"type":1,"area":50}},{"x":524,"y":88,"data":{"alt":2,"type":2,"area":50}},{"x":525,"y":88,"data":{"alt":2,"type":2,"area":50}},{"x":526,"y":88,"data":{"alt":2,"type":2,"area":50}},{"x":527,"y":88,"data":{"alt":2,"type":2,"area":50}},{"x":528,"y":88,"data":{"alt":2,"type":2,"area":50}},{"x":529,"y":88,"data":{"alt":2,"type":2,"area":50}},{"x":530,"y":88,"data":{"alt":2,"type":2,"area":50}},{"x":531,"y":88,"data":{"alt":2,"type":2,"area":50}},{"x":532,"y":88,"data":{"alt":2,"type":2,"area":50}},{"x":533,"y":88,"data":{"alt":2,"type":2,"area":50}},{"x":534,"y":88,"data":{"alt":2,"type":2,"area":50}},{"x":535,"y":88,"data":{"alt":2,"type":2,"area":50}},{"x":536,"y":88,"data":{"alt":2,"type":2,"area":50}},{"x":537,"y":88,"data":{"alt":2,"type":2,"area":50}},{"x":538,"y":88,"data":{"alt":2,"type":2,"area":50}},{"x":539,"y":88,"data":{"alt":2,"type":2,"area":50}},{"x":540,"y":88,"data":{"alt":2,"type":2,"area":50}},{"x":541,"y":88,"data":{"alt":2,"type":2,"area":50}},{"x":542,"y":88,"data":{"alt":2,"type":2,"area":50}},{"x":543,"y":88,"data":{"alt":2,"type":2,"area":50}},{"x":516,"y":89,"data":{"alt":2,"type":2,"area":50}},{"x":517,"y":89,"data":{"alt":2,"type":2,"area":50}},{"x":518,"y":89,"data":{"alt":2,"type":2,"area":50}},{"x":519,"y":89,"data":{"alt":2,"type":2,"area":50}},{"x":520,"y":89,"data":{"alt":2,"type":2,"area":50}},{"x":521,"y":89,"data":{"alt":2,"type":2,"area":50}},{"x":522,"y":89,"data":{"alt":2,"type":1,"area":50}},{"x":523,"y":89,"data":{"alt":2,"type":2,"area":50}},{"x":524,"y":89,"data":{"alt":2,"type":2,"area":50}},{"x":525,"y":89,"data":{"alt":2,"type":2,"area":50}},{"x":526,"y":89,"data":{"alt":2,"type":2,"area":50}},{"x":527,"y":89,"data":{"alt":2,"type":2,"area":50}},{"x":528,"y":89,"data":{"alt":2,"type":2,"area":50}},{"x":529,"y":89,"data":{"alt":2,"type":2,"area":50}},{"x":530,"y":89,"data":{"alt":2,"type":2,"area":50}},{"x":531,"y":89,"data":{"alt":2,"type":2,"area":50}},{"x":532,"y":89,"data":{"alt":2,"type":2,"area":50}},{"x":533,"y":89,"data":{"alt":2,"type":2,"area":50}},{"x":534,"y":89,"data":{"alt":2,"type":2,"area":50}},{"x":535,"y":89,"data":{"alt":2,"type":2,"area":50}},{"x":536,"y":89,"data":{"alt":2,"type":2,"area":50}},{"x":537,"y":89,"data":{"alt":2,"type":2,"area":50}},{"x":538,"y":89,"data":{"alt":2,"type":2,"area":50}},{"x":539,"y":89,"data":{"alt":2,"type":2,"area":50}},{"x":540,"y":89,"data":{"alt":2,"type":2,"area":50}},{"x":541,"y":89,"data":{"alt":2,"type":2,"area":50}},{"x":542,"y":89,"data":{"alt":2,"type":2,"area":50}},{"x":543,"y":89,"data":{"alt":2,"type":2,"area":50}},{"x":514,"y":90,"data":{"alt":2,"type":2,"area":50}},{"x":515,"y":90,"data":{"alt":2,"type":2,"area":50}},{"x":516,"y":90,"data":{"alt":2,"type":2,"area":50}},{"x":517,"y":90,"data":{"alt":2,"type":2,"area":50}},{"x":518,"y":90,"data":{"alt":2,"type":2,"area":50}},{"x":519,"y":90,"data":{"alt":2,"type":2,"area":50}},{"x":520,"y":90,"data":{"alt":2,"type":2,"area":50}},{"x":521,"y":90,"data":{"alt":2,"type":1,"area":50}},{"x":522,"y":90,"data":{"alt":2,"type":2,"area":50}},{"x":523,"y":90,"data":{"alt":2,"type":2,"area":50}},{"x":524,"y":90,"data":{"alt":2,"type":2,"area":50}},{"x":525,"y":90,"data":{"alt":2,"type":2,"area":50}},{"x":526,"y":90,"data":{"alt":2,"type":2,"area":50}},{"x":527,"y":90,"data":{"alt":2,"type":2,"area":50}},{"x":528,"y":90,"data":{"alt":2,"type":2,"area":50}},{"x":529,"y":90,"data":{"alt":2,"type":2,"area":50}},{"x":530,"y":90,"data":{"alt":2,"type":2,"area":50}},{"x":531,"y":90,"data":{"alt":2,"type":2,"area":50}},{"x":532,"y":90,"data":{"alt":2,"type":2,"area":50}},{"x":533,"y":90,"data":{"alt":2,"type":2,"area":50}},{"x":534,"y":90,"data":{"alt":2,"type":2,"area":50}},{"x":535,"y":90,"data":{"alt":2,"type":2,"area":50}},{"x":536,"y":90,"data":{"alt":2,"type":2,"area":50}},{"x":537,"y":90,"data":{"alt":2,"type":2,"area":50}},{"x":538,"y":90,"data":{"alt":2,"type":2,"area":50}},{"x":539,"y":90,"data":{"alt":2,"type":2,"area":50}},{"x":540,"y":90,"data":{"alt":2,"type":2,"area":50}},{"x":541,"y":90,"data":{"alt":2,"type":2,"area":50}},{"x":542,"y":90,"data":{"alt":2,"type":2,"area":50}},{"x":543,"y":90,"data":{"alt":2,"type":2,"area":50}},{"x":514,"y":91,"data":{"alt":2,"type":2,"area":50}},{"x":515,"y":91,"data":{"alt":2,"type":2,"area":50}},{"x":516,"y":91,"data":{"alt":2,"type":2,"area":50}},{"x":517,"y":91,"data":{"alt":2,"type":2,"area":50}},{"x":518,"y":91,"data":{"alt":2,"type":2,"area":50}},{"x":519,"y":91,"data":{"alt":2,"type":2,"area":50}},{"x":520,"y":91,"data":{"alt":2,"type":1,"area":50}},{"x":521,"y":91,"data":{"alt":2,"type":2,"area":50}},{"x":522,"y":91,"data":{"alt":2,"type":2,"area":50}},{"x":523,"y":91,"data":{"alt":2,"type":2,"area":50}},{"x":524,"y":91,"data":{"alt":2,"type":2,"area":50}},{"x":525,"y":91,"data":{"alt":2,"type":2,"area":50}},{"x":526,"y":91,"data":{"alt":2,"type":2,"area":50}},{"x":527,"y":91,"data":{"alt":2,"type":2,"area":50}},{"x":528,"y":91,"data":{"alt":2,"type":2,"area":50}},{"x":529,"y":91,"data":{"alt":2,"type":2,"area":50}},{"x":530,"y":91,"data":{"alt":2,"type":2,"area":50}},{"x":531,"y":91,"data":{"alt":2,"type":2,"area":50}},{"x":532,"y":91,"data":{"alt":2,"type":2,"area":50}},{"x":533,"y":91,"data":{"alt":2,"type":2,"area":50}},{"x":534,"y":91,"data":{"alt":2,"type":2,"area":50}},{"x":535,"y":91,"data":{"alt":2,"type":2,"area":50}},{"x":536,"y":91,"data":{"alt":2,"type":2,"area":50}},{"x":537,"y":91,"data":{"alt":2,"type":2,"area":50}},{"x":538,"y":91,"data":{"alt":2,"type":2,"area":50}},{"x":539,"y":91,"data":{"alt":2,"type":2,"area":50}},{"x":540,"y":91,"data":{"alt":2,"type":2,"area":50}},{"x":541,"y":91,"data":{"alt":2,"type":2,"area":50}},{"x":542,"y":91,"data":{"alt":2,"type":2,"area":50}},{"x":543,"y":91,"data":{"alt":2,"type":2,"area":50}},{"x":513,"y":92,"data":{"alt":2,"type":2,"area":50}},{"x":514,"y":92,"data":{"alt":2,"type":2,"area":50}},{"x":515,"y":92,"data":{"alt":2,"type":2,"area":50}},{"x":516,"y":92,"data":{"alt":2,"type":2,"area":50}},{"x":517,"y":92,"data":{"alt":2,"type":2,"area":50}},{"x":518,"y":92,"data":{"alt":2,"type":2,"area":50}},{"x":519,"y":92,"data":{"alt":2,"type":1,"area":50}},{"x":520,"y":92,"data":{"alt":2,"type":2,"area":50}},{"x":521,"y":92,"data":{"alt":2,"type":2,"area":50}},{"x":522,"y":92,"data":{"alt":2,"type":2,"area":50}},{"x":523,"y":92,"data":{"alt":2,"type":2,"area":50}},{"x":524,"y":92,"data":{"alt":2,"type":2,"area":50}},{"x":525,"y":92,"data":{"alt":2,"type":2,"area":50}},{"x":526,"y":92,"data":{"alt":2,"type":2,"area":50}},{"x":527,"y":92,"data":{"alt":2,"type":2,"area":50}},{"x":528,"y":92,"data":{"alt":2,"type":2,"area":50}},{"x":529,"y":92,"data":{"alt":2,"type":2,"area":50}},{"x":530,"y":92,"data":{"alt":2,"type":2,"area":50}},{"x":531,"y":92,"data":{"alt":2,"type":2,"area":50}},{"x":532,"y":92,"data":{"alt":2,"type":2,"area":50}},{"x":533,"y":92,"data":{"alt":2,"type":2,"area":50}},{"x":534,"y":92,"data":{"alt":2,"type":2,"area":50}},{"x":535,"y":92,"data":{"alt":2,"type":2,"area":50}},{"x":536,"y":92,"data":{"alt":2,"type":2,"area":50}},{"x":537,"y":92,"data":{"alt":2,"type":2,"area":50}},{"x":538,"y":92,"data":{"alt":2,"type":2,"area":50}},{"x":539,"y":92,"data":{"alt":2,"type":2,"area":50}},{"x":540,"y":92,"data":{"alt":2,"type":2,"area":50}},{"x":541,"y":92,"data":{"alt":2,"type":2,"area":50}},{"x":542,"y":92,"data":{"alt":2,"type":2,"area":50}},{"x":543,"y":92,"data":{"alt":2,"type":2,"area":50}},{"x":512,"y":93,"data":{"alt":2,"type":2,"area":50}},{"x":513,"y":93,"data":{"alt":2,"type":2,"area":50}},{"x":514,"y":93,"data":{"alt":2,"type":2,"area":50}},{"x":515,"y":93,"data":{"alt":2,"type":2,"area":50}},{"x":516,"y":93,"data":{"alt":2,"type":2,"area":50}},{"x":517,"y":93,"data":{"alt":2,"type":2,"area":50}},{"x":518,"y":93,"data":{"alt":2,"type":1,"area":50}},{"x":519,"y":93,"data":{"alt":2,"type":2,"area":50}},{"x":520,"y":93,"data":{"alt":2,"type":2,"area":50}},{"x":521,"y":93,"data":{"alt":2,"type":2,"area":50}},{"x":522,"y":93,"data":{"alt":2,"type":2,"area":50}},{"x":523,"y":93,"data":{"alt":2,"type":2,"area":50}},{"x":524,"y":93,"data":{"alt":2,"type":2,"area":50}},{"x":525,"y":93,"data":{"alt":2,"type":2,"area":50}},{"x":526,"y":93,"data":{"alt":2,"type":2,"area":50}},{"x":527,"y":93,"data":{"alt":2,"type":2,"area":50}},{"x":528,"y":93,"data":{"alt":2,"type":2,"area":50}},{"x":529,"y":93,"data":{"alt":2,"type":2,"area":50}},{"x":530,"y":93,"data":{"alt":2,"type":2,"area":50}},{"x":531,"y":93,"data":{"alt":2,"type":2,"area":50}},{"x":532,"y":93,"data":{"alt":2,"type":2,"area":50}},{"x":533,"y":93,"data":{"alt":2,"type":2,"area":50}},{"x":534,"y":93,"data":{"alt":2,"type":2,"area":50}},{"x":535,"y":93,"data":{"alt":2,"type":2,"area":50}},{"x":536,"y":93,"data":{"alt":2,"type":2,"area":50}},{"x":537,"y":93,"data":{"alt":2,"type":2,"area":50}},{"x":538,"y":93,"data":{"alt":2,"type":2,"area":50}},{"x":539,"y":93,"data":{"alt":2,"type":2,"area":50}},{"x":541,"y":93,"data":{"alt":2,"type":2,"area":50}},{"x":542,"y":93,"data":{"alt":2,"type":2,"area":50}},{"x":512,"y":94,"data":{"alt":2,"type":2,"area":50}},{"x":513,"y":94,"data":{"alt":2,"type":2,"area":50}},{"x":514,"y":94,"data":{"alt":2,"type":2,"area":50}},{"x":515,"y":94,"data":{"alt":2,"type":2,"area":50}},{"x":516,"y":94,"data":{"alt":2,"type":2,"area":50}},{"x":517,"y":94,"data":{"alt":2,"type":1,"area":50}},{"x":518,"y":94,"data":{"alt":2,"type":2,"area":50}},{"x":519,"y":94,"data":{"alt":2,"type":2,"area":50}},{"x":520,"y":94,"data":{"alt":2,"type":2,"area":50}},{"x":521,"y":94,"data":{"alt":2,"type":2,"area":50}},{"x":522,"y":94,"data":{"alt":2,"type":2,"area":50}},{"x":523,"y":94,"data":{"alt":2,"type":2,"area":50}},{"x":524,"y":94,"data":{"alt":2,"type":2,"area":50}},{"x":525,"y":94,"data":{"alt":2,"type":2,"area":50}},{"x":526,"y":94,"data":{"alt":2,"type":2,"area":50}},{"x":527,"y":94,"data":{"alt":2,"type":2,"area":50}},{"x":528,"y":94,"data":{"alt":2,"type":2,"area":50}},{"x":529,"y":94,"data":{"alt":2,"type":2,"area":50}},{"x":530,"y":94,"data":{"alt":2,"type":2,"area":50}},{"x":531,"y":94,"data":{"alt":2,"type":2,"area":50}},{"x":532,"y":94,"data":{"alt":2,"type":2,"area":50}},{"x":533,"y":94,"data":{"alt":2,"type":2,"area":50}},{"x":534,"y":94,"data":{"alt":2,"type":2,"area":50}},{"x":535,"y":94,"data":{"alt":2,"type":2,"area":50}},{"x":536,"y":94,"data":{"alt":2,"type":2,"area":50}},{"x":537,"y":94,"data":{"alt":2,"type":2,"area":50}},{"x":538,"y":94,"data":{"alt":2,"type":2,"area":50}},{"x":539,"y":94,"data":{"alt":2,"type":2,"area":50}},{"x":540,"y":94,"data":{"alt":2,"type":2,"area":50}},{"x":541,"y":94,"data":{"alt":2,"type":2,"area":50}},{"x":542,"y":94,"data":{"alt":2,"type":2,"area":50}},{"x":512,"y":95,"data":{"alt":2,"type":2,"area":50}},{"x":513,"y":95,"data":{"alt":2,"type":2,"area":50}},{"x":514,"y":95,"data":{"alt":2,"type":2,"area":50}},{"x":515,"y":95,"data":{"alt":2,"type":2,"area":50}},{"x":516,"y":95,"data":{"alt":2,"type":1,"area":50}},{"x":517,"y":95,"data":{"alt":2,"type":2,"area":50}},{"x":518,"y":95,"data":{"alt":2,"type":2,"area":50}},{"x":519,"y":95,"data":{"alt":2,"type":2,"area":50}},{"x":520,"y":95,"data":{"alt":2,"type":2,"area":50}},{"x":522,"y":95,"data":{"alt":2,"type":2,"area":50}},{"x":523,"y":95,"data":{"alt":2,"type":2,"area":50}},{"x":524,"y":95,"data":{"alt":2,"type":2,"area":50}},{"x":525,"y":95,"data":{"alt":2,"type":2,"area":50}},{"x":526,"y":95,"data":{"alt":2,"type":2,"area":50}},{"x":528,"y":95,"data":{"alt":2,"type":2,"area":50}},{"x":529,"y":95,"data":{"alt":2,"type":2,"area":50}},{"x":530,"y":95,"data":{"alt":2,"type":2,"area":50}},{"x":531,"y":95,"data":{"alt":2,"type":2,"area":50}},{"x":532,"y":95,"data":{"alt":2,"type":2,"area":50}},{"x":533,"y":95,"data":{"alt":2,"type":2,"area":50}},{"x":534,"y":95,"data":{"alt":2,"type":2,"area":50}},{"x":535,"y":95,"data":{"alt":2,"type":2,"area":50}},{"x":536,"y":95,"data":{"alt":2,"type":2,"area":50}},{"x":537,"y":95,"data":{"alt":2,"type":2,"area":50}},{"x":538,"y":95,"data":{"alt":2,"type":2,"area":50}},{"x":539,"y":95,"data":{"alt":2,"type":2,"area":50}},{"x":540,"y":95,"data":{"alt":2,"type":2,"area":50}},{"x":541,"y":95,"data":{"alt":2,"type":2,"area":50}},{"x":542,"y":95,"data":{"alt":2,"type":2,"area":50}},{"x":515,"y":96,"data":{"alt":2,"type":1,"area":50}},{"x":517,"y":96,"data":{"alt":2,"type":2,"area":50}},{"x":518,"y":96,"data":{"alt":2,"type":2,"area":50}},{"x":519,"y":96,"data":{"alt":2,"type":2,"area":50}},{"x":523,"y":96,"data":{"alt":2,"type":2,"area":50}},{"x":524,"y":96,"data":{"alt":2,"type":2,"area":50}},{"x":525,"y":96,"data":{"alt":2,"type":2,"area":50}},{"x":532,"y":96,"data":{"alt":2,"type":2,"area":50}},{"x":533,"y":96,"data":{"alt":2,"type":2,"area":50}},{"x":534,"y":96,"data":{"alt":2,"type":2,"area":50}},{"x":535,"y":96,"data":{"alt":2,"type":2,"area":50}},{"x":536,"y":96,"data":{"alt":2,"type":2,"area":50}},{"x":537,"y":96,"data":{"alt":2,"type":2,"area":50}},{"x":538,"y":96,"data":{"alt":2,"type":2,"area":50}},{"x":539,"y":96,"data":{"alt":2,"type":2,"area":50}},{"x":540,"y":96,"data":{"alt":2,"type":2,"area":50}},{"x":541,"y":96,"data":{"alt":2,"type":2,"area":50}},{"x":542,"y":96,"data":{"alt":2,"type":2,"area":50}},{"x":515,"y":97,"data":{"alt":2,"type":1,"area":50}},{"x":523,"y":97,"data":{"alt":2,"type":2,"area":50}},{"x":524,"y":97,"data":{"alt":2,"type":2,"area":50}},{"x":525,"y":97,"data":{"alt":2,"type":2,"area":50}},{"x":526,"y":97,"data":{"alt":2,"type":2,"area":50}},{"x":528,"y":97,"data":{"alt":2,"type":2,"area":50}},{"x":529,"y":97,"data":{"alt":2,"type":2,"area":50}},{"x":530,"y":97,"data":{"alt":2,"type":2,"area":50}},{"x":531,"y":97,"data":{"alt":2,"type":2,"area":50}},{"x":532,"y":97,"data":{"alt":2,"type":2,"area":50}},{"x":533,"y":97,"data":{"alt":2,"type":2,"area":50}},{"x":534,"y":97,"data":{"alt":2,"type":2,"area":50}},{"x":535,"y":97,"data":{"alt":2,"type":2,"area":50}},{"x":536,"y":97,"data":{"alt":2,"type":2,"area":50}},{"x":537,"y":97,"data":{"alt":2,"type":2,"area":50}},{"x":538,"y":97,"data":{"alt":2,"type":2,"area":50}},{"x":539,"y":97,"data":{"alt":2,"type":2,"area":50}},{"x":540,"y":97,"data":{"alt":2,"type":2,"area":50}},{"x":541,"y":97,"data":{"alt":2,"type":2,"area":50}},{"x":542,"y":97,"data":{"alt":2,"type":2,"area":50}},{"x":512,"y":98,"data":{"alt":2,"type":2,"area":50}},{"x":513,"y":98,"data":{"alt":2,"type":2,"area":50}},{"x":514,"y":98,"data":{"alt":2,"type":1,"area":50}},{"x":515,"y":98,"data":{"alt":2,"type":2,"area":50}},{"x":516,"y":98,"data":{"alt":2,"type":2,"area":50}},{"x":517,"y":98,"data":{"alt":2,"type":2,"area":50}},{"x":520,"y":98,"data":{"alt":2,"type":2,"area":50}},{"x":521,"y":98,"data":{"alt":2,"type":2,"area":50}},{"x":522,"y":98,"data":{"alt":2,"type":2,"area":50}},{"x":523,"y":98,"data":{"alt":2,"type":2,"area":50}},{"x":524,"y":98,"data":{"alt":2,"type":2,"area":50}},{"x":525,"y":98,"data":{"alt":2,"type":2,"area":50}},{"x":526,"y":98,"data":{"alt":2,"type":2,"area":50}},{"x":527,"y":98,"data":{"alt":2,"type":2,"area":50}},{"x":528,"y":98,"data":{"alt":2,"type":2,"area":50}},{"x":529,"y":98,"data":{"alt":2,"type":2,"area":50}},{"x":530,"y":98,"data":{"alt":2,"type":2,"area":50}},{"x":531,"y":98,"data":{"alt":2,"type":2,"area":50}},{"x":532,"y":98,"data":{"alt":2,"type":2,"area":50}},{"x":533,"y":98,"data":{"alt":2,"type":2,"area":50}},{"x":534,"y":98,"data":{"alt":2,"type":2,"area":50}},{"x":535,"y":98,"data":{"alt":2,"type":2,"area":50}},{"x":536,"y":98,"data":{"alt":2,"type":2,"area":50}},{"x":537,"y":98,"data":{"alt":2,"type":2,"area":50}},{"x":538,"y":98,"data":{"alt":2,"type":2,"area":50}},{"x":539,"y":98,"data":{"alt":2,"type":2,"area":50}},{"x":540,"y":98,"data":{"alt":2,"type":2,"area":50}},{"x":541,"y":98,"data":{"alt":2,"type":2,"area":50}},{"x":542,"y":98,"data":{"alt":2,"type":2,"area":50}},{"x":512,"y":99,"data":{"alt":2,"type":2,"area":50}},{"x":513,"y":99,"data":{"alt":2,"type":1,"area":50}},{"x":514,"y":99,"data":{"alt":2,"type":2,"area":50}},{"x":515,"y":99,"data":{"alt":2,"type":2,"area":50}},{"x":516,"y":99,"data":{"alt":2,"type":2,"area":50}},{"x":517,"y":99,"data":{"alt":2,"type":2,"area":50}},{"x":518,"y":99,"data":{"alt":2,"type":2,"area":50}},{"x":519,"y":99,"data":{"alt":2,"type":2,"area":50}},{"x":520,"y":99,"data":{"alt":2,"type":2,"area":50}},{"x":521,"y":99,"data":{"alt":2,"type":2,"area":50}},{"x":522,"y":99,"data":{"alt":2,"type":2,"area":50}},{"x":523,"y":99,"data":{"alt":2,"type":2,"area":50}},{"x":524,"y":99,"data":{"alt":2,"type":2,"area":50}},{"x":525,"y":99,"data":{"alt":2,"type":2,"area":50}},{"x":526,"y":99,"data":{"alt":2,"type":2,"area":50}},{"x":527,"y":99,"data":{"alt":2,"type":2,"area":50}},{"x":528,"y":99,"data":{"alt":2,"type":2,"area":50}},{"x":529,"y":99,"data":{"alt":2,"type":2,"area":50}},{"x":530,"y":99,"data":{"alt":2,"type":2,"area":50}},{"x":531,"y":99,"data":{"alt":2,"type":2,"area":50}},{"x":532,"y":99,"data":{"alt":2,"type":2,"area":50}},{"x":533,"y":99,"data":{"alt":2,"type":2,"area":50}},{"x":534,"y":99,"data":{"alt":2,"type":2,"area":50}},{"x":535,"y":99,"data":{"alt":2,"type":2,"area":50}},{"x":536,"y":99,"data":{"alt":2,"type":2,"area":50}},{"x":537,"y":99,"data":{"alt":2,"type":2,"area":50}},{"x":538,"y":99,"data":{"alt":2,"type":2,"area":50}},{"x":539,"y":99,"data":{"alt":2,"type":2,"area":50}},{"x":540,"y":99,"data":{"alt":2,"type":2,"area":50}},{"x":541,"y":99,"data":{"alt":2,"type":2,"area":50}},{"x":542,"y":99,"data":{"alt":2,"type":2,"area":50}},{"x":512,"y":100,"data":{"alt":2,"type":1,"area":50}},{"x":513,"y":100,"data":{"alt":2,"type":2,"area":50}},{"x":514,"y":100,"data":{"alt":2,"type":2,"area":50}},{"x":515,"y":100,"data":{"alt":2,"type":2,"area":50}},{"x":516,"y":100,"data":{"alt":2,"type":2,"area":50}},{"x":517,"y":100,"data":{"alt":2,"type":2,"area":50}},{"x":518,"y":100,"data":{"alt":2,"type":2,"area":50}},{"x":519,"y":100,"data":{"alt":2,"type":2,"area":50}},{"x":520,"y":100,"data":{"alt":2,"type":2,"area":50}},{"x":521,"y":100,"data":{"alt":2,"type":2,"area":50}},{"x":522,"y":100,"data":{"alt":2,"type":2,"area":50}},{"x":523,"y":100,"data":{"alt":2,"type":2,"area":50}},{"x":524,"y":100,"data":{"alt":2,"type":2,"area":50}},{"x":525,"y":100,"data":{"alt":2,"type":2,"area":50}},{"x":532,"y":100,"data":{"alt":2,"type":2,"area":50}},{"x":534,"y":100,"data":{"alt":2,"type":2,"area":50}},{"x":535,"y":100,"data":{"alt":2,"type":2,"area":50}},{"x":536,"y":100,"data":{"alt":2,"type":2,"area":50}},{"x":537,"y":100,"data":{"alt":2,"type":2,"area":50}},{"x":538,"y":100,"data":{"alt":2,"type":2,"area":50}},{"x":539,"y":100,"data":{"alt":2,"type":2,"area":50}},{"x":540,"y":100,"data":{"alt":2,"type":2,"area":50}},{"x":541,"y":100,"data":{"alt":2,"type":2,"area":50}},{"x":542,"y":100,"data":{"alt":2,"type":2,"area":50}},{"x":543,"y":100,"data":{"alt":2,"type":2,"area":50}},{"x":512,"y":101,"data":{"alt":2,"type":1,"area":50}},{"x":513,"y":101,"data":{"alt":2,"type":2,"area":50}},{"x":514,"y":101,"data":{"alt":2,"type":2,"area":50}},{"x":515,"y":101,"data":{"alt":2,"type":2,"area":50}},{"x":516,"y":101,"data":{"alt":2,"type":2,"area":50}},{"x":517,"y":101,"data":{"alt":2,"type":2,"area":50}},{"x":518,"y":101,"data":{"alt":2,"type":2,"area":50}},{"x":519,"y":101,"data":{"alt":2,"type":2,"area":50}},{"x":520,"y":101,"data":{"alt":2,"type":2,"area":50}},{"x":521,"y":101,"data":{"alt":2,"type":2,"area":50}},{"x":522,"y":101,"data":{"alt":2,"type":2,"area":50}},{"x":523,"y":101,"data":{"alt":2,"type":2,"area":50}},{"x":524,"y":101,"data":{"alt":2,"type":2,"area":50}},{"x":525,"y":101,"data":{"alt":2,"type":2,"area":50}},{"x":526,"y":101,"data":{"alt":2,"type":2,"area":50}},{"x":527,"y":101,"data":{"alt":2,"type":2,"area":50}},{"x":530,"y":101,"data":{"alt":2,"type":2,"area":50}},{"x":531,"y":101,"data":{"alt":2,"type":2,"area":50}},{"x":532,"y":101,"data":{"alt":2,"type":2,"area":50}},{"x":536,"y":101,"data":{"alt":2,"type":2,"area":50}},{"x":537,"y":101,"data":{"alt":2,"type":2,"area":50}},{"x":538,"y":101,"data":{"alt":2,"type":2,"area":50}},{"x":539,"y":101,"data":{"alt":2,"type":2,"area":50}},{"x":540,"y":101,"data":{"alt":2,"type":2,"area":50}},{"x":541,"y":101,"data":{"alt":2,"type":2,"area":50}},{"x":512,"y":102,"data":{"alt":2,"type":1,"area":50}},{"x":513,"y":102,"data":{"alt":2,"type":2,"area":50}},{"x":514,"y":102,"data":{"alt":2,"type":2,"area":50}},{"x":515,"y":102,"data":{"alt":2,"type":2,"area":50}},{"x":516,"y":102,"data":{"alt":2,"type":2,"area":50}},{"x":517,"y":102,"data":{"alt":2,"type":2,"area":50}},{"x":518,"y":102,"data":{"alt":2,"type":2,"area":50}},{"x":519,"y":102,"data":{"alt":2,"type":2,"area":50}},{"x":520,"y":102,"data":{"alt":2,"type":2,"area":50}},{"x":521,"y":102,"data":{"alt":2,"type":2,"area":50}},{"x":522,"y":102,"data":{"alt":2,"type":2,"area":50}},{"x":523,"y":102,"data":{"alt":2,"type":2,"area":50}},{"x":524,"y":102,"data":{"alt":2,"type":2,"area":50}},{"x":525,"y":102,"data":{"alt":2,"type":2,"area":50}},{"x":526,"y":102,"data":{"alt":2,"type":2,"area":50}},{"x":527,"y":102,"data":{"alt":2,"type":2,"area":50}},{"x":529,"y":102,"data":{"alt":2,"type":2,"area":50}},{"x":530,"y":102,"data":{"alt":2,"type":2,"area":50}},{"x":531,"y":102,"data":{"alt":2,"type":2,"area":50}},{"x":532,"y":102,"data":{"alt":2,"type":2,"area":50}},{"x":533,"y":102,"data":{"alt":2,"type":2,"area":50}},{"x":535,"y":102,"data":{"alt":2,"type":2,"area":50}},{"x":536,"y":102,"data":{"alt":2,"type":2,"area":50}},{"x":537,"y":102,"data":{"alt":2,"type":2,"area":50}},{"x":538,"y":102,"data":{"alt":2,"type":2,"area":50}},{"x":539,"y":102,"data":{"alt":2,"type":2,"area":50}},{"x":540,"y":102,"data":{"alt":2,"type":2,"area":50}},{"x":512,"y":103,"data":{"alt":2,"type":1,"area":50}},{"x":513,"y":103,"data":{"alt":2,"type":2,"area":50}},{"x":514,"y":103,"data":{"alt":2,"type":2,"area":50}},{"x":515,"y":103,"data":{"alt":2,"type":2,"area":50}},{"x":516,"y":103,"data":{"alt":2,"type":2,"area":50}},{"x":517,"y":103,"data":{"alt":2,"type":2,"area":50}},{"x":518,"y":103,"data":{"alt":2,"type":2,"area":50}},{"x":519,"y":103,"data":{"alt":2,"type":2,"area":50}},{"x":521,"y":103,"data":{"alt":2,"type":2,"area":50}},{"x":523,"y":103,"data":{"alt":2,"type":2,"area":50}},{"x":524,"y":103,"data":{"alt":2,"type":2,"area":50}},{"x":525,"y":103,"data":{"alt":2,"type":2,"area":50}},{"x":526,"y":103,"data":{"alt":2,"type":2,"area":50}},{"x":527,"y":103,"data":{"alt":2,"type":2,"area":50}},{"x":528,"y":103,"data":{"alt":2,"type":2,"area":50}},{"x":529,"y":103,"data":{"alt":2,"type":2,"area":50}},{"x":530,"y":103,"data":{"alt":2,"type":2,"area":50}},{"x":531,"y":103,"data":{"alt":2,"type":2,"area":50}},{"x":532,"y":103,"data":{"alt":2,"type":2,"area":50}},{"x":535,"y":103,"data":{"alt":2,"type":2,"area":50}},{"x":536,"y":103,"data":{"alt":2,"type":2,"area":50}},{"x":537,"y":103,"data":{"alt":2,"type":2,"area":50}},{"x":538,"y":103,"data":{"alt":2,"type":2,"area":50}},{"x":539,"y":103,"data":{"alt":2,"type":2,"area":50}},{"x":540,"y":103,"data":{"alt":2,"type":2,"area":50}},{"x":541,"y":103,"data":{"alt":2,"type":2,"area":50}},{"x":512,"y":104,"data":{"alt":2,"type":1,"area":50}},{"x":513,"y":104,"data":{"alt":2,"type":2,"area":50}},{"x":514,"y":104,"data":{"alt":2,"type":2,"area":50}},{"x":515,"y":104,"data":{"alt":2,"type":2,"area":50}},{"x":516,"y":104,"data":{"alt":2,"type":2,"area":50}},{"x":517,"y":104,"data":{"alt":2,"type":2,"area":50}},{"x":518,"y":104,"data":{"alt":2,"type":2,"area":50}},{"x":519,"y":104,"data":{"alt":2,"type":2,"area":50}},{"x":524,"y":104,"data":{"alt":2,"type":2,"area":50}},{"x":525,"y":104,"data":{"alt":2,"type":2,"area":50}},{"x":526,"y":104,"data":{"alt":2,"type":2,"area":50}},{"x":527,"y":104,"data":{"alt":2,"type":2,"area":50}},{"x":528,"y":104,"data":{"alt":2,"type":2,"area":50}},{"x":529,"y":104,"data":{"alt":2,"type":2,"area":50}},{"x":530,"y":104,"data":{"alt":2,"type":2,"area":50}},{"x":531,"y":104,"data":{"alt":2,"type":2,"area":50}},{"x":532,"y":104,"data":{"alt":2,"type":2,"area":50}},{"x":533,"y":104,"data":{"alt":2,"type":2,"area":50}},{"x":534,"y":104,"data":{"alt":2,"type":2,"area":50}},{"x":535,"y":104,"data":{"alt":2,"type":2,"area":50}},{"x":537,"y":104,"data":{"alt":2,"type":2,"area":50}},{"x":538,"y":104,"data":{"alt":2,"type":2,"area":50}},{"x":539,"y":104,"data":{"alt":2,"type":2,"area":50}},{"x":540,"y":104,"data":{"alt":2,"type":2,"area":50}},{"x":541,"y":104,"data":{"alt":2,"type":2,"area":50}},{"x":542,"y":104,"data":{"alt":2,"type":2,"area":50}},{"x":512,"y":105,"data":{"alt":2,"type":1,"area":50}},{"x":513,"y":105,"data":{"alt":2,"type":2,"area":50}},{"x":514,"y":105,"data":{"alt":2,"type":2,"area":50}},{"x":515,"y":105,"data":{"alt":2,"type":2,"area":50}},{"x":516,"y":105,"data":{"alt":2,"type":2,"area":50}},{"x":517,"y":105,"data":{"alt":2,"type":2,"area":50}},{"x":519,"y":105,"data":{"alt":2,"type":2,"area":50}},{"x":520,"y":105,"data":{"alt":2,"type":2,"area":50}},{"x":521,"y":105,"data":{"alt":2,"type":2,"area":50}},{"x":525,"y":105,"data":{"alt":2,"type":2,"area":50}},{"x":526,"y":105,"data":{"alt":2,"type":2,"area":50}},{"x":527,"y":105,"data":{"alt":2,"type":2,"area":50}},{"x":528,"y":105,"data":{"alt":2,"type":2,"area":50}},{"x":529,"y":105,"data":{"alt":2,"type":2,"area":50}},{"x":530,"y":105,"data":{"alt":2,"type":2,"area":50}},{"x":531,"y":105,"data":{"alt":2,"type":2,"area":50}},{"x":532,"y":105,"data":{"alt":2,"type":2,"area":50}},{"x":533,"y":105,"data":{"alt":2,"type":2,"area":50}},{"x":534,"y":105,"data":{"alt":2,"type":2,"area":50}},{"x":535,"y":105,"data":{"alt":2,"type":2,"area":50}},{"x":536,"y":105,"data":{"alt":2,"type":2,"area":50}},{"x":537,"y":105,"data":{"alt":2,"type":2,"area":50}},{"x":538,"y":105,"data":{"alt":2,"type":2,"area":50}},{"x":539,"y":105,"data":{"alt":2,"type":2,"area":50}},{"x":540,"y":105,"data":{"alt":2,"type":2,"area":50}},{"x":541,"y":105,"data":{"alt":2,"type":2,"area":50}},{"x":512,"y":106,"data":{"alt":2,"type":1,"area":50}},{"x":513,"y":106,"data":{"alt":2,"type":2,"area":50}},{"x":514,"y":106,"data":{"alt":2,"type":2,"area":50}},{"x":525,"y":106,"data":{"alt":2,"type":2,"area":50}},{"x":526,"y":106,"data":{"alt":2,"type":2,"area":50}},{"x":527,"y":106,"data":{"alt":2,"type":2,"area":50}},{"x":528,"y":106,"data":{"alt":2,"type":2,"area":50}},{"x":529,"y":106,"data":{"alt":2,"type":2,"area":50}},{"x":530,"y":106,"data":{"alt":2,"type":2,"area":50}},{"x":531,"y":106,"data":{"alt":2,"type":2,"area":50}},{"x":532,"y":106,"data":{"alt":2,"type":2,"area":50}},{"x":533,"y":106,"data":{"alt":2,"type":2,"area":50}},{"x":534,"y":106,"data":{"alt":2,"type":2,"area":50}},{"x":535,"y":106,"data":{"alt":2,"type":2,"area":50}},{"x":536,"y":106,"data":{"alt":2,"type":2,"area":50}},{"x":537,"y":106,"data":{"alt":2,"type":2,"area":50}},{"x":538,"y":106,"data":{"alt":2,"type":2,"area":50}},{"x":539,"y":106,"data":{"alt":2,"type":2,"area":50}},{"x":540,"y":106,"data":{"alt":2,"type":2,"area":50}},{"x":541,"y":106,"data":{"alt":2,"type":2,"area":50}},{"x":542,"y":106,"data":{"alt":2,"type":2,"area":50}},{"x":512,"y":107,"data":{"alt":2,"type":1,"area":50}},{"x":513,"y":107,"data":{"alt":2,"type":2,"area":50}},{"x":514,"y":107,"data":{"alt":2,"type":2,"area":50}},{"x":515,"y":107,"data":{"alt":2,"type":2,"area":50}},{"x":517,"y":107,"data":{"alt":2,"type":2,"area":50}},{"x":525,"y":107,"data":{"alt":2,"type":2,"area":50}},{"x":526,"y":107,"data":{"alt":2,"type":2,"area":50}},{"x":527,"y":107,"data":{"alt":2,"type":2,"area":50}},{"x":528,"y":107,"data":{"alt":2,"type":2,"area":50}},{"x":529,"y":107,"data":{"alt":2,"type":2,"area":50}},{"x":531,"y":107,"data":{"alt":2,"type":2,"area":50}},{"x":535,"y":107,"data":{"alt":2,"type":2,"area":50}},{"x":537,"y":107,"data":{"alt":2,"type":2,"area":50}},{"x":538,"y":107,"data":{"alt":2,"type":2,"area":50}},{"x":539,"y":107,"data":{"alt":2,"type":2,"area":50}},{"x":540,"y":107,"data":{"alt":2,"type":2,"area":50}},{"x":541,"y":107,"data":{"alt":2,"type":2,"area":50}},{"x":542,"y":107,"data":{"alt":2,"type":2,"area":50}},{"x":512,"y":108,"data":{"alt":2,"type":1,"area":50}},{"x":513,"y":108,"data":{"alt":2,"type":2,"area":50}},{"x":514,"y":108,"data":{"alt":2,"type":2,"area":50}},{"x":515,"y":108,"data":{"alt":2,"type":2,"area":50}},{"x":516,"y":108,"data":{"alt":2,"type":2,"area":50}},{"x":517,"y":108,"data":{"alt":2,"type":2,"area":50}},{"x":525,"y":108,"data":{"alt":2,"type":2,"area":50}},{"x":527,"y":108,"data":{"alt":2,"type":2,"area":50}},{"x":528,"y":108,"data":{"alt":2,"type":2,"area":50}},{"x":537,"y":108,"data":{"alt":2,"type":2,"area":50}},{"x":538,"y":108,"data":{"alt":2,"type":2,"area":50}},{"x":539,"y":108,"data":{"alt":2,"type":2,"area":50}},{"x":540,"y":108,"data":{"alt":2,"type":2,"area":50}},{"x":541,"y":108,"data":{"alt":2,"type":2,"area":50}},{"x":542,"y":108,"data":{"alt":2,"type":2,"area":50}},{"x":512,"y":109,"data":{"alt":2,"type":1,"area":50}},{"x":513,"y":109,"data":{"alt":2,"type":2,"area":50}},{"x":514,"y":109,"data":{"alt":2,"type":2,"area":50}},{"x":515,"y":109,"data":{"alt":2,"type":2,"area":50}},{"x":537,"y":109,"data":{"alt":2,"type":2,"area":50}},{"x":538,"y":109,"data":{"alt":2,"type":2,"area":50}},{"x":539,"y":109,"data":{"alt":2,"type":2,"area":50}},{"x":540,"y":109,"data":{"alt":2,"type":2,"area":50}},{"x":541,"y":109,"data":{"alt":2,"type":2,"area":50}},{"x":542,"y":109,"data":{"alt":2,"type":2,"area":50}},{"x":512,"y":110,"data":{"alt":2,"type":1,"area":50}},{"x":513,"y":110,"data":{"alt":2,"type":2,"area":50}},{"x":514,"y":110,"data":{"alt":2,"type":2,"area":50}},{"x":515,"y":110,"data":{"alt":2,"type":2,"area":50}},{"x":537,"y":110,"data":{"alt":2,"type":2,"area":50}},{"x":538,"y":110,"data":{"alt":2,"type":2,"area":50}},{"x":539,"y":110,"data":{"alt":2,"type":2,"area":50}},{"x":540,"y":110,"data":{"alt":2,"type":2,"area":50}},{"x":541,"y":110,"data":{"alt":2,"type":2,"area":50}},{"x":542,"y":110,"data":{"alt":2,"type":2,"area":50}},{"x":543,"y":110,"data":{"alt":2,"type":2,"area":50}},{"x":512,"y":111,"data":{"alt":2,"type":1,"area":50}},{"x":513,"y":111,"data":{"alt":2,"type":2,"area":50}},{"x":514,"y":111,"data":{"alt":2,"type":2,"area":50}},{"x":515,"y":111,"data":{"alt":2,"type":2,"area":50}},{"x":516,"y":111,"data":{"alt":2,"type":2,"area":50}},{"x":538,"y":111,"data":{"alt":2,"type":2,"area":50}},{"x":539,"y":111,"data":{"alt":2,"type":2,"area":50}},{"x":540,"y":111,"data":{"alt":2,"type":2,"area":50}},{"x":541,"y":111,"data":{"alt":2,"type":2,"area":50}},{"x":542,"y":111,"data":{"alt":2,"type":2,"area":50}},{"x":543,"y":111,"data":{"alt":2,"type":2,"area":50}},{"x":512,"y":112,"data":{"alt":2,"type":1,"area":50}},{"x":513,"y":112,"data":{"alt":2,"type":2,"area":50}},{"x":514,"y":112,"data":{"alt":2,"type":2,"area":50}},{"x":515,"y":112,"data":{"alt":2,"type":2,"area":50}},{"x":516,"y":112,"data":{"alt":2,"type":2,"area":50}},{"x":539,"y":112,"data":{"alt":2,"type":2,"area":50}},{"x":540,"y":112,"data":{"alt":2,"type":2,"area":50}},{"x":541,"y":112,"data":{"alt":2,"type":2,"area":50}},{"x":542,"y":112,"data":{"alt":2,"type":2,"area":50}},{"x":543,"y":112,"data":{"alt":2,"type":2,"area":50}},{"x":512,"y":113,"data":{"alt":2,"type":1,"area":50}},{"x":513,"y":113,"data":{"alt":2,"type":2,"area":50}},{"x":540,"y":113,"data":{"alt":2,"type":2,"area":50}},{"x":541,"y":113,"data":{"alt":2,"type":2,"area":50}},{"x":542,"y":113,"data":{"alt":2,"type":2,"area":50}},{"x":512,"y":114,"data":{"alt":2,"type":1,"area":50}},{"x":512,"y":115,"data":{"alt":2,"type":1,"area":50}},{"x":548,"y":96,"data":{"alt":2,"type":2,"area":50}},{"x":549,"y":96,"data":{"alt":2,"type":2,"area":50}},{"x":550,"y":96,"data":{"alt":2,"type":2,"area":50}},{"x":551,"y":96,"data":{"alt":2,"type":2,"area":50}},{"x":552,"y":96,"data":{"alt":2,"type":2,"area":50}},{"x":553,"y":96,"data":{"alt":2,"type":2,"area":50}},{"x":554,"y":96,"data":{"alt":2,"type":2,"area":50}},{"x":555,"y":96,"data":{"alt":2,"type":2,"area":50}},{"x":556,"y":96,"data":{"alt":2,"type":2,"area":50}},{"x":557,"y":96,"data":{"alt":2,"type":2,"area":50}},{"x":558,"y":96,"data":{"alt":2,"type":2,"area":50}},{"x":559,"y":96,"data":{"alt":2,"type":2,"area":50}},{"x":560,"y":96,"data":{"alt":2,"type":2,"area":50}},{"x":561,"y":96,"data":{"alt":2,"type":2,"area":50}},{"x":562,"y":96,"data":{"alt":2,"type":2,"area":50}},{"x":563,"y":96,"data":{"alt":2,"type":2,"area":50}},{"x":564,"y":96,"data":{"alt":2,"type":2,"area":50}},{"x":565,"y":96,"data":{"alt":2,"type":2,"area":50}},{"x":550,"y":97,"data":{"alt":2,"type":2,"area":50}},{"x":551,"y":97,"data":{"alt":2,"type":2,"area":50}},{"x":552,"y":97,"data":{"alt":2,"type":2,"area":50}},{"x":553,"y":97,"data":{"alt":2,"type":2,"area":50}},{"x":554,"y":97,"data":{"alt":2,"type":2,"area":50}},{"x":555,"y":97,"data":{"alt":2,"type":2,"area":50}},{"x":556,"y":97,"data":{"alt":2,"type":2,"area":50}},{"x":557,"y":97,"data":{"alt":2,"type":2,"area":50}},{"x":558,"y":97,"data":{"alt":2,"type":2,"area":50}},{"x":559,"y":97,"data":{"alt":2,"type":2,"area":50}},{"x":560,"y":97,"data":{"alt":2,"type":2,"area":50}},{"x":561,"y":97,"data":{"alt":2,"type":2,"area":50}},{"x":562,"y":97,"data":{"alt":2,"type":2,"area":50}},{"x":563,"y":97,"data":{"alt":2,"type":2,"area":50}},{"x":564,"y":97,"data":{"alt":2,"type":2,"area":50}},{"x":565,"y":97,"data":{"alt":2,"type":2,"area":50}},{"x":566,"y":97,"data":{"alt":2,"type":2,"area":50}},{"x":552,"y":98,"data":{"alt":2,"type":2,"area":50}},{"x":553,"y":98,"data":{"alt":2,"type":2,"area":50}},{"x":554,"y":98,"data":{"alt":2,"type":2,"area":50}},{"x":555,"y":98,"data":{"alt":2,"type":2,"area":50}},{"x":556,"y":98,"data":{"alt":2,"type":2,"area":50}},{"x":558,"y":98,"data":{"alt":2,"type":2,"area":50}},{"x":559,"y":98,"data":{"alt":2,"type":2,"area":50}},{"x":561,"y":98,"data":{"alt":2,"type":2,"area":50}},{"x":562,"y":98,"data":{"alt":2,"type":2,"area":50}},{"x":563,"y":98,"data":{"alt":2,"type":2,"area":50}},{"x":564,"y":98,"data":{"alt":2,"type":2,"area":50}},{"x":565,"y":98,"data":{"alt":2,"type":2,"area":50}},{"x":561,"y":99,"data":{"alt":2,"type":2,"area":50}},{"x":562,"y":99,"data":{"alt":2,"type":2,"area":50}},{"x":563,"y":99,"data":{"alt":2,"type":2,"area":50}},{"x":564,"y":99,"data":{"alt":2,"type":2,"area":50}},{"x":565,"y":99,"data":{"alt":2,"type":2,"area":50}},{"x":566,"y":99,"data":{"alt":2,"type":2,"area":50}},{"x":567,"y":99,"data":{"alt":2,"type":2,"area":50}},{"x":568,"y":99,"data":{"alt":2,"type":2,"area":50}},{"x":561,"y":100,"data":{"alt":2,"type":2,"area":50}},{"x":562,"y":100,"data":{"alt":2,"type":2,"area":50}},{"x":563,"y":100,"data":{"alt":2,"type":2,"area":50}},{"x":564,"y":100,"data":{"alt":2,"type":2,"area":50}},{"x":565,"y":100,"data":{"alt":2,"type":2,"area":50}},{"x":566,"y":100,"data":{"alt":2,"type":2,"area":50}},{"x":567,"y":100,"data":{"alt":2,"type":2,"area":50}},{"x":568,"y":100,"data":{"alt":2,"type":2,"area":50}},{"x":569,"y":100,"data":{"alt":2,"type":2,"area":50}},{"x":570,"y":100,"data":{"alt":2,"type":2,"area":50}},{"x":564,"y":101,"data":{"alt":2,"type":2,"area":50}},{"x":565,"y":101,"data":{"alt":2,"type":2,"area":50}},{"x":566,"y":101,"data":{"alt":2,"type":2,"area":50}},{"x":567,"y":101,"data":{"alt":2,"type":2,"area":50}},{"x":568,"y":101,"data":{"alt":2,"type":2,"area":50}},{"x":569,"y":101,"data":{"alt":2,"type":2,"area":50}},{"x":570,"y":101,"data":{"alt":2,"type":2,"area":50}},{"x":571,"y":101,"data":{"alt":2,"type":2,"area":50}},{"x":565,"y":102,"data":{"alt":2,"type":2,"area":50}},{"x":566,"y":102,"data":{"alt":2,"type":2,"area":50}},{"x":567,"y":102,"data":{"alt":2,"type":2,"area":50}},{"x":568,"y":102,"data":{"alt":2,"type":2,"area":50}},{"x":569,"y":102,"data":{"alt":2,"type":2,"area":50}},{"x":570,"y":102,"data":{"alt":2,"type":2,"area":50}},{"x":565,"y":103,"data":{"alt":2,"type":2,"area":50}},{"x":566,"y":103,"data":{"alt":2,"type":2,"area":50}},{"x":567,"y":103,"data":{"alt":2,"type":2,"area":50}},{"x":568,"y":103,"data":{"alt":2,"type":2,"area":50}},{"x":569,"y":103,"data":{"alt":2,"type":2,"area":50}},{"x":570,"y":103,"data":{"alt":2,"type":2,"area":50}},{"x":571,"y":103,"data":{"alt":2,"type":2,"area":50}},{"x":566,"y":104,"data":{"alt":2,"type":2,"area":50}},{"x":567,"y":104,"data":{"alt":2,"type":2,"area":50}},{"x":568,"y":104,"data":{"alt":2,"type":2,"area":50}},{"x":569,"y":104,"data":{"alt":2,"type":2,"area":50}},{"x":570,"y":104,"data":{"alt":2,"type":2,"area":50}},{"x":571,"y":104,"data":{"alt":2,"type":2,"area":50}},{"x":563,"y":105,"data":{"alt":2,"type":2,"area":50}},{"x":564,"y":105,"data":{"alt":2,"type":2,"area":50}},{"x":565,"y":105,"data":{"alt":2,"type":2,"area":50}},{"x":566,"y":105,"data":{"alt":2,"type":2,"area":50}},{"x":567,"y":105,"data":{"alt":2,"type":2,"area":50}},{"x":568,"y":105,"data":{"alt":2,"type":2,"area":50}},{"x":569,"y":105,"data":{"alt":2,"type":2,"area":50}},{"x":570,"y":105,"data":{"alt":2,"type":2,"area":50}},{"x":571,"y":105,"data":{"alt":2,"type":2,"area":50}},{"x":563,"y":106,"data":{"alt":2,"type":2,"area":50}},{"x":564,"y":106,"data":{"alt":2,"type":2,"area":50}},{"x":565,"y":106,"data":{"alt":2,"type":2,"area":50}},{"x":566,"y":106,"data":{"alt":2,"type":2,"area":50}},{"x":567,"y":106,"data":{"alt":2,"type":2,"area":50}},{"x":568,"y":106,"data":{"alt":2,"type":2,"area":50}},{"x":569,"y":106,"data":{"alt":2,"type":2,"area":50}},{"x":563,"y":107,"data":{"alt":2,"type":2,"area":50}},{"x":564,"y":107,"data":{"alt":2,"type":2,"area":50}},{"x":565,"y":107,"data":{"alt":2,"type":2,"area":50}},{"x":566,"y":107,"data":{"alt":2,"type":2,"area":50}},{"x":567,"y":107,"data":{"alt":2,"type":2,"area":50}},{"x":568,"y":107,"data":{"alt":2,"type":2,"area":50}},{"x":569,"y":107,"data":{"alt":2,"type":2,"area":50}},{"x":562,"y":108,"data":{"alt":2,"type":2,"area":50}},{"x":563,"y":108,"data":{"alt":2,"type":2,"area":50}},{"x":564,"y":108,"data":{"alt":2,"type":2,"area":50}},{"x":565,"y":108,"data":{"alt":2,"type":2,"area":50}},{"x":566,"y":108,"data":{"alt":2,"type":2,"area":50}},{"x":567,"y":108,"data":{"alt":2,"type":2,"area":50}},{"x":562,"y":109,"data":{"alt":2,"type":2,"area":50}},{"x":563,"y":109,"data":{"alt":2,"type":2,"area":50}},{"x":564,"y":109,"data":{"alt":2,"type":2,"area":50}},{"x":565,"y":109,"data":{"alt":2,"type":2,"res":1,"resAmount":40,"area":50}},{"x":567,"y":109,"data":{"alt":2,"type":2,"area":50}},{"x":544,"y":110,"data":{"alt":2,"type":2,"area":50}},{"x":562,"y":110,"data":{"alt":2,"type":2,"area":50}},{"x":563,"y":110,"data":{"alt":2,"type":2,"area":50}},{"x":565,"y":110,"data":{"alt":2,"type":2,"area":50}},{"x":544,"y":111,"data":{"alt":2,"type":2,"area":50}},{"x":544,"y":79,"data":{"alt":2,"type":2,"area":50}},{"x":545,"y":79,"data":{"alt":2,"type":2,"area":50}},{"x":546,"y":79,"data":{"alt":2,"type":2,"area":50}},{"x":544,"y":80,"data":{"alt":2,"type":2,"area":50}},{"x":545,"y":80,"data":{"alt":2,"type":2,"area":50}},{"x":546,"y":80,"data":{"alt":2,"type":2,"area":50}},{"x":547,"y":80,"data":{"alt":2,"type":2,"area":50}},{"x":551,"y":80,"data":{"alt":2,"type":2,"area":50}},{"x":552,"y":80,"data":{"alt":2,"type":2,"area":50}},{"x":553,"y":80,"data":{"alt":2,"type":2,"area":50}},{"x":554,"y":80,"data":{"alt":2,"type":2,"area":50}},{"x":544,"y":81,"data":{"alt":2,"type":2,"area":50}},{"x":545,"y":81,"data":{"alt":2,"type":2,"area":50}},{"x":546,"y":81,"data":{"alt":2,"type":2,"area":50}},{"x":547,"y":81,"data":{"alt":2,"type":2,"area":50}},{"x":548,"y":81,"data":{"alt":2,"type":2,"area":50}},{"x":549,"y":81,"data":{"alt":2,"type":2,"area":50}},{"x":552,"y":81,"data":{"alt":2,"type":2,"area":50}},{"x":553,"y":81,"data":{"alt":2,"type":2,"area":50}},{"x":554,"y":81,"data":{"alt":2,"type":2,"area":50}},{"x":555,"y":81,"data":{"alt":2,"type":2,"area":50}},{"x":544,"y":82,"data":{"alt":2,"type":2,"area":50}},{"x":545,"y":82,"data":{"alt":2,"type":2,"area":50}},{"x":546,"y":82,"data":{"alt":2,"type":2,"area":50}},{"x":547,"y":82,"data":{"alt":2,"type":2,"area":50}},{"x":548,"y":82,"data":{"alt":2,"type":2,"area":50}},{"x":549,"y":82,"data":{"alt":2,"type":2,"area":50}},{"x":550,"y":82,"data":{"alt":2,"type":2,"area":50}},{"x":551,"y":82,"data":{"alt":2,"type":2,"area":50}},{"x":552,"y":82,"data":{"alt":2,"type":2,"area":50}},{"x":553,"y":82,"data":{"alt":2,"type":2,"area":50}},{"x":554,"y":82,"data":{"alt":2,"type":2,"area":50}},{"x":555,"y":82,"data":{"alt":2,"type":2,"area":50}},{"x":544,"y":83,"data":{"alt":2,"type":2,"area":50}},{"x":545,"y":83,"data":{"alt":2,"type":2,"area":50}},{"x":546,"y":83,"data":{"alt":2,"type":2,"area":50}},{"x":547,"y":83,"data":{"alt":2,"type":2,"area":50}},{"x":548,"y":83,"data":{"alt":2,"type":2,"area":50}},{"x":549,"y":83,"data":{"alt":2,"type":2,"area":50}},{"x":550,"y":83,"data":{"alt":2,"type":2,"area":50}},{"x":551,"y":83,"data":{"alt":2,"type":2,"area":50}},{"x":552,"y":83,"data":{"alt":2,"type":2,"area":50}},{"x":553,"y":83,"data":{"alt":2,"type":2,"area":50}},{"x":554,"y":83,"data":{"alt":2,"type":2,"area":50}},{"x":544,"y":84,"data":{"alt":2,"type":2,"area":50}},{"x":545,"y":84,"data":{"alt":2,"type":2,"area":50}},{"x":546,"y":84,"data":{"alt":2,"type":2,"area":50}},{"x":547,"y":84,"data":{"alt":2,"type":2,"area":50}},{"x":548,"y":84,"data":{"alt":2,"type":2,"area":50}},{"x":549,"y":84,"data":{"alt":2,"type":2,"area":50}},{"x":550,"y":84,"data":{"alt":2,"type":2,"area":50}},{"x":551,"y":84,"data":{"alt":2,"type":2,"area":50}},{"x":552,"y":84,"data":{"alt":2,"type":2,"area":50}},{"x":553,"y":84,"data":{"alt":2,"type":2,"area":50}},{"x":554,"y":84,"data":{"alt":2,"type":2,"area":50}},{"x":544,"y":85,"data":{"alt":2,"type":2,"area":50}},{"x":545,"y":85,"data":{"alt":2,"type":2,"area":50}},{"x":546,"y":85,"data":{"alt":2,"type":2,"area":50}},{"x":547,"y":85,"data":{"alt":2,"type":2,"area":50}},{"x":548,"y":85,"data":{"alt":2,"type":2,"area":50}},{"x":549,"y":85,"data":{"alt":2,"type":2,"area":50}},{"x":550,"y":85,"data":{"alt":2,"type":2,"area":50}},{"x":551,"y":85,"data":{"alt":2,"type":2,"area":50}},{"x":552,"y":85,"data":{"alt":2,"type":2,"area":50}},{"x":553,"y":85,"data":{"alt":2,"type":2,"area":50}},{"x":554,"y":85,"data":{"alt":2,"type":2,"area":50}},{"x":544,"y":86,"data":{"alt":2,"type":2,"area":50}},{"x":545,"y":86,"data":{"alt":2,"type":2,"area":50}},{"x":546,"y":86,"data":{"alt":2,"type":2,"area":50}},{"x":547,"y":86,"data":{"alt":2,"type":2,"area":50}},{"x":548,"y":86,"data":{"alt":2,"type":2,"area":50}},{"x":549,"y":86,"data":{"alt":2,"type":2,"area":50}},{"x":550,"y":86,"data":{"alt":2,"type":2,"area":50}},{"x":551,"y":86,"data":{"alt":2,"type":2,"area":50}},{"x":552,"y":86,"data":{"alt":2,"type":2,"area":50}},{"x":553,"y":86,"data":{"alt":2,"type":2,"area":50}},{"x":554,"y":86,"data":{"alt":2,"type":2,"area":50}},{"x":544,"y":87,"data":{"alt":2,"type":2,"area":50}},{"x":545,"y":87,"data":{"alt":2,"type":2,"area":50}},{"x":546,"y":87,"data":{"alt":2,"type":2,"area":50}},{"x":547,"y":87,"data":{"alt":2,"type":2,"area":50}},{"x":548,"y":87,"data":{"alt":2,"type":2,"area":50}},{"x":549,"y":87,"data":{"alt":2,"type":2,"area":50}},{"x":550,"y":87,"data":{"alt":2,"type":2,"area":50}},{"x":551,"y":87,"data":{"alt":2,"type":2,"area":50}},{"x":552,"y":87,"data":{"alt":2,"type":2,"area":50}},{"x":553,"y":87,"data":{"alt":2,"type":2,"area":50}},{"x":554,"y":87,"data":{"alt":2,"type":2,"area":50}},{"x":544,"y":88,"data":{"alt":2,"type":2,"area":50}},{"x":545,"y":88,"data":{"alt":2,"type":2,"area":50}},{"x":546,"y":88,"data":{"alt":2,"type":2,"area":50}},{"x":547,"y":88,"data":{"alt":2,"type":2,"area":50}},{"x":548,"y":88,"data":{"alt":2,"type":2,"area":50}},{"x":549,"y":88,"data":{"alt":2,"type":2,"area":50}},{"x":550,"y":88,"data":{"alt":2,"type":2,"area":50}},{"x":551,"y":88,"data":{"alt":2,"type":2,"area":50}},{"x":552,"y":88,"data":{"alt":2,"type":2,"area":50}},{"x":553,"y":88,"data":{"alt":2,"type":2,"area":50}},{"x":554,"y":88,"data":{"alt":2,"type":2,"area":50}},{"x":544,"y":89,"data":{"alt":2,"type":2,"area":50}},{"x":545,"y":89,"data":{"alt":2,"type":2,"area":50}},{"x":546,"y":89,"data":{"alt":2,"type":2,"area":50}},{"x":547,"y":89,"data":{"alt":2,"type":2,"area":50}},{"x":548,"y":89,"data":{"alt":2,"type":2,"area":50}},{"x":549,"y":89,"data":{"alt":2,"type":2,"area":50}},{"x":550,"y":89,"data":{"alt":2,"type":2,"area":50}},{"x":551,"y":89,"data":{"alt":2,"type":2,"area":50}},{"x":552,"y":89,"data":{"alt":2,"type":2,"area":50}},{"x":544,"y":90,"data":{"alt":2,"type":2,"area":50}},{"x":545,"y":90,"data":{"alt":2,"type":2,"area":50}},{"x":546,"y":90,"data":{"alt":2,"type":2,"area":50}},{"x":547,"y":90,"data":{"alt":2,"type":2,"area":50}},{"x":548,"y":90,"data":{"alt":2,"type":2,"area":50}},{"x":549,"y":90,"data":{"alt":2,"type":2,"area":50}},{"x":550,"y":90,"data":{"alt":2,"type":2,"area":50}},{"x":551,"y":90,"data":{"alt":2,"type":2,"area":50}},{"x":552,"y":90,"data":{"alt":2,"type":2,"area":50}},{"x":544,"y":91,"data":{"alt":2,"type":2,"area":50}},{"x":545,"y":91,"data":{"alt":2,"type":2,"area":50}},{"x":546,"y":91,"data":{"alt":2,"type":2,"area":50}},{"x":547,"y":91,"data":{"alt":2,"type":2,"area":50}},{"x":548,"y":91,"data":{"alt":2,"type":2,"area":50}},{"x":549,"y":91,"data":{"alt":2,"type":2,"area":50}},{"x":550,"y":91,"data":{"alt":2,"type":2,"area":50}},{"x":551,"y":91,"data":{"alt":2,"type":2,"area":50}},{"x":552,"y":91,"data":{"alt":2,"type":2,"area":50}},{"x":553,"y":91,"data":{"alt":2,"type":2,"area":50}},{"x":544,"y":92,"data":{"alt":2,"type":2,"area":50}},{"x":545,"y":92,"data":{"alt":2,"type":2,"area":50}},{"x":546,"y":92,"data":{"alt":2,"type":2,"area":50}},{"x":547,"y":92,"data":{"alt":2,"type":2,"area":50}},{"x":548,"y":92,"data":{"alt":2,"type":2,"area":50}},{"x":549,"y":92,"data":{"alt":2,"type":2,"area":50}},{"x":550,"y":92,"data":{"alt":2,"type":2,"area":50}},{"x":551,"y":92,"data":{"alt":2,"type":2,"area":50}},{"x":552,"y":92,"data":{"alt":2,"type":2,"area":50}},{"x":553,"y":92,"data":{"alt":2,"type":2,"area":50}},{"x":554,"y":92,"data":{"alt":2,"type":2,"area":50}},{"x":544,"y":93,"data":{"alt":2,"type":2,"area":50}},{"x":545,"y":93,"data":{"alt":2,"type":2,"area":50}},{"x":546,"y":93,"data":{"alt":2,"type":2,"area":50}},{"x":547,"y":93,"data":{"alt":2,"type":2,"area":50}},{"x":548,"y":93,"data":{"alt":2,"type":2,"area":50}},{"x":549,"y":93,"data":{"alt":2,"type":2,"area":50}},{"x":550,"y":93,"data":{"alt":2,"type":2,"area":50}},{"x":551,"y":93,"data":{"alt":2,"type":2,"area":50}},{"x":552,"y":93,"data":{"alt":2,"type":2,"area":50}},{"x":553,"y":93,"data":{"alt":2,"type":2,"area":50}},{"x":554,"y":93,"data":{"alt":2,"type":2,"area":50}},{"x":555,"y":93,"data":{"alt":2,"type":2,"area":50}},{"x":556,"y":93,"data":{"alt":2,"type":2,"area":50}},{"x":557,"y":93,"data":{"alt":2,"type":2,"area":50}},{"x":558,"y":93,"data":{"alt":2,"type":2,"area":50}},{"x":559,"y":93,"data":{"alt":2,"type":2,"area":50}},{"x":545,"y":94,"data":{"alt":2,"type":2,"area":50}},{"x":546,"y":94,"data":{"alt":2,"type":2,"area":50}},{"x":547,"y":94,"data":{"alt":2,"type":2,"area":50}},{"x":548,"y":94,"data":{"alt":2,"type":2,"area":50}},{"x":549,"y":94,"data":{"alt":2,"type":2,"area":50}},{"x":550,"y":94,"data":{"alt":2,"type":2,"area":50}},{"x":551,"y":94,"data":{"alt":2,"type":2,"area":50}},{"x":552,"y":94,"data":{"alt":2,"type":2,"area":50}},{"x":553,"y":94,"data":{"alt":2,"type":2,"area":50}},{"x":554,"y":94,"data":{"alt":2,"type":2,"area":50}},{"x":555,"y":94,"data":{"alt":2,"type":2,"area":50}},{"x":556,"y":94,"data":{"alt":2,"type":2,"area":50}},{"x":557,"y":94,"data":{"alt":2,"type":2,"area":50}},{"x":558,"y":94,"data":{"alt":2,"type":2,"area":50}},{"x":559,"y":94,"data":{"alt":2,"type":2,"area":50}},{"x":560,"y":94,"data":{"alt":2,"type":2,"area":50}},{"x":562,"y":94,"data":{"alt":2,"type":2,"area":50}},{"x":563,"y":94,"data":{"alt":2,"type":2,"area":50}},{"x":548,"y":95,"data":{"alt":2,"type":2,"area":50}},{"x":549,"y":95,"data":{"alt":2,"type":2,"area":50}},{"x":550,"y":95,"data":{"alt":2,"type":2,"area":50}},{"x":551,"y":95,"data":{"alt":2,"type":2,"area":50}},{"x":552,"y":95,"data":{"alt":2,"type":2,"area":50}},{"x":553,"y":95,"data":{"alt":2,"type":2,"area":50}},{"x":554,"y":95,"data":{"alt":2,"type":2,"area":50}},{"x":555,"y":95,"data":{"alt":2,"type":2,"area":50}},{"x":556,"y":95,"data":{"alt":2,"type":2,"area":50}},{"x":557,"y":95,"data":{"alt":2,"type":2,"area":50}},{"x":558,"y":95,"data":{"alt":2,"type":2,"area":50}},{"x":559,"y":95,"data":{"alt":2,"type":2,"area":50}},{"x":560,"y":95,"data":{"alt":2,"type":2,"area":50}},{"x":561,"y":95,"data":{"alt":2,"type":2,"area":50}},{"x":562,"y":95,"data":{"alt":2,"type":2,"area":50}},{"x":563,"y":95,"data":{"alt":2,"type":2,"area":50}},{"x":564,"y":95,"data":{"alt":2,"type":2,"area":50}},{"x":510,"y":96,"data":{"alt":2,"type":2,"area":50}},{"x":510,"y":97,"data":{"alt":2,"type":2,"area":50}},{"x":511,"y":97,"data":{"alt":2,"type":2,"area":50}},{"x":509,"y":98,"data":{"alt":2,"type":2,"area":50}},{"x":510,"y":98,"data":{"alt":2,"type":2,"area":50}},{"x":511,"y":98,"data":{"alt":2,"type":2,"area":50}},{"x":511,"y":99,"data":{"alt":2,"type":2,"area":50}},{"x":509,"y":100,"data":{"alt":2,"type":2,"area":50}},{"x":510,"y":100,"data":{"alt":2,"type":2,"area":50}},{"x":511,"y":100,"data":{"alt":2,"type":2,"area":50}},{"x":510,"y":101,"data":{"alt":2,"type":2,"area":50}},{"x":511,"y":101,"data":{"alt":2,"type":2,"area":50}},{"x":510,"y":102,"data":{"alt":2,"type":2,"area":50}},{"x":511,"y":102,"data":{"alt":2,"type":2,"area":50}},{"x":508,"y":103,"data":{"alt":2,"type":2,"area":50}},{"x":510,"y":103,"data":{"alt":2,"type":2,"area":50}},{"x":511,"y":103,"data":{"alt":2,"type":2,"area":50}},{"x":505,"y":104,"data":{"alt":2,"type":2,"area":50}},{"x":506,"y":104,"data":{"alt":2,"type":2,"area":50}},{"x":507,"y":104,"data":{"alt":2,"type":2,"area":50}},{"x":508,"y":104,"data":{"alt":2,"type":2,"area":50}},{"x":509,"y":104,"data":{"alt":2,"type":2,"area":50}},{"x":510,"y":104,"data":{"alt":2,"type":2,"area":50}},{"x":511,"y":104,"data":{"alt":2,"type":2,"area":50}},{"x":506,"y":105,"data":{"alt":2,"type":2,"area":50}},{"x":507,"y":105,"data":{"alt":2,"type":2,"area":50}},{"x":508,"y":105,"data":{"alt":2,"type":2,"area":50}},{"x":509,"y":105,"data":{"alt":2,"type":2,"area":50}},{"x":510,"y":105,"data":{"alt":2,"type":2,"area":50}},{"x":511,"y":105,"data":{"alt":2,"type":2,"area":50}},{"x":506,"y":106,"data":{"alt":2,"type":2,"area":50}},{"x":507,"y":106,"data":{"alt":2,"type":2,"area":50}},{"x":508,"y":106,"data":{"alt":2,"type":2,"area":50}},{"x":509,"y":106,"data":{"alt":2,"type":2,"area":50}},{"x":510,"y":106,"data":{"alt":2,"type":2,"area":50}},{"x":511,"y":106,"data":{"alt":2,"type":2,"area":50}},{"x":505,"y":107,"data":{"alt":2,"type":2,"area":50}},{"x":506,"y":107,"data":{"alt":2,"type":2,"area":50}},{"x":507,"y":107,"data":{"alt":2,"type":2,"area":50}},{"x":508,"y":107,"data":{"alt":2,"type":2,"area":50}},{"x":509,"y":107,"data":{"alt":2,"type":2,"area":50}},{"x":510,"y":107,"data":{"alt":2,"type":2,"area":50}},{"x":511,"y":107,"data":{"alt":2,"type":2,"area":50}},{"x":505,"y":108,"data":{"alt":2,"type":2,"area":50}},{"x":506,"y":108,"data":{"alt":2,"type":2,"area":50}},{"x":507,"y":108,"data":{"alt":2,"type":2,"area":50}},{"x":508,"y":108,"data":{"alt":2,"type":2,"area":50}},{"x":509,"y":108,"data":{"alt":2,"type":2,"area":50}},{"x":510,"y":108,"data":{"alt":2,"type":2,"area":50}},{"x":511,"y":108,"data":{"alt":2,"type":2,"area":50}},{"x":504,"y":109,"data":{"alt":2,"type":2,"area":50}},{"x":505,"y":109,"data":{"alt":2,"type":2,"area":50}},{"x":506,"y":109,"data":{"alt":2,"type":2,"area":50}},{"x":507,"y":109,"data":{"alt":2,"type":2,"area":50}},{"x":508,"y":109,"data":{"alt":2,"type":2,"area":50}},{"x":509,"y":109,"data":{"alt":2,"type":2,"area":50}},{"x":510,"y":109,"data":{"alt":2,"type":2,"area":50}},{"x":511,"y":109,"data":{"alt":2,"type":2,"area":50}},{"x":504,"y":110,"data":{"alt":2,"type":2,"area":50}},{"x":505,"y":110,"data":{"alt":2,"type":2,"area":50}},{"x":506,"y":110,"data":{"alt":2,"type":2,"area":50}},{"x":507,"y":110,"data":{"alt":2,"type":2,"area":50}},{"x":508,"y":110,"data":{"alt":2,"type":2,"area":50}},{"x":509,"y":110,"data":{"alt":2,"type":2,"area":50}},{"x":510,"y":110,"data":{"alt":2,"type":2,"area":50}},{"x":511,"y":110,"data":{"alt":2,"type":2,"area":50}},{"x":504,"y":111,"data":{"alt":2,"type":2,"area":50}},{"x":505,"y":111,"data":{"alt":2,"type":2,"area":50}},{"x":506,"y":111,"data":{"alt":2,"type":2,"area":50}},{"x":507,"y":111,"data":{"alt":2,"type":2,"area":50}},{"x":508,"y":111,"data":{"alt":2,"type":2,"area":50}},{"x":509,"y":111,"data":{"alt":2,"type":2,"area":50}},{"x":510,"y":111,"data":{"alt":2,"type":2,"area":50}},{"x":511,"y":111,"data":{"alt":2,"type":2,"area":50}},{"x":503,"y":112,"data":{"alt":2,"type":2,"area":50}},{"x":504,"y":112,"data":{"alt":2,"type":2,"area":50}},{"x":505,"y":112,"data":{"alt":2,"type":2,"area":50}},{"x":506,"y":112,"data":{"alt":2,"type":2,"area":50}},{"x":507,"y":112,"data":{"alt":2,"type":2,"area":50}},{"x":508,"y":112,"data":{"alt":2,"type":2,"area":50}},{"x":509,"y":112,"data":{"alt":2,"type":2,"area":50}},{"x":510,"y":112,"data":{"alt":2,"type":2,"area":50}},{"x":511,"y":112,"data":{"alt":2,"type":2,"area":50}},{"x":501,"y":113,"data":{"alt":2,"type":2,"area":50}},{"x":502,"y":113,"data":{"alt":2,"type":2,"area":50}},{"x":503,"y":113,"data":{"alt":2,"type":2,"area":50}},{"x":504,"y":113,"data":{"alt":2,"type":2,"area":50}},{"x":505,"y":113,"data":{"alt":2,"type":2,"area":50}},{"x":506,"y":113,"data":{"alt":2,"type":2,"area":50}},{"x":507,"y":113,"data":{"alt":2,"type":2,"area":50}},{"x":508,"y":113,"data":{"alt":2,"type":2,"area":50}},{"x":509,"y":113,"data":{"alt":2,"type":2,"area":50}},{"x":510,"y":113,"data":{"alt":2,"type":2,"area":50}},{"x":511,"y":113,"data":{"alt":2,"type":1,"area":50}},{"x":500,"y":114,"data":{"alt":2,"type":2,"area":50}},{"x":501,"y":114,"data":{"alt":2,"type":2,"area":50}},{"x":502,"y":114,"data":{"alt":2,"type":2,"area":50}},{"x":503,"y":114,"data":{"alt":2,"type":2,"area":50}},{"x":504,"y":114,"data":{"alt":2,"type":2,"area":50}},{"x":505,"y":114,"data":{"alt":2,"type":2,"area":50}},{"x":506,"y":114,"data":{"alt":2,"type":2,"area":50}},{"x":507,"y":114,"data":{"alt":2,"type":2,"area":50}},{"x":508,"y":114,"data":{"alt":2,"type":2,"area":50}},{"x":509,"y":114,"data":{"alt":2,"type":2,"area":50}},{"x":510,"y":114,"data":{"alt":2,"type":1,"area":50}},{"x":511,"y":114,"data":{"alt":2,"type":2,"area":50}},{"x":499,"y":115,"data":{"alt":2,"type":2,"area":50}},{"x":500,"y":115,"data":{"alt":2,"type":2,"area":50}},{"x":501,"y":115,"data":{"alt":2,"type":2,"area":50}},{"x":502,"y":115,"data":{"alt":2,"type":2,"area":50}},{"x":503,"y":115,"data":{"alt":2,"type":2,"area":50}},{"x":504,"y":115,"data":{"alt":2,"type":2,"area":50}},{"x":505,"y":115,"data":{"alt":2,"type":2,"area":50}},{"x":506,"y":115,"data":{"alt":2,"type":2,"area":50}},{"x":507,"y":115,"data":{"alt":2,"type":2,"area":50}},{"x":508,"y":115,"data":{"alt":2,"type":2,"area":50}},{"x":509,"y":115,"data":{"alt":2,"type":2,"area":50}},{"x":510,"y":115,"data":{"alt":2,"type":1,"area":50}},{"x":499,"y":116,"data":{"alt":2,"type":2,"area":50}},{"x":500,"y":116,"data":{"alt":2,"type":2,"area":50}},{"x":501,"y":116,"data":{"alt":2,"type":2,"area":50}},{"x":502,"y":116,"data":{"alt":2,"type":2,"area":50}},{"x":503,"y":116,"data":{"alt":2,"type":2,"area":50}},{"x":504,"y":116,"data":{"alt":2,"type":2,"area":50}},{"x":505,"y":116,"data":{"alt":2,"type":2,"area":50}},{"x":506,"y":116,"data":{"alt":2,"type":2,"area":50}},{"x":507,"y":116,"data":{"alt":2,"type":2,"area":50}},{"x":508,"y":116,"data":{"alt":2,"type":2,"area":50}},{"x":509,"y":116,"data":{"alt":2,"type":1,"area":50}},{"x":497,"y":117,"data":{"alt":2,"type":2,"area":50}},{"x":498,"y":117,"data":{"alt":2,"type":2,"area":50}},{"x":499,"y":117,"data":{"alt":2,"type":2,"area":50}},{"x":500,"y":117,"data":{"alt":2,"type":2,"area":50}},{"x":501,"y":117,"data":{"alt":2,"type":2,"area":50}},{"x":502,"y":117,"data":{"alt":2,"type":2,"area":50}},{"x":503,"y":117,"data":{"alt":2,"type":2,"area":50}},{"x":504,"y":117,"data":{"alt":2,"type":2,"area":50}},{"x":505,"y":117,"data":{"alt":2,"type":2,"area":50}},{"x":506,"y":117,"data":{"alt":2,"type":2,"area":50}},{"x":507,"y":117,"data":{"alt":2,"type":2,"area":50}},{"x":508,"y":117,"data":{"alt":2,"type":2,"area":50}},{"x":509,"y":117,"data":{"alt":2,"type":1,"area":50}},{"x":510,"y":117,"data":{"alt":2,"type":2,"area":50}},{"x":497,"y":118,"data":{"alt":2,"type":2,"area":50}},{"x":498,"y":118,"data":{"alt":2,"type":2,"area":50}},{"x":499,"y":118,"data":{"alt":2,"type":2,"area":50}},{"x":500,"y":118,"data":{"alt":2,"type":2,"area":50}},{"x":501,"y":118,"data":{"alt":2,"type":2,"area":50}},{"x":502,"y":118,"data":{"alt":2,"type":2,"area":50}},{"x":503,"y":118,"data":{"alt":2,"type":2,"area":50}},{"x":504,"y":118,"data":{"alt":2,"type":2,"area":50}},{"x":505,"y":118,"data":{"alt":2,"type":2,"area":50}},{"x":506,"y":118,"data":{"alt":2,"type":2,"area":50}},{"x":507,"y":118,"data":{"alt":2,"type":2,"area":50}},{"x":508,"y":118,"data":{"alt":2,"type":1,"area":50}},{"x":509,"y":118,"data":{"alt":2,"type":2,"area":50}},{"x":495,"y":119,"data":{"alt":2,"type":1,"area":50}},{"x":496,"y":119,"data":{"alt":2,"type":2,"area":50}},{"x":497,"y":119,"data":{"alt":2,"type":2,"area":50}},{"x":498,"y":119,"data":{"alt":2,"type":2,"area":50}},{"x":499,"y":119,"data":{"alt":2,"type":2,"area":50}},{"x":500,"y":119,"data":{"alt":2,"type":2,"area":50}},{"x":501,"y":119,"data":{"alt":2,"type":2,"area":50}},{"x":502,"y":119,"data":{"alt":2,"type":2,"area":50}},{"x":503,"y":119,"data":{"alt":2,"type":2,"area":50}},{"x":504,"y":119,"data":{"alt":2,"type":2,"area":50}},{"x":505,"y":119,"data":{"alt":2,"type":2,"area":50}},{"x":506,"y":119,"data":{"alt":2,"type":2,"area":50}},{"x":507,"y":119,"data":{"alt":2,"type":1,"area":50}},{"x":496,"y":120,"data":{"alt":2,"type":1,"area":50}},{"x":497,"y":120,"data":{"alt":2,"type":2,"area":50}},{"x":498,"y":120,"data":{"alt":2,"type":2,"area":50}},{"x":499,"y":120,"data":{"alt":2,"type":2,"area":50}},{"x":500,"y":120,"data":{"alt":2,"type":2,"area":50}},{"x":501,"y":120,"data":{"alt":2,"type":2,"area":50}},{"x":502,"y":120,"data":{"alt":2,"type":2,"area":50}},{"x":503,"y":120,"data":{"alt":2,"type":2,"area":50}},{"x":504,"y":120,"data":{"alt":2,"type":2,"area":50}},{"x":505,"y":120,"data":{"alt":2,"type":2,"area":50}},{"x":506,"y":120,"data":{"alt":2,"type":2,"area":50}},{"x":507,"y":120,"data":{"alt":2,"type":1,"area":50}},{"x":497,"y":121,"data":{"alt":2,"type":1,"area":50}},{"x":498,"y":121,"data":{"alt":2,"type":2,"area":50}},{"x":499,"y":121,"data":{"alt":2,"type":2,"area":50}},{"x":500,"y":121,"data":{"alt":2,"type":2,"area":50}},{"x":501,"y":121,"data":{"alt":2,"type":2,"area":50}},{"x":502,"y":121,"data":{"alt":2,"type":2,"area":50}},{"x":503,"y":121,"data":{"alt":2,"type":2,"area":50}},{"x":504,"y":121,"data":{"alt":2,"type":2,"area":50}},{"x":505,"y":121,"data":{"alt":2,"type":2,"area":50}},{"x":506,"y":121,"data":{"alt":2,"type":2,"area":50}},{"x":507,"y":121,"data":{"alt":2,"type":1,"area":50}},{"x":496,"y":122,"data":{"alt":2,"type":2,"area":50}},{"x":497,"y":122,"data":{"alt":2,"type":1,"area":50}},{"x":498,"y":122,"data":{"alt":2,"type":2,"area":50}},{"x":499,"y":122,"data":{"alt":2,"type":2,"area":50}},{"x":500,"y":122,"data":{"alt":2,"type":2,"area":50}},{"x":501,"y":122,"data":{"alt":2,"type":2,"area":50}},{"x":502,"y":122,"data":{"alt":2,"type":2,"area":50}},{"x":503,"y":122,"data":{"alt":2,"type":2,"area":50}},{"x":504,"y":122,"data":{"alt":2,"type":2,"area":50}},{"x":505,"y":122,"data":{"alt":2,"type":2,"area":50}},{"x":506,"y":122,"data":{"alt":2,"type":2,"area":50}},{"x":507,"y":122,"data":{"alt":2,"type":1,"area":50}},{"x":495,"y":123,"data":{"alt":2,"type":2,"area":50}},{"x":496,"y":123,"data":{"alt":2,"type":2,"area":50}},{"x":497,"y":123,"data":{"alt":2,"type":1,"area":50}},{"x":498,"y":123,"data":{"alt":2,"type":2,"area":50}},{"x":499,"y":123,"data":{"alt":2,"type":2,"area":50}},{"x":500,"y":123,"data":{"alt":2,"type":2,"area":50}},{"x":501,"y":123,"data":{"alt":2,"type":2,"area":50}},{"x":502,"y":123,"data":{"alt":2,"type":2,"area":50}},{"x":503,"y":123,"data":{"alt":2,"type":2,"area":50}},{"x":504,"y":123,"data":{"alt":2,"type":2,"area":50}},{"x":505,"y":123,"data":{"alt":2,"type":2,"area":50}},{"x":506,"y":123,"data":{"alt":2,"type":2,"area":50}},{"x":507,"y":123,"data":{"alt":2,"type":1,"area":50}},{"x":495,"y":124,"data":{"alt":2,"type":2,"area":50}},{"x":496,"y":124,"data":{"alt":2,"type":2,"area":50}},{"x":497,"y":124,"data":{"alt":2,"type":1,"area":50}},{"x":498,"y":124,"data":{"alt":2,"type":2,"area":50}},{"x":499,"y":124,"data":{"alt":2,"type":2,"area":50}},{"x":500,"y":124,"data":{"alt":2,"type":2,"area":50}},{"x":501,"y":124,"data":{"alt":2,"type":2,"area":50}},{"x":502,"y":124,"data":{"alt":2,"type":2,"area":50}},{"x":503,"y":124,"data":{"alt":2,"type":2,"area":50}},{"x":504,"y":124,"data":{"alt":2,"type":2,"area":50}},{"x":505,"y":124,"data":{"alt":2,"type":2,"area":50}},{"x":506,"y":124,"data":{"alt":2,"type":2,"area":50}},{"x":507,"y":124,"data":{"alt":2,"type":1,"area":50}},{"x":495,"y":125,"data":{"alt":2,"type":2,"area":50}},{"x":496,"y":125,"data":{"alt":2,"type":2,"area":50}},{"x":497,"y":125,"data":{"alt":2,"type":1,"area":50}},{"x":498,"y":125,"data":{"alt":2,"type":2,"area":50}},{"x":499,"y":125,"data":{"alt":2,"type":2,"area":50}},{"x":500,"y":125,"data":{"alt":2,"type":2,"area":50}},{"x":501,"y":125,"data":{"alt":2,"type":2,"area":50}},{"x":502,"y":125,"data":{"alt":2,"type":2,"area":50}},{"x":503,"y":125,"data":{"alt":2,"type":2,"area":50}},{"x":504,"y":125,"data":{"alt":2,"type":2,"area":50}},{"x":505,"y":125,"data":{"alt":2,"type":2,"area":50}},{"x":506,"y":125,"data":{"alt":2,"type":2,"area":50}},{"x":507,"y":125,"data":{"alt":2,"type":2,"area":50}},{"x":508,"y":125,"data":{"alt":2,"type":1,"area":50}},{"x":509,"y":125,"data":{"alt":2,"type":2,"area":50}},{"x":496,"y":126,"data":{"alt":2,"type":2,"area":50}},{"x":497,"y":126,"data":{"alt":2,"type":2,"area":50}},{"x":498,"y":126,"data":{"alt":2,"type":1,"area":50}},{"x":499,"y":126,"data":{"alt":2,"type":2,"area":50}},{"x":500,"y":126,"data":{"alt":2,"type":2,"area":50}},{"x":501,"y":126,"data":{"alt":2,"type":2,"area":50}},{"x":502,"y":126,"data":{"alt":2,"type":2,"area":50}},{"x":503,"y":126,"data":{"alt":2,"type":2,"area":50}},{"x":504,"y":126,"data":{"alt":2,"type":2,"area":50}},{"x":505,"y":126,"data":{"alt":2,"type":2,"area":50}},{"x":506,"y":126,"data":{"alt":2,"type":2,"area":50}},{"x":507,"y":126,"data":{"alt":2,"type":2,"area":50}},{"x":508,"y":126,"data":{"alt":2,"type":1,"area":50}},{"x":495,"y":127,"data":{"alt":2,"type":2,"area":50}},{"x":496,"y":127,"data":{"alt":2,"type":2,"area":50}},{"x":497,"y":127,"data":{"alt":2,"type":2,"area":50}},{"x":498,"y":127,"data":{"alt":2,"type":2,"area":50}},{"x":499,"y":127,"data":{"alt":2,"type":1,"area":50}},{"x":500,"y":127,"data":{"alt":2,"type":2,"area":50}},{"x":501,"y":127,"data":{"alt":2,"type":2,"area":50}},{"x":502,"y":127,"data":{"alt":2,"type":2,"area":50}},{"x":503,"y":127,"data":{"alt":2,"type":2,"area":50}},{"x":504,"y":127,"data":{"alt":2,"type":2,"area":50}},{"x":505,"y":127,"data":{"alt":2,"type":2,"area":50}},{"x":506,"y":127,"data":{"alt":2,"type":2,"area":50}},{"x":507,"y":127,"data":{"alt":2,"type":2,"area":50}},{"x":508,"y":127,"data":{"alt":2,"type":2,"area":50}},{"x":509,"y":127,"data":{"alt":2,"type":1,"area":50}},{"x":510,"y":94,"data":{"alt":2,"type":2,"area":50}},{"x":511,"y":94,"data":{"alt":2,"type":2,"area":50}},{"x":510,"y":95,"data":{"alt":2,"type":2,"area":50}},{"x":511,"y":95,"data":{"alt":2,"type":2,"area":50}},{"x":496,"y":128,"data":{"alt":2,"type":2,"area":50}},{"x":497,"y":128,"data":{"alt":2,"type":2,"area":50}},{"x":498,"y":128,"data":{"alt":2,"type":2,"area":50}},{"x":499,"y":128,"data":{"alt":2,"type":2,"area":50}},{"x":500,"y":128,"data":{"alt":2,"type":1,"area":50}},{"x":501,"y":128,"data":{"alt":2,"type":2,"area":50}},{"x":502,"y":128,"data":{"alt":2,"type":2,"area":50}},{"x":503,"y":128,"data":{"alt":2,"type":2,"area":50}},{"x":504,"y":128,"data":{"alt":2,"type":2,"area":50}},{"x":505,"y":128,"data":{"alt":2,"type":2,"area":50}},{"x":506,"y":128,"data":{"alt":2,"type":2,"area":50}},{"x":507,"y":128,"data":{"alt":2,"type":2,"area":50}},{"x":508,"y":128,"data":{"alt":2,"type":1,"area":50}},{"x":509,"y":128,"data":{"alt":2,"type":2,"area":50}},{"x":495,"y":129,"data":{"alt":2,"type":2,"area":50}},{"x":496,"y":129,"data":{"alt":2,"type":2,"area":50}},{"x":497,"y":129,"data":{"alt":2,"type":2,"area":50}},{"x":498,"y":129,"data":{"alt":2,"type":2,"area":50}},{"x":499,"y":129,"data":{"alt":2,"type":2,"area":50}},{"x":500,"y":129,"data":{"alt":2,"type":1,"area":50}},{"x":501,"y":129,"data":{"alt":2,"type":2,"area":50}},{"x":502,"y":129,"data":{"alt":2,"type":2,"area":50}},{"x":503,"y":129,"data":{"alt":2,"type":2,"area":50}},{"x":504,"y":129,"data":{"alt":2,"type":2,"area":50}},{"x":505,"y":129,"data":{"alt":2,"type":2,"area":50}},{"x":506,"y":129,"data":{"alt":2,"type":2,"area":50}},{"x":507,"y":129,"data":{"alt":2,"type":1,"area":50}},{"x":508,"y":129,"data":{"alt":2,"type":2,"area":50}},{"x":495,"y":130,"data":{"alt":2,"type":2,"area":50}},{"x":496,"y":130,"data":{"alt":2,"type":2,"area":50}},{"x":497,"y":130,"data":{"alt":2,"type":2,"area":50}},{"x":498,"y":130,"data":{"alt":2,"type":2,"area":50}},{"x":499,"y":130,"data":{"alt":2,"type":2,"area":50}},{"x":500,"y":130,"data":{"alt":2,"type":2,"area":50}},{"x":501,"y":130,"data":{"alt":2,"type":1,"area":50}},{"x":502,"y":130,"data":{"alt":2,"type":2,"area":50}},{"x":503,"y":130,"data":{"alt":2,"type":2,"area":50}},{"x":504,"y":130,"data":{"alt":2,"type":2,"res":1,"resAmount":40,"area":50}},{"x":505,"y":130,"data":{"alt":2,"type":2,"area":50}},{"x":506,"y":130,"data":{"alt":2,"type":2,"area":50}},{"x":507,"y":130,"data":{"alt":2,"type":1,"area":50}},{"x":497,"y":131,"data":{"alt":2,"type":2,"area":50}},{"x":498,"y":131,"data":{"alt":2,"type":2,"area":50}},{"x":499,"y":131,"data":{"alt":2,"type":2,"area":50}},{"x":500,"y":131,"data":{"alt":2,"type":1,"area":50}},{"x":501,"y":131,"data":{"alt":2,"type":2,"area":50}},{"x":502,"y":131,"data":{"alt":2,"type":2,"area":50}},{"x":503,"y":131,"data":{"alt":2,"type":2,"area":50}},{"x":504,"y":131,"data":{"alt":2,"type":2,"area":50}},{"x":505,"y":131,"data":{"alt":2,"type":2,"area":50}},{"x":506,"y":131,"data":{"alt":2,"type":1,"area":50}},{"x":507,"y":131,"data":{"alt":2,"type":2,"area":50}},{"x":499,"y":132,"data":{"alt":2,"type":2,"area":50}},{"x":500,"y":132,"data":{"alt":2,"type":1,"area":50}},{"x":501,"y":132,"data":{"alt":2,"type":2,"area":50}},{"x":502,"y":132,"data":{"alt":2,"type":2,"area":50}},{"x":503,"y":132,"data":{"alt":2,"type":2,"area":50}},{"x":504,"y":132,"data":{"alt":2,"type":2,"area":50}},{"x":505,"y":132,"data":{"alt":2,"type":2,"area":50}},{"x":506,"y":132,"data":{"alt":2,"type":1,"area":50}},{"x":507,"y":132,"data":{"alt":2,"type":2,"area":50}},{"x":498,"y":133,"data":{"alt":2,"type":2,"area":50}},{"x":499,"y":133,"data":{"alt":2,"type":2,"area":50}},{"x":500,"y":133,"data":{"alt":2,"type":1,"area":50}},{"x":501,"y":133,"data":{"alt":2,"type":2,"area":50}},{"x":502,"y":133,"data":{"alt":2,"type":1,"area":50}},{"x":503,"y":133,"data":{"alt":2,"type":2,"area":50}},{"x":504,"y":133,"data":{"alt":2,"type":2,"area":50}},{"x":505,"y":133,"data":{"alt":2,"type":1,"area":50}},{"x":498,"y":134,"data":{"alt":2,"type":2,"area":50}},{"x":499,"y":134,"data":{"alt":2,"type":2,"area":50}},{"x":500,"y":134,"data":{"alt":2,"type":1,"area":50}},{"x":501,"y":134,"data":{"alt":2,"type":1,"area":50}},{"x":502,"y":134,"data":{"alt":2,"type":2,"area":50}},{"x":503,"y":134,"data":{"alt":2,"type":1,"area":50}},{"x":504,"y":134,"data":{"alt":2,"type":1,"area":50}},{"x":505,"y":134,"data":{"alt":2,"type":2,"area":50}},{"x":506,"y":134,"data":{"alt":2,"type":1,"area":50}},{"x":497,"y":135,"data":{"alt":2,"type":2,"area":50}},{"x":498,"y":135,"data":{"alt":2,"type":2,"area":50}},{"x":499,"y":135,"data":{"alt":2,"type":2,"area":50}},{"x":500,"y":135,"data":{"alt":2,"type":2,"area":50}},{"x":501,"y":135,"data":{"alt":2,"type":2,"area":50}},{"x":502,"y":135,"data":{"alt":2,"type":2,"area":50}},{"x":503,"y":135,"data":{"alt":2,"type":2,"area":50}},{"x":504,"y":135,"data":{"alt":2,"type":2,"area":50}},{"x":505,"y":135,"data":{"alt":2,"type":2,"area":50}},{"x":506,"y":135,"data":{"alt":2,"type":2,"area":50}},{"x":507,"y":135,"data":{"alt":2,"type":1,"area":50}},{"x":498,"y":136,"data":{"alt":2,"type":2,"area":50}},{"x":499,"y":136,"data":{"alt":2,"type":2,"area":50}},{"x":500,"y":136,"data":{"alt":2,"type":2,"area":50}},{"x":501,"y":136,"data":{"alt":2,"type":2,"area":50}},{"x":502,"y":136,"data":{"alt":2,"type":2,"area":50}},{"x":503,"y":136,"data":{"alt":2,"type":2,"area":50}},{"x":504,"y":136,"data":{"alt":2,"type":2,"area":50}},{"x":505,"y":136,"data":{"alt":2,"type":2,"area":50}},{"x":506,"y":136,"data":{"alt":2,"type":1,"area":50}},{"x":499,"y":137,"data":{"alt":2,"type":2,"area":50}},{"x":500,"y":137,"data":{"alt":2,"type":2,"area":50}},{"x":501,"y":137,"data":{"alt":2,"type":2,"area":50}},{"x":502,"y":137,"data":{"alt":2,"type":1,"area":50}},{"x":503,"y":137,"data":{"alt":2,"type":1,"area":50}},{"x":504,"y":137,"data":{"alt":2,"type":2,"area":50}},{"x":505,"y":137,"data":{"alt":2,"type":2,"area":50}},{"x":506,"y":137,"data":{"alt":2,"type":1,"area":50}},{"x":501,"y":138,"data":{"alt":3,"type":1,"area":50}},{"x":503,"y":138,"data":{"alt":2,"type":2,"area":50}},{"x":504,"y":138,"data":{"alt":2,"type":1,"area":50}},{"x":505,"y":138,"data":{"alt":2,"type":1,"area":50}},{"x":504,"y":139,"data":{"alt":2,"type":2,"area":50}},{"x":505,"y":139,"data":{"alt":2,"type":2,"area":50}},{"x":506,"y":139,"data":{"alt":2,"type":2,"area":50}}]