[{"x":3935,"y":3347,"data":{"alt":8,"type":2,"area":500}},{"x":3934,"y":3348,"data":{"alt":8,"type":2,"area":500}},{"x":3935,"y":3348,"data":{"alt":8,"type":2,"area":500}},{"x":3933,"y":3349,"data":{"alt":8,"type":2,"area":500}},{"x":3934,"y":3349,"data":{"alt":8,"type":2,"area":500}},{"x":3935,"y":3349,"data":{"alt":8,"type":2,"area":500}},{"x":3934,"y":3350,"data":{"alt":8,"type":2,"area":500}},{"x":3935,"y":3350,"data":{"alt":8,"type":2,"area":500}},{"x":3934,"y":3351,"data":{"alt":8,"type":2,"area":500}},{"x":3935,"y":3351,"data":{"alt":8,"type":2,"area":500}},{"x":3932,"y":3352,"data":{"alt":8,"type":2,"area":500}},{"x":3934,"y":3352,"data":{"alt":8,"type":2,"area":500}},{"x":3935,"y":3352,"data":{"alt":8,"type":2,"area":500}},{"x":3932,"y":3353,"data":{"alt":8,"type":2,"area":500}},{"x":3933,"y":3353,"data":{"alt":8,"type":2,"area":500}},{"x":3934,"y":3353,"data":{"alt":8,"type":2,"area":500}},{"x":3935,"y":3353,"data":{"alt":8,"type":2,"area":500}},{"x":3934,"y":3354,"data":{"alt":8,"type":2,"area":500}},{"x":3935,"y":3354,"data":{"alt":8,"type":2,"area":500}},{"x":3933,"y":3355,"data":{"alt":8,"type":2,"area":500}},{"x":3934,"y":3355,"data":{"alt":8,"type":2,"area":500}},{"x":3935,"y":3355,"data":{"alt":8,"type":2,"area":500}},{"x":3932,"y":3356,"data":{"alt":8,"type":2,"area":500}},{"x":3933,"y":3356,"data":{"alt":8,"type":2,"area":500}},{"x":3934,"y":3356,"data":{"alt":8,"type":2,"area":500}},{"x":3935,"y":3356,"data":{"alt":8,"type":2,"area":500}},{"x":3958,"y":3328,"data":{"alt":8,"type":2,"area":500}},{"x":3959,"y":3328,"data":{"alt":8,"type":1,"area":500}},{"x":3958,"y":3329,"data":{"alt":8,"type":2,"area":500}},{"x":3959,"y":3329,"data":{"alt":8,"type":1,"area":500}},{"x":3958,"y":3330,"data":{"alt":8,"type":2,"area":500}},{"x":3959,"y":3330,"data":{"alt":8,"type":1,"area":500}},{"x":3958,"y":3331,"data":{"alt":8,"type":2,"area":500}},{"x":3959,"y":3331,"data":{"alt":8,"type":1,"area":500}},{"x":3959,"y":3332,"data":{"alt":8,"type":1,"area":500}},{"x":3960,"y":3332,"data":{"alt":8,"type":1,"area":500}},{"x":3961,"y":3332,"data":{"alt":8,"type":2,"area":500}},{"x":3959,"y":3333,"data":{"alt":8,"type":1,"area":500}},{"x":3960,"y":3333,"data":{"alt":8,"type":2,"area":500}},{"x":3961,"y":3333,"data":{"alt":8,"type":1,"area":500}},{"x":3958,"y":3334,"data":{"alt":8,"type":2,"area":500}},{"x":3959,"y":3334,"data":{"alt":8,"type":1,"area":500}},{"x":3960,"y":3334,"data":{"alt":8,"type":2,"area":500}},{"x":3961,"y":3334,"data":{"alt":8,"type":1,"area":500}},{"x":3962,"y":3334,"data":{"alt":8,"type":2,"area":500}},{"x":3958,"y":3335,"data":{"alt":8,"type":1,"area":500}},{"x":3959,"y":3335,"data":{"alt":8,"type":2,"area":500}},{"x":3960,"y":3335,"data":{"alt":8,"type":2,"area":500}},{"x":3961,"y":3335,"data":{"alt":8,"type":1,"area":500}},{"x":3962,"y":3335,"data":{"alt":8,"type":2,"area":500}},{"x":3963,"y":3335,"data":{"alt":8,"type":2,"area":500}},{"x":3958,"y":3336,"data":{"alt":8,"type":1,"area":500}},{"x":3959,"y":3336,"data":{"alt":8,"type":2,"area":500}},{"x":3960,"y":3336,"data":{"alt":8,"type":2,"area":500}},{"x":3961,"y":3336,"data":{"alt":8,"type":1,"area":500}},{"x":3962,"y":3336,"data":{"alt":8,"type":2,"area":500}},{"x":3963,"y":3336,"data":{"alt":8,"type":2,"area":500}},{"x":3959,"y":3337,"data":{"alt":8,"type":1,"area":500}},{"x":3960,"y":3337,"data":{"alt":8,"type":2,"area":500}},{"x":3961,"y":3337,"data":{"alt":8,"type":1,"area":500}},{"x":3962,"y":3337,"data":{"alt":8,"type":2,"area":500}},{"x":3963,"y":3337,"data":{"alt":8,"type":2,"area":500}},{"x":3959,"y":3338,"data":{"alt":8,"type":1,"area":500}},{"x":3960,"y":3338,"data":{"alt":8,"type":1,"area":500}},{"x":3961,"y":3338,"data":{"alt":8,"type":2,"area":500}},{"x":3962,"y":3338,"data":{"alt":8,"type":2,"area":500}},{"x":3963,"y":3338,"data":{"alt":8,"type":2,"area":500}},{"x":3964,"y":3338,"data":{"alt":8,"type":2,"area":500}},{"x":3959,"y":3339,"data":{"alt":8,"type":1,"area":500}},{"x":3960,"y":3339,"data":{"alt":8,"type":1,"area":500}},{"x":3961,"y":3339,"data":{"alt":8,"type":2,"area":500}},{"x":3962,"y":3339,"data":{"alt":8,"type":2,"area":500}},{"x":3963,"y":3339,"data":{"alt":8,"type":2,"area":500}},{"x":3960,"y":3340,"data":{"alt":8,"type":1,"area":500}},{"x":3961,"y":3340,"data":{"alt":8,"type":2,"area":500}},{"x":3962,"y":3340,"data":{"alt":8,"type":2,"area":500}},{"x":3963,"y":3340,"data":{"alt":8,"type":2,"area":500}},{"x":3955,"y":3341,"data":{"alt":8,"type":2,"area":500}},{"x":3956,"y":3341,"data":{"alt":8,"type":2,"area":500}},{"x":3959,"y":3341,"data":{"alt":8,"type":1,"area":500}},{"x":3960,"y":3341,"data":{"alt":8,"type":2,"area":500}},{"x":3961,"y":3341,"data":{"alt":8,"type":2,"area":500}},{"x":3962,"y":3341,"data":{"alt":8,"type":2,"area":500}},{"x":3963,"y":3341,"data":{"alt":8,"type":2,"area":500}},{"x":3964,"y":3341,"data":{"alt":8,"type":2,"area":500}},{"x":3966,"y":3341,"data":{"alt":8,"type":2,"area":500}},{"x":3954,"y":3342,"data":{"alt":8,"type":2,"area":500}},{"x":3955,"y":3342,"data":{"alt":8,"type":2,"area":500}},{"x":3956,"y":3342,"data":{"alt":8,"type":2,"area":500}},{"x":3957,"y":3342,"data":{"alt":8,"type":1,"area":500}},{"x":3958,"y":3342,"data":{"alt":8,"type":1,"area":500}},{"x":3959,"y":3342,"data":{"alt":8,"type":2,"area":500}},{"x":3960,"y":3342,"data":{"alt":8,"type":2,"area":500}},{"x":3961,"y":3342,"data":{"alt":8,"type":2,"area":500}},{"x":3962,"y":3342,"data":{"alt":8,"type":2,"area":500}},{"x":3963,"y":3342,"data":{"alt":8,"type":2,"area":500}},{"x":3964,"y":3342,"data":{"alt":8,"type":2,"area":500}},{"x":3965,"y":3342,"data":{"alt":8,"type":2,"area":500}},{"x":3966,"y":3342,"data":{"alt":8,"type":2,"area":500}},{"x":3951,"y":3343,"data":{"alt":8,"type":2,"area":500}},{"x":3952,"y":3343,"data":{"alt":8,"type":2,"area":500}},{"x":3953,"y":3343,"data":{"alt":8,"type":2,"area":500}},{"x":3954,"y":3343,"data":{"alt":8,"type":2,"area":500}},{"x":3955,"y":3343,"data":{"alt":8,"type":2,"area":500}},{"x":3956,"y":3343,"data":{"alt":8,"type":1,"area":500}},{"x":3957,"y":3343,"data":{"alt":8,"type":1,"area":500}},{"x":3958,"y":3343,"data":{"alt":8,"type":2,"area":500}},{"x":3959,"y":3343,"data":{"alt":8,"type":2,"area":500}},{"x":3960,"y":3343,"data":{"alt":8,"type":2,"area":500}},{"x":3961,"y":3343,"data":{"alt":8,"type":2,"area":500}},{"x":3962,"y":3343,"data":{"alt":8,"type":2,"area":500}},{"x":3963,"y":3343,"data":{"alt":8,"type":2,"area":500}},{"x":3964,"y":3343,"data":{"alt":8,"type":2,"area":500}},{"x":3965,"y":3343,"data":{"alt":8,"type":2,"area":500}},{"x":3966,"y":3343,"data":{"alt":8,"type":2,"area":500}},{"x":3936,"y":3344,"data":{"alt":8,"type":2,"area":500}},{"x":3937,"y":3344,"data":{"alt":8,"type":2,"area":500}},{"x":3938,"y":3344,"data":{"alt":8,"type":2,"area":500}},{"x":3940,"y":3344,"data":{"alt":8,"type":2,"area":500}},{"x":3943,"y":3344,"data":{"alt":8,"type":2,"area":500}},{"x":3944,"y":3344,"data":{"alt":8,"type":2,"area":500}},{"x":3950,"y":3344,"data":{"alt":8,"type":2,"area":500}},{"x":3951,"y":3344,"data":{"alt":8,"type":2,"area":500}},{"x":3952,"y":3344,"data":{"alt":8,"type":2,"area":500}},{"x":3953,"y":3344,"data":{"alt":8,"type":2,"area":500}},{"x":3954,"y":3344,"data":{"alt":8,"type":2,"area":500}},{"x":3955,"y":3344,"data":{"alt":8,"type":1,"area":500}},{"x":3956,"y":3344,"data":{"alt":8,"type":1,"area":500}},{"x":3957,"y":3344,"data":{"alt":8,"type":2,"area":500}},{"x":3958,"y":3344,"data":{"alt":8,"type":2,"area":500}},{"x":3959,"y":3344,"data":{"alt":8,"type":2,"area":500}},{"x":3960,"y":3344,"data":{"alt":8,"type":2,"area":500}},{"x":3961,"y":3344,"data":{"alt":8,"type":2,"area":500}},{"x":3962,"y":3344,"data":{"alt":8,"type":2,"area":500}},{"x":3963,"y":3344,"data":{"alt":8,"type":2,"area":500}},{"x":3964,"y":3344,"data":{"alt":8,"type":2,"area":500}},{"x":3965,"y":3344,"data":{"alt":8,"type":2,"area":500}},{"x":3966,"y":3344,"data":{"alt":8,"type":2,"area":500}},{"x":3936,"y":3345,"data":{"alt":8,"type":2,"area":500}},{"x":3937,"y":3345,"data":{"alt":8,"type":2,"area":500}},{"x":3938,"y":3345,"data":{"alt":8,"type":2,"area":500}},{"x":3939,"y":3345,"data":{"alt":8,"type":2,"area":500}},{"x":3940,"y":3345,"data":{"alt":8,"type":2,"area":500}},{"x":3942,"y":3345,"data":{"alt":8,"type":2,"area":500}},{"x":3943,"y":3345,"data":{"alt":8,"type":2,"area":500}},{"x":3944,"y":3345,"data":{"alt":8,"type":2,"area":500}},{"x":3945,"y":3345,"data":{"alt":8,"type":2,"area":500}},{"x":3950,"y":3345,"data":{"alt":8,"type":2,"area":500}},{"x":3951,"y":3345,"data":{"alt":8,"type":2,"area":500}},{"x":3952,"y":3345,"data":{"alt":8,"type":2,"area":500}},{"x":3953,"y":3345,"data":{"alt":8,"type":2,"area":500}},{"x":3954,"y":3345,"data":{"alt":8,"type":1,"area":500}},{"x":3955,"y":3345,"data":{"alt":8,"type":1,"area":500}},{"x":3956,"y":3345,"data":{"alt":8,"type":2,"area":500}},{"x":3957,"y":3345,"data":{"alt":8,"type":2,"area":500}},{"x":3958,"y":3345,"data":{"alt":8,"type":2,"area":500}},{"x":3959,"y":3345,"data":{"alt":8,"type":2,"area":500}},{"x":3960,"y":3345,"data":{"alt":8,"type":2,"area":500}},{"x":3961,"y":3345,"data":{"alt":8,"type":2,"area":500}},{"x":3962,"y":3345,"data":{"alt":8,"type":2,"area":500}},{"x":3963,"y":3345,"data":{"alt":8,"type":2,"area":500}},{"x":3964,"y":3345,"data":{"alt":8,"type":2,"area":500}},{"x":3965,"y":3345,"data":{"alt":8,"type":2,"area":500}},{"x":3966,"y":3345,"data":{"alt":8,"type":2,"area":500}},{"x":3936,"y":3346,"data":{"alt":8,"type":2,"area":500}},{"x":3937,"y":3346,"data":{"alt":8,"type":2,"area":500}},{"x":3938,"y":3346,"data":{"alt":8,"type":2,"area":500}},{"x":3939,"y":3346,"data":{"alt":8,"type":2,"area":500}},{"x":3940,"y":3346,"data":{"alt":8,"type":2,"area":500}},{"x":3941,"y":3346,"data":{"alt":8,"type":2,"area":500}},{"x":3942,"y":3346,"data":{"alt":8,"type":2,"area":500}},{"x":3943,"y":3346,"data":{"alt":8,"type":2,"area":500}},{"x":3944,"y":3346,"data":{"alt":8,"type":2,"area":500}},{"x":3945,"y":3346,"data":{"alt":8,"type":2,"area":500}},{"x":3950,"y":3346,"data":{"alt":8,"type":2,"area":500}},{"x":3951,"y":3346,"data":{"alt":8,"type":2,"area":500}},{"x":3952,"y":3346,"data":{"alt":8,"type":2,"area":500}},{"x":3953,"y":3346,"data":{"alt":8,"type":1,"area":500}},{"x":3954,"y":3346,"data":{"alt":8,"type":1,"area":500}},{"x":3955,"y":3346,"data":{"alt":8,"type":2,"area":500}},{"x":3956,"y":3346,"data":{"alt":8,"type":2,"area":500}},{"x":3957,"y":3346,"data":{"alt":8,"type":2,"area":500}},{"x":3958,"y":3346,"data":{"alt":8,"type":2,"area":500}},{"x":3959,"y":3346,"data":{"alt":8,"type":2,"area":500}},{"x":3960,"y":3346,"data":{"alt":8,"type":2,"area":500}},{"x":3961,"y":3346,"data":{"alt":8,"type":2,"area":500}},{"x":3962,"y":3346,"data":{"alt":8,"type":2,"area":500}},{"x":3963,"y":3346,"data":{"alt":8,"type":2,"area":500}},{"x":3964,"y":3346,"data":{"alt":8,"type":2,"area":500}},{"x":3965,"y":3346,"data":{"alt":8,"type":2,"area":500}},{"x":3966,"y":3346,"data":{"alt":8,"type":2,"area":500}},{"x":3936,"y":3347,"data":{"alt":8,"type":2,"area":500}},{"x":3937,"y":3347,"data":{"alt":8,"type":2,"area":500}},{"x":3938,"y":3347,"data":{"alt":8,"type":2,"area":500}},{"x":3939,"y":3347,"data":{"alt":8,"type":2,"area":500}},{"x":3940,"y":3347,"data":{"alt":8,"type":2,"area":500}},{"x":3941,"y":3347,"data":{"alt":8,"type":2,"area":500}},{"x":3942,"y":3347,"data":{"alt":8,"type":2,"area":500}},{"x":3943,"y":3347,"data":{"alt":8,"type":2,"area":500}},{"x":3944,"y":3347,"data":{"alt":8,"type":2,"area":500}},{"x":3945,"y":3347,"data":{"alt":8,"type":2,"area":500}},{"x":3950,"y":3347,"data":{"alt":8,"type":2,"area":500}},{"x":3951,"y":3347,"data":{"alt":8,"type":2,"area":500}},{"x":3952,"y":3347,"data":{"alt":8,"type":1,"area":500}},{"x":3953,"y":3347,"data":{"alt":8,"type":1,"area":500}},{"x":3954,"y":3347,"data":{"alt":8,"type":2,"area":500}},{"x":3955,"y":3347,"data":{"alt":8,"type":2,"area":500}},{"x":3956,"y":3347,"data":{"alt":8,"type":2,"area":500}},{"x":3957,"y":3347,"data":{"alt":8,"type":2,"area":500}},{"x":3958,"y":3347,"data":{"alt":8,"type":2,"area":500}},{"x":3959,"y":3347,"data":{"alt":8,"type":2,"area":500}},{"x":3960,"y":3347,"data":{"alt":8,"type":2,"area":500}},{"x":3961,"y":3347,"data":{"alt":8,"type":2,"area":500}},{"x":3962,"y":3347,"data":{"alt":8,"type":2,"area":500}},{"x":3963,"y":3347,"data":{"alt":8,"type":2,"area":500}},{"x":3964,"y":3347,"data":{"alt":8,"type":2,"area":500}},{"x":3965,"y":3347,"data":{"alt":8,"type":2,"area":500}},{"x":3966,"y":3347,"data":{"alt":8,"type":2,"area":500}},{"x":3967,"y":3347,"data":{"alt":8,"type":2,"area":500}},{"x":3936,"y":3348,"data":{"alt":8,"type":2,"area":500}},{"x":3937,"y":3348,"data":{"alt":8,"type":2,"area":500}},{"x":3938,"y":3348,"data":{"alt":8,"type":2,"area":500}},{"x":3939,"y":3348,"data":{"alt":8,"type":2,"area":500}},{"x":3940,"y":3348,"data":{"alt":8,"type":2,"area":500}},{"x":3941,"y":3348,"data":{"alt":8,"type":1,"area":500}},{"x":3942,"y":3348,"data":{"alt":8,"type":1,"area":500}},{"x":3943,"y":3348,"data":{"alt":8,"type":2,"area":500}},{"x":3944,"y":3348,"data":{"alt":8,"type":2,"area":500}},{"x":3950,"y":3348,"data":{"alt":8,"type":2,"area":500}},{"x":3951,"y":3348,"data":{"alt":8,"type":1,"area":500}},{"x":3952,"y":3348,"data":{"alt":8,"type":1,"area":500}},{"x":3953,"y":3348,"data":{"alt":8,"type":2,"area":500}},{"x":3954,"y":3348,"data":{"alt":8,"type":2,"area":500}},{"x":3955,"y":3348,"data":{"alt":8,"type":2,"area":500}},{"x":3956,"y":3348,"data":{"alt":8,"type":2,"area":500}},{"x":3957,"y":3348,"data":{"alt":8,"type":2,"area":500}},{"x":3958,"y":3348,"data":{"alt":8,"type":2,"area":500}},{"x":3959,"y":3348,"data":{"alt":8,"type":2,"area":500}},{"x":3960,"y":3348,"data":{"alt":8,"type":2,"area":500}},{"x":3961,"y":3348,"data":{"alt":8,"type":2,"area":500}},{"x":3962,"y":3348,"data":{"alt":8,"type":2,"area":500}},{"x":3963,"y":3348,"data":{"alt":8,"type":2,"area":500}},{"x":3964,"y":3348,"data":{"alt":8,"type":2,"area":500}},{"x":3965,"y":3348,"data":{"alt":8,"type":2,"area":500}},{"x":3967,"y":3348,"data":{"alt":8,"type":2,"area":500}},{"x":3936,"y":3349,"data":{"alt":8,"type":2,"area":500}},{"x":3937,"y":3349,"data":{"alt":8,"type":2,"area":500}},{"x":3938,"y":3349,"data":{"alt":8,"type":2,"area":500}},{"x":3939,"y":3349,"data":{"alt":8,"type":2,"area":500}},{"x":3940,"y":3349,"data":{"alt":8,"type":1,"area":500}},{"x":3941,"y":3349,"data":{"alt":8,"type":2,"area":500}},{"x":3942,"y":3349,"data":{"alt":8,"type":2,"area":500}},{"x":3943,"y":3349,"data":{"alt":8,"type":1,"area":500}},{"x":3944,"y":3349,"data":{"alt":8,"type":2,"area":500}},{"x":3949,"y":3349,"data":{"alt":8,"type":2,"area":500}},{"x":3950,"y":3349,"data":{"alt":8,"type":1,"area":500}},{"x":3951,"y":3349,"data":{"alt":8,"type":2,"area":500}},{"x":3952,"y":3349,"data":{"alt":8,"type":2,"area":500}},{"x":3953,"y":3349,"data":{"alt":8,"type":2,"area":500}},{"x":3954,"y":3349,"data":{"alt":8,"type":2,"area":500}},{"x":3955,"y":3349,"data":{"alt":8,"type":2,"area":500}},{"x":3956,"y":3349,"data":{"alt":8,"type":2,"area":500}},{"x":3957,"y":3349,"data":{"alt":8,"type":2,"area":500}},{"x":3958,"y":3349,"data":{"alt":8,"type":2,"area":500}},{"x":3959,"y":3349,"data":{"alt":8,"type":2,"area":500}},{"x":3960,"y":3349,"data":{"alt":8,"type":2,"area":500}},{"x":3961,"y":3349,"data":{"alt":8,"type":2,"area":500}},{"x":3962,"y":3349,"data":{"alt":8,"type":2,"area":500}},{"x":3965,"y":3349,"data":{"alt":8,"type":2,"area":500}},{"x":3936,"y":3350,"data":{"alt":8,"type":2,"area":500}},{"x":3937,"y":3350,"data":{"alt":8,"type":2,"area":500}},{"x":3938,"y":3350,"data":{"alt":8,"type":1,"area":500}},{"x":3939,"y":3350,"data":{"alt":8,"type":1,"area":500}},{"x":3940,"y":3350,"data":{"alt":8,"type":1,"area":500}},{"x":3941,"y":3350,"data":{"alt":8,"type":1,"area":500}},{"x":3942,"y":3350,"data":{"alt":8,"type":2,"area":500}},{"x":3943,"y":3350,"data":{"alt":8,"type":1,"area":500}},{"x":3944,"y":3350,"data":{"alt":8,"type":2,"area":500}},{"x":3945,"y":3350,"data":{"alt":8,"type":2,"area":500}},{"x":3949,"y":3350,"data":{"alt":8,"type":1,"area":500}},{"x":3950,"y":3350,"data":{"alt":8,"type":2,"area":500}},{"x":3951,"y":3350,"data":{"alt":8,"type":2,"area":500}},{"x":3952,"y":3350,"data":{"alt":8,"type":2,"area":500}},{"x":3953,"y":3350,"data":{"alt":8,"type":2,"area":500}},{"x":3955,"y":3350,"data":{"alt":8,"type":2,"area":500}},{"x":3956,"y":3350,"data":{"alt":8,"type":2,"area":500}},{"x":3957,"y":3350,"data":{"alt":8,"type":2,"area":500}},{"x":3958,"y":3350,"data":{"alt":8,"type":2,"area":500}},{"x":3965,"y":3350,"data":{"alt":8,"type":2,"area":500}},{"x":3936,"y":3351,"data":{"alt":8,"type":2,"area":500}},{"x":3937,"y":3351,"data":{"alt":8,"type":1,"area":500}},{"x":3938,"y":3351,"data":{"alt":8,"type":1,"area":500}},{"x":3939,"y":3351,"data":{"alt":8,"type":2,"area":500}},{"x":3940,"y":3351,"data":{"alt":8,"type":2,"area":500}},{"x":3941,"y":3351,"data":{"alt":8,"type":2,"area":500}},{"x":3942,"y":3351,"data":{"alt":8,"type":1,"area":500}},{"x":3943,"y":3351,"data":{"alt":8,"type":1,"area":500}},{"x":3944,"y":3351,"data":{"alt":8,"type":1,"area":500}},{"x":3945,"y":3351,"data":{"alt":8,"type":1,"area":500}},{"x":3946,"y":3351,"data":{"alt":8,"type":1,"area":500}},{"x":3947,"y":3351,"data":{"alt":8,"type":1,"area":500}},{"x":3948,"y":3351,"data":{"alt":8,"type":1,"area":500}},{"x":3949,"y":3351,"data":{"alt":8,"type":2,"area":500}},{"x":3950,"y":3351,"data":{"alt":8,"type":2,"area":500}},{"x":3953,"y":3351,"data":{"alt":8,"type":2,"area":500}},{"x":3956,"y":3351,"data":{"alt":8,"type":2,"area":500}},{"x":3965,"y":3351,"data":{"alt":8,"type":2,"area":500}},{"x":3936,"y":3352,"data":{"alt":8,"type":1,"area":500}},{"x":3937,"y":3352,"data":{"alt":8,"type":2,"area":500}},{"x":3938,"y":3352,"data":{"alt":8,"type":2,"area":500}},{"x":3939,"y":3352,"data":{"alt":8,"type":2,"area":500}},{"x":3940,"y":3352,"data":{"alt":8,"type":2,"area":500}},{"x":3941,"y":3352,"data":{"alt":8,"type":2,"area":500}},{"x":3942,"y":3352,"data":{"alt":8,"type":2,"area":500}},{"x":3943,"y":3352,"data":{"alt":8,"type":2,"area":500}},{"x":3944,"y":3352,"data":{"alt":8,"type":2,"area":500}},{"x":3948,"y":3352,"data":{"alt":8,"type":2,"area":500}},{"x":3949,"y":3352,"data":{"alt":8,"type":2,"area":500}},{"x":3950,"y":3352,"data":{"alt":8,"type":2,"area":500}},{"x":3936,"y":3353,"data":{"alt":8,"type":2,"area":500}},{"x":3937,"y":3353,"data":{"alt":8,"type":2,"area":500}},{"x":3938,"y":3353,"data":{"alt":8,"type":2,"area":500}},{"x":3939,"y":3353,"data":{"alt":8,"type":2,"area":500}},{"x":3940,"y":3353,"data":{"alt":8,"type":2,"area":500}},{"x":3941,"y":3353,"data":{"alt":8,"type":2,"area":500}},{"x":3950,"y":3353,"data":{"alt":8,"type":2,"area":500}},{"x":3951,"y":3353,"data":{"alt":8,"type":2,"area":500}},{"x":3936,"y":3354,"data":{"alt":8,"type":2,"area":500}},{"x":3937,"y":3354,"data":{"alt":8,"type":2,"area":500}},{"x":3938,"y":3354,"data":{"alt":8,"type":2,"area":500}},{"x":3939,"y":3354,"data":{"alt":8,"type":2,"area":500}},{"x":3940,"y":3354,"data":{"alt":8,"type":2,"area":500}},{"x":3936,"y":3355,"data":{"alt":8,"type":2,"area":500}},{"x":3937,"y":3355,"data":{"alt":8,"type":2,"area":500}},{"x":3938,"y":3355,"data":{"alt":8,"type":2,"area":500}},{"x":3939,"y":3355,"data":{"alt":8,"type":2,"area":500}},{"x":3936,"y":3356,"data":{"alt":8,"type":2,"area":500}},{"x":3937,"y":3356,"data":{"alt":8,"type":2,"area":500}},{"x":3938,"y":3356,"data":{"alt":8,"type":2,"area":500}},{"x":3936,"y":3357,"data":{"alt":8,"type":2,"area":500}},{"x":3937,"y":3357,"data":{"alt":8,"type":2,"area":500}},{"x":3936,"y":3358,"data":{"alt":8,"type":2,"area":500}},{"x":3937,"y":3358,"data":{"alt":8,"type":2,"area":500}},{"x":3959,"y":3327,"data":{"alt":8,"type":2,"area":500}},{"x":3960,"y":3327,"data":{"alt":8,"type":1,"area":500}}]