[{"x":890,"y":2752,"data":{"alt":4,"fertility":60,"region":2135,"area":501}},{"x":891,"y":2752,"data":{"alt":4,"fertility":60,"region":2135,"area":501}},{"x":892,"y":2752,"data":{"alt":4,"fertility":60,"region":2135,"area":501}},{"x":893,"y":2752,"data":{"alt":4,"fertility":60,"forest":20,"region":2135,"area":501}},{"x":894,"y":2752,"data":{"alt":5,"fertility":60,"forest":40,"region":2135,"area":501}},{"x":895,"y":2752,"data":{"alt":5,"fertility":60,"forest":20,"region":2135,"area":501}},{"x":891,"y":2753,"data":{"alt":4,"fertility":60,"region":2135,"area":501}},{"x":892,"y":2753,"data":{"alt":4,"fertility":60,"region":2135,"area":501}},{"x":893,"y":2753,"data":{"alt":4,"fertility":60,"region":2135,"area":501}},{"x":894,"y":2753,"data":{"alt":5,"fertility":60,"region":2135,"area":501}},{"x":895,"y":2753,"data":{"alt":5,"fertility":60,"region":2135,"area":501}},{"x":891,"y":2754,"data":{"alt":4,"fertility":60,"region":2135,"area":501}},{"x":892,"y":2754,"data":{"alt":4,"fertility":60,"region":2135,"area":501}},{"x":893,"y":2754,"data":{"alt":4,"fertility":60,"region":2135,"area":501}},{"x":894,"y":2754,"data":{"alt":5,"fertility":60,"region":2135,"area":501}},{"x":895,"y":2754,"data":{"alt":5,"fertility":60,"region":2135,"area":501}},{"x":891,"y":2755,"data":{"alt":4,"fertility":60,"region":2135,"area":501}},{"x":892,"y":2755,"data":{"alt":4,"fertility":60,"region":2135,"area":501}},{"x":893,"y":2755,"data":{"alt":5,"fertility":60,"region":2135,"area":501}},{"x":894,"y":2755,"data":{"alt":5,"fertility":60,"region":2135,"area":501}},{"x":895,"y":2755,"data":{"alt":5,"fertility":60,"region":2135,"area":501}},{"x":892,"y":2756,"data":{"alt":4,"fertility":60,"region":2135,"area":501}},{"x":893,"y":2756,"data":{"alt":4,"fertility":60,"region":2135,"area":501}},{"x":894,"y":2756,"data":{"alt":5,"fertility":60,"region":2135,"area":501}},{"x":895,"y":2756,"data":{"alt":5,"fertility":60,"region":2135,"area":501}},{"x":892,"y":2757,"data":{"alt":4,"fertility":60,"region":2135,"area":501}},{"x":893,"y":2757,"data":{"alt":4,"fertility":60,"region":2135,"area":501}},{"x":894,"y":2757,"data":{"alt":5,"fertility":60,"region":2135,"area":501}},{"x":895,"y":2757,"data":{"alt":5,"fertility":60,"region":2135,"area":501}},{"x":891,"y":2758,"data":{"alt":4,"fertility":60,"region":2135,"area":501}},{"x":892,"y":2758,"data":{"alt":5,"fertility":60,"region":2135,"area":501}},{"x":893,"y":2758,"data":{"alt":5,"fertility":60,"region":2135,"area":501}},{"x":894,"y":2758,"data":{"alt":4,"fertility":60,"region":2135,"area":501}},{"x":895,"y":2758,"data":{"alt":5,"fertility":60,"region":2135,"area":501}},{"x":889,"y":2759,"data":{"alt":4,"fertility":60,"region":2135,"area":501}},{"x":891,"y":2759,"data":{"alt":4,"fertility":60,"region":2135,"area":501}},{"x":892,"y":2759,"data":{"alt":5,"fertility":60,"region":2135,"area":501}},{"x":893,"y":2759,"data":{"alt":5,"fertility":60,"region":2135,"area":501}},{"x":894,"y":2759,"data":{"alt":5,"fertility":60,"region":2135,"area":501}},{"x":895,"y":2759,"data":{"alt":5,"fertility":60,"region":2135,"area":501}},{"x":889,"y":2760,"data":{"alt":5,"fertility":60,"region":2135,"area":501}},{"x":890,"y":2760,"data":{"alt":5,"fertility":60,"region":2135,"area":501}},{"x":891,"y":2760,"data":{"alt":5,"fertility":60,"region":2135,"area":501}},{"x":892,"y":2760,"data":{"alt":5,"fertility":60,"region":2135,"area":501}},{"x":893,"y":2760,"data":{"alt":5,"fertility":60,"region":2135,"area":501}},{"x":894,"y":2760,"data":{"alt":5,"fertility":60,"region":2135,"area":501}},{"x":895,"y":2760,"data":{"alt":5,"fertility":60,"region":2135,"area":501}},{"x":890,"y":2761,"data":{"alt":5,"fertility":60,"region":2135,"area":501}},{"x":891,"y":2761,"data":{"alt":5,"fertility":60,"region":2135,"area":501}},{"x":892,"y":2761,"data":{"alt":5,"fertility":60,"region":2135,"area":501}},{"x":893,"y":2761,"data":{"alt":6,"fertility":60,"region":2135,"area":501}},{"x":894,"y":2761,"data":{"alt":5,"fertility":60,"region":2135,"area":501}},{"x":895,"y":2761,"data":{"alt":5,"fertility":60,"region":2135,"area":501}},{"x":891,"y":2762,"data":{"alt":5,"fertility":60,"region":2135,"area":501}},{"x":892,"y":2762,"data":{"alt":5,"fertility":60,"region":2135,"area":501}},{"x":893,"y":2762,"data":{"alt":5,"fertility":60,"region":2135,"area":501}},{"x":894,"y":2762,"data":{"alt":6,"fertility":60,"region":2135,"area":501}},{"x":895,"y":2762,"data":{"alt":6,"fertility":60,"region":2135,"area":501}},{"x":890,"y":2763,"data":{"alt":5,"fertility":60,"region":2135,"area":501}},{"x":891,"y":2763,"data":{"alt":5,"fertility":60,"region":2135,"area":501}},{"x":892,"y":2763,"data":{"alt":5,"fertility":60,"region":2135,"area":501}},{"x":893,"y":2763,"data":{"alt":5,"fertility":60,"region":2135,"area":501}},{"x":894,"y":2763,"data":{"alt":6,"fertility":60,"region":2135,"area":501}},{"x":895,"y":2763,"data":{"alt":5,"fertility":60,"region":2135,"area":501}},{"x":890,"y":2764,"data":{"alt":5,"fertility":60,"region":2135,"area":501}},{"x":891,"y":2764,"data":{"alt":5,"fertility":60,"region":2135,"area":501}},{"x":892,"y":2764,"data":{"alt":5,"fertility":60,"region":2135,"area":501}},{"x":893,"y":2764,"data":{"alt":6,"fertility":60,"region":2135,"area":501}},{"x":894,"y":2764,"data":{"alt":6,"fertility":60,"region":2135,"area":501}},{"x":895,"y":2764,"data":{"alt":6,"fertility":60,"region":2135,"area":501}},{"x":890,"y":2765,"data":{"alt":5,"fertility":60,"region":2135,"area":501}},{"x":891,"y":2765,"data":{"alt":5,"fertility":60,"region":2135,"area":501}},{"x":892,"y":2765,"data":{"alt":6,"fertility":60,"region":2135,"area":501}},{"x":893,"y":2765,"data":{"alt":6,"fertility":60,"region":2135,"area":501}},{"x":894,"y":2765,"data":{"alt":6,"fertility":60,"region":2135,"area":501}},{"x":895,"y":2765,"data":{"alt":5,"fertility":60,"region":2135,"area":501}},{"x":889,"y":2766,"data":{"alt":5,"fertility":60,"region":2135,"area":501}},{"x":890,"y":2766,"data":{"alt":5,"fertility":60,"region":2135,"area":501}},{"x":891,"y":2766,"data":{"alt":6,"fertility":60,"region":2135,"area":501}},{"x":892,"y":2766,"data":{"alt":6,"fertility":60,"region":2135,"area":501}},{"x":893,"y":2766,"data":{"alt":6,"fertility":60,"region":2135,"area":501}},{"x":894,"y":2766,"data":{"alt":6,"fertility":60,"region":2135,"area":501}},{"x":895,"y":2766,"data":{"alt":6,"fertility":60,"region":2135,"area":501}},{"x":889,"y":2767,"data":{"alt":6,"fertility":60,"region":2135,"area":501}},{"x":890,"y":2767,"data":{"alt":5,"fertility":60,"region":2135,"area":501}},{"x":891,"y":2767,"data":{"alt":6,"fertility":60,"region":2135,"area":501}},{"x":892,"y":2767,"data":{"alt":6,"fertility":60,"region":2135,"area":501}},{"x":893,"y":2767,"data":{"alt":6,"fertility":60,"region":2135,"area":501}},{"x":894,"y":2767,"data":{"alt":6,"fertility":60,"region":2135,"area":501}},{"x":895,"y":2767,"data":{"alt":5,"fertility":60,"region":2135,"area":501}},{"x":889,"y":2768,"data":{"alt":6,"fertility":60,"region":2135,"area":501}},{"x":890,"y":2768,"data":{"alt":6,"fertility":60,"region":2135,"area":501}},{"x":891,"y":2768,"data":{"alt":6,"fertility":60,"region":2135,"area":501}},{"x":892,"y":2768,"data":{"alt":6,"fertility":60,"region":2135,"area":501}},{"x":893,"y":2768,"data":{"alt":6,"fertility":60,"region":2135,"area":501}},{"x":894,"y":2768,"data":{"alt":6,"fertility":60,"region":2135,"area":501}},{"x":895,"y":2768,"data":{"alt":5,"fertility":60,"region":2135,"area":501}},{"x":891,"y":2769,"data":{"alt":6,"fertility":60,"region":2135,"area":501}},{"x":892,"y":2769,"data":{"alt":5,"fertility":60,"region":2135,"area":501}},{"x":893,"y":2769,"data":{"alt":5,"fertility":60,"region":2135,"area":501}},{"x":894,"y":2769,"data":{"alt":5,"fertility":60,"region":2135,"area":501}},{"x":895,"y":2769,"data":{"alt":5,"fertility":60,"region":2135,"area":501}},{"x":894,"y":2770,"data":{"alt":5,"fertility":60,"region":2135,"area":501}},{"x":895,"y":2770,"data":{"alt":5,"fertility":60,"region":2135,"area":501}},{"x":895,"y":2737,"data":{"alt":2,"fertility":60,"region":2135,"area":501}},{"x":894,"y":2739,"data":{"alt":2,"fertility":60,"region":2135,"area":501}},{"x":895,"y":2740,"data":{"alt":2,"fertility":60,"region":2135,"area":501}},{"x":893,"y":2742,"data":{"alt":3,"fertility":60,"region":2135,"area":501}},{"x":894,"y":2742,"data":{"alt":3,"fertility":60,"region":2135,"area":501}},{"x":895,"y":2742,"data":{"alt":3,"fertility":60,"forest":40,"region":2135,"area":501}},{"x":894,"y":2743,"data":{"alt":4,"fertility":60,"region":2135,"area":501}},{"x":895,"y":2743,"data":{"alt":3,"fertility":60,"region":2135,"area":501}},{"x":893,"y":2744,"data":{"alt":3,"fertility":60,"region":2135,"area":501}},{"x":894,"y":2744,"data":{"alt":4,"fertility":60,"region":2135,"area":501}},{"x":895,"y":2744,"data":{"alt":4,"fertility":60,"region":2135,"area":501}},{"x":893,"y":2745,"data":{"alt":3,"fertility":60,"region":2135,"area":501}},{"x":894,"y":2745,"data":{"alt":4,"fertility":60,"region":2135,"area":501}},{"x":895,"y":2745,"data":{"alt":4,"fertility":60,"region":2135,"area":501}},{"x":893,"y":2746,"data":{"alt":3,"fertility":60,"region":2135,"area":501}},{"x":894,"y":2746,"data":{"alt":4,"fertility":60,"forest":40,"region":2135,"area":501}},{"x":895,"y":2746,"data":{"alt":4,"fertility":60,"region":2135,"area":501}},{"x":892,"y":2747,"data":{"alt":3,"fertility":60,"region":2135,"area":501}},{"x":893,"y":2747,"data":{"alt":4,"fertility":60,"forest":40,"region":2135,"area":501}},{"x":894,"y":2747,"data":{"alt":3,"fertility":60,"region":2135,"area":501}},{"x":895,"y":2747,"data":{"alt":4,"fertility":60,"region":2135,"area":501}},{"x":891,"y":2748,"data":{"alt":3,"fertility":60,"region":2135,"area":501}},{"x":892,"y":2748,"data":{"alt":4,"fertility":60,"region":2135,"area":501}},{"x":893,"y":2748,"data":{"alt":4,"fertility":60,"region":2135,"area":501}},{"x":894,"y":2748,"data":{"alt":4,"fertility":60,"region":2135,"area":501}},{"x":895,"y":2748,"data":{"alt":4,"fertility":60,"region":2135,"area":501}},{"x":891,"y":2749,"data":{"alt":3,"fertility":60,"region":2135,"area":501}},{"x":892,"y":2749,"data":{"alt":4,"fertility":60,"region":2135,"area":501}},{"x":893,"y":2749,"data":{"alt":4,"fertility":60,"region":2135,"area":501}},{"x":894,"y":2749,"data":{"alt":4,"fertility":60,"forest":40,"region":2135,"area":501}},{"x":895,"y":2749,"data":{"alt":4,"fertility":60,"region":2135,"area":501}},{"x":891,"y":2750,"data":{"alt":3,"fertility":60,"forest":40,"region":2135,"area":501}},{"x":892,"y":2750,"data":{"alt":4,"fertility":60,"forest":40,"region":2135,"area":501}},{"x":893,"y":2750,"data":{"alt":4,"fertility":60,"forest":40,"region":2135,"area":501}},{"x":894,"y":2750,"data":{"alt":4,"fertility":60,"forest":40,"region":2135,"area":501}},{"x":895,"y":2750,"data":{"alt":5,"fertility":60,"forest":40,"region":2135,"area":501}},{"x":891,"y":2751,"data":{"alt":4,"fertility":60,"region":2135,"area":501}},{"x":892,"y":2751,"data":{"alt":4,"fertility":60,"region":2135,"area":501}},{"x":893,"y":2751,"data":{"alt":5,"fertility":60,"region":2135,"area":501}},{"x":894,"y":2751,"data":{"alt":5,"fertility":60,"region":2135,"area":501}},{"x":895,"y":2751,"data":{"alt":5,"fertility":60,"region":2135,"area":501}},{"x":896,"y":2736,"data":{"alt":1,"fertility":60,"region":2135,"area":501}},{"x":896,"y":2737,"data":{"alt":2,"fertility":60,"region":2135,"area":501}},{"x":896,"y":2738,"data":{"alt":2,"fertility":60,"region":2135,"area":501}},{"x":897,"y":2738,"data":{"alt":2,"fertility":60,"region":2135,"area":501}},{"x":898,"y":2738,"data":{"alt":2,"fertility":60,"region":2135,"area":501}},{"x":899,"y":2738,"data":{"alt":2,"fertility":60,"region":2135,"area":501}},{"x":900,"y":2738,"data":{"alt":2,"fertility":60,"region":2135,"area":501}},{"x":901,"y":2738,"data":{"alt":3,"fertility":60,"region":2135,"area":501}},{"x":902,"y":2738,"data":{"alt":3,"fertility":60,"region":2135,"area":501}},{"x":896,"y":2739,"data":{"alt":2,"fertility":60,"region":2135,"area":501}},{"x":897,"y":2739,"data":{"alt":2,"fertility":60,"region":2135,"area":501}},{"x":898,"y":2739,"data":{"alt":2,"fertility":60,"region":2135,"area":501}},{"x":899,"y":2739,"data":{"alt":2,"fertility":60,"region":2135,"area":501}},{"x":900,"y":2739,"data":{"alt":3,"fertility":60,"region":2135,"area":501}},{"x":901,"y":2739,"data":{"alt":3,"fertility":60,"region":2135,"area":501}},{"x":902,"y":2739,"data":{"alt":3,"fertility":60,"region":2135,"area":501}},{"x":903,"y":2739,"data":{"alt":3,"fertility":60,"region":2135,"area":501}},{"x":896,"y":2740,"data":{"alt":2,"fertility":60,"region":2135,"area":501}},{"x":897,"y":2740,"data":{"alt":2,"fertility":60,"region":2135,"area":501}},{"x":898,"y":2740,"data":{"alt":2,"fertility":60,"region":2135,"area":501}},{"x":899,"y":2740,"data":{"alt":3,"fertility":60,"region":2135,"area":501}},{"x":900,"y":2740,"data":{"alt":3,"fertility":60,"region":2135,"area":501}},{"x":901,"y":2740,"data":{"alt":3,"fertility":60,"region":2135,"area":501}},{"x":902,"y":2740,"data":{"alt":3,"fertility":60,"region":2135,"area":501}},{"x":903,"y":2740,"data":{"alt":3,"fertility":60,"region":2135,"area":501}},{"x":904,"y":2740,"data":{"alt":3,"fertility":60,"region":2135,"area":501}},{"x":896,"y":2741,"data":{"alt":3,"fertility":60,"region":2135,"area":501}},{"x":897,"y":2741,"data":{"alt":2,"fertility":60,"region":2135,"area":501}},{"x":898,"y":2741,"data":{"alt":2,"fertility":60,"region":2135,"area":501}},{"x":899,"y":2741,"data":{"alt":3,"fertility":60,"region":2135,"area":501}},{"x":900,"y":2741,"data":{"alt":3,"fertility":60,"region":2135,"area":501}},{"x":901,"y":2741,"data":{"alt":3,"fertility":60,"region":2135,"area":501}},{"x":902,"y":2741,"data":{"alt":3,"fertility":60,"region":2135,"area":501}},{"x":903,"y":2741,"data":{"alt":3,"fertility":60,"region":2135,"area":501}},{"x":904,"y":2741,"data":{"alt":3,"fertility":60,"region":2135,"area":501}},{"x":906,"y":2741,"data":{"alt":2,"fertility":60,"region":2135,"area":501}},{"x":907,"y":2741,"data":{"alt":2,"fertility":60,"region":2135,"area":501}},{"x":896,"y":2742,"data":{"alt":3,"fertility":60,"region":2135,"area":501}},{"x":897,"y":2742,"data":{"alt":3,"fertility":60,"region":2135,"area":501}},{"x":898,"y":2742,"data":{"alt":3,"fertility":60,"region":2135,"area":501}},{"x":899,"y":2742,"data":{"alt":2,"fertility":60,"region":2135,"area":501}},{"x":900,"y":2742,"data":{"alt":4,"fertility":60,"region":2135,"area":501}},{"x":901,"y":2742,"data":{"alt":3,"fertility":60,"region":2135,"area":501}},{"x":902,"y":2742,"data":{"alt":4,"fertility":60,"forest":20,"region":2135,"area":501}},{"x":903,"y":2742,"data":{"alt":3,"fertility":60,"region":2135,"area":501}},{"x":904,"y":2742,"data":{"alt":4,"fertility":60,"forest":20,"region":2135,"area":501}},{"x":905,"y":2742,"data":{"alt":2,"fertility":60,"forest":20,"region":2135,"area":501}},{"x":906,"y":2742,"data":{"alt":2,"fertility":60,"region":2135,"area":501}},{"x":907,"y":2742,"data":{"alt":2,"fertility":60,"region":2135,"area":501}},{"x":908,"y":2742,"data":{"alt":2,"fertility":60,"region":2135,"area":501}},{"x":896,"y":2743,"data":{"alt":3,"fertility":60,"region":2135,"area":501}},{"x":897,"y":2743,"data":{"alt":4,"fertility":60,"region":2135,"area":501}},{"x":898,"y":2743,"data":{"alt":3,"fertility":60,"region":2135,"area":501}},{"x":899,"y":2743,"data":{"alt":3,"fertility":60,"region":2135,"area":501}},{"x":900,"y":2743,"data":{"alt":3,"fertility":60,"region":2135,"area":501}},{"x":901,"y":2743,"data":{"alt":3,"fertility":60,"region":2135,"area":501}},{"x":902,"y":2743,"data":{"alt":2,"fertility":60,"region":2135,"area":501}},{"x":903,"y":2743,"data":{"alt":2,"fertility":60,"region":2135,"area":501}},{"x":904,"y":2743,"data":{"alt":2,"fertility":60,"region":2135,"area":501}},{"x":905,"y":2743,"data":{"alt":2,"fertility":60,"forest":20,"region":2135,"area":501}},{"x":906,"y":2743,"data":{"alt":2,"fertility":60,"region":2135,"area":501}},{"x":907,"y":2743,"data":{"alt":2,"fertility":60,"region":2135,"area":501}},{"x":896,"y":2744,"data":{"alt":4,"fertility":60,"region":2135,"area":501}},{"x":897,"y":2744,"data":{"alt":4,"fertility":60,"region":2135,"area":501}},{"x":898,"y":2744,"data":{"alt":4,"fertility":60,"forest":40,"region":2135,"area":501}},{"x":899,"y":2744,"data":{"alt":3,"fertility":60,"region":2135,"area":501}},{"x":900,"y":2744,"data":{"alt":2,"fertility":60,"region":2135,"area":501}},{"x":901,"y":2744,"data":{"alt":2,"fertility":60,"forest":20,"region":2135,"area":501}},{"x":902,"y":2744,"data":{"alt":2,"fertility":60,"region":2135,"area":501}},{"x":903,"y":2744,"data":{"alt":2,"fertility":60,"region":2135,"area":501}},{"x":904,"y":2744,"data":{"alt":2,"fertility":60,"region":2135,"area":501}},{"x":905,"y":2744,"data":{"alt":2,"fertility":60,"region":2135,"area":501}},{"x":906,"y":2744,"data":{"alt":2,"fertility":60,"region":2135,"area":501}},{"x":907,"y":2744,"data":{"alt":2,"fertility":60,"region":2135,"area":501}},{"x":896,"y":2745,"data":{"alt":4,"fertility":60,"region":2135,"area":501}},{"x":897,"y":2745,"data":{"alt":4,"fertility":60,"region":2135,"area":501}},{"x":898,"y":2745,"data":{"alt":4,"fertility":60,"region":2135,"area":501}},{"x":899,"y":2745,"data":{"alt":3,"fertility":60,"region":2135,"area":501}},{"x":900,"y":2745,"data":{"alt":2,"fertility":60,"region":2135,"area":501}},{"x":901,"y":2745,"data":{"alt":3,"fertility":60,"region":2135,"area":501}},{"x":902,"y":2745,"data":{"alt":3,"fertility":60,"region":2135,"area":501}},{"x":903,"y":2745,"data":{"alt":3,"fertility":60,"region":2135,"area":501}},{"x":904,"y":2745,"data":{"alt":3,"fertility":60,"region":2135,"area":501}},{"x":905,"y":2745,"data":{"alt":3,"fertility":60,"region":2135,"area":501}},{"x":906,"y":2745,"data":{"alt":2,"fertility":60,"region":2135,"area":501}},{"x":907,"y":2745,"data":{"alt":2,"fertility":60,"region":2135,"area":501}},{"x":896,"y":2746,"data":{"alt":4,"fertility":60,"region":2135,"area":501}},{"x":897,"y":2746,"data":{"alt":4,"fertility":60,"forest":40,"region":2135,"area":501}},{"x":898,"y":2746,"data":{"alt":4,"fertility":60,"region":2135,"area":501}},{"x":899,"y":2746,"data":{"alt":3,"fertility":60,"region":2135,"area":501}},{"x":900,"y":2746,"data":{"alt":3,"fertility":60,"region":2135,"area":501}},{"x":901,"y":2746,"data":{"alt":3,"fertility":60,"region":2135,"area":501}},{"x":902,"y":2746,"data":{"alt":3,"fertility":60,"region":2135,"area":501}},{"x":903,"y":2746,"data":{"alt":3,"fertility":60,"region":2135,"area":501}},{"x":904,"y":2746,"data":{"alt":3,"fertility":60,"region":2135,"area":501}},{"x":905,"y":2746,"data":{"alt":3,"fertility":60,"region":2135,"area":501}},{"x":906,"y":2746,"data":{"alt":3,"fertility":60,"region":2135,"area":501}},{"x":907,"y":2746,"data":{"alt":2,"fertility":60,"region":2135,"area":501}},{"x":908,"y":2746,"data":{"alt":2,"fertility":60,"region":2135,"area":501}},{"x":896,"y":2747,"data":{"alt":4,"fertility":60,"region":2135,"area":501}},{"x":897,"y":2747,"data":{"alt":4,"fertility":60,"region":2135,"area":501}},{"x":898,"y":2747,"data":{"alt":4,"fertility":60,"region":2135,"area":501}},{"x":899,"y":2747,"data":{"alt":4,"fertility":60,"region":2135,"area":501}},{"x":900,"y":2747,"data":{"alt":3,"fertility":60,"region":2135,"area":501}},{"x":901,"y":2747,"data":{"alt":4,"fertility":60,"region":2135,"area":501}},{"x":902,"y":2747,"data":{"alt":4,"fertility":60,"region":2135,"area":501}},{"x":903,"y":2747,"data":{"alt":4,"fertility":60,"forest":20,"region":2135,"area":501}},{"x":904,"y":2747,"data":{"alt":4,"fertility":60,"region":2135,"area":501}},{"x":905,"y":2747,"data":{"alt":4,"fertility":60,"region":2135,"area":501}},{"x":906,"y":2747,"data":{"alt":3,"fertility":60,"region":2135,"area":501}},{"x":907,"y":2747,"data":{"alt":2,"fertility":60,"region":2135,"area":501}},{"x":908,"y":2747,"data":{"alt":2,"fertility":60,"region":2135,"area":501}},{"x":896,"y":2748,"data":{"alt":4,"fertility":60,"region":2135,"area":501}},{"x":897,"y":2748,"data":{"alt":4,"fertility":60,"region":2135,"area":501}},{"x":898,"y":2748,"data":{"alt":4,"fertility":60,"forest":40,"region":2135,"area":501}},{"x":899,"y":2748,"data":{"alt":4,"fertility":60,"forest":40,"region":2135,"area":501}},{"x":900,"y":2748,"data":{"alt":4,"fertility":60,"region":2135,"area":501}},{"x":901,"y":2748,"data":{"alt":4,"fertility":60,"forest":20,"region":2135,"area":501}},{"x":902,"y":2748,"data":{"alt":5,"fertility":60,"region":2135,"area":501}},{"x":903,"y":2748,"data":{"alt":4,"fertility":60,"region":2135,"area":501}},{"x":904,"y":2748,"data":{"alt":4,"fertility":60,"region":2135,"area":501}},{"x":905,"y":2748,"data":{"alt":4,"fertility":60,"forest":20,"region":2135,"area":501}},{"x":906,"y":2748,"data":{"alt":3,"fertility":60,"region":2135,"area":501}},{"x":907,"y":2748,"data":{"alt":3,"fertility":60,"forest":20,"region":2135,"area":501}},{"x":908,"y":2748,"data":{"alt":2,"fertility":60,"region":2135,"area":501}},{"x":910,"y":2748,"data":{"alt":2,"fertility":60,"region":2135,"area":501}},{"x":911,"y":2748,"data":{"alt":2,"fertility":60,"region":2135,"area":501}},{"x":896,"y":2749,"data":{"alt":4,"fertility":60,"region":2135,"area":501}},{"x":897,"y":2749,"data":{"alt":5,"fertility":60,"region":2135,"area":501}},{"x":898,"y":2749,"data":{"alt":5,"fertility":60,"region":2135,"area":501}},{"x":899,"y":2749,"data":{"alt":4,"fertility":60,"region":2135,"area":501}},{"x":900,"y":2749,"data":{"alt":4,"fertility":60,"region":2135,"area":501}},{"x":901,"y":2749,"data":{"alt":4,"fertility":60,"region":2135,"area":501}},{"x":902,"y":2749,"data":{"alt":5,"fertility":60,"region":2135,"area":501}},{"x":903,"y":2749,"data":{"alt":4,"fertility":60,"region":2135,"area":501}},{"x":904,"y":2749,"data":{"alt":4,"fertility":60,"region":2135,"area":501}},{"x":905,"y":2749,"data":{"alt":4,"fertility":60,"region":2135,"area":501}},{"x":906,"y":2749,"data":{"alt":3,"fertility":60,"region":2135,"area":501}},{"x":907,"y":2749,"data":{"alt":3,"fertility":60,"region":2135,"area":501}},{"x":908,"y":2749,"data":{"alt":2,"fertility":60,"region":2135,"area":501}},{"x":909,"y":2749,"data":{"alt":2,"fertility":60,"region":2135,"area":501}},{"x":910,"y":2749,"data":{"alt":2,"fertility":60,"region":2135,"area":501}},{"x":911,"y":2749,"data":{"alt":2,"fertility":60,"region":2135,"area":501}},{"x":912,"y":2749,"data":{"alt":1,"fertility":60,"region":2135,"area":501}},{"x":896,"y":2750,"data":{"alt":4,"fertility":60,"region":2135,"area":501}},{"x":897,"y":2750,"data":{"alt":5,"fertility":60,"region":2135,"area":501}},{"x":898,"y":2750,"data":{"alt":5,"fertility":60,"region":2135,"area":501}},{"x":899,"y":2750,"data":{"alt":5,"fertility":60,"region":2135,"area":501}},{"x":900,"y":2750,"data":{"alt":6,"fertility":60,"region":2135,"area":501}},{"x":901,"y":2750,"data":{"alt":5,"fertility":60,"region":2135,"area":501}},{"x":902,"y":2750,"data":{"alt":4,"fertility":60,"region":2135,"area":501}},{"x":903,"y":2750,"data":{"alt":5,"fertility":60,"region":2135,"area":501}},{"x":904,"y":2750,"data":{"alt":4,"fertility":60,"region":2135,"area":501}},{"x":905,"y":2750,"data":{"alt":4,"fertility":60,"region":2135,"area":501}},{"x":906,"y":2750,"data":{"alt":4,"fertility":60,"region":2135,"area":501}},{"x":907,"y":2750,"data":{"alt":3,"fertility":60,"region":2135,"area":501}},{"x":908,"y":2750,"data":{"alt":2,"fertility":60,"region":2135,"area":501}},{"x":909,"y":2750,"data":{"alt":2,"fertility":60,"region":2135,"area":501}},{"x":910,"y":2750,"data":{"alt":2,"fertility":60,"region":2135,"area":501}},{"x":911,"y":2750,"data":{"alt":2,"fertility":60,"region":2135,"area":501}},{"x":896,"y":2751,"data":{"alt":5,"fertility":60,"region":2135,"area":501}},{"x":897,"y":2751,"data":{"alt":6,"fertility":60,"region":2135,"area":501}},{"x":898,"y":2751,"data":{"alt":5,"fertility":60,"forest":40,"region":2135,"area":501}},{"x":899,"y":2751,"data":{"alt":5,"fertility":60,"region":2135,"area":501}},{"x":900,"y":2751,"data":{"alt":4,"fertility":60,"region":2135,"area":501}},{"x":901,"y":2751,"data":{"alt":5,"fertility":60,"region":2135,"area":501}},{"x":902,"y":2751,"data":{"alt":5,"fertility":60,"region":2135,"area":501}},{"x":903,"y":2751,"data":{"alt":4,"fertility":60,"region":2135,"area":501}},{"x":904,"y":2751,"data":{"alt":4,"fertility":60,"region":2135,"area":501}},{"x":905,"y":2751,"data":{"alt":4,"fertility":60,"region":2135,"area":501}},{"x":906,"y":2751,"data":{"alt":3,"fertility":60,"region":2135,"area":501}},{"x":907,"y":2751,"data":{"alt":3,"fertility":60,"region":2135,"area":501}},{"x":908,"y":2751,"data":{"alt":3,"fertility":60,"region":2135,"area":501}},{"x":909,"y":2751,"data":{"alt":2,"fertility":60,"region":2135,"area":501}},{"x":910,"y":2751,"data":{"alt":2,"fertility":60,"region":2135,"area":501}},{"x":911,"y":2751,"data":{"alt":2,"fertility":60,"region":2135,"area":501}},{"x":913,"y":2751,"data":{"alt":1,"fertility":60,"region":2135,"area":501}},{"x":896,"y":2752,"data":{"alt":6,"fertility":60,"forest":40,"region":2135,"area":501}},{"x":897,"y":2752,"data":{"alt":5,"fertility":60,"region":2135,"area":501}},{"x":898,"y":2752,"data":{"alt":5,"fertility":60,"forest":40,"region":2135,"area":501}},{"x":899,"y":2752,"data":{"alt":5,"fertility":60,"region":2135,"area":501}},{"x":900,"y":2752,"data":{"alt":5,"fertility":60,"region":2135,"area":501}},{"x":901,"y":2752,"data":{"alt":5,"fertility":60,"region":2135,"area":501}},{"x":902,"y":2752,"data":{"alt":5,"fertility":60,"region":2135,"area":501}},{"x":903,"y":2752,"data":{"alt":4,"fertility":60,"region":2135,"area":501}},{"x":904,"y":2752,"data":{"alt":4,"fertility":60,"region":2135,"area":501}},{"x":905,"y":2752,"data":{"alt":4,"fertility":60,"region":2135,"area":501}},{"x":906,"y":2752,"data":{"alt":4,"fertility":60,"region":2135,"area":501}},{"x":907,"y":2752,"data":{"alt":3,"fertility":60,"region":2135,"area":501}},{"x":908,"y":2752,"data":{"alt":3,"fertility":60,"region":2135,"area":501}},{"x":909,"y":2752,"data":{"alt":3,"fertility":60,"region":2135,"area":501}},{"x":910,"y":2752,"data":{"alt":2,"fertility":60,"region":2135,"area":501}},{"x":911,"y":2752,"data":{"alt":2,"fertility":60,"region":2135,"area":501}},{"x":912,"y":2752,"data":{"alt":2,"fertility":60,"region":2135,"area":501}},{"x":913,"y":2752,"data":{"alt":1,"fertility":60,"region":2135,"area":501}},{"x":914,"y":2752,"data":{"alt":1,"fertility":60,"region":2135,"area":501}},{"x":915,"y":2752,"data":{"alt":1,"fertility":60,"region":2135,"area":501}},{"x":896,"y":2753,"data":{"alt":5,"fertility":60,"region":2135,"area":501}},{"x":897,"y":2753,"data":{"alt":5,"fertility":60,"region":2135,"area":501}},{"x":898,"y":2753,"data":{"alt":5,"fertility":60,"forest":40,"region":2135,"area":501}},{"x":899,"y":2753,"data":{"alt":5,"fertility":60,"region":2135,"area":501}},{"x":900,"y":2753,"data":{"alt":5,"fertility":60,"region":2135,"area":501}},{"x":901,"y":2753,"data":{"alt":5,"fertility":60,"forest":20,"region":2135,"area":501}},{"x":902,"y":2753,"data":{"alt":5,"fertility":60,"region":2135,"area":501}},{"x":903,"y":2753,"data":{"alt":4,"fertility":60,"region":2135,"area":501}},{"x":904,"y":2753,"data":{"alt":4,"fertility":60,"region":2135,"area":501}},{"x":905,"y":2753,"data":{"alt":3,"fertility":60,"region":2135,"area":501}},{"x":906,"y":2753,"data":{"alt":3,"fertility":60,"region":2135,"area":501}},{"x":907,"y":2753,"data":{"alt":4,"fertility":60,"region":2135,"area":501}},{"x":908,"y":2753,"data":{"alt":3,"fertility":60,"region":2135,"area":501}},{"x":909,"y":2753,"data":{"alt":3,"fertility":60,"region":2135,"area":501}},{"x":910,"y":2753,"data":{"alt":2,"fertility":60,"region":2135,"area":501}},{"x":911,"y":2753,"data":{"alt":2,"fertility":60,"region":2135,"area":501}},{"x":912,"y":2753,"data":{"alt":1,"fertility":60,"region":2135,"area":501}},{"x":913,"y":2753,"data":{"alt":1,"fertility":60,"region":2135,"area":501}},{"x":914,"y":2753,"data":{"alt":1,"fertility":60,"region":2135,"area":501}},{"x":915,"y":2753,"data":{"alt":1,"fertility":60,"region":2135,"area":501}},{"x":916,"y":2753,"data":{"alt":1,"fertility":60,"region":2135,"area":501}},{"x":896,"y":2754,"data":{"alt":4,"fertility":60,"region":2135,"area":501}},{"x":897,"y":2754,"data":{"alt":4,"fertility":60,"region":2135,"area":501}},{"x":898,"y":2754,"data":{"alt":4,"fertility":60,"region":2135,"area":501}},{"x":899,"y":2754,"data":{"alt":5,"fertility":60,"region":2135,"area":501}},{"x":900,"y":2754,"data":{"alt":5,"fertility":60,"forest":40,"region":2135,"area":501}},{"x":901,"y":2754,"data":{"alt":5,"fertility":60,"forest":20,"region":2135,"area":501}},{"x":902,"y":2754,"data":{"alt":5,"fertility":60,"region":2135,"area":501}},{"x":903,"y":2754,"data":{"alt":4,"fertility":60,"region":2135,"area":501}},{"x":904,"y":2754,"data":{"alt":4,"fertility":60,"region":2135,"area":501}},{"x":905,"y":2754,"data":{"alt":4,"fertility":60,"region":2135,"area":501}},{"x":906,"y":2754,"data":{"alt":3,"fertility":60,"region":2135,"area":501}},{"x":907,"y":2754,"data":{"alt":4,"fertility":60,"region":2135,"area":501}},{"x":908,"y":2754,"data":{"alt":4,"fertility":60,"region":2135,"area":501}},{"x":909,"y":2754,"data":{"alt":4,"fertility":60,"region":2135,"area":501}},{"x":910,"y":2754,"data":{"alt":2,"fertility":60,"region":2135,"area":501}},{"x":911,"y":2754,"data":{"alt":2,"fertility":60,"region":2135,"area":501}},{"x":912,"y":2754,"data":{"alt":2,"fertility":60,"region":2135,"area":501}},{"x":913,"y":2754,"data":{"alt":1,"fertility":60,"region":2135,"area":501}},{"x":914,"y":2754,"data":{"alt":1,"fertility":60,"region":2135,"area":501}},{"x":915,"y":2754,"data":{"alt":1,"fertility":60,"region":2135,"area":501}},{"x":896,"y":2755,"data":{"alt":4,"fertility":60,"region":2135,"area":501}},{"x":897,"y":2755,"data":{"alt":4,"fertility":60,"region":2135,"area":501}},{"x":898,"y":2755,"data":{"alt":5,"fertility":60,"forest":20,"region":2135,"area":501}},{"x":899,"y":2755,"data":{"alt":4,"fertility":60,"region":2135,"area":501}},{"x":900,"y":2755,"data":{"alt":4,"fertility":60,"region":2135,"area":501}},{"x":901,"y":2755,"data":{"alt":4,"fertility":60,"region":2135,"area":501}},{"x":902,"y":2755,"data":{"alt":4,"fertility":60,"region":2135,"area":501}},{"x":903,"y":2755,"data":{"alt":4,"fertility":60,"region":2135,"area":501}},{"x":904,"y":2755,"data":{"alt":4,"fertility":60,"region":2135,"area":501}},{"x":905,"y":2755,"data":{"alt":4,"fertility":60,"region":2135,"area":501}},{"x":906,"y":2755,"data":{"alt":4,"fertility":60,"region":2135,"area":501}},{"x":907,"y":2755,"data":{"alt":4,"fertility":60,"region":2135,"area":501}},{"x":908,"y":2755,"data":{"alt":4,"fertility":60,"region":2135,"area":501}},{"x":909,"y":2755,"data":{"alt":3,"fertility":60,"region":2135,"area":501}},{"x":910,"y":2755,"data":{"alt":3,"fertility":60,"region":2135,"area":501}},{"x":911,"y":2755,"data":{"alt":3,"fertility":60,"region":2135,"area":501}},{"x":912,"y":2755,"data":{"alt":2,"fertility":60,"region":2135,"area":501}},{"x":913,"y":2755,"data":{"alt":2,"fertility":60,"region":2135,"area":501}},{"x":914,"y":2755,"data":{"alt":2,"fertility":60,"region":2135,"area":501}},{"x":915,"y":2755,"data":{"alt":1,"fertility":60,"region":2135,"area":501}},{"x":916,"y":2755,"data":{"alt":1,"fertility":60,"region":2135,"area":501}},{"x":896,"y":2756,"data":{"alt":5,"fertility":60,"region":2135,"area":501}},{"x":897,"y":2756,"data":{"alt":5,"fertility":60,"region":2135,"area":501}},{"x":898,"y":2756,"data":{"alt":4,"fertility":60,"region":2135,"area":501}},{"x":899,"y":2756,"data":{"alt":4,"fertility":60,"region":2135,"area":501}},{"x":900,"y":2756,"data":{"alt":4,"fertility":60,"region":2135,"area":501}},{"x":901,"y":2756,"data":{"alt":4,"fertility":60,"region":2135,"area":501}},{"x":902,"y":2756,"data":{"alt":4,"fertility":60,"region":2135,"area":501}},{"x":903,"y":2756,"data":{"alt":4,"fertility":60,"region":2135,"area":501}},{"x":904,"y":2756,"data":{"alt":5,"fertility":60,"region":2135,"area":501}},{"x":905,"y":2756,"data":{"alt":5,"fertility":60,"region":2135,"area":501}},{"x":906,"y":2756,"data":{"alt":4,"fertility":60,"region":2135,"area":501}},{"x":907,"y":2756,"data":{"alt":4,"fertility":60,"region":2135,"area":501}},{"x":908,"y":2756,"data":{"alt":4,"fertility":60,"region":2135,"area":501}},{"x":909,"y":2756,"data":{"alt":4,"fertility":60,"region":2135,"area":501}},{"x":910,"y":2756,"data":{"alt":4,"fertility":60,"region":2135,"area":501}},{"x":911,"y":2756,"data":{"alt":3,"fertility":60,"region":2135,"area":501}},{"x":912,"y":2756,"data":{"alt":3,"fertility":60,"region":2135,"area":501}},{"x":913,"y":2756,"data":{"alt":2,"fertility":60,"region":2135,"area":501}},{"x":914,"y":2756,"data":{"alt":2,"fertility":60,"region":2135,"area":501}},{"x":896,"y":2757,"data":{"alt":5,"fertility":60,"region":2135,"area":501}},{"x":897,"y":2757,"data":{"alt":4,"fertility":60,"region":2135,"area":501}},{"x":898,"y":2757,"data":{"alt":4,"fertility":60,"region":2135,"area":501}},{"x":899,"y":2757,"data":{"alt":4,"fertility":60,"region":2135,"area":501}},{"x":900,"y":2757,"data":{"alt":4,"fertility":60,"region":2135,"area":501}},{"x":901,"y":2757,"data":{"alt":4,"fertility":60,"forest":20,"region":2135,"area":501}},{"x":902,"y":2757,"data":{"alt":4,"fertility":60,"region":2135,"area":501}},{"x":903,"y":2757,"data":{"alt":4,"fertility":60,"region":2135,"area":501}},{"x":904,"y":2757,"data":{"alt":4,"fertility":60,"region":2135,"area":501}},{"x":905,"y":2757,"data":{"alt":5,"fertility":60,"region":2135,"area":501}},{"x":906,"y":2757,"data":{"alt":4,"fertility":60,"region":2135,"area":501}},{"x":907,"y":2757,"data":{"alt":4,"fertility":60,"region":2135,"area":501}},{"x":908,"y":2757,"data":{"alt":4,"fertility":60,"region":2135,"area":501}},{"x":909,"y":2757,"data":{"alt":4,"fertility":60,"region":2135,"area":501}},{"x":910,"y":2757,"data":{"alt":4,"fertility":60,"region":2135,"area":501}},{"x":911,"y":2757,"data":{"alt":4,"fertility":60,"region":2135,"area":501}},{"x":912,"y":2757,"data":{"alt":3,"fertility":60,"region":2135,"area":501}},{"x":913,"y":2757,"data":{"alt":3,"fertility":60,"region":2135,"area":501}},{"x":914,"y":2757,"data":{"alt":2,"fertility":60,"region":2135,"area":501}},{"x":896,"y":2758,"data":{"alt":4,"fertility":60,"forest":20,"region":2135,"area":501}},{"x":897,"y":2758,"data":{"alt":4,"fertility":60,"region":2135,"area":501}},{"x":898,"y":2758,"data":{"alt":4,"fertility":60,"region":2135,"area":501}},{"x":899,"y":2758,"data":{"alt":4,"fertility":60,"region":2135,"area":501}},{"x":900,"y":2758,"data":{"alt":5,"fertility":60,"region":2135,"area":501}},{"x":901,"y":2758,"data":{"alt":4,"fertility":60,"region":2135,"area":501}},{"x":902,"y":2758,"data":{"alt":4,"fertility":60,"region":2135,"area":501}},{"x":903,"y":2758,"data":{"alt":4,"fertility":60,"region":2135,"area":501}},{"x":904,"y":2758,"data":{"alt":4,"fertility":60,"region":2135,"area":501}},{"x":905,"y":2758,"data":{"alt":4,"fertility":60,"region":2135,"area":501}},{"x":906,"y":2758,"data":{"alt":4,"fertility":60,"region":2135,"area":501}},{"x":907,"y":2758,"data":{"alt":4,"fertility":60,"region":2135,"area":501}},{"x":908,"y":2758,"data":{"alt":5,"fertility":60,"region":2135,"area":501}},{"x":909,"y":2758,"data":{"alt":4,"fertility":60,"region":2135,"area":501}},{"x":910,"y":2758,"data":{"alt":4,"fertility":60,"region":2135,"area":501}},{"x":911,"y":2758,"data":{"alt":3,"fertility":60,"region":2135,"area":501}},{"x":912,"y":2758,"data":{"alt":3,"fertility":60,"region":2135,"area":501}},{"x":913,"y":2758,"data":{"alt":2,"fertility":60,"region":2135,"area":501}},{"x":896,"y":2759,"data":{"alt":5,"fertility":60,"region":2135,"area":501}},{"x":897,"y":2759,"data":{"alt":4,"fertility":60,"region":2135,"area":501}},{"x":898,"y":2759,"data":{"alt":4,"fertility":60,"region":2135,"area":501}},{"x":899,"y":2759,"data":{"alt":4,"fertility":60,"region":2135,"area":501}},{"x":900,"y":2759,"data":{"alt":4,"fertility":60,"region":2135,"area":501}},{"x":901,"y":2759,"data":{"alt":4,"fertility":60,"region":2135,"area":501}},{"x":902,"y":2759,"data":{"alt":4,"fertility":60,"region":2135,"area":501}},{"x":903,"y":2759,"data":{"alt":4,"fertility":60,"region":2135,"area":501}},{"x":904,"y":2759,"data":{"alt":4,"fertility":60,"region":2135,"area":501}},{"x":905,"y":2759,"data":{"alt":4,"fertility":60,"region":2135,"area":501}},{"x":906,"y":2759,"data":{"alt":4,"fertility":60,"region":2135,"area":501}},{"x":907,"y":2759,"data":{"alt":4,"fertility":60,"region":2135,"area":501}},{"x":908,"y":2759,"data":{"alt":4,"fertility":60,"region":2135,"area":501}},{"x":909,"y":2759,"data":{"alt":4,"fertility":60,"region":2135,"area":501}},{"x":910,"y":2759,"data":{"alt":4,"fertility":60,"region":2135,"area":501}},{"x":911,"y":2759,"data":{"alt":4,"fertility":60,"region":2135,"area":501}},{"x":912,"y":2759,"data":{"alt":3,"fertility":60,"region":2135,"area":501}},{"x":913,"y":2759,"data":{"alt":2,"fertility":60,"region":2135,"area":501}},{"x":896,"y":2760,"data":{"alt":5,"fertility":60,"region":2135,"area":501}},{"x":897,"y":2760,"data":{"alt":5,"fertility":60,"region":2135,"area":501}},{"x":898,"y":2760,"data":{"alt":5,"fertility":60,"region":2135,"area":501}},{"x":899,"y":2760,"data":{"alt":4,"fertility":60,"region":2135,"area":501}},{"x":900,"y":2760,"data":{"alt":4,"fertility":60,"region":2135,"area":501}},{"x":901,"y":2760,"data":{"alt":4,"fertility":60,"region":2135,"area":501}},{"x":902,"y":2760,"data":{"alt":4,"fertility":60,"region":2135,"area":501}},{"x":903,"y":2760,"data":{"alt":4,"fertility":60,"region":2135,"area":501}},{"x":904,"y":2760,"data":{"alt":4,"fertility":60,"region":2135,"area":501}},{"x":905,"y":2760,"data":{"alt":4,"fertility":60,"region":2135,"area":501}},{"x":906,"y":2760,"data":{"alt":4,"fertility":60,"region":2135,"area":501}},{"x":907,"y":2760,"data":{"alt":4,"fertility":60,"region":2135,"area":501}},{"x":908,"y":2760,"data":{"alt":4,"fertility":60,"region":2135,"area":501}},{"x":909,"y":2760,"data":{"alt":4,"fertility":60,"region":2135,"area":501}},{"x":910,"y":2760,"data":{"alt":4,"fertility":60,"region":2135,"area":501}},{"x":911,"y":2760,"data":{"alt":3,"fertility":60,"region":2135,"area":501}},{"x":912,"y":2760,"data":{"alt":3,"fertility":60,"region":2135,"area":501}},{"x":896,"y":2761,"data":{"alt":5,"fertility":60,"region":2135,"area":501}},{"x":897,"y":2761,"data":{"alt":5,"fertility":60,"region":2135,"area":501}},{"x":898,"y":2761,"data":{"alt":5,"fertility":60,"region":2135,"area":501}},{"x":899,"y":2761,"data":{"alt":4,"fertility":60,"region":2135,"area":501}},{"x":900,"y":2761,"data":{"alt":4,"fertility":60,"region":2135,"area":501}},{"x":901,"y":2761,"data":{"alt":4,"fertility":60,"region":2135,"area":501}},{"x":902,"y":2761,"data":{"alt":4,"fertility":60,"region":2135,"area":501}},{"x":903,"y":2761,"data":{"alt":4,"fertility":60,"region":2135,"area":501}},{"x":904,"y":2761,"data":{"alt":6,"fertility":60,"region":2135,"area":501}},{"x":905,"y":2761,"data":{"alt":4,"fertility":60,"region":2135,"area":501}},{"x":906,"y":2761,"data":{"alt":4,"fertility":60,"region":2135,"area":501}},{"x":907,"y":2761,"data":{"alt":3,"fertility":60,"region":2135,"area":501}},{"x":908,"y":2761,"data":{"alt":3,"fertility":60,"region":2135,"area":501}},{"x":909,"y":2761,"data":{"alt":3,"fertility":60,"region":2135,"area":501}},{"x":910,"y":2761,"data":{"alt":3,"fertility":60,"region":2135,"area":501}},{"x":911,"y":2761,"data":{"alt":3,"fertility":60,"region":2135,"area":501}},{"x":912,"y":2761,"data":{"alt":2,"fertility":60,"region":2135,"area":501}},{"x":896,"y":2762,"data":{"alt":5,"fertility":60,"region":2135,"area":501}},{"x":897,"y":2762,"data":{"alt":5,"fertility":60,"region":2135,"area":501}},{"x":898,"y":2762,"data":{"alt":5,"fertility":60,"region":2135,"area":501}},{"x":899,"y":2762,"data":{"alt":4,"fertility":60,"region":2135,"area":501}},{"x":900,"y":2762,"data":{"alt":6,"fertility":60,"region":2135,"area":501}},{"x":901,"y":2762,"data":{"alt":4,"fertility":60,"region":2135,"area":501}},{"x":902,"y":2762,"data":{"alt":4,"fertility":60,"region":2135,"area":501}},{"x":903,"y":2762,"data":{"alt":4,"fertility":60,"region":2135,"area":501}},{"x":904,"y":2762,"data":{"alt":4,"fertility":60,"region":2135,"area":501}},{"x":910,"y":2762,"data":{"alt":2,"fertility":60,"region":2135,"area":501}},{"x":896,"y":2763,"data":{"alt":5,"fertility":60,"region":2135,"area":501}},{"x":897,"y":2763,"data":{"alt":5,"fertility":60,"region":2135,"area":501}},{"x":898,"y":2763,"data":{"alt":5,"fertility":60,"region":2135,"area":501}},{"x":899,"y":2763,"data":{"alt":5,"fertility":60,"region":2135,"area":501}},{"x":900,"y":2763,"data":{"alt":4,"fertility":60,"region":2135,"area":501}},{"x":901,"y":2763,"data":{"alt":4,"fertility":60,"region":2135,"area":501}},{"x":896,"y":2764,"data":{"alt":5,"fertility":60,"region":2135,"area":501}},{"x":897,"y":2764,"data":{"alt":5,"fertility":60,"region":2135,"area":501}},{"x":898,"y":2764,"data":{"alt":5,"fertility":60,"region":2135,"area":501}},{"x":899,"y":2764,"data":{"alt":5,"fertility":60,"region":2135,"area":501}},{"x":896,"y":2765,"data":{"alt":5,"fertility":60,"region":2135,"area":501}},{"x":897,"y":2765,"data":{"alt":5,"fertility":60,"region":2135,"area":501}},{"x":898,"y":2765,"data":{"alt":5,"fertility":60,"region":2135,"area":501}},{"x":899,"y":2765,"data":{"alt":5,"fertility":60,"region":2135,"area":501}},{"x":900,"y":2765,"data":{"alt":4,"fertility":60,"region":2135,"area":501}},{"x":896,"y":2766,"data":{"alt":6,"fertility":60,"region":2135,"area":501}},{"x":897,"y":2766,"data":{"alt":5,"fertility":60,"region":2135,"area":501}},{"x":898,"y":2766,"data":{"alt":5,"fertility":60,"region":2135,"area":501}},{"x":899,"y":2766,"data":{"alt":5,"fertility":60,"region":2135,"area":501}},{"x":900,"y":2766,"data":{"alt":4,"fertility":60,"region":2135,"area":501}},{"x":896,"y":2767,"data":{"alt":5,"fertility":60,"region":2135,"area":501}},{"x":897,"y":2767,"data":{"alt":5,"fertility":60,"region":2135,"area":501}},{"x":898,"y":2767,"data":{"alt":5,"fertility":60,"region":2135,"area":501}},{"x":899,"y":2767,"data":{"alt":4,"fertility":60,"region":2135,"area":501}},{"x":896,"y":2768,"data":{"alt":5,"fertility":60,"region":2135,"area":501}},{"x":897,"y":2768,"data":{"alt":5,"fertility":60,"region":2135,"area":501}},{"x":898,"y":2768,"data":{"alt":5,"fertility":60,"region":2135,"area":501}},{"x":896,"y":2769,"data":{"alt":4,"fertility":60,"region":2135,"area":501}},{"x":897,"y":2769,"data":{"alt":4,"fertility":60,"region":2135,"area":501}},{"x":898,"y":2769,"data":{"alt":4,"fertility":60,"region":2135,"area":501}},{"x":899,"y":2769,"data":{"alt":4,"fertility":60,"region":2135,"area":501}},{"x":897,"y":2770,"data":{"alt":4,"fertility":60,"region":2135,"area":501}}]