[{"x":3967,"y":3136,"data":{"alt":50,"type":2,"area":502}},{"x":3967,"y":3113,"data":{"alt":50,"type":1,"area":502}},{"x":3967,"y":3114,"data":{"alt":50,"type":1,"area":502}},{"x":3966,"y":3115,"data":{"alt":50,"type":2,"area":502}},{"x":3967,"y":3115,"data":{"alt":50,"type":1,"area":502}},{"x":3967,"y":3116,"data":{"alt":50,"type":1,"area":502}},{"x":3965,"y":3119,"data":{"alt":50,"type":2,"area":502}},{"x":3966,"y":3119,"data":{"alt":50,"type":2,"area":502}},{"x":3967,"y":3119,"data":{"alt":50,"type":2,"area":502}},{"x":3967,"y":3120,"data":{"alt":50,"type":2,"area":502}},{"x":3963,"y":3121,"data":{"alt":50,"type":2,"area":502}},{"x":3964,"y":3121,"data":{"alt":50,"type":2,"area":502}},{"x":3965,"y":3121,"data":{"alt":50,"type":2,"area":502}},{"x":3966,"y":3121,"data":{"alt":50,"type":2,"area":502}},{"x":3967,"y":3121,"data":{"alt":50,"type":2,"area":502}},{"x":3963,"y":3122,"data":{"alt":50,"type":2,"area":502}},{"x":3964,"y":3122,"data":{"alt":50,"type":2,"area":502}},{"x":3965,"y":3122,"data":{"alt":50,"type":2,"area":502}},{"x":3966,"y":3122,"data":{"alt":50,"type":2,"area":502}},{"x":3967,"y":3122,"data":{"alt":50,"type":2,"area":502}},{"x":3963,"y":3123,"data":{"alt":50,"type":2,"area":502}},{"x":3966,"y":3123,"data":{"alt":50,"type":2,"area":502}},{"x":3967,"y":3123,"data":{"alt":50,"type":2,"area":502}},{"x":3963,"y":3124,"data":{"alt":50,"type":2,"area":502}},{"x":3965,"y":3124,"data":{"alt":50,"type":2,"area":502}},{"x":3966,"y":3124,"data":{"alt":50,"type":2,"area":502}},{"x":3967,"y":3124,"data":{"alt":50,"type":2,"area":502}},{"x":3963,"y":3125,"data":{"alt":50,"type":2,"area":502}},{"x":3967,"y":3125,"data":{"alt":50,"type":1,"area":502}},{"x":3963,"y":3126,"data":{"alt":50,"type":2,"area":502}},{"x":3964,"y":3126,"data":{"alt":50,"type":2,"area":502}},{"x":3962,"y":3127,"data":{"alt":50,"type":2,"area":502}},{"x":3963,"y":3127,"data":{"alt":50,"type":2,"area":502}},{"x":3964,"y":3127,"data":{"alt":50,"type":2,"area":502}},{"x":3962,"y":3128,"data":{"alt":50,"type":2,"area":502}},{"x":3963,"y":3128,"data":{"alt":50,"type":2,"area":502}},{"x":3963,"y":3129,"data":{"alt":50,"type":2,"area":502}},{"x":3968,"y":3116,"data":{"alt":50,"type":2,"area":502}},{"x":3969,"y":3116,"data":{"alt":50,"type":2,"area":502}},{"x":3968,"y":3117,"data":{"alt":50,"type":1,"area":502}},{"x":3968,"y":3118,"data":{"alt":50,"type":1,"area":502}},{"x":3968,"y":3119,"data":{"alt":50,"type":1,"area":502}},{"x":3970,"y":3119,"data":{"alt":50,"type":2,"area":502}},{"x":3968,"y":3120,"data":{"alt":50,"type":1,"area":502}},{"x":3969,"y":3120,"data":{"alt":50,"type":2,"area":502}},{"x":3970,"y":3120,"data":{"alt":50,"type":2,"area":502}},{"x":3971,"y":3120,"data":{"alt":50,"type":2,"area":502}},{"x":3968,"y":3121,"data":{"alt":50,"type":2,"area":502}},{"x":3969,"y":3121,"data":{"alt":50,"type":1,"area":502}},{"x":3970,"y":3121,"data":{"alt":50,"type":2,"area":502}},{"x":3971,"y":3121,"data":{"alt":50,"type":2,"area":502}},{"x":3968,"y":3122,"data":{"alt":50,"type":2,"area":502}},{"x":3969,"y":3122,"data":{"alt":50,"type":2,"area":502}},{"x":3970,"y":3122,"data":{"alt":50,"type":1,"area":502}},{"x":3968,"y":3123,"data":{"alt":50,"type":2,"area":502}},{"x":3969,"y":3123,"data":{"alt":50,"type":1,"area":502}},{"x":3970,"y":3123,"data":{"alt":50,"type":2,"area":502}},{"x":3972,"y":3123,"data":{"alt":50,"type":2,"area":502}},{"x":3968,"y":3124,"data":{"alt":50,"type":1,"area":502}},{"x":3969,"y":3124,"data":{"alt":50,"type":2,"area":502}},{"x":3970,"y":3124,"data":{"alt":50,"type":2,"area":502}},{"x":3972,"y":3124,"data":{"alt":50,"type":2,"area":502}},{"x":3968,"y":3125,"data":{"alt":50,"type":2,"area":502}},{"x":3969,"y":3125,"data":{"alt":50,"type":2,"area":502}},{"x":3970,"y":3125,"data":{"alt":50,"type":2,"area":502}},{"x":3971,"y":3125,"data":{"alt":50,"type":2,"area":502}},{"x":3972,"y":3125,"data":{"alt":50,"type":2,"area":502}},{"x":3970,"y":3126,"data":{"alt":50,"type":2,"area":502}},{"x":3971,"y":3126,"data":{"alt":50,"type":2,"area":502}},{"x":3972,"y":3126,"data":{"alt":50,"type":2,"area":502}},{"x":3969,"y":3127,"data":{"alt":50,"type":2,"area":502}},{"x":3970,"y":3127,"data":{"alt":50,"type":2,"area":502}},{"x":3971,"y":3127,"data":{"alt":50,"type":2,"area":502}},{"x":3972,"y":3127,"data":{"alt":50,"type":2,"area":502}},{"x":3973,"y":3127,"data":{"alt":50,"type":2,"area":502}},{"x":3973,"y":3128,"data":{"alt":50,"type":2,"area":502}},{"x":3971,"y":3129,"data":{"alt":50,"type":2,"area":502}},{"x":3972,"y":3129,"data":{"alt":50,"type":2,"area":502}},{"x":3973,"y":3129,"data":{"alt":50,"type":2,"area":502}},{"x":3971,"y":3130,"data":{"alt":50,"type":2,"area":502}},{"x":3972,"y":3130,"data":{"alt":50,"type":2,"area":502}},{"x":3973,"y":3130,"data":{"alt":50,"type":2,"area":502}},{"x":3972,"y":3131,"data":{"alt":50,"type":2,"area":502}},{"x":3973,"y":3131,"data":{"alt":50,"type":2,"area":502}},{"x":3973,"y":3132,"data":{"alt":50,"type":2,"area":502}},{"x":3968,"y":3133,"data":{"alt":50,"type":1,"area":502}},{"x":3972,"y":3133,"data":{"alt":50,"type":2,"area":502}},{"x":3973,"y":3133,"data":{"alt":50,"type":2,"area":502}},{"x":3968,"y":3134,"data":{"alt":50,"type":1,"area":502}},{"x":3969,"y":3134,"data":{"alt":50,"type":2,"area":502}},{"x":3970,"y":3134,"data":{"alt":50,"type":2,"area":502}},{"x":3972,"y":3134,"data":{"alt":50,"type":2,"area":502}},{"x":3968,"y":3135,"data":{"alt":50,"type":1,"area":502}},{"x":3969,"y":3135,"data":{"alt":50,"type":2,"area":502}},{"x":3970,"y":3135,"data":{"alt":50,"type":2,"area":502}},{"x":3971,"y":3135,"data":{"alt":50,"type":2,"area":502}},{"x":3972,"y":3135,"data":{"alt":50,"type":2,"area":502}},{"x":3968,"y":3136,"data":{"alt":50,"type":1,"area":502}},{"x":3969,"y":3136,"data":{"alt":50,"type":2,"area":502}},{"x":3970,"y":3136,"data":{"alt":50,"type":2,"area":502}},{"x":3971,"y":3136,"data":{"alt":50,"type":2,"area":502}},{"x":3972,"y":3136,"data":{"alt":50,"type":2,"area":502}},{"x":3969,"y":3137,"data":{"alt":50,"type":1,"area":502}},{"x":3970,"y":3137,"data":{"alt":50,"type":2,"area":502}},{"x":3971,"y":3137,"data":{"alt":50,"type":2,"area":502}},{"x":3969,"y":3138,"data":{"alt":50,"type":2,"area":502}},{"x":3970,"y":3138,"data":{"alt":51,"type":1,"area":502}}]