[{"x":3966,"y":3126,"data":{"alt":50,"type":1,"area":504}},{"x":3966,"y":3127,"data":{"alt":50,"type":1,"area":504}},{"x":3966,"y":3128,"data":{"alt":50,"type":1,"area":504}},{"x":3966,"y":3129,"data":{"alt":50,"type":1,"area":504}},{"x":3964,"y":3130,"data":{"alt":50,"type":2,"area":504}},{"x":3965,"y":3130,"data":{"alt":50,"type":2,"area":504}},{"x":3966,"y":3130,"data":{"alt":50,"type":1,"area":504}},{"x":3965,"y":3131,"data":{"alt":50,"type":2,"area":504}},{"x":3966,"y":3131,"data":{"alt":50,"type":1,"area":504}},{"x":3966,"y":3132,"data":{"alt":50,"type":2,"area":504}},{"x":3967,"y":3132,"data":{"alt":50,"type":1,"area":504}},{"x":3966,"y":3133,"data":{"alt":50,"type":2,"area":504}}]