[{"x":3968,"y":3089,"data":{"alt":8,"type":1,"area":506}},{"x":3968,"y":3090,"data":{"alt":8,"type":1,"area":506}},{"x":3968,"y":3091,"data":{"alt":8,"type":1,"area":506}},{"x":3968,"y":3092,"data":{"alt":8,"type":1,"area":506}},{"x":3968,"y":3093,"data":{"alt":8,"type":1,"area":506}},{"x":3968,"y":3094,"data":{"alt":8,"type":1,"area":506}},{"x":3968,"y":3095,"data":{"alt":8,"type":1,"area":506}},{"x":3968,"y":3096,"data":{"alt":8,"type":1,"area":506}},{"x":3968,"y":3097,"data":{"alt":8,"type":1,"area":506}},{"x":3968,"y":3098,"data":{"alt":8,"type":1,"area":506}}]