[{"x":899,"y":749,"data":{"alt":7,"fertility":100,"forest":40,"region":2101,"area":507}},{"x":900,"y":749,"data":{"alt":7,"fertility":100,"region":2101,"area":507}},{"x":896,"y":750,"data":{"alt":6,"fertility":100,"region":2101,"area":507}},{"x":897,"y":750,"data":{"alt":7,"fertility":100,"region":2101,"area":507}},{"x":898,"y":750,"data":{"alt":7,"fertility":100,"region":2101,"area":507}},{"x":899,"y":750,"data":{"alt":6,"fertility":100,"forest":80,"region":2101,"area":507}},{"x":900,"y":750,"data":{"alt":7,"fertility":100,"region":2101,"area":507}},{"x":896,"y":751,"data":{"alt":7,"fertility":100,"region":2101,"area":507}},{"x":897,"y":751,"data":{"alt":6,"fertility":100,"region":2101,"area":507}},{"x":898,"y":751,"data":{"alt":7,"fertility":100,"region":2101,"area":507}},{"x":899,"y":751,"data":{"alt":7,"fertility":100,"forest":80,"region":2101,"area":507}},{"x":900,"y":751,"data":{"alt":7,"fertility":100,"region":2101,"area":507}},{"x":896,"y":752,"data":{"alt":7,"fertility":100,"region":2101,"area":507}},{"x":897,"y":752,"data":{"alt":7,"fertility":100,"region":2101,"area":507}},{"x":898,"y":752,"data":{"alt":6,"fertility":100,"forest":80,"region":2101,"area":507}},{"x":899,"y":752,"data":{"alt":7,"fertility":100,"forest":80,"region":2101,"area":507}}]