[{"x":900,"y":965,"data":{"alt":4,"fertility":100,"region":2101,"area":509}},{"x":899,"y":966,"data":{"alt":4,"fertility":100,"region":2101,"area":509}},{"x":900,"y":966,"data":{"alt":3,"fertility":100,"region":2101,"area":509}},{"x":901,"y":966,"data":{"alt":3,"fertility":100,"region":2101,"area":509}},{"x":902,"y":966,"data":{"alt":3,"fertility":100,"forest":40,"region":2101,"area":509}},{"x":903,"y":966,"data":{"alt":4,"fertility":100,"region":2101,"area":509}},{"x":904,"y":966,"data":{"alt":4,"fertility":100,"region":2101,"area":509}},{"x":906,"y":966,"data":{"alt":3,"fertility":100,"region":2101,"area":509}},{"x":902,"y":967,"data":{"alt":3,"fertility":100,"region":2101,"area":509}},{"x":903,"y":967,"data":{"alt":3,"fertility":100,"forest":40,"region":2101,"area":509}},{"x":904,"y":967,"data":{"alt":3,"fertility":100,"region":2101,"area":509}},{"x":905,"y":967,"data":{"alt":3,"fertility":100,"region":2101,"area":509}},{"x":906,"y":967,"data":{"alt":4,"fertility":100,"region":2101,"area":509}},{"x":907,"y":967,"data":{"alt":3,"fertility":100,"forest":80,"region":2101,"area":509}}]