[{"x":3975,"y":3344,"data":{"alt":7,"type":1,"area":510}},{"x":3976,"y":3344,"data":{"alt":7,"type":2,"area":510}},{"x":3975,"y":3345,"data":{"alt":7,"type":1,"area":510}},{"x":3975,"y":3346,"data":{"alt":7,"type":1,"area":510}},{"x":3975,"y":3347,"data":{"alt":7,"type":1,"area":510}},{"x":3975,"y":3348,"data":{"alt":7,"type":1,"area":510}},{"x":3975,"y":3349,"data":{"alt":7,"type":1,"area":510}},{"x":3975,"y":3350,"data":{"alt":7,"type":1,"area":510}},{"x":3975,"y":3351,"data":{"alt":7,"type":1,"area":510}},{"x":3975,"y":3352,"data":{"alt":7,"type":1,"area":510}}]