[{"x":522,"y":128,"data":{"alt":2,"type":2,"area":52}},{"x":523,"y":128,"data":{"alt":2,"type":2,"area":52}},{"x":524,"y":128,"data":{"alt":2,"type":2,"area":52}},{"x":525,"y":128,"data":{"alt":2,"type":2,"area":52}},{"x":526,"y":128,"data":{"alt":2,"type":2,"area":52}},{"x":520,"y":129,"data":{"alt":2,"type":2,"area":52}},{"x":521,"y":129,"data":{"alt":2,"type":2,"area":52}},{"x":522,"y":129,"data":{"alt":2,"type":2,"area":52}},{"x":523,"y":129,"data":{"alt":2,"type":2,"area":52}},{"x":524,"y":129,"data":{"alt":2,"type":2,"area":52}},{"x":525,"y":129,"data":{"alt":2,"type":2,"area":52}},{"x":526,"y":129,"data":{"alt":2,"type":2,"area":52}},{"x":527,"y":129,"data":{"alt":2,"type":2,"area":52}},{"x":519,"y":130,"data":{"alt":2,"type":2,"area":52}},{"x":520,"y":130,"data":{"alt":2,"type":2,"area":52}},{"x":521,"y":130,"data":{"alt":2,"type":2,"area":52}},{"x":522,"y":130,"data":{"alt":2,"type":2,"area":52}},{"x":523,"y":130,"data":{"alt":2,"type":2,"area":52}},{"x":524,"y":130,"data":{"alt":2,"type":2,"area":52}},{"x":525,"y":130,"data":{"alt":2,"type":2,"area":52}},{"x":526,"y":130,"data":{"alt":2,"type":2,"area":52}},{"x":527,"y":130,"data":{"alt":2,"type":2,"area":52}},{"x":518,"y":131,"data":{"alt":2,"type":2,"area":52}},{"x":519,"y":131,"data":{"alt":2,"type":2,"area":52}},{"x":520,"y":131,"data":{"alt":2,"type":2,"area":52}},{"x":521,"y":131,"data":{"alt":2,"type":2,"area":52}},{"x":522,"y":131,"data":{"alt":2,"type":2,"area":52}},{"x":523,"y":131,"data":{"alt":2,"type":2,"area":52}},{"x":524,"y":131,"data":{"alt":2,"type":2,"area":52}},{"x":525,"y":131,"data":{"alt":2,"type":2,"area":52}},{"x":526,"y":131,"data":{"alt":2,"type":2,"area":52}},{"x":527,"y":131,"data":{"alt":2,"type":2,"area":52}},{"x":528,"y":131,"data":{"alt":2,"type":2,"area":52}},{"x":519,"y":132,"data":{"alt":2,"type":2,"area":52}},{"x":520,"y":132,"data":{"alt":2,"type":2,"area":52}},{"x":521,"y":132,"data":{"alt":2,"type":2,"area":52}},{"x":522,"y":132,"data":{"alt":2,"type":2,"area":52}},{"x":523,"y":132,"data":{"alt":2,"type":2,"area":52}},{"x":524,"y":132,"data":{"alt":2,"type":2,"area":52}},{"x":525,"y":132,"data":{"alt":2,"type":2,"area":52}},{"x":526,"y":132,"data":{"alt":2,"type":2,"area":52}},{"x":527,"y":132,"data":{"alt":2,"type":2,"area":52}},{"x":518,"y":133,"data":{"alt":2,"type":2,"area":52}},{"x":519,"y":133,"data":{"alt":2,"type":2,"area":52}},{"x":520,"y":133,"data":{"alt":2,"type":2,"area":52}},{"x":521,"y":133,"data":{"alt":2,"type":2,"area":52}},{"x":522,"y":133,"data":{"alt":2,"type":2,"area":52}},{"x":523,"y":133,"data":{"alt":2,"type":2,"area":52}},{"x":524,"y":133,"data":{"alt":2,"type":2,"area":52}},{"x":525,"y":133,"data":{"alt":2,"type":2,"area":52}},{"x":526,"y":133,"data":{"alt":2,"type":2,"area":52}},{"x":527,"y":133,"data":{"alt":2,"type":2,"area":52}},{"x":528,"y":133,"data":{"alt":2,"type":2,"area":52}},{"x":517,"y":134,"data":{"alt":2,"type":2,"area":52}},{"x":518,"y":134,"data":{"alt":2,"type":2,"area":52}},{"x":519,"y":134,"data":{"alt":2,"type":2,"area":52}},{"x":520,"y":134,"data":{"alt":2,"type":2,"area":52}},{"x":521,"y":134,"data":{"alt":2,"type":2,"area":52}},{"x":522,"y":134,"data":{"alt":2,"type":2,"area":52}},{"x":523,"y":134,"data":{"alt":2,"type":2,"area":52}},{"x":524,"y":134,"data":{"alt":2,"type":2,"area":52}},{"x":525,"y":134,"data":{"alt":2,"type":2,"area":52}},{"x":526,"y":134,"data":{"alt":2,"type":2,"area":52}},{"x":527,"y":134,"data":{"alt":2,"type":2,"area":52}},{"x":528,"y":134,"data":{"alt":2,"type":2,"area":52}},{"x":516,"y":135,"data":{"alt":2,"type":2,"area":52}},{"x":517,"y":135,"data":{"alt":2,"type":2,"area":52}},{"x":518,"y":135,"data":{"alt":2,"type":2,"area":52}},{"x":519,"y":135,"data":{"alt":2,"type":2,"area":52}},{"x":520,"y":135,"data":{"alt":2,"type":2,"area":52}},{"x":521,"y":135,"data":{"alt":2,"type":2,"area":52}},{"x":522,"y":135,"data":{"alt":2,"type":2,"area":52}},{"x":523,"y":135,"data":{"alt":2,"type":2,"area":52}},{"x":524,"y":135,"data":{"alt":2,"type":2,"area":52}},{"x":525,"y":135,"data":{"alt":2,"type":2,"area":52}},{"x":526,"y":135,"data":{"alt":2,"type":2,"area":52}},{"x":527,"y":135,"data":{"alt":2,"type":2,"area":52}},{"x":528,"y":135,"data":{"alt":2,"type":2,"area":52}},{"x":517,"y":136,"data":{"alt":2,"type":2,"area":52}},{"x":518,"y":136,"data":{"alt":2,"type":2,"area":52}},{"x":519,"y":136,"data":{"alt":2,"type":2,"area":52}},{"x":520,"y":136,"data":{"alt":2,"type":2,"area":52}},{"x":521,"y":136,"data":{"alt":2,"type":2,"area":52}},{"x":522,"y":136,"data":{"alt":2,"type":2,"area":52}},{"x":523,"y":136,"data":{"alt":2,"type":2,"area":52}},{"x":524,"y":136,"data":{"alt":2,"type":2,"area":52}},{"x":525,"y":136,"data":{"alt":2,"type":2,"area":52}},{"x":526,"y":136,"data":{"alt":2,"type":2,"area":52}},{"x":527,"y":136,"data":{"alt":2,"type":2,"area":52}},{"x":528,"y":136,"data":{"alt":2,"type":2,"area":52}},{"x":529,"y":136,"data":{"alt":2,"type":2,"area":52}},{"x":512,"y":137,"data":{"alt":2,"type":2,"area":52}},{"x":513,"y":137,"data":{"alt":2,"type":2,"area":52}},{"x":515,"y":137,"data":{"alt":2,"type":2,"area":52}},{"x":516,"y":137,"data":{"alt":2,"type":2,"area":52}},{"x":517,"y":137,"data":{"alt":2,"type":2,"area":52}},{"x":518,"y":137,"data":{"alt":2,"type":2,"area":52}},{"x":519,"y":137,"data":{"alt":2,"type":2,"area":52}},{"x":520,"y":137,"data":{"alt":2,"type":2,"area":52}},{"x":521,"y":137,"data":{"alt":2,"type":2,"area":52}},{"x":522,"y":137,"data":{"alt":2,"type":2,"area":52}},{"x":523,"y":137,"data":{"alt":2,"type":2,"area":52}},{"x":524,"y":137,"data":{"alt":2,"type":2,"area":52}},{"x":525,"y":137,"data":{"alt":2,"type":2,"area":52}},{"x":526,"y":137,"data":{"alt":2,"type":2,"area":52}},{"x":527,"y":137,"data":{"alt":2,"type":2,"area":52}},{"x":528,"y":137,"data":{"alt":2,"type":2,"area":52}},{"x":529,"y":137,"data":{"alt":2,"type":2,"area":52}},{"x":512,"y":138,"data":{"alt":2,"type":2,"area":52}},{"x":513,"y":138,"data":{"alt":2,"type":2,"area":52}},{"x":514,"y":138,"data":{"alt":2,"type":2,"area":52}},{"x":515,"y":138,"data":{"alt":2,"type":2,"area":52}},{"x":516,"y":138,"data":{"alt":2,"type":2,"area":52}},{"x":517,"y":138,"data":{"alt":2,"type":2,"area":52}},{"x":518,"y":138,"data":{"alt":2,"type":2,"area":52}},{"x":519,"y":138,"data":{"alt":2,"type":2,"area":52}},{"x":520,"y":138,"data":{"alt":2,"type":2,"area":52}},{"x":521,"y":138,"data":{"alt":2,"type":2,"area":52}},{"x":522,"y":138,"data":{"alt":2,"type":2,"area":52}},{"x":523,"y":138,"data":{"alt":2,"type":2,"area":52}},{"x":524,"y":138,"data":{"alt":2,"type":2,"area":52}},{"x":525,"y":138,"data":{"alt":2,"type":2,"area":52}},{"x":526,"y":138,"data":{"alt":2,"type":2,"area":52}},{"x":527,"y":138,"data":{"alt":2,"type":2,"area":52}},{"x":528,"y":138,"data":{"alt":2,"type":2,"area":52}},{"x":529,"y":138,"data":{"alt":2,"type":2,"area":52}},{"x":530,"y":138,"data":{"alt":2,"type":2,"area":52}},{"x":531,"y":138,"data":{"alt":2,"type":2,"area":52}},{"x":512,"y":139,"data":{"alt":2,"type":2,"area":52}},{"x":513,"y":139,"data":{"alt":2,"type":2,"area":52}},{"x":514,"y":139,"data":{"alt":2,"type":2,"area":52}},{"x":515,"y":139,"data":{"alt":2,"type":2,"area":52}},{"x":516,"y":139,"data":{"alt":2,"type":2,"area":52}},{"x":517,"y":139,"data":{"alt":2,"type":2,"area":52}},{"x":518,"y":139,"data":{"alt":2,"type":2,"area":52}},{"x":519,"y":139,"data":{"alt":2,"type":2,"area":52}},{"x":520,"y":139,"data":{"alt":2,"type":2,"area":52}},{"x":521,"y":139,"data":{"alt":2,"type":2,"area":52}},{"x":522,"y":139,"data":{"alt":2,"type":2,"area":52}},{"x":523,"y":139,"data":{"alt":2,"type":2,"area":52}},{"x":524,"y":139,"data":{"alt":2,"type":2,"area":52}},{"x":525,"y":139,"data":{"alt":2,"type":2,"area":52}},{"x":526,"y":139,"data":{"alt":2,"type":2,"area":52}},{"x":527,"y":139,"data":{"alt":2,"type":2,"area":52}},{"x":528,"y":139,"data":{"alt":2,"type":2,"area":52}},{"x":529,"y":139,"data":{"alt":2,"type":2,"area":52}},{"x":530,"y":139,"data":{"alt":2,"type":2,"area":52}},{"x":531,"y":139,"data":{"alt":2,"type":2,"area":52}},{"x":512,"y":140,"data":{"alt":2,"type":2,"area":52}},{"x":513,"y":140,"data":{"alt":2,"type":2,"area":52}},{"x":514,"y":140,"data":{"alt":2,"type":2,"area":52}},{"x":515,"y":140,"data":{"alt":2,"type":2,"area":52}},{"x":516,"y":140,"data":{"alt":2,"type":2,"area":52}},{"x":517,"y":140,"data":{"alt":2,"type":2,"area":52}},{"x":518,"y":140,"data":{"alt":2,"type":2,"area":52}},{"x":519,"y":140,"data":{"alt":2,"type":2,"area":52}},{"x":520,"y":140,"data":{"alt":2,"type":2,"area":52}},{"x":521,"y":140,"data":{"alt":2,"type":2,"area":52}},{"x":522,"y":140,"data":{"alt":2,"type":2,"area":52}},{"x":523,"y":140,"data":{"alt":2,"type":2,"area":52}},{"x":524,"y":140,"data":{"alt":2,"type":2,"area":52}},{"x":525,"y":140,"data":{"alt":2,"type":2,"area":52}},{"x":526,"y":140,"data":{"alt":2,"type":2,"area":52}},{"x":527,"y":140,"data":{"alt":2,"type":2,"area":52}},{"x":528,"y":140,"data":{"alt":2,"type":2,"area":52}},{"x":529,"y":140,"data":{"alt":2,"type":2,"area":52}},{"x":530,"y":140,"data":{"alt":2,"type":2,"area":52}},{"x":531,"y":140,"data":{"alt":2,"type":2,"area":52}},{"x":512,"y":141,"data":{"alt":2,"type":2,"area":52}},{"x":513,"y":141,"data":{"alt":2,"type":2,"area":52}},{"x":514,"y":141,"data":{"alt":2,"type":2,"area":52}},{"x":515,"y":141,"data":{"alt":2,"type":2,"area":52}},{"x":516,"y":141,"data":{"alt":2,"type":2,"area":52}},{"x":517,"y":141,"data":{"alt":2,"type":2,"area":52}},{"x":518,"y":141,"data":{"alt":2,"type":2,"area":52}},{"x":519,"y":141,"data":{"alt":2,"type":2,"area":52}},{"x":520,"y":141,"data":{"alt":2,"type":2,"area":52}},{"x":521,"y":141,"data":{"alt":2,"type":2,"area":52}},{"x":522,"y":141,"data":{"alt":2,"type":2,"area":52}},{"x":523,"y":141,"data":{"alt":2,"type":2,"area":52}},{"x":524,"y":141,"data":{"alt":2,"type":2,"area":52}},{"x":525,"y":141,"data":{"alt":2,"type":2,"area":52}},{"x":526,"y":141,"data":{"alt":2,"type":2,"area":52}},{"x":527,"y":141,"data":{"alt":2,"type":2,"area":52}},{"x":528,"y":141,"data":{"alt":2,"type":2,"area":52}},{"x":529,"y":141,"data":{"alt":2,"type":2,"area":52}},{"x":530,"y":141,"data":{"alt":2,"type":2,"area":52}},{"x":512,"y":142,"data":{"alt":2,"type":2,"area":52}},{"x":513,"y":142,"data":{"alt":2,"type":2,"area":52}},{"x":514,"y":142,"data":{"alt":2,"type":2,"area":52}},{"x":515,"y":142,"data":{"alt":2,"type":2,"area":52}},{"x":516,"y":142,"data":{"alt":2,"type":2,"area":52}},{"x":517,"y":142,"data":{"alt":2,"type":2,"area":52}},{"x":518,"y":142,"data":{"alt":2,"type":2,"area":52}},{"x":519,"y":142,"data":{"alt":2,"type":2,"area":52}},{"x":520,"y":142,"data":{"alt":2,"type":2,"area":52}},{"x":521,"y":142,"data":{"alt":2,"type":2,"area":52}},{"x":522,"y":142,"data":{"alt":2,"type":2,"area":52}},{"x":523,"y":142,"data":{"alt":2,"type":2,"area":52}},{"x":524,"y":142,"data":{"alt":2,"type":2,"area":52}},{"x":525,"y":142,"data":{"alt":2,"type":2,"area":52}},{"x":526,"y":142,"data":{"alt":2,"type":2,"area":52}},{"x":527,"y":142,"data":{"alt":2,"type":2,"area":52}},{"x":528,"y":142,"data":{"alt":2,"type":2,"area":52}},{"x":513,"y":143,"data":{"alt":2,"type":2,"area":52}},{"x":514,"y":143,"data":{"alt":2,"type":2,"area":52}},{"x":515,"y":143,"data":{"alt":2,"type":2,"area":52}},{"x":516,"y":143,"data":{"alt":2,"type":2,"area":52}},{"x":517,"y":143,"data":{"alt":2,"type":2,"area":52}},{"x":518,"y":143,"data":{"alt":2,"type":2,"area":52}},{"x":519,"y":143,"data":{"alt":2,"type":2,"area":52}},{"x":520,"y":143,"data":{"alt":2,"type":2,"area":52}},{"x":523,"y":143,"data":{"alt":2,"type":2,"area":52}},{"x":524,"y":143,"data":{"alt":2,"type":2,"area":52}},{"x":525,"y":143,"data":{"alt":2,"type":2,"area":52}},{"x":526,"y":143,"data":{"alt":2,"type":2,"area":52}},{"x":527,"y":143,"data":{"alt":2,"type":2,"area":52}},{"x":528,"y":143,"data":{"alt":2,"type":2,"area":52}},{"x":516,"y":144,"data":{"alt":2,"type":2,"area":52}},{"x":517,"y":144,"data":{"alt":2,"type":2,"area":52}},{"x":518,"y":144,"data":{"alt":2,"type":2,"area":52}},{"x":522,"y":144,"data":{"alt":2,"type":2,"area":52}},{"x":523,"y":144,"data":{"alt":2,"type":2,"area":52}},{"x":524,"y":144,"data":{"alt":2,"type":2,"area":52}},{"x":525,"y":144,"data":{"alt":2,"type":2,"area":52}},{"x":526,"y":144,"data":{"alt":2,"type":2,"area":52}},{"x":527,"y":144,"data":{"alt":2,"type":2,"area":52}},{"x":517,"y":145,"data":{"alt":2,"type":2,"area":52}},{"x":518,"y":145,"data":{"alt":2,"type":2,"area":52}},{"x":522,"y":145,"data":{"alt":2,"type":2,"area":52}},{"x":523,"y":145,"data":{"alt":2,"type":2,"area":52}},{"x":524,"y":145,"data":{"alt":2,"type":2,"area":52}},{"x":525,"y":145,"data":{"alt":2,"type":2,"area":52}},{"x":526,"y":145,"data":{"alt":2,"type":2,"area":52}},{"x":517,"y":146,"data":{"alt":2,"type":2,"area":52}},{"x":518,"y":146,"data":{"alt":2,"type":2,"area":52}},{"x":522,"y":146,"data":{"alt":2,"type":2,"area":52}},{"x":524,"y":146,"data":{"alt":2,"type":2,"area":52}},{"x":518,"y":147,"data":{"alt":2,"type":2,"area":52}},{"x":524,"y":147,"data":{"alt":2,"type":2,"area":52}},{"x":524,"y":125,"data":{"alt":2,"type":2,"area":52}},{"x":525,"y":125,"data":{"alt":2,"type":2,"area":52}},{"x":523,"y":126,"data":{"alt":2,"type":2,"area":52}},{"x":525,"y":126,"data":{"alt":2,"type":2,"area":52}},{"x":526,"y":126,"data":{"alt":2,"type":2,"area":52}},{"x":523,"y":127,"data":{"alt":2,"type":2,"area":52}},{"x":524,"y":127,"data":{"alt":2,"type":2,"area":52}},{"x":525,"y":127,"data":{"alt":2,"type":2,"area":52}},{"x":510,"y":136,"data":{"alt":2,"type":2,"area":52}},{"x":510,"y":137,"data":{"alt":2,"type":2,"area":52}},{"x":511,"y":137,"data":{"alt":2,"type":2,"area":52}},{"x":509,"y":138,"data":{"alt":2,"type":2,"area":52}},{"x":510,"y":138,"data":{"alt":2,"type":2,"area":52}},{"x":511,"y":138,"data":{"alt":2,"type":2,"area":52}},{"x":510,"y":139,"data":{"alt":2,"type":2,"area":52}},{"x":511,"y":139,"data":{"alt":2,"type":2,"area":52}},{"x":509,"y":140,"data":{"alt":2,"type":2,"area":52}},{"x":510,"y":140,"data":{"alt":2,"type":2,"area":52}},{"x":511,"y":140,"data":{"alt":2,"type":2,"area":52}},{"x":508,"y":141,"data":{"alt":2,"type":2,"area":52}},{"x":509,"y":141,"data":{"alt":2,"type":2,"area":52}},{"x":510,"y":141,"data":{"alt":2,"type":2,"area":52}},{"x":511,"y":141,"data":{"alt":2,"type":2,"area":52}},{"x":510,"y":142,"data":{"alt":2,"type":2,"area":52}},{"x":511,"y":142,"data":{"alt":2,"type":2,"area":52}}]