[{"x":511,"y":2762,"data":{"alt":2,"type":2,"area":54}},{"x":508,"y":2763,"data":{"alt":2,"type":2,"area":54}},{"x":509,"y":2763,"data":{"alt":2,"type":2,"area":54}},{"x":510,"y":2763,"data":{"alt":2,"type":2,"area":54}},{"x":511,"y":2763,"data":{"alt":2,"type":2,"area":54}},{"x":508,"y":2764,"data":{"alt":2,"type":2,"area":54}},{"x":509,"y":2764,"data":{"alt":2,"type":2,"area":54}},{"x":510,"y":2764,"data":{"alt":2,"type":2,"area":54}},{"x":511,"y":2764,"data":{"alt":2,"type":2,"area":54}},{"x":508,"y":2765,"data":{"alt":2,"type":2,"area":54}},{"x":509,"y":2765,"data":{"alt":2,"type":2,"area":54}},{"x":510,"y":2765,"data":{"alt":2,"type":2,"area":54}},{"x":512,"y":2762,"data":{"alt":2,"type":2,"area":54}},{"x":512,"y":2763,"data":{"alt":2,"type":2,"area":54}},{"x":512,"y":2764,"data":{"alt":2,"type":2,"area":54}},{"x":513,"y":2764,"data":{"alt":2,"type":2,"area":54}},{"x":513,"y":2765,"data":{"alt":2,"type":2,"area":54}}]