[{"x":109,"y":2395,"data":{"alt":1,"fertility":60,"region":2149,"area":55}},{"x":110,"y":2395,"data":{"alt":1,"fertility":60,"region":2149,"area":55}},{"x":111,"y":2395,"data":{"alt":1,"fertility":60,"region":2149,"area":55}},{"x":112,"y":2395,"data":{"alt":1,"fertility":60,"region":2149,"area":55}},{"x":114,"y":2395,"data":{"alt":1,"fertility":60,"region":2149,"area":55}},{"x":118,"y":2395,"data":{"alt":1,"fertility":60,"region":2149,"area":55}},{"x":107,"y":2396,"data":{"alt":1,"fertility":60,"region":2149,"area":55}},{"x":108,"y":2396,"data":{"alt":1,"fertility":60,"region":2149,"area":55}},{"x":109,"y":2396,"data":{"alt":1,"fertility":60,"region":2149,"area":55}},{"x":110,"y":2396,"data":{"alt":1,"fertility":60,"region":2149,"area":55}},{"x":111,"y":2396,"data":{"alt":1,"fertility":60,"region":2149,"area":55}},{"x":112,"y":2396,"data":{"alt":1,"fertility":60,"region":2149,"area":55}},{"x":113,"y":2396,"data":{"alt":1,"fertility":60,"forest":80,"region":2149,"area":55}},{"x":114,"y":2396,"data":{"alt":1,"fertility":60,"region":2149,"area":55}},{"x":115,"y":2396,"data":{"alt":1,"fertility":60,"region":2149,"area":55}},{"x":116,"y":2396,"data":{"alt":1,"fertility":60,"forest":80,"region":2149,"area":55}},{"x":117,"y":2396,"data":{"alt":1,"fertility":60,"region":2149,"area":55}},{"x":118,"y":2396,"data":{"alt":1,"fertility":60,"region":2149,"area":55}},{"x":107,"y":2397,"data":{"alt":1,"fertility":60,"region":2149,"area":55}},{"x":108,"y":2397,"data":{"alt":1,"fertility":60,"region":2149,"area":55}},{"x":109,"y":2397,"data":{"alt":1,"fertility":60,"region":2149,"area":55}},{"x":110,"y":2397,"data":{"alt":1,"fertility":60,"region":2149,"area":55}},{"x":111,"y":2397,"data":{"alt":1,"fertility":60,"region":2149,"area":55}},{"x":112,"y":2397,"data":{"alt":1,"fertility":60,"region":2149,"area":55}},{"x":113,"y":2397,"data":{"alt":1,"fertility":60,"region":2149,"area":55}},{"x":114,"y":2397,"data":{"alt":1,"fertility":60,"region":2149,"area":55}},{"x":115,"y":2397,"data":{"alt":1,"fertility":60,"region":2149,"area":55}},{"x":116,"y":2397,"data":{"alt":1,"fertility":60,"region":2149,"area":55}},{"x":117,"y":2397,"data":{"alt":1,"fertility":60,"region":2149,"area":55}},{"x":118,"y":2397,"data":{"alt":1,"fertility":60,"region":2149,"area":55}},{"x":119,"y":2397,"data":{"alt":1,"fertility":60,"region":2149,"area":55}},{"x":120,"y":2397,"data":{"alt":1,"fertility":60,"region":2149,"area":55}},{"x":122,"y":2397,"data":{"alt":2,"fertility":60,"region":2149,"area":55}},{"x":107,"y":2398,"data":{"alt":1,"fertility":60,"region":2149,"area":55}},{"x":108,"y":2398,"data":{"alt":1,"fertility":60,"region":2149,"area":55}},{"x":109,"y":2398,"data":{"alt":1,"fertility":60,"region":2149,"area":55}},{"x":110,"y":2398,"data":{"alt":1,"fertility":60,"region":2149,"area":55}},{"x":111,"y":2398,"data":{"alt":1,"fertility":60,"region":2149,"area":55}},{"x":112,"y":2398,"data":{"alt":1,"fertility":60,"forest":80,"region":2149,"area":55}},{"x":113,"y":2398,"data":{"alt":1,"fertility":60,"region":2149,"area":55}},{"x":114,"y":2398,"data":{"alt":1,"fertility":60,"region":2149,"area":55}},{"x":115,"y":2398,"data":{"alt":1,"fertility":60,"region":2149,"area":55}},{"x":116,"y":2398,"data":{"alt":1,"fertility":60,"region":2149,"area":55}},{"x":117,"y":2398,"data":{"alt":1,"fertility":60,"region":2149,"area":55}},{"x":118,"y":2398,"data":{"alt":1,"fertility":60,"region":2149,"area":55}},{"x":119,"y":2398,"data":{"alt":1,"fertility":60,"region":2149,"area":55}},{"x":120,"y":2398,"data":{"alt":1,"fertility":60,"region":2149,"area":55}},{"x":121,"y":2398,"data":{"alt":1,"fertility":60,"region":2149,"area":55}},{"x":122,"y":2398,"data":{"alt":1,"fertility":60,"region":2149,"area":55}},{"x":108,"y":2399,"data":{"alt":1,"fertility":60,"region":2149,"area":55}},{"x":109,"y":2399,"data":{"alt":1,"fertility":60,"region":2149,"area":55}},{"x":110,"y":2399,"data":{"alt":1,"fertility":60,"region":2149,"area":55}},{"x":111,"y":2399,"data":{"alt":1,"fertility":60,"region":2149,"area":55}},{"x":112,"y":2399,"data":{"alt":1,"fertility":60,"region":2149,"area":55}},{"x":113,"y":2399,"data":{"alt":1,"fertility":60,"forest":80,"region":2149,"area":55}},{"x":114,"y":2399,"data":{"alt":1,"fertility":60,"region":2149,"area":55}},{"x":115,"y":2399,"data":{"alt":1,"fertility":60,"region":2149,"area":55}},{"x":116,"y":2399,"data":{"alt":1,"fertility":60,"region":2149,"area":55}},{"x":117,"y":2399,"data":{"alt":1,"fertility":60,"region":2149,"area":55}},{"x":118,"y":2399,"data":{"alt":1,"fertility":60,"region":2149,"area":55}},{"x":119,"y":2399,"data":{"alt":1,"fertility":60,"region":2149,"area":55}},{"x":120,"y":2399,"data":{"alt":1,"fertility":60,"region":2149,"area":55}},{"x":121,"y":2399,"data":{"alt":1,"fertility":60,"region":2149,"area":55}},{"x":122,"y":2399,"data":{"alt":1,"fertility":60,"region":2149,"area":55}},{"x":109,"y":2400,"data":{"alt":1,"fertility":60,"region":2149,"area":55}},{"x":110,"y":2400,"data":{"alt":1,"fertility":60,"region":2149,"area":55}},{"x":111,"y":2400,"data":{"alt":1,"fertility":60,"region":2149,"area":55}},{"x":112,"y":2400,"data":{"alt":1,"fertility":60,"region":2149,"area":55}},{"x":113,"y":2400,"data":{"alt":1,"fertility":60,"region":2149,"area":55}},{"x":114,"y":2400,"data":{"alt":1,"fertility":60,"region":2149,"area":55}},{"x":115,"y":2400,"data":{"alt":1,"fertility":60,"region":2149,"area":55}},{"x":116,"y":2400,"data":{"alt":1,"fertility":60,"region":2149,"area":55}},{"x":117,"y":2400,"data":{"alt":1,"fertility":60,"region":2149,"area":55}},{"x":118,"y":2400,"data":{"alt":1,"fertility":60,"region":2149,"area":55}},{"x":119,"y":2400,"data":{"alt":1,"fertility":60,"region":2149,"area":55}},{"x":120,"y":2400,"data":{"alt":1,"fertility":60,"region":2149,"area":55}},{"x":121,"y":2400,"data":{"alt":1,"fertility":60,"region":2149,"area":55}},{"x":110,"y":2401,"data":{"alt":1,"fertility":60,"region":2149,"area":55}},{"x":111,"y":2401,"data":{"alt":1,"fertility":60,"region":2149,"area":55}},{"x":112,"y":2401,"data":{"alt":1,"fertility":60,"region":2149,"area":55}},{"x":113,"y":2401,"data":{"alt":1,"fertility":60,"region":2149,"area":55}},{"x":114,"y":2401,"data":{"alt":1,"fertility":60,"region":2149,"area":55}},{"x":115,"y":2401,"data":{"alt":1,"fertility":60,"region":2149,"area":55}},{"x":116,"y":2401,"data":{"alt":1,"fertility":60,"region":2149,"area":55}},{"x":117,"y":2401,"data":{"alt":1,"fertility":60,"region":2149,"area":55}},{"x":118,"y":2401,"data":{"alt":1,"fertility":60,"region":2149,"area":55}},{"x":119,"y":2401,"data":{"alt":1,"fertility":60,"region":2149,"area":55}},{"x":120,"y":2401,"data":{"alt":1,"fertility":60,"region":2149,"area":55}},{"x":121,"y":2401,"data":{"alt":1,"fertility":60,"region":2149,"area":55}},{"x":110,"y":2402,"data":{"alt":1,"fertility":60,"region":2149,"area":55}},{"x":111,"y":2402,"data":{"alt":1,"fertility":60,"region":2149,"area":55}},{"x":112,"y":2402,"data":{"alt":1,"fertility":60,"region":2149,"area":55}},{"x":113,"y":2402,"data":{"alt":1,"fertility":60,"region":2149,"area":55}},{"x":114,"y":2402,"data":{"alt":1,"fertility":60,"region":2149,"area":55}},{"x":115,"y":2402,"data":{"alt":1,"fertility":60,"region":2149,"area":55}},{"x":116,"y":2402,"data":{"alt":1,"fertility":60,"region":2149,"area":55}},{"x":117,"y":2402,"data":{"alt":1,"fertility":60,"region":2149,"area":55}},{"x":118,"y":2402,"data":{"alt":1,"fertility":60,"region":2149,"area":55}},{"x":119,"y":2402,"data":{"alt":1,"fertility":60,"res":5,"resAmount":40,"region":2149,"area":55}},{"x":120,"y":2402,"data":{"alt":1,"fertility":60,"region":2149,"area":55}},{"x":121,"y":2402,"data":{"alt":1,"fertility":60,"region":2149,"area":55}},{"x":110,"y":2403,"data":{"alt":1,"fertility":60,"region":2149,"area":55}},{"x":111,"y":2403,"data":{"alt":1,"fertility":60,"region":2149,"area":55}},{"x":112,"y":2403,"data":{"alt":1,"fertility":60,"region":2149,"area":55}},{"x":113,"y":2403,"data":{"alt":1,"fertility":60,"region":2149,"area":55}},{"x":114,"y":2403,"data":{"alt":1,"fertility":60,"region":2149,"area":55}},{"x":115,"y":2403,"data":{"alt":1,"fertility":60,"region":2149,"area":55}},{"x":116,"y":2403,"data":{"alt":1,"fertility":60,"region":2149,"area":55}},{"x":117,"y":2403,"data":{"alt":1,"fertility":60,"region":2149,"area":55}},{"x":118,"y":2403,"data":{"alt":1,"fertility":60,"region":2149,"area":55}},{"x":111,"y":2404,"data":{"alt":1,"fertility":60,"region":2149,"area":55}},{"x":112,"y":2404,"data":{"alt":1,"fertility":60,"region":2149,"area":55}},{"x":113,"y":2404,"data":{"alt":1,"fertility":60,"region":2149,"area":55}},{"x":114,"y":2404,"data":{"alt":1,"fertility":60,"region":2149,"area":55}},{"x":115,"y":2404,"data":{"alt":1,"fertility":60,"region":2149,"area":55}},{"x":116,"y":2404,"data":{"alt":1,"fertility":60,"region":2149,"area":55}},{"x":117,"y":2404,"data":{"alt":1,"fertility":60,"region":2149,"area":55}},{"x":112,"y":2405,"data":{"alt":1,"fertility":60,"region":2149,"area":55}},{"x":113,"y":2405,"data":{"alt":1,"fertility":60,"region":2149,"area":55}},{"x":114,"y":2405,"data":{"alt":1,"fertility":60,"region":2149,"area":55}},{"x":115,"y":2405,"data":{"alt":1,"fertility":60,"region":2149,"area":55}},{"x":113,"y":2406,"data":{"alt":1,"fertility":60,"region":2149,"area":55}},{"x":114,"y":2406,"data":{"alt":1,"fertility":60,"region":2149,"area":55}}]