[{"x":512,"y":228,"data":{"alt":108,"type":1,"area":56}},{"x":512,"y":229,"data":{"alt":108,"type":1,"area":56}},{"x":512,"y":230,"data":{"alt":108,"type":1,"area":56}},{"x":512,"y":231,"data":{"alt":108,"type":1,"area":56}},{"x":512,"y":232,"data":{"alt":108,"type":1,"area":56}},{"x":509,"y":226,"data":{"alt":108,"type":1,"area":56}},{"x":510,"y":226,"data":{"alt":108,"type":1,"area":56}},{"x":510,"y":227,"data":{"alt":108,"type":1,"area":56}},{"x":510,"y":228,"data":{"alt":108,"type":1,"area":56}},{"x":511,"y":228,"data":{"alt":108,"type":1,"area":56}},{"x":510,"y":229,"data":{"alt":108,"type":1,"area":56}},{"x":511,"y":230,"data":{"alt":108,"type":1,"area":56}},{"x":511,"y":231,"data":{"alt":108,"type":1,"area":56}}]