[{"x":519,"y":148,"data":{"alt":2,"type":2,"area":58}},{"x":541,"y":148,"data":{"alt":2,"type":2,"area":58}},{"x":519,"y":149,"data":{"alt":2,"type":2,"area":58}},{"x":520,"y":149,"data":{"alt":2,"type":2,"area":58}},{"x":521,"y":149,"data":{"alt":2,"type":2,"area":58}},{"x":522,"y":149,"data":{"alt":2,"type":2,"area":58}},{"x":523,"y":149,"data":{"alt":2,"type":2,"area":58}},{"x":530,"y":149,"data":{"alt":2,"type":2,"area":58}},{"x":535,"y":149,"data":{"alt":2,"type":2,"area":58}},{"x":538,"y":149,"data":{"alt":2,"type":2,"area":58}},{"x":540,"y":149,"data":{"alt":2,"type":2,"area":58}},{"x":541,"y":149,"data":{"alt":2,"type":2,"area":58}},{"x":520,"y":150,"data":{"alt":2,"type":2,"area":58}},{"x":523,"y":150,"data":{"alt":2,"type":2,"area":58}},{"x":525,"y":150,"data":{"alt":2,"type":2,"area":58}},{"x":526,"y":150,"data":{"alt":2,"type":2,"area":58}},{"x":527,"y":150,"data":{"alt":2,"type":2,"area":58}},{"x":528,"y":150,"data":{"alt":2,"type":2,"area":58}},{"x":529,"y":150,"data":{"alt":2,"type":2,"area":58}},{"x":530,"y":150,"data":{"alt":2,"type":2,"area":58}},{"x":531,"y":150,"data":{"alt":2,"type":2,"area":58}},{"x":535,"y":150,"data":{"alt":2,"type":2,"area":58}},{"x":536,"y":150,"data":{"alt":2,"type":2,"area":58}},{"x":537,"y":150,"data":{"alt":2,"type":2,"area":58}},{"x":538,"y":150,"data":{"alt":2,"type":2,"area":58}},{"x":539,"y":150,"data":{"alt":2,"type":2,"area":58}},{"x":540,"y":150,"data":{"alt":2,"type":2,"area":58}},{"x":523,"y":151,"data":{"alt":2,"type":2,"area":58}},{"x":524,"y":151,"data":{"alt":2,"type":2,"area":58}},{"x":525,"y":151,"data":{"alt":2,"type":2,"area":58}},{"x":526,"y":151,"data":{"alt":2,"type":2,"area":58}},{"x":527,"y":151,"data":{"alt":2,"type":2,"area":58}},{"x":528,"y":151,"data":{"alt":2,"type":2,"area":58}},{"x":529,"y":151,"data":{"alt":2,"type":2,"area":58}},{"x":530,"y":151,"data":{"alt":2,"type":2,"area":58}},{"x":531,"y":151,"data":{"alt":2,"type":2,"area":58}},{"x":532,"y":151,"data":{"alt":2,"type":2,"area":58}},{"x":533,"y":151,"data":{"alt":2,"type":2,"area":58}},{"x":534,"y":151,"data":{"alt":2,"type":2,"area":58}},{"x":535,"y":151,"data":{"alt":2,"type":2,"area":58}},{"x":536,"y":151,"data":{"alt":2,"type":2,"area":58}},{"x":537,"y":151,"data":{"alt":2,"type":2,"area":58}},{"x":538,"y":151,"data":{"alt":2,"type":2,"area":58}},{"x":523,"y":152,"data":{"alt":2,"type":2,"area":58}},{"x":524,"y":152,"data":{"alt":2,"type":2,"area":58}},{"x":525,"y":152,"data":{"alt":2,"type":2,"area":58}},{"x":526,"y":152,"data":{"alt":2,"type":2,"area":58}},{"x":527,"y":152,"data":{"alt":2,"type":2,"area":58}},{"x":529,"y":152,"data":{"alt":2,"type":2,"area":58}},{"x":531,"y":152,"data":{"alt":2,"type":2,"area":58}},{"x":532,"y":152,"data":{"alt":2,"type":2,"area":58}},{"x":533,"y":152,"data":{"alt":2,"type":2,"area":58}},{"x":534,"y":152,"data":{"alt":2,"type":2,"area":58}},{"x":535,"y":152,"data":{"alt":2,"type":2,"area":58}},{"x":536,"y":152,"data":{"alt":2,"type":2,"area":58}},{"x":537,"y":152,"data":{"alt":2,"type":2,"area":58}},{"x":538,"y":152,"data":{"alt":2,"type":2,"area":58}},{"x":523,"y":153,"data":{"alt":2,"type":2,"area":58}},{"x":524,"y":153,"data":{"alt":2,"type":2,"area":58}},{"x":525,"y":153,"data":{"alt":2,"type":2,"area":58}},{"x":526,"y":153,"data":{"alt":2,"type":2,"area":58}},{"x":527,"y":153,"data":{"alt":2,"type":2,"area":58}},{"x":531,"y":153,"data":{"alt":2,"type":2,"area":58}},{"x":532,"y":153,"data":{"alt":2,"type":2,"area":58}},{"x":533,"y":153,"data":{"alt":2,"type":2,"area":58}},{"x":524,"y":154,"data":{"alt":2,"type":2,"area":58}},{"x":525,"y":154,"data":{"alt":2,"type":2,"area":58}},{"x":526,"y":154,"data":{"alt":2,"type":2,"area":58}},{"x":527,"y":154,"data":{"alt":2,"type":2,"area":58}},{"x":528,"y":154,"data":{"alt":2,"type":2,"area":58}},{"x":524,"y":155,"data":{"alt":2,"type":2,"area":58}},{"x":525,"y":155,"data":{"alt":2,"type":2,"area":58}},{"x":526,"y":155,"data":{"alt":2,"type":2,"area":58}},{"x":527,"y":155,"data":{"alt":2,"type":2,"area":58}},{"x":528,"y":155,"data":{"alt":2,"type":2,"area":58}},{"x":524,"y":156,"data":{"alt":2,"type":2,"area":58}},{"x":525,"y":156,"data":{"alt":2,"type":2,"area":58}},{"x":526,"y":156,"data":{"alt":2,"type":2,"area":58}},{"x":527,"y":156,"data":{"alt":2,"type":2,"area":58}},{"x":528,"y":156,"data":{"alt":2,"type":2,"area":58}},{"x":529,"y":156,"data":{"alt":2,"type":2,"area":58}},{"x":526,"y":157,"data":{"alt":2,"type":2,"area":58}},{"x":527,"y":157,"data":{"alt":2,"type":2,"area":58}},{"x":528,"y":157,"data":{"alt":2,"type":2,"area":58}},{"x":529,"y":157,"data":{"alt":2,"type":2,"area":58}},{"x":526,"y":158,"data":{"alt":2,"type":2,"area":58}},{"x":527,"y":158,"data":{"alt":2,"type":2,"area":58}},{"x":528,"y":158,"data":{"alt":2,"type":2,"area":58}},{"x":529,"y":158,"data":{"alt":2,"type":2,"area":58}},{"x":530,"y":158,"data":{"alt":2,"type":2,"area":58}},{"x":527,"y":159,"data":{"alt":2,"type":2,"area":58}},{"x":528,"y":159,"data":{"alt":2,"type":2,"area":58}},{"x":529,"y":159,"data":{"alt":2,"type":2,"area":58}},{"x":530,"y":159,"data":{"alt":2,"type":2,"area":58}},{"x":528,"y":160,"data":{"alt":2,"type":2,"area":58}},{"x":529,"y":160,"data":{"alt":2,"type":2,"area":58}}]