[{"x":65,"y":96,"data":{"alt":7,"type":1,"area":6}},{"x":64,"y":78,"data":{"alt":7,"type":2,"area":6}},{"x":64,"y":79,"data":{"alt":7,"type":2,"area":6}},{"x":65,"y":79,"data":{"alt":7,"type":1,"area":6}},{"x":64,"y":80,"data":{"alt":7,"type":2,"area":6}},{"x":65,"y":80,"data":{"alt":7,"type":2,"area":6}},{"x":66,"y":80,"data":{"alt":7,"type":1,"area":6}},{"x":64,"y":81,"data":{"alt":7,"type":2,"area":6}},{"x":65,"y":81,"data":{"alt":7,"type":2,"area":6}},{"x":66,"y":81,"data":{"alt":7,"type":1,"area":6}},{"x":64,"y":82,"data":{"alt":7,"type":2,"area":6}},{"x":65,"y":82,"data":{"alt":7,"type":1,"area":6}},{"x":66,"y":82,"data":{"alt":7,"type":2,"area":6}},{"x":64,"y":83,"data":{"alt":7,"type":2,"area":6}},{"x":65,"y":83,"data":{"alt":7,"type":1,"area":6}},{"x":64,"y":84,"data":{"alt":7,"type":2,"area":6}},{"x":65,"y":84,"data":{"alt":7,"type":2,"area":6}},{"x":66,"y":84,"data":{"alt":7,"type":1,"area":6}},{"x":64,"y":85,"data":{"alt":7,"type":2,"area":6}},{"x":65,"y":85,"data":{"alt":7,"type":2,"area":6}},{"x":64,"y":87,"data":{"alt":7,"type":2,"area":6}},{"x":65,"y":87,"data":{"alt":7,"type":2,"area":6}},{"x":64,"y":88,"data":{"alt":7,"type":2,"area":6}},{"x":65,"y":88,"data":{"alt":7,"type":1,"area":6}},{"x":66,"y":88,"data":{"alt":7,"type":2,"area":6}},{"x":64,"y":89,"data":{"alt":7,"type":2,"area":6}},{"x":65,"y":89,"data":{"alt":7,"type":2,"area":6}},{"x":66,"y":89,"data":{"alt":7,"type":1,"area":6}},{"x":67,"y":89,"data":{"alt":7,"type":1,"area":6}},{"x":68,"y":89,"data":{"alt":7,"type":1,"area":6}},{"x":64,"y":90,"data":{"alt":7,"type":2,"area":6}},{"x":65,"y":90,"data":{"alt":7,"type":2,"area":6}},{"x":66,"y":90,"data":{"alt":7,"type":1,"area":6}},{"x":67,"y":90,"data":{"alt":7,"type":2,"area":6}},{"x":68,"y":90,"data":{"alt":7,"type":2,"area":6}},{"x":69,"y":90,"data":{"alt":7,"type":2,"area":6}},{"x":64,"y":91,"data":{"alt":7,"type":2,"area":6}},{"x":65,"y":91,"data":{"alt":7,"type":1,"area":6}},{"x":68,"y":91,"data":{"alt":7,"type":2,"area":6}},{"x":64,"y":92,"data":{"alt":7,"type":1,"area":6}},{"x":65,"y":92,"data":{"alt":7,"type":2,"area":6}},{"x":66,"y":92,"data":{"alt":7,"type":2,"area":6}},{"x":64,"y":93,"data":{"alt":7,"type":1,"area":6}},{"x":65,"y":93,"data":{"alt":7,"type":2,"area":6}},{"x":66,"y":93,"data":{"alt":7,"type":2,"area":6}},{"x":64,"y":94,"data":{"alt":7,"type":1,"area":6}},{"x":64,"y":95,"data":{"alt":7,"type":2,"area":6}},{"x":65,"y":95,"data":{"alt":7,"type":1,"area":6}},{"x":22,"y":96,"data":{"alt":7,"type":2,"area":6}},{"x":23,"y":96,"data":{"alt":7,"type":2,"area":6}},{"x":24,"y":96,"data":{"alt":7,"type":2,"area":6}},{"x":25,"y":96,"data":{"alt":7,"type":2,"area":6}},{"x":26,"y":96,"data":{"alt":7,"type":2,"area":6}},{"x":27,"y":96,"data":{"alt":7,"type":2,"area":6}},{"x":28,"y":96,"data":{"alt":7,"type":2,"area":6}},{"x":29,"y":96,"data":{"alt":7,"type":2,"area":6}},{"x":30,"y":96,"data":{"alt":7,"type":2,"area":6}},{"x":31,"y":96,"data":{"alt":7,"type":2,"area":6}},{"x":22,"y":97,"data":{"alt":7,"type":2,"area":6}},{"x":23,"y":97,"data":{"alt":7,"type":2,"area":6}},{"x":24,"y":97,"data":{"alt":7,"type":2,"area":6}},{"x":25,"y":97,"data":{"alt":7,"type":2,"area":6}},{"x":26,"y":97,"data":{"alt":7,"type":2,"area":6}},{"x":27,"y":97,"data":{"alt":7,"type":2,"area":6}},{"x":28,"y":97,"data":{"alt":7,"type":2,"area":6}},{"x":29,"y":97,"data":{"alt":7,"type":2,"area":6}},{"x":30,"y":97,"data":{"alt":7,"type":2,"area":6}},{"x":31,"y":97,"data":{"alt":7,"type":2,"area":6}},{"x":22,"y":98,"data":{"alt":7,"type":2,"area":6}},{"x":23,"y":98,"data":{"alt":7,"type":2,"area":6}},{"x":24,"y":98,"data":{"alt":7,"type":2,"area":6}},{"x":25,"y":98,"data":{"alt":7,"type":2,"area":6}},{"x":26,"y":98,"data":{"alt":7,"type":2,"area":6}},{"x":27,"y":98,"data":{"alt":7,"type":2,"area":6}},{"x":28,"y":98,"data":{"alt":7,"type":2,"area":6}},{"x":29,"y":98,"data":{"alt":7,"type":2,"area":6}},{"x":30,"y":98,"data":{"alt":7,"type":2,"area":6}},{"x":31,"y":98,"data":{"alt":7,"type":2,"area":6}},{"x":23,"y":99,"data":{"alt":7,"type":2,"area":6}},{"x":26,"y":99,"data":{"alt":7,"type":2,"area":6}},{"x":27,"y":99,"data":{"alt":7,"type":2,"area":6}},{"x":28,"y":99,"data":{"alt":7,"type":2,"area":6}},{"x":29,"y":99,"data":{"alt":7,"type":2,"area":6}},{"x":30,"y":99,"data":{"alt":7,"type":2,"area":6}},{"x":31,"y":99,"data":{"alt":7,"type":2,"area":6}},{"x":26,"y":100,"data":{"alt":7,"type":2,"area":6}},{"x":27,"y":100,"data":{"alt":7,"type":2,"area":6}},{"x":28,"y":100,"data":{"alt":7,"type":2,"area":6}},{"x":29,"y":100,"data":{"alt":7,"type":2,"area":6}},{"x":30,"y":100,"data":{"alt":7,"type":2,"area":6}},{"x":31,"y":100,"data":{"alt":7,"type":2,"area":6}},{"x":24,"y":101,"data":{"alt":7,"type":2,"area":6}},{"x":25,"y":101,"data":{"alt":7,"type":2,"area":6}},{"x":26,"y":101,"data":{"alt":7,"type":2,"area":6}},{"x":27,"y":101,"data":{"alt":7,"type":2,"area":6}},{"x":28,"y":101,"data":{"alt":7,"type":2,"area":6}},{"x":29,"y":101,"data":{"alt":7,"type":2,"area":6}},{"x":30,"y":101,"data":{"alt":7,"type":2,"area":6}},{"x":31,"y":101,"data":{"alt":7,"type":2,"area":6}},{"x":30,"y":102,"data":{"alt":7,"type":2,"area":6}},{"x":31,"y":102,"data":{"alt":7,"type":2,"area":6}},{"x":31,"y":103,"data":{"alt":7,"type":2,"area":6}},{"x":30,"y":87,"data":{"alt":7,"type":2,"area":6}},{"x":29,"y":88,"data":{"alt":7,"type":2,"area":6}},{"x":30,"y":88,"data":{"alt":7,"type":2,"area":6}},{"x":31,"y":88,"data":{"alt":7,"type":2,"area":6}},{"x":27,"y":89,"data":{"alt":7,"type":2,"area":6}},{"x":29,"y":89,"data":{"alt":7,"type":2,"area":6}},{"x":30,"y":89,"data":{"alt":7,"type":2,"area":6}},{"x":31,"y":89,"data":{"alt":7,"type":2,"area":6}},{"x":24,"y":90,"data":{"alt":7,"type":2,"area":6}},{"x":25,"y":90,"data":{"alt":7,"type":2,"area":6}},{"x":26,"y":90,"data":{"alt":7,"type":2,"area":6}},{"x":27,"y":90,"data":{"alt":7,"type":2,"area":6}},{"x":28,"y":90,"data":{"alt":7,"type":2,"area":6}},{"x":29,"y":90,"data":{"alt":7,"type":2,"area":6}},{"x":30,"y":90,"data":{"alt":7,"type":2,"area":6}},{"x":31,"y":90,"data":{"alt":7,"type":2,"area":6}},{"x":23,"y":91,"data":{"alt":7,"type":2,"area":6}},{"x":24,"y":91,"data":{"alt":7,"type":2,"area":6}},{"x":25,"y":91,"data":{"alt":7,"type":2,"area":6}},{"x":26,"y":91,"data":{"alt":7,"type":2,"area":6}},{"x":27,"y":91,"data":{"alt":7,"type":2,"area":6}},{"x":28,"y":91,"data":{"alt":7,"type":2,"area":6}},{"x":29,"y":91,"data":{"alt":7,"type":2,"area":6}},{"x":30,"y":91,"data":{"alt":7,"type":2,"area":6}},{"x":31,"y":91,"data":{"alt":7,"type":2,"area":6}},{"x":20,"y":92,"data":{"alt":7,"type":2,"area":6}},{"x":23,"y":92,"data":{"alt":7,"type":2,"area":6}},{"x":24,"y":92,"data":{"alt":7,"type":2,"area":6}},{"x":25,"y":92,"data":{"alt":7,"type":2,"area":6}},{"x":26,"y":92,"data":{"alt":7,"type":2,"area":6}},{"x":27,"y":92,"data":{"alt":7,"type":2,"area":6}},{"x":28,"y":92,"data":{"alt":7,"type":2,"area":6}},{"x":29,"y":92,"data":{"alt":7,"type":2,"area":6}},{"x":30,"y":92,"data":{"alt":7,"type":2,"area":6}},{"x":31,"y":92,"data":{"alt":7,"type":2,"area":6}},{"x":19,"y":93,"data":{"alt":7,"type":2,"area":6}},{"x":20,"y":93,"data":{"alt":7,"type":2,"area":6}},{"x":23,"y":93,"data":{"alt":7,"type":2,"area":6}},{"x":24,"y":93,"data":{"alt":7,"type":2,"area":6}},{"x":25,"y":93,"data":{"alt":7,"type":2,"area":6}},{"x":26,"y":93,"data":{"alt":7,"type":2,"area":6}},{"x":27,"y":93,"data":{"alt":7,"type":2,"area":6}},{"x":28,"y":93,"data":{"alt":7,"type":2,"area":6}},{"x":29,"y":93,"data":{"alt":7,"type":2,"area":6}},{"x":30,"y":93,"data":{"alt":7,"type":2,"area":6}},{"x":31,"y":93,"data":{"alt":7,"type":2,"area":6}},{"x":20,"y":94,"data":{"alt":7,"type":2,"area":6}},{"x":21,"y":94,"data":{"alt":7,"type":2,"area":6}},{"x":22,"y":94,"data":{"alt":7,"type":2,"area":6}},{"x":23,"y":94,"data":{"alt":7,"type":2,"area":6}},{"x":24,"y":94,"data":{"alt":7,"type":2,"area":6}},{"x":25,"y":94,"data":{"alt":7,"type":2,"area":6}},{"x":26,"y":94,"data":{"alt":7,"type":2,"area":6}},{"x":27,"y":94,"data":{"alt":7,"type":2,"area":6}},{"x":28,"y":94,"data":{"alt":7,"type":2,"area":6}},{"x":29,"y":94,"data":{"alt":7,"type":2,"area":6}},{"x":30,"y":94,"data":{"alt":7,"type":2,"area":6}},{"x":31,"y":94,"data":{"alt":7,"type":2,"area":6}},{"x":20,"y":95,"data":{"alt":7,"type":2,"area":6}},{"x":21,"y":95,"data":{"alt":7,"type":2,"area":6}},{"x":22,"y":95,"data":{"alt":7,"type":2,"area":6}},{"x":23,"y":95,"data":{"alt":7,"type":2,"area":6}},{"x":24,"y":95,"data":{"alt":7,"type":2,"area":6}},{"x":25,"y":95,"data":{"alt":7,"type":2,"area":6}},{"x":26,"y":95,"data":{"alt":7,"type":2,"area":6}},{"x":27,"y":95,"data":{"alt":7,"type":2,"area":6}},{"x":28,"y":95,"data":{"alt":7,"type":2,"area":6}},{"x":29,"y":95,"data":{"alt":7,"type":2,"area":6}},{"x":30,"y":95,"data":{"alt":7,"type":2,"area":6}},{"x":31,"y":95,"data":{"alt":7,"type":2,"area":6}},{"x":53,"y":69,"data":{"alt":7,"type":2,"area":6}},{"x":53,"y":70,"data":{"alt":7,"type":2,"area":6}},{"x":54,"y":70,"data":{"alt":7,"type":2,"area":6}},{"x":53,"y":71,"data":{"alt":7,"type":2,"area":6}},{"x":54,"y":71,"data":{"alt":7,"type":2,"area":6}},{"x":53,"y":72,"data":{"alt":7,"type":2,"area":6}},{"x":54,"y":72,"data":{"alt":7,"type":2,"area":6}},{"x":55,"y":72,"data":{"alt":7,"type":2,"area":6}},{"x":51,"y":73,"data":{"alt":7,"type":2,"area":6}},{"x":53,"y":73,"data":{"alt":7,"type":2,"area":6}},{"x":54,"y":73,"data":{"alt":7,"type":2,"area":6}},{"x":55,"y":73,"data":{"alt":7,"type":2,"area":6}},{"x":56,"y":73,"data":{"alt":7,"type":2,"area":6}},{"x":57,"y":73,"data":{"alt":7,"type":2,"area":6}},{"x":59,"y":73,"data":{"alt":7,"type":2,"area":6}},{"x":50,"y":74,"data":{"alt":7,"type":2,"area":6}},{"x":51,"y":74,"data":{"alt":7,"type":2,"area":6}},{"x":52,"y":74,"data":{"alt":7,"type":2,"area":6}},{"x":53,"y":74,"data":{"alt":7,"type":2,"area":6}},{"x":54,"y":74,"data":{"alt":7,"type":2,"area":6}},{"x":55,"y":74,"data":{"alt":7,"type":2,"area":6}},{"x":56,"y":74,"data":{"alt":7,"type":2,"area":6}},{"x":57,"y":74,"data":{"alt":7,"type":2,"area":6}},{"x":58,"y":74,"data":{"alt":7,"type":2,"area":6}},{"x":59,"y":74,"data":{"alt":7,"type":2,"area":6}},{"x":60,"y":74,"data":{"alt":7,"type":2,"area":6}},{"x":50,"y":75,"data":{"alt":7,"type":2,"area":6}},{"x":51,"y":75,"data":{"alt":7,"type":2,"area":6}},{"x":52,"y":75,"data":{"alt":7,"type":2,"area":6}},{"x":53,"y":75,"data":{"alt":7,"type":2,"area":6}},{"x":54,"y":75,"data":{"alt":7,"type":2,"area":6}},{"x":55,"y":75,"data":{"alt":7,"type":2,"area":6}},{"x":56,"y":75,"data":{"alt":7,"type":2,"area":6}},{"x":57,"y":75,"data":{"alt":7,"type":2,"area":6}},{"x":58,"y":75,"data":{"alt":7,"type":2,"area":6}},{"x":59,"y":75,"data":{"alt":7,"type":2,"area":6}},{"x":60,"y":75,"data":{"alt":7,"type":2,"area":6}},{"x":49,"y":76,"data":{"alt":7,"type":2,"area":6}},{"x":50,"y":76,"data":{"alt":7,"type":2,"area":6}},{"x":51,"y":76,"data":{"alt":7,"type":2,"area":6}},{"x":52,"y":76,"data":{"alt":7,"type":2,"area":6}},{"x":53,"y":76,"data":{"alt":7,"type":2,"area":6}},{"x":54,"y":76,"data":{"alt":7,"type":2,"area":6}},{"x":55,"y":76,"data":{"alt":7,"type":2,"area":6}},{"x":56,"y":76,"data":{"alt":7,"type":2,"area":6}},{"x":57,"y":76,"data":{"alt":7,"type":2,"area":6}},{"x":58,"y":76,"data":{"alt":7,"type":2,"area":6}},{"x":59,"y":76,"data":{"alt":7,"type":2,"area":6}},{"x":60,"y":76,"data":{"alt":7,"type":2,"area":6}},{"x":47,"y":77,"data":{"alt":7,"type":2,"area":6}},{"x":49,"y":77,"data":{"alt":7,"type":2,"area":6}},{"x":50,"y":77,"data":{"alt":7,"type":2,"area":6}},{"x":51,"y":77,"data":{"alt":7,"type":2,"area":6}},{"x":52,"y":77,"data":{"alt":7,"type":2,"area":6}},{"x":53,"y":77,"data":{"alt":7,"type":2,"area":6}},{"x":54,"y":77,"data":{"alt":7,"type":2,"area":6}},{"x":55,"y":77,"data":{"alt":7,"type":2,"area":6}},{"x":56,"y":77,"data":{"alt":7,"type":2,"area":6}},{"x":57,"y":77,"data":{"alt":7,"type":2,"area":6}},{"x":58,"y":77,"data":{"alt":7,"type":2,"area":6}},{"x":59,"y":77,"data":{"alt":7,"type":2,"area":6}},{"x":60,"y":77,"data":{"alt":7,"type":2,"area":6}},{"x":61,"y":77,"data":{"alt":7,"type":2,"area":6}},{"x":42,"y":78,"data":{"alt":7,"type":2,"area":6}},{"x":43,"y":78,"data":{"alt":7,"type":2,"area":6}},{"x":45,"y":78,"data":{"alt":7,"type":2,"area":6}},{"x":46,"y":78,"data":{"alt":7,"type":2,"area":6}},{"x":47,"y":78,"data":{"alt":7,"type":2,"area":6}},{"x":48,"y":78,"data":{"alt":7,"type":2,"area":6}},{"x":49,"y":78,"data":{"alt":7,"type":2,"area":6}},{"x":50,"y":78,"data":{"alt":7,"type":2,"area":6}},{"x":51,"y":78,"data":{"alt":7,"type":2,"area":6}},{"x":52,"y":78,"data":{"alt":7,"type":2,"area":6}},{"x":53,"y":78,"data":{"alt":7,"type":2,"area":6}},{"x":54,"y":78,"data":{"alt":7,"type":2,"area":6}},{"x":55,"y":78,"data":{"alt":7,"type":2,"area":6}},{"x":56,"y":78,"data":{"alt":7,"type":2,"area":6}},{"x":57,"y":78,"data":{"alt":7,"type":2,"area":6}},{"x":58,"y":78,"data":{"alt":7,"type":2,"area":6}},{"x":59,"y":78,"data":{"alt":7,"type":2,"area":6}},{"x":60,"y":78,"data":{"alt":7,"type":2,"area":6}},{"x":61,"y":78,"data":{"alt":7,"type":2,"area":6}},{"x":39,"y":79,"data":{"alt":7,"type":2,"area":6}},{"x":40,"y":79,"data":{"alt":7,"type":2,"area":6}},{"x":41,"y":79,"data":{"alt":7,"type":2,"area":6}},{"x":42,"y":79,"data":{"alt":7,"type":2,"area":6}},{"x":43,"y":79,"data":{"alt":7,"type":2,"area":6}},{"x":44,"y":79,"data":{"alt":7,"type":2,"area":6}},{"x":45,"y":79,"data":{"alt":7,"type":2,"area":6}},{"x":46,"y":79,"data":{"alt":7,"type":2,"area":6}},{"x":47,"y":79,"data":{"alt":7,"type":2,"area":6}},{"x":48,"y":79,"data":{"alt":7,"type":2,"area":6}},{"x":49,"y":79,"data":{"alt":7,"type":2,"area":6}},{"x":50,"y":79,"data":{"alt":7,"type":2,"area":6}},{"x":51,"y":79,"data":{"alt":7,"type":2,"area":6}},{"x":52,"y":79,"data":{"alt":7,"type":2,"area":6}},{"x":53,"y":79,"data":{"alt":7,"type":2,"area":6}},{"x":54,"y":79,"data":{"alt":7,"type":2,"area":6}},{"x":55,"y":79,"data":{"alt":7,"type":2,"area":6}},{"x":56,"y":79,"data":{"alt":7,"type":2,"area":6}},{"x":57,"y":79,"data":{"alt":7,"type":2,"area":6}},{"x":58,"y":79,"data":{"alt":7,"type":2,"area":6}},{"x":59,"y":79,"data":{"alt":7,"type":2,"area":6}},{"x":60,"y":79,"data":{"alt":7,"type":2,"area":6}},{"x":61,"y":79,"data":{"alt":7,"type":2,"area":6}},{"x":62,"y":79,"data":{"alt":7,"type":2,"area":6}},{"x":38,"y":80,"data":{"alt":7,"type":2,"area":6}},{"x":39,"y":80,"data":{"alt":7,"type":2,"area":6}},{"x":40,"y":80,"data":{"alt":7,"type":2,"area":6}},{"x":41,"y":80,"data":{"alt":7,"type":2,"area":6}},{"x":42,"y":80,"data":{"alt":7,"type":2,"area":6}},{"x":43,"y":80,"data":{"alt":7,"type":2,"area":6}},{"x":44,"y":80,"data":{"alt":7,"type":2,"area":6}},{"x":45,"y":80,"data":{"alt":7,"type":2,"area":6}},{"x":46,"y":80,"data":{"alt":7,"type":2,"area":6}},{"x":47,"y":80,"data":{"alt":7,"type":2,"area":6}},{"x":48,"y":80,"data":{"alt":7,"type":2,"area":6}},{"x":49,"y":80,"data":{"alt":7,"type":2,"area":6}},{"x":50,"y":80,"data":{"alt":7,"type":2,"area":6}},{"x":51,"y":80,"data":{"alt":7,"type":2,"area":6}},{"x":52,"y":80,"data":{"alt":7,"type":2,"area":6}},{"x":53,"y":80,"data":{"alt":7,"type":2,"area":6}},{"x":54,"y":80,"data":{"alt":7,"type":2,"area":6}},{"x":55,"y":80,"data":{"alt":7,"type":2,"area":6}},{"x":56,"y":80,"data":{"alt":7,"type":2,"area":6}},{"x":57,"y":80,"data":{"alt":7,"type":2,"area":6}},{"x":58,"y":80,"data":{"alt":7,"type":2,"area":6}},{"x":59,"y":80,"data":{"alt":7,"type":2,"area":6}},{"x":60,"y":80,"data":{"alt":7,"type":2,"area":6}},{"x":61,"y":80,"data":{"alt":7,"type":2,"area":6}},{"x":62,"y":80,"data":{"alt":7,"type":2,"area":6}},{"x":63,"y":80,"data":{"alt":7,"type":2,"area":6}},{"x":36,"y":81,"data":{"alt":7,"type":2,"area":6}},{"x":37,"y":81,"data":{"alt":7,"type":2,"area":6}},{"x":38,"y":81,"data":{"alt":7,"type":2,"area":6}},{"x":39,"y":81,"data":{"alt":7,"type":2,"area":6}},{"x":40,"y":81,"data":{"alt":7,"type":2,"area":6}},{"x":41,"y":81,"data":{"alt":7,"type":2,"area":6}},{"x":42,"y":81,"data":{"alt":7,"type":2,"area":6}},{"x":43,"y":81,"data":{"alt":7,"type":2,"area":6}},{"x":44,"y":81,"data":{"alt":7,"type":2,"area":6}},{"x":45,"y":81,"data":{"alt":7,"type":2,"area":6}},{"x":46,"y":81,"data":{"alt":7,"type":2,"area":6}},{"x":47,"y":81,"data":{"alt":7,"type":2,"area":6}},{"x":48,"y":81,"data":{"alt":7,"type":2,"area":6}},{"x":49,"y":81,"data":{"alt":7,"type":2,"area":6}},{"x":50,"y":81,"data":{"alt":7,"type":2,"area":6}},{"x":51,"y":81,"data":{"alt":7,"type":2,"area":6}},{"x":52,"y":81,"data":{"alt":7,"type":2,"area":6}},{"x":53,"y":81,"data":{"alt":7,"type":2,"area":6}},{"x":54,"y":81,"data":{"alt":7,"type":2,"area":6}},{"x":55,"y":81,"data":{"alt":7,"type":2,"area":6}},{"x":56,"y":81,"data":{"alt":7,"type":2,"area":6}},{"x":57,"y":81,"data":{"alt":7,"type":2,"area":6}},{"x":58,"y":81,"data":{"alt":7,"type":2,"area":6}},{"x":59,"y":81,"data":{"alt":7,"type":2,"area":6}},{"x":60,"y":81,"data":{"alt":7,"type":2,"area":6}},{"x":61,"y":81,"data":{"alt":7,"type":2,"area":6}},{"x":62,"y":81,"data":{"alt":7,"type":2,"area":6}},{"x":63,"y":81,"data":{"alt":7,"type":2,"area":6}},{"x":35,"y":82,"data":{"alt":7,"type":2,"area":6}},{"x":36,"y":82,"data":{"alt":7,"type":2,"area":6}},{"x":37,"y":82,"data":{"alt":7,"type":2,"area":6}},{"x":38,"y":82,"data":{"alt":7,"type":2,"area":6}},{"x":39,"y":82,"data":{"alt":7,"type":2,"area":6}},{"x":40,"y":82,"data":{"alt":7,"type":2,"area":6}},{"x":41,"y":82,"data":{"alt":7,"type":2,"area":6}},{"x":42,"y":82,"data":{"alt":7,"type":2,"area":6}},{"x":43,"y":82,"data":{"alt":7,"type":2,"area":6}},{"x":44,"y":82,"data":{"alt":7,"type":2,"area":6}},{"x":45,"y":82,"data":{"alt":7,"type":2,"area":6}},{"x":46,"y":82,"data":{"alt":7,"type":2,"area":6}},{"x":47,"y":82,"data":{"alt":7,"type":2,"area":6}},{"x":48,"y":82,"data":{"alt":7,"type":2,"area":6}},{"x":49,"y":82,"data":{"alt":7,"type":2,"res":1,"resAmount":40,"area":6}},{"x":50,"y":82,"data":{"alt":7,"type":2,"area":6}},{"x":51,"y":82,"data":{"alt":7,"type":2,"area":6}},{"x":52,"y":82,"data":{"alt":7,"type":2,"area":6}},{"x":53,"y":82,"data":{"alt":7,"type":2,"area":6}},{"x":54,"y":82,"data":{"alt":7,"type":2,"area":6}},{"x":55,"y":82,"data":{"alt":7,"type":2,"area":6}},{"x":56,"y":82,"data":{"alt":7,"type":2,"area":6}},{"x":57,"y":82,"data":{"alt":7,"type":2,"area":6}},{"x":58,"y":82,"data":{"alt":7,"type":2,"area":6}},{"x":59,"y":82,"data":{"alt":7,"type":2,"area":6}},{"x":60,"y":82,"data":{"alt":7,"type":2,"area":6}},{"x":61,"y":82,"data":{"alt":7,"type":2,"area":6}},{"x":62,"y":82,"data":{"alt":7,"type":2,"area":6}},{"x":63,"y":82,"data":{"alt":7,"type":2,"area":6}},{"x":35,"y":83,"data":{"alt":7,"type":2,"area":6}},{"x":36,"y":83,"data":{"alt":7,"type":2,"area":6}},{"x":37,"y":83,"data":{"alt":7,"type":2,"area":6}},{"x":38,"y":83,"data":{"alt":7,"type":2,"area":6}},{"x":39,"y":83,"data":{"alt":7,"type":2,"area":6}},{"x":40,"y":83,"data":{"alt":7,"type":2,"area":6}},{"x":41,"y":83,"data":{"alt":7,"type":2,"area":6}},{"x":42,"y":83,"data":{"alt":7,"type":2,"area":6}},{"x":43,"y":83,"data":{"alt":7,"type":2,"area":6}},{"x":44,"y":83,"data":{"alt":7,"type":2,"area":6}},{"x":45,"y":83,"data":{"alt":7,"type":2,"area":6}},{"x":46,"y":83,"data":{"alt":7,"type":2,"area":6}},{"x":47,"y":83,"data":{"alt":7,"type":2,"area":6}},{"x":48,"y":83,"data":{"alt":7,"type":2,"area":6}},{"x":49,"y":83,"data":{"alt":7,"type":2,"area":6}},{"x":50,"y":83,"data":{"alt":7,"type":2,"area":6}},{"x":51,"y":83,"data":{"alt":7,"type":2,"area":6}},{"x":52,"y":83,"data":{"alt":7,"type":2,"area":6}},{"x":53,"y":83,"data":{"alt":7,"type":2,"area":6}},{"x":54,"y":83,"data":{"alt":7,"type":2,"area":6}},{"x":55,"y":83,"data":{"alt":7,"type":2,"area":6}},{"x":56,"y":83,"data":{"alt":7,"type":2,"area":6}},{"x":57,"y":83,"data":{"alt":7,"type":2,"area":6}},{"x":58,"y":83,"data":{"alt":7,"type":2,"area":6}},{"x":59,"y":83,"data":{"alt":7,"type":2,"area":6}},{"x":60,"y":83,"data":{"alt":7,"type":2,"area":6}},{"x":61,"y":83,"data":{"alt":7,"type":2,"area":6}},{"x":62,"y":83,"data":{"alt":7,"type":2,"area":6}},{"x":63,"y":83,"data":{"alt":7,"type":2,"area":6}},{"x":37,"y":84,"data":{"alt":7,"type":2,"area":6}},{"x":38,"y":84,"data":{"alt":7,"type":2,"area":6}},{"x":39,"y":84,"data":{"alt":7,"type":2,"area":6}},{"x":40,"y":84,"data":{"alt":7,"type":2,"area":6}},{"x":41,"y":84,"data":{"alt":7,"type":2,"area":6}},{"x":42,"y":84,"data":{"alt":7,"type":2,"area":6}},{"x":43,"y":84,"data":{"alt":7,"type":2,"area":6}},{"x":44,"y":84,"data":{"alt":7,"type":2,"area":6}},{"x":45,"y":84,"data":{"alt":7,"type":2,"area":6}},{"x":46,"y":84,"data":{"alt":7,"type":2,"area":6}},{"x":47,"y":84,"data":{"alt":7,"type":2,"area":6}},{"x":48,"y":84,"data":{"alt":7,"type":2,"area":6}},{"x":49,"y":84,"data":{"alt":7,"type":2,"area":6}},{"x":50,"y":84,"data":{"alt":7,"type":2,"area":6}},{"x":51,"y":84,"data":{"alt":7,"type":2,"area":6}},{"x":52,"y":84,"data":{"alt":7,"type":2,"area":6}},{"x":53,"y":84,"data":{"alt":7,"type":2,"area":6}},{"x":54,"y":84,"data":{"alt":7,"type":2,"area":6}},{"x":55,"y":84,"data":{"alt":7,"type":2,"area":6}},{"x":56,"y":84,"data":{"alt":7,"type":2,"area":6}},{"x":57,"y":84,"data":{"alt":7,"type":2,"area":6}},{"x":58,"y":84,"data":{"alt":7,"type":2,"area":6}},{"x":59,"y":84,"data":{"alt":7,"type":2,"area":6}},{"x":60,"y":84,"data":{"alt":7,"type":2,"area":6}},{"x":61,"y":84,"data":{"alt":7,"type":2,"area":6}},{"x":62,"y":84,"data":{"alt":7,"type":2,"area":6}},{"x":63,"y":84,"data":{"alt":7,"type":2,"area":6}},{"x":33,"y":85,"data":{"alt":7,"type":2,"area":6}},{"x":34,"y":85,"data":{"alt":7,"type":2,"area":6}},{"x":35,"y":85,"data":{"alt":7,"type":2,"area":6}},{"x":36,"y":85,"data":{"alt":7,"type":2,"area":6}},{"x":37,"y":85,"data":{"alt":7,"type":2,"area":6}},{"x":38,"y":85,"data":{"alt":7,"type":2,"area":6}},{"x":39,"y":85,"data":{"alt":7,"type":2,"area":6}},{"x":40,"y":85,"data":{"alt":7,"type":2,"area":6}},{"x":41,"y":85,"data":{"alt":7,"type":2,"area":6}},{"x":42,"y":85,"data":{"alt":7,"type":2,"area":6}},{"x":43,"y":85,"data":{"alt":7,"type":2,"area":6}},{"x":44,"y":85,"data":{"alt":7,"type":2,"area":6}},{"x":45,"y":85,"data":{"alt":7,"type":2,"area":6}},{"x":46,"y":85,"data":{"alt":7,"type":2,"area":6}},{"x":47,"y":85,"data":{"alt":7,"type":2,"area":6}},{"x":48,"y":85,"data":{"alt":7,"type":2,"area":6}},{"x":49,"y":85,"data":{"alt":7,"type":2,"area":6}},{"x":50,"y":85,"data":{"alt":7,"type":2,"area":6}},{"x":51,"y":85,"data":{"alt":7,"type":2,"area":6}},{"x":52,"y":85,"data":{"alt":7,"type":2,"area":6}},{"x":53,"y":85,"data":{"alt":7,"type":2,"area":6}},{"x":54,"y":85,"data":{"alt":7,"type":2,"area":6}},{"x":55,"y":85,"data":{"alt":7,"type":2,"area":6}},{"x":56,"y":85,"data":{"alt":7,"type":2,"area":6}},{"x":57,"y":85,"data":{"alt":7,"type":2,"area":6}},{"x":58,"y":85,"data":{"alt":7,"type":2,"area":6}},{"x":59,"y":85,"data":{"alt":7,"type":2,"area":6}},{"x":60,"y":85,"data":{"alt":7,"type":2,"area":6}},{"x":61,"y":85,"data":{"alt":7,"type":2,"area":6}},{"x":62,"y":85,"data":{"alt":7,"type":2,"area":6}},{"x":63,"y":85,"data":{"alt":7,"type":2,"area":6}},{"x":34,"y":86,"data":{"alt":7,"type":2,"area":6}},{"x":35,"y":86,"data":{"alt":7,"type":2,"area":6}},{"x":36,"y":86,"data":{"alt":7,"type":2,"area":6}},{"x":37,"y":86,"data":{"alt":7,"type":2,"area":6}},{"x":38,"y":86,"data":{"alt":7,"type":2,"area":6}},{"x":39,"y":86,"data":{"alt":7,"type":2,"area":6}},{"x":40,"y":86,"data":{"alt":7,"type":2,"area":6}},{"x":41,"y":86,"data":{"alt":7,"type":2,"area":6}},{"x":42,"y":86,"data":{"alt":7,"type":2,"area":6}},{"x":43,"y":86,"data":{"alt":7,"type":2,"area":6}},{"x":44,"y":86,"data":{"alt":7,"type":2,"area":6}},{"x":45,"y":86,"data":{"alt":7,"type":2,"area":6}},{"x":46,"y":86,"data":{"alt":7,"type":2,"area":6}},{"x":47,"y":86,"data":{"alt":7,"type":2,"area":6}},{"x":48,"y":86,"data":{"alt":7,"type":2,"area":6}},{"x":49,"y":86,"data":{"alt":7,"type":2,"area":6}},{"x":50,"y":86,"data":{"alt":7,"type":2,"area":6}},{"x":51,"y":86,"data":{"alt":7,"type":2,"area":6}},{"x":52,"y":86,"data":{"alt":7,"type":2,"area":6}},{"x":53,"y":86,"data":{"alt":7,"type":2,"area":6}},{"x":54,"y":86,"data":{"alt":7,"type":2,"area":6}},{"x":55,"y":86,"data":{"alt":7,"type":2,"area":6}},{"x":56,"y":86,"data":{"alt":7,"type":2,"area":6}},{"x":57,"y":86,"data":{"alt":7,"type":2,"area":6}},{"x":58,"y":86,"data":{"alt":7,"type":2,"area":6}},{"x":59,"y":86,"data":{"alt":7,"type":2,"area":6}},{"x":60,"y":86,"data":{"alt":7,"type":2,"area":6}},{"x":61,"y":86,"data":{"alt":7,"type":2,"area":6}},{"x":62,"y":86,"data":{"alt":7,"type":2,"area":6}},{"x":63,"y":86,"data":{"alt":7,"type":2,"area":6}},{"x":33,"y":87,"data":{"alt":7,"type":2,"area":6}},{"x":34,"y":87,"data":{"alt":7,"type":2,"area":6}},{"x":35,"y":87,"data":{"alt":7,"type":2,"area":6}},{"x":36,"y":87,"data":{"alt":7,"type":2,"area":6}},{"x":37,"y":87,"data":{"alt":7,"type":2,"area":6}},{"x":38,"y":87,"data":{"alt":7,"type":2,"area":6}},{"x":39,"y":87,"data":{"alt":7,"type":2,"area":6}},{"x":40,"y":87,"data":{"alt":7,"type":2,"area":6}},{"x":41,"y":87,"data":{"alt":7,"type":2,"area":6}},{"x":42,"y":87,"data":{"alt":7,"type":2,"area":6}},{"x":43,"y":87,"data":{"alt":7,"type":2,"area":6}},{"x":44,"y":87,"data":{"alt":7,"type":2,"area":6}},{"x":45,"y":87,"data":{"alt":7,"type":2,"area":6}},{"x":46,"y":87,"data":{"alt":7,"type":2,"area":6}},{"x":47,"y":87,"data":{"alt":7,"type":2,"area":6}},{"x":48,"y":87,"data":{"alt":7,"type":2,"area":6}},{"x":49,"y":87,"data":{"alt":7,"type":2,"area":6}},{"x":50,"y":87,"data":{"alt":7,"type":2,"area":6}},{"x":51,"y":87,"data":{"alt":7,"type":2,"area":6}},{"x":52,"y":87,"data":{"alt":7,"type":2,"area":6}},{"x":53,"y":87,"data":{"alt":7,"type":2,"area":6}},{"x":54,"y":87,"data":{"alt":7,"type":2,"area":6}},{"x":55,"y":87,"data":{"alt":7,"type":2,"area":6}},{"x":56,"y":87,"data":{"alt":7,"type":2,"area":6}},{"x":57,"y":87,"data":{"alt":7,"type":2,"area":6}},{"x":58,"y":87,"data":{"alt":7,"type":2,"area":6}},{"x":59,"y":87,"data":{"alt":7,"type":2,"area":6}},{"x":60,"y":87,"data":{"alt":7,"type":2,"area":6}},{"x":61,"y":87,"data":{"alt":7,"type":2,"area":6}},{"x":62,"y":87,"data":{"alt":7,"type":2,"area":6}},{"x":63,"y":87,"data":{"alt":7,"type":2,"area":6}},{"x":32,"y":88,"data":{"alt":7,"type":2,"area":6}},{"x":33,"y":88,"data":{"alt":7,"type":2,"area":6}},{"x":34,"y":88,"data":{"alt":7,"type":2,"area":6}},{"x":35,"y":88,"data":{"alt":7,"type":2,"area":6}},{"x":36,"y":88,"data":{"alt":7,"type":2,"area":6}},{"x":37,"y":88,"data":{"alt":7,"type":2,"area":6}},{"x":38,"y":88,"data":{"alt":7,"type":2,"area":6}},{"x":39,"y":88,"data":{"alt":7,"type":2,"area":6}},{"x":40,"y":88,"data":{"alt":7,"type":2,"area":6}},{"x":41,"y":88,"data":{"alt":7,"type":2,"area":6}},{"x":42,"y":88,"data":{"alt":7,"type":2,"area":6}},{"x":43,"y":88,"data":{"alt":7,"type":2,"area":6}},{"x":44,"y":88,"data":{"alt":7,"type":2,"area":6}},{"x":45,"y":88,"data":{"alt":7,"type":2,"area":6}},{"x":46,"y":88,"data":{"alt":7,"type":2,"area":6}},{"x":47,"y":88,"data":{"alt":7,"type":2,"area":6}},{"x":48,"y":88,"data":{"alt":7,"type":2,"area":6}},{"x":49,"y":88,"data":{"alt":7,"type":2,"area":6}},{"x":50,"y":88,"data":{"alt":7,"type":2,"area":6}},{"x":51,"y":88,"data":{"alt":7,"type":2,"area":6}},{"x":52,"y":88,"data":{"alt":7,"type":2,"area":6}},{"x":53,"y":88,"data":{"alt":7,"type":2,"area":6}},{"x":54,"y":88,"data":{"alt":7,"type":2,"area":6}},{"x":55,"y":88,"data":{"alt":7,"type":2,"area":6}},{"x":56,"y":88,"data":{"alt":7,"type":2,"area":6}},{"x":57,"y":88,"data":{"alt":7,"type":2,"area":6}},{"x":58,"y":88,"data":{"alt":7,"type":2,"area":6}},{"x":59,"y":88,"data":{"alt":7,"type":2,"area":6}},{"x":60,"y":88,"data":{"alt":7,"type":2,"area":6}},{"x":61,"y":88,"data":{"alt":7,"type":2,"area":6}},{"x":62,"y":88,"data":{"alt":7,"type":2,"area":6}},{"x":63,"y":88,"data":{"alt":7,"type":2,"area":6}},{"x":32,"y":89,"data":{"alt":7,"type":2,"area":6}},{"x":33,"y":89,"data":{"alt":7,"type":2,"area":6}},{"x":34,"y":89,"data":{"alt":7,"type":2,"area":6}},{"x":35,"y":89,"data":{"alt":7,"type":2,"area":6}},{"x":36,"y":89,"data":{"alt":7,"type":2,"area":6}},{"x":37,"y":89,"data":{"alt":7,"type":2,"area":6}},{"x":38,"y":89,"data":{"alt":7,"type":2,"area":6}},{"x":39,"y":89,"data":{"alt":7,"type":2,"area":6}},{"x":40,"y":89,"data":{"alt":7,"type":2,"area":6}},{"x":41,"y":89,"data":{"alt":7,"type":2,"area":6}},{"x":42,"y":89,"data":{"alt":7,"type":2,"area":6}},{"x":43,"y":89,"data":{"alt":7,"type":2,"area":6}},{"x":44,"y":89,"data":{"alt":7,"type":2,"area":6}},{"x":45,"y":89,"data":{"alt":7,"type":2,"area":6}},{"x":46,"y":89,"data":{"alt":7,"type":2,"area":6}},{"x":47,"y":89,"data":{"alt":7,"type":2,"area":6}},{"x":48,"y":89,"data":{"alt":7,"type":2,"area":6}},{"x":49,"y":89,"data":{"alt":7,"type":2,"area":6}},{"x":50,"y":89,"data":{"alt":7,"type":2,"area":6}},{"x":51,"y":89,"data":{"alt":7,"type":2,"area":6}},{"x":52,"y":89,"data":{"alt":7,"type":2,"area":6}},{"x":53,"y":89,"data":{"alt":7,"type":2,"area":6}},{"x":54,"y":89,"data":{"alt":7,"type":2,"area":6}},{"x":55,"y":89,"data":{"alt":7,"type":2,"area":6}},{"x":56,"y":89,"data":{"alt":7,"type":2,"area":6}},{"x":57,"y":89,"data":{"alt":7,"type":2,"area":6}},{"x":58,"y":89,"data":{"alt":7,"type":2,"area":6}},{"x":59,"y":89,"data":{"alt":7,"type":2,"area":6}},{"x":60,"y":89,"data":{"alt":7,"type":2,"area":6}},{"x":61,"y":89,"data":{"alt":7,"type":2,"area":6}},{"x":62,"y":89,"data":{"alt":7,"type":2,"area":6}},{"x":63,"y":89,"data":{"alt":7,"type":2,"area":6}},{"x":32,"y":90,"data":{"alt":7,"type":2,"area":6}},{"x":33,"y":90,"data":{"alt":7,"type":2,"area":6}},{"x":34,"y":90,"data":{"alt":7,"type":2,"area":6}},{"x":35,"y":90,"data":{"alt":7,"type":2,"area":6}},{"x":36,"y":90,"data":{"alt":7,"type":2,"area":6}},{"x":37,"y":90,"data":{"alt":7,"type":2,"area":6}},{"x":38,"y":90,"data":{"alt":7,"type":2,"area":6}},{"x":39,"y":90,"data":{"alt":7,"type":2,"area":6}},{"x":40,"y":90,"data":{"alt":7,"type":2,"area":6}},{"x":41,"y":90,"data":{"alt":7,"type":2,"area":6}},{"x":42,"y":90,"data":{"alt":7,"type":2,"area":6}},{"x":43,"y":90,"data":{"alt":7,"type":2,"area":6}},{"x":44,"y":90,"data":{"alt":7,"type":2,"area":6}},{"x":45,"y":90,"data":{"alt":7,"type":2,"area":6}},{"x":46,"y":90,"data":{"alt":7,"type":2,"area":6}},{"x":47,"y":90,"data":{"alt":7,"type":2,"area":6}},{"x":48,"y":90,"data":{"alt":7,"type":2,"area":6}},{"x":49,"y":90,"data":{"alt":7,"type":2,"area":6}},{"x":50,"y":90,"data":{"alt":7,"type":2,"area":6}},{"x":51,"y":90,"data":{"alt":7,"type":2,"area":6}},{"x":52,"y":90,"data":{"alt":7,"type":2,"area":6}},{"x":53,"y":90,"data":{"alt":7,"type":2,"area":6}},{"x":54,"y":90,"data":{"alt":7,"type":2,"area":6}},{"x":55,"y":90,"data":{"alt":7,"type":2,"area":6}},{"x":56,"y":90,"data":{"alt":7,"type":2,"area":6}},{"x":57,"y":90,"data":{"alt":7,"type":2,"area":6}},{"x":58,"y":90,"data":{"alt":7,"type":2,"area":6}},{"x":59,"y":90,"data":{"alt":7,"type":2,"area":6}},{"x":60,"y":90,"data":{"alt":7,"type":2,"area":6}},{"x":61,"y":90,"data":{"alt":7,"type":2,"area":6}},{"x":62,"y":90,"data":{"alt":7,"type":2,"area":6}},{"x":63,"y":90,"data":{"alt":7,"type":2,"area":6}},{"x":32,"y":91,"data":{"alt":7,"type":2,"area":6}},{"x":33,"y":91,"data":{"alt":7,"type":2,"area":6}},{"x":34,"y":91,"data":{"alt":7,"type":2,"area":6}},{"x":35,"y":91,"data":{"alt":7,"type":2,"area":6}},{"x":36,"y":91,"data":{"alt":7,"type":2,"area":6}},{"x":37,"y":91,"data":{"alt":7,"type":2,"area":6}},{"x":38,"y":91,"data":{"alt":7,"type":2,"area":6}},{"x":39,"y":91,"data":{"alt":7,"type":2,"area":6}},{"x":40,"y":91,"data":{"alt":7,"type":2,"area":6}},{"x":41,"y":91,"data":{"alt":7,"type":2,"area":6}},{"x":42,"y":91,"data":{"alt":7,"type":2,"area":6}},{"x":43,"y":91,"data":{"alt":7,"type":2,"area":6}},{"x":44,"y":91,"data":{"alt":7,"type":2,"area":6}},{"x":45,"y":91,"data":{"alt":7,"type":2,"area":6}},{"x":46,"y":91,"data":{"alt":7,"type":2,"area":6}},{"x":47,"y":91,"data":{"alt":7,"type":2,"area":6}},{"x":48,"y":91,"data":{"alt":7,"type":2,"area":6}},{"x":49,"y":91,"data":{"alt":7,"type":2,"area":6}},{"x":50,"y":91,"data":{"alt":7,"type":2,"area":6}},{"x":51,"y":91,"data":{"alt":7,"type":2,"area":6}},{"x":52,"y":91,"data":{"alt":7,"type":2,"area":6}},{"x":53,"y":91,"data":{"alt":7,"type":2,"area":6}},{"x":54,"y":91,"data":{"alt":7,"type":2,"area":6}},{"x":55,"y":91,"data":{"alt":7,"type":2,"area":6}},{"x":56,"y":91,"data":{"alt":7,"type":2,"area":6}},{"x":57,"y":91,"data":{"alt":7,"type":2,"area":6}},{"x":58,"y":91,"data":{"alt":7,"type":2,"area":6}},{"x":59,"y":91,"data":{"alt":7,"type":2,"area":6}},{"x":60,"y":91,"data":{"alt":7,"type":2,"area":6}},{"x":61,"y":91,"data":{"alt":7,"type":2,"area":6}},{"x":62,"y":91,"data":{"alt":7,"type":2,"area":6}},{"x":63,"y":91,"data":{"alt":7,"type":2,"area":6}},{"x":32,"y":92,"data":{"alt":7,"type":2,"area":6}},{"x":33,"y":92,"data":{"alt":7,"type":2,"area":6}},{"x":34,"y":92,"data":{"alt":7,"type":2,"area":6}},{"x":35,"y":92,"data":{"alt":7,"type":2,"area":6}},{"x":36,"y":92,"data":{"alt":7,"type":2,"area":6}},{"x":37,"y":92,"data":{"alt":7,"type":2,"area":6}},{"x":38,"y":92,"data":{"alt":7,"type":2,"area":6}},{"x":39,"y":92,"data":{"alt":7,"type":2,"area":6}},{"x":40,"y":92,"data":{"alt":7,"type":2,"area":6}},{"x":41,"y":92,"data":{"alt":7,"type":2,"area":6}},{"x":42,"y":92,"data":{"alt":7,"type":2,"area":6}},{"x":43,"y":92,"data":{"alt":7,"type":2,"area":6}},{"x":44,"y":92,"data":{"alt":7,"type":2,"area":6}},{"x":45,"y":92,"data":{"alt":7,"type":2,"area":6}},{"x":46,"y":92,"data":{"alt":7,"type":2,"area":6}},{"x":47,"y":92,"data":{"alt":7,"type":2,"area":6}},{"x":48,"y":92,"data":{"alt":7,"type":2,"area":6}},{"x":49,"y":92,"data":{"alt":7,"type":2,"area":6}},{"x":50,"y":92,"data":{"alt":7,"type":2,"area":6}},{"x":51,"y":92,"data":{"alt":7,"type":2,"area":6}},{"x":52,"y":92,"data":{"alt":7,"type":2,"area":6}},{"x":53,"y":92,"data":{"alt":7,"type":2,"area":6}},{"x":54,"y":92,"data":{"alt":7,"type":2,"area":6}},{"x":55,"y":92,"data":{"alt":7,"type":2,"area":6}},{"x":56,"y":92,"data":{"alt":7,"type":2,"area":6}},{"x":57,"y":92,"data":{"alt":7,"type":2,"area":6}},{"x":58,"y":92,"data":{"alt":7,"type":2,"area":6}},{"x":59,"y":92,"data":{"alt":7,"type":2,"area":6}},{"x":60,"y":92,"data":{"alt":7,"type":2,"area":6}},{"x":61,"y":92,"data":{"alt":7,"type":2,"area":6}},{"x":62,"y":92,"data":{"alt":7,"type":2,"area":6}},{"x":63,"y":92,"data":{"alt":7,"type":2,"area":6}},{"x":32,"y":93,"data":{"alt":7,"type":2,"area":6}},{"x":33,"y":93,"data":{"alt":7,"type":2,"area":6}},{"x":34,"y":93,"data":{"alt":7,"type":2,"area":6}},{"x":35,"y":93,"data":{"alt":7,"type":2,"area":6}},{"x":36,"y":93,"data":{"alt":7,"type":2,"area":6}},{"x":37,"y":93,"data":{"alt":7,"type":2,"area":6}},{"x":38,"y":93,"data":{"alt":7,"type":2,"area":6}},{"x":39,"y":93,"data":{"alt":7,"type":2,"area":6}},{"x":40,"y":93,"data":{"alt":7,"type":2,"area":6}},{"x":41,"y":93,"data":{"alt":7,"type":2,"area":6}},{"x":42,"y":93,"data":{"alt":7,"type":2,"area":6}},{"x":43,"y":93,"data":{"alt":7,"type":2,"area":6}},{"x":44,"y":93,"data":{"alt":7,"type":2,"area":6}},{"x":49,"y":93,"data":{"alt":7,"type":2,"area":6}},{"x":50,"y":93,"data":{"alt":7,"type":2,"area":6}},{"x":51,"y":93,"data":{"alt":7,"type":2,"area":6}},{"x":52,"y":93,"data":{"alt":7,"type":2,"area":6}},{"x":53,"y":93,"data":{"alt":7,"type":2,"area":6}},{"x":54,"y":93,"data":{"alt":7,"type":2,"area":6}},{"x":55,"y":93,"data":{"alt":7,"type":2,"area":6}},{"x":56,"y":93,"data":{"alt":7,"type":2,"area":6}},{"x":57,"y":93,"data":{"alt":7,"type":2,"area":6}},{"x":58,"y":93,"data":{"alt":7,"type":2,"area":6}},{"x":59,"y":93,"data":{"alt":7,"type":2,"area":6}},{"x":60,"y":93,"data":{"alt":7,"type":2,"area":6}},{"x":61,"y":93,"data":{"alt":7,"type":2,"area":6}},{"x":62,"y":93,"data":{"alt":7,"type":2,"area":6}},{"x":63,"y":93,"data":{"alt":7,"type":2,"area":6}},{"x":32,"y":94,"data":{"alt":7,"type":2,"area":6}},{"x":33,"y":94,"data":{"alt":7,"type":2,"area":6}},{"x":34,"y":94,"data":{"alt":7,"type":2,"area":6}},{"x":35,"y":94,"data":{"alt":7,"type":2,"area":6}},{"x":36,"y":94,"data":{"alt":7,"type":2,"area":6}},{"x":37,"y":94,"data":{"alt":7,"type":2,"area":6}},{"x":38,"y":94,"data":{"alt":7,"type":2,"area":6}},{"x":39,"y":94,"data":{"alt":7,"type":2,"area":6}},{"x":40,"y":94,"data":{"alt":7,"type":2,"area":6}},{"x":41,"y":94,"data":{"alt":7,"type":2,"area":6}},{"x":42,"y":94,"data":{"alt":7,"type":2,"area":6}},{"x":43,"y":94,"data":{"alt":7,"type":2,"area":6}},{"x":44,"y":94,"data":{"alt":7,"type":2,"area":6}},{"x":45,"y":94,"data":{"alt":7,"type":2,"area":6}},{"x":46,"y":94,"data":{"alt":7,"type":2,"area":6}},{"x":50,"y":94,"data":{"alt":7,"type":2,"area":6}},{"x":51,"y":94,"data":{"alt":7,"type":2,"area":6}},{"x":52,"y":94,"data":{"alt":7,"type":2,"area":6}},{"x":53,"y":94,"data":{"alt":7,"type":2,"area":6}},{"x":54,"y":94,"data":{"alt":7,"type":2,"area":6}},{"x":55,"y":94,"data":{"alt":7,"type":2,"area":6}},{"x":56,"y":94,"data":{"alt":7,"type":2,"area":6}},{"x":57,"y":94,"data":{"alt":7,"type":2,"area":6}},{"x":58,"y":94,"data":{"alt":7,"type":2,"area":6}},{"x":59,"y":94,"data":{"alt":7,"type":2,"area":6}},{"x":60,"y":94,"data":{"alt":7,"type":2,"area":6}},{"x":61,"y":94,"data":{"alt":7,"type":2,"area":6}},{"x":62,"y":94,"data":{"alt":7,"type":2,"area":6}},{"x":63,"y":94,"data":{"alt":7,"type":2,"area":6}},{"x":32,"y":95,"data":{"alt":7,"type":2,"area":6}},{"x":33,"y":95,"data":{"alt":7,"type":2,"area":6}},{"x":34,"y":95,"data":{"alt":7,"type":2,"area":6}},{"x":36,"y":95,"data":{"alt":7,"type":2,"area":6}},{"x":37,"y":95,"data":{"alt":7,"type":2,"area":6}},{"x":38,"y":95,"data":{"alt":7,"type":2,"area":6}},{"x":39,"y":95,"data":{"alt":7,"type":2,"area":6}},{"x":40,"y":95,"data":{"alt":7,"type":2,"area":6}},{"x":41,"y":95,"data":{"alt":7,"type":2,"area":6}},{"x":42,"y":95,"data":{"alt":7,"type":2,"area":6}},{"x":43,"y":95,"data":{"alt":7,"type":2,"area":6}},{"x":44,"y":95,"data":{"alt":7,"type":2,"area":6}},{"x":45,"y":95,"data":{"alt":7,"type":2,"area":6}},{"x":46,"y":95,"data":{"alt":7,"type":2,"area":6}},{"x":51,"y":95,"data":{"alt":7,"type":2,"area":6}},{"x":52,"y":95,"data":{"alt":7,"type":2,"area":6}},{"x":53,"y":95,"data":{"alt":7,"type":2,"area":6}},{"x":54,"y":95,"data":{"alt":7,"type":2,"area":6}},{"x":55,"y":95,"data":{"alt":7,"type":2,"area":6}},{"x":56,"y":95,"data":{"alt":7,"type":2,"area":6}},{"x":57,"y":95,"data":{"alt":7,"type":2,"area":6}},{"x":58,"y":95,"data":{"alt":7,"type":2,"area":6}},{"x":59,"y":95,"data":{"alt":7,"type":2,"area":6}},{"x":60,"y":95,"data":{"alt":7,"type":2,"area":6}},{"x":61,"y":95,"data":{"alt":7,"type":2,"area":6}},{"x":62,"y":95,"data":{"alt":7,"type":2,"area":6}},{"x":63,"y":95,"data":{"alt":7,"type":2,"area":6}},{"x":32,"y":96,"data":{"alt":7,"type":2,"area":6}},{"x":33,"y":96,"data":{"alt":7,"type":2,"area":6}},{"x":34,"y":96,"data":{"alt":7,"type":2,"area":6}},{"x":37,"y":96,"data":{"alt":7,"type":2,"area":6}},{"x":38,"y":96,"data":{"alt":7,"type":2,"area":6}},{"x":39,"y":96,"data":{"alt":7,"type":2,"area":6}},{"x":40,"y":96,"data":{"alt":7,"type":2,"area":6}},{"x":41,"y":96,"data":{"alt":7,"type":2,"area":6}},{"x":42,"y":96,"data":{"alt":7,"type":2,"area":6}},{"x":43,"y":96,"data":{"alt":7,"type":2,"area":6}},{"x":44,"y":96,"data":{"alt":7,"type":2,"area":6}},{"x":45,"y":96,"data":{"alt":7,"type":2,"area":6}},{"x":46,"y":96,"data":{"alt":7,"type":2,"area":6}},{"x":53,"y":96,"data":{"alt":7,"type":2,"area":6}},{"x":54,"y":96,"data":{"alt":7,"type":2,"area":6}},{"x":55,"y":96,"data":{"alt":7,"type":2,"area":6}},{"x":56,"y":96,"data":{"alt":7,"type":2,"area":6}},{"x":57,"y":96,"data":{"alt":7,"type":2,"area":6}},{"x":58,"y":96,"data":{"alt":7,"type":2,"area":6}},{"x":59,"y":96,"data":{"alt":7,"type":2,"area":6}},{"x":60,"y":96,"data":{"alt":7,"type":2,"area":6}},{"x":61,"y":96,"data":{"alt":7,"type":2,"area":6}},{"x":62,"y":96,"data":{"alt":7,"type":2,"area":6}},{"x":32,"y":97,"data":{"alt":7,"type":2,"area":6}},{"x":33,"y":97,"data":{"alt":7,"type":2,"area":6}},{"x":34,"y":97,"data":{"alt":7,"type":2,"area":6}},{"x":38,"y":97,"data":{"alt":7,"type":2,"area":6}},{"x":39,"y":97,"data":{"alt":7,"type":2,"area":6}},{"x":40,"y":97,"data":{"alt":7,"type":2,"area":6}},{"x":41,"y":97,"data":{"alt":7,"type":2,"area":6}},{"x":42,"y":97,"data":{"alt":7,"type":2,"area":6}},{"x":43,"y":97,"data":{"alt":7,"type":2,"area":6}},{"x":44,"y":97,"data":{"alt":7,"type":2,"area":6}},{"x":45,"y":97,"data":{"alt":7,"type":2,"area":6}},{"x":46,"y":97,"data":{"alt":7,"type":2,"area":6}},{"x":52,"y":97,"data":{"alt":7,"type":2,"area":6}},{"x":53,"y":97,"data":{"alt":7,"type":2,"area":6}},{"x":54,"y":97,"data":{"alt":7,"type":2,"area":6}},{"x":55,"y":97,"data":{"alt":7,"type":2,"area":6}},{"x":56,"y":97,"data":{"alt":7,"type":2,"area":6}},{"x":57,"y":97,"data":{"alt":7,"type":2,"area":6}},{"x":58,"y":97,"data":{"alt":7,"type":2,"area":6}},{"x":59,"y":97,"data":{"alt":7,"type":2,"area":6}},{"x":60,"y":97,"data":{"alt":7,"type":2,"area":6}},{"x":61,"y":97,"data":{"alt":7,"type":2,"area":6}},{"x":62,"y":97,"data":{"alt":7,"type":2,"area":6}},{"x":32,"y":98,"data":{"alt":7,"type":2,"area":6}},{"x":33,"y":98,"data":{"alt":7,"type":2,"area":6}},{"x":34,"y":98,"data":{"alt":7,"type":2,"area":6}},{"x":35,"y":98,"data":{"alt":7,"type":2,"area":6}},{"x":36,"y":98,"data":{"alt":7,"type":2,"area":6}},{"x":37,"y":98,"data":{"alt":7,"type":2,"area":6}},{"x":38,"y":98,"data":{"alt":7,"type":2,"area":6}},{"x":39,"y":98,"data":{"alt":7,"type":2,"area":6}},{"x":40,"y":98,"data":{"alt":7,"type":2,"area":6}},{"x":41,"y":98,"data":{"alt":7,"type":2,"area":6}},{"x":42,"y":98,"data":{"alt":7,"type":2,"area":6}},{"x":43,"y":98,"data":{"alt":7,"type":2,"area":6}},{"x":44,"y":98,"data":{"alt":7,"type":2,"area":6}},{"x":45,"y":98,"data":{"alt":7,"type":2,"area":6}},{"x":52,"y":98,"data":{"alt":7,"type":2,"area":6}},{"x":53,"y":98,"data":{"alt":7,"type":2,"area":6}},{"x":54,"y":98,"data":{"alt":7,"type":2,"area":6}},{"x":55,"y":98,"data":{"alt":7,"type":2,"area":6}},{"x":56,"y":98,"data":{"alt":7,"type":2,"area":6}},{"x":57,"y":98,"data":{"alt":7,"type":2,"area":6}},{"x":58,"y":98,"data":{"alt":7,"type":2,"area":6}},{"x":59,"y":98,"data":{"alt":7,"type":2,"area":6}},{"x":32,"y":99,"data":{"alt":7,"type":2,"area":6}},{"x":33,"y":99,"data":{"alt":7,"type":2,"area":6}},{"x":34,"y":99,"data":{"alt":7,"type":2,"area":6}},{"x":35,"y":99,"data":{"alt":7,"type":2,"area":6}},{"x":36,"y":99,"data":{"alt":7,"type":2,"area":6}},{"x":37,"y":99,"data":{"alt":7,"type":2,"area":6}},{"x":38,"y":99,"data":{"alt":7,"type":2,"area":6}},{"x":39,"y":99,"data":{"alt":7,"type":2,"area":6}},{"x":40,"y":99,"data":{"alt":7,"type":2,"area":6}},{"x":41,"y":99,"data":{"alt":7,"type":2,"area":6}},{"x":42,"y":99,"data":{"alt":7,"type":2,"area":6}},{"x":43,"y":99,"data":{"alt":7,"type":2,"area":6}},{"x":44,"y":99,"data":{"alt":7,"type":2,"area":6}},{"x":51,"y":99,"data":{"alt":7,"type":2,"area":6}},{"x":52,"y":99,"data":{"alt":7,"type":2,"area":6}},{"x":53,"y":99,"data":{"alt":7,"type":2,"area":6}},{"x":54,"y":99,"data":{"alt":7,"type":2,"area":6}},{"x":55,"y":99,"data":{"alt":7,"type":2,"area":6}},{"x":56,"y":99,"data":{"alt":7,"type":2,"area":6}},{"x":57,"y":99,"data":{"alt":7,"type":2,"area":6}},{"x":58,"y":99,"data":{"alt":7,"type":2,"area":6}},{"x":59,"y":99,"data":{"alt":7,"type":2,"area":6}},{"x":32,"y":100,"data":{"alt":7,"type":2,"area":6}},{"x":33,"y":100,"data":{"alt":7,"type":2,"area":6}},{"x":34,"y":100,"data":{"alt":7,"type":2,"area":6}},{"x":35,"y":100,"data":{"alt":7,"type":2,"area":6}},{"x":36,"y":100,"data":{"alt":7,"type":2,"area":6}},{"x":37,"y":100,"data":{"alt":7,"type":2,"area":6}},{"x":38,"y":100,"data":{"alt":7,"type":2,"area":6}},{"x":39,"y":100,"data":{"alt":7,"type":2,"area":6}},{"x":40,"y":100,"data":{"alt":7,"type":2,"area":6}},{"x":41,"y":100,"data":{"alt":7,"type":2,"area":6}},{"x":43,"y":100,"data":{"alt":7,"type":2,"area":6}},{"x":44,"y":100,"data":{"alt":7,"type":2,"area":6}},{"x":52,"y":100,"data":{"alt":7,"type":2,"area":6}},{"x":53,"y":100,"data":{"alt":7,"type":2,"area":6}},{"x":54,"y":100,"data":{"alt":7,"type":2,"area":6}},{"x":55,"y":100,"data":{"alt":7,"type":2,"area":6}},{"x":56,"y":100,"data":{"alt":7,"type":2,"area":6}},{"x":32,"y":101,"data":{"alt":7,"type":2,"area":6}},{"x":33,"y":101,"data":{"alt":7,"type":2,"area":6}},{"x":34,"y":101,"data":{"alt":7,"type":2,"area":6}},{"x":35,"y":101,"data":{"alt":7,"type":2,"area":6}},{"x":36,"y":101,"data":{"alt":7,"type":2,"area":6}},{"x":37,"y":101,"data":{"alt":7,"type":2,"area":6}},{"x":38,"y":101,"data":{"alt":7,"type":2,"area":6}},{"x":39,"y":101,"data":{"alt":7,"type":2,"area":6}},{"x":40,"y":101,"data":{"alt":7,"type":2,"area":6}},{"x":41,"y":101,"data":{"alt":7,"type":2,"area":6}},{"x":54,"y":101,"data":{"alt":7,"type":2,"area":6}},{"x":56,"y":101,"data":{"alt":7,"type":2,"area":6}},{"x":32,"y":102,"data":{"alt":7,"type":2,"area":6}},{"x":33,"y":102,"data":{"alt":7,"type":2,"area":6}},{"x":34,"y":102,"data":{"alt":7,"type":2,"area":6}},{"x":35,"y":102,"data":{"alt":7,"type":2,"area":6}},{"x":36,"y":102,"data":{"alt":7,"type":2,"area":6}},{"x":37,"y":102,"data":{"alt":7,"type":2,"area":6}},{"x":38,"y":102,"data":{"alt":7,"type":2,"area":6}},{"x":39,"y":102,"data":{"alt":7,"type":2,"area":6}},{"x":40,"y":102,"data":{"alt":7,"type":2,"area":6}},{"x":41,"y":102,"data":{"alt":7,"type":2,"area":6}},{"x":32,"y":103,"data":{"alt":7,"type":2,"area":6}},{"x":33,"y":103,"data":{"alt":7,"type":2,"area":6}},{"x":35,"y":103,"data":{"alt":7,"type":2,"area":6}},{"x":37,"y":103,"data":{"alt":7,"type":2,"area":6}},{"x":38,"y":103,"data":{"alt":7,"type":2,"area":6}},{"x":39,"y":103,"data":{"alt":7,"type":2,"area":6}},{"x":40,"y":103,"data":{"alt":7,"type":2,"area":6}},{"x":41,"y":103,"data":{"alt":7,"type":2,"area":6}},{"x":42,"y":103,"data":{"alt":7,"type":2,"area":6}},{"x":43,"y":103,"data":{"alt":7,"type":2,"area":6}},{"x":38,"y":104,"data":{"alt":7,"type":2,"area":6}},{"x":39,"y":104,"data":{"alt":7,"type":2,"area":6}},{"x":40,"y":104,"data":{"alt":7,"type":2,"area":6}},{"x":41,"y":104,"data":{"alt":7,"type":2,"area":6}},{"x":42,"y":104,"data":{"alt":7,"type":2,"area":6}},{"x":43,"y":104,"data":{"alt":7,"type":2,"area":6}},{"x":38,"y":105,"data":{"alt":7,"type":2,"area":6}},{"x":39,"y":105,"data":{"alt":7,"type":2,"area":6}},{"x":40,"y":105,"data":{"alt":7,"type":2,"area":6}},{"x":41,"y":105,"data":{"alt":7,"type":2,"area":6}},{"x":42,"y":105,"data":{"alt":7,"type":2,"area":6}},{"x":43,"y":105,"data":{"alt":7,"type":2,"area":6}},{"x":44,"y":105,"data":{"alt":7,"type":2,"area":6}},{"x":40,"y":106,"data":{"alt":7,"type":2,"area":6}},{"x":42,"y":106,"data":{"alt":7,"type":2,"area":6}}]