[{"x":527,"y":2759,"data":{"alt":2,"type":2,"area":60}},{"x":528,"y":2759,"data":{"alt":2,"type":2,"area":60}},{"x":525,"y":2760,"data":{"alt":2,"type":2,"area":60}},{"x":526,"y":2760,"data":{"alt":2,"type":2,"area":60}},{"x":527,"y":2760,"data":{"alt":2,"type":2,"area":60}},{"x":528,"y":2760,"data":{"alt":2,"type":2,"area":60}},{"x":530,"y":2760,"data":{"alt":2,"type":2,"area":60}},{"x":525,"y":2761,"data":{"alt":2,"type":2,"area":60}},{"x":526,"y":2761,"data":{"alt":2,"type":2,"area":60}},{"x":527,"y":2761,"data":{"alt":2,"type":2,"area":60}},{"x":528,"y":2761,"data":{"alt":2,"type":2,"area":60}},{"x":529,"y":2761,"data":{"alt":2,"type":2,"area":60}},{"x":530,"y":2761,"data":{"alt":2,"type":2,"area":60}},{"x":526,"y":2762,"data":{"alt":2,"type":2,"area":60}},{"x":527,"y":2762,"data":{"alt":2,"type":2,"area":60}},{"x":528,"y":2762,"data":{"alt":2,"type":2,"area":60}},{"x":529,"y":2762,"data":{"alt":2,"type":2,"area":60}},{"x":530,"y":2762,"data":{"alt":2,"type":2,"area":60}},{"x":526,"y":2763,"data":{"alt":2,"type":2,"area":60}},{"x":527,"y":2763,"data":{"alt":2,"type":2,"area":60}},{"x":528,"y":2763,"data":{"alt":2,"type":2,"area":60}},{"x":529,"y":2763,"data":{"alt":2,"type":2,"area":60}},{"x":530,"y":2763,"data":{"alt":2,"type":2,"area":60}},{"x":525,"y":2764,"data":{"alt":2,"type":2,"area":60}},{"x":526,"y":2764,"data":{"alt":2,"type":2,"area":60}},{"x":527,"y":2764,"data":{"alt":2,"type":2,"area":60}},{"x":528,"y":2764,"data":{"alt":2,"type":2,"area":60}},{"x":529,"y":2764,"data":{"alt":2,"type":2,"area":60}},{"x":530,"y":2764,"data":{"alt":2,"type":2,"area":60}},{"x":524,"y":2765,"data":{"alt":2,"type":2,"area":60}},{"x":525,"y":2765,"data":{"alt":2,"type":2,"area":60}},{"x":526,"y":2765,"data":{"alt":2,"type":2,"area":60}},{"x":527,"y":2765,"data":{"alt":2,"type":2,"area":60}},{"x":528,"y":2765,"data":{"alt":2,"type":2,"area":60}},{"x":529,"y":2765,"data":{"alt":2,"type":2,"area":60}},{"x":525,"y":2766,"data":{"alt":2,"type":2,"area":60}},{"x":526,"y":2766,"data":{"alt":2,"type":2,"area":60}},{"x":527,"y":2766,"data":{"alt":2,"type":2,"area":60}},{"x":528,"y":2766,"data":{"alt":2,"type":2,"area":60}},{"x":529,"y":2766,"data":{"alt":2,"type":2,"area":60}},{"x":530,"y":2766,"data":{"alt":2,"type":2,"area":60}},{"x":525,"y":2767,"data":{"alt":2,"type":2,"area":60}},{"x":526,"y":2767,"data":{"alt":2,"type":2,"area":60}},{"x":529,"y":2767,"data":{"alt":2,"type":2,"area":60}},{"x":524,"y":2768,"data":{"alt":2,"type":2,"area":60}},{"x":525,"y":2768,"data":{"alt":2,"type":2,"area":60}},{"x":526,"y":2768,"data":{"alt":2,"type":2,"area":60}}]