[{"x":114,"y":2379,"data":{"alt":1,"fertility":60,"region":2149,"area":61}},{"x":112,"y":2380,"data":{"alt":1,"fertility":60,"region":2149,"area":61}},{"x":113,"y":2380,"data":{"alt":1,"fertility":60,"region":2149,"area":61}},{"x":114,"y":2380,"data":{"alt":1,"fertility":60,"region":2149,"area":61}},{"x":115,"y":2380,"data":{"alt":1,"fertility":60,"region":2149,"area":61}},{"x":116,"y":2380,"data":{"alt":1,"fertility":60,"region":2149,"area":61}},{"x":112,"y":2381,"data":{"alt":1,"fertility":60,"region":2149,"area":61}},{"x":114,"y":2381,"data":{"alt":1,"fertility":60,"region":2149,"area":61}},{"x":115,"y":2381,"data":{"alt":1,"fertility":60,"region":2149,"area":61}},{"x":114,"y":2382,"data":{"alt":1,"fertility":60,"region":2149,"area":61}},{"x":115,"y":2382,"data":{"alt":1,"fertility":60,"region":2149,"area":61}},{"x":115,"y":2383,"data":{"alt":1,"fertility":60,"region":2149,"area":61}},{"x":116,"y":2384,"data":{"alt":1,"fertility":60,"region":2149,"area":61}}]