[{"x":527,"y":48,"data":{"alt":2,"type":1,"area":62}},{"x":527,"y":49,"data":{"alt":2,"type":1,"area":62}},{"x":526,"y":50,"data":{"alt":2,"type":2,"area":62}},{"x":527,"y":50,"data":{"alt":2,"type":1,"area":62}},{"x":528,"y":50,"data":{"alt":2,"type":2,"area":62}},{"x":533,"y":50,"data":{"alt":2,"type":2,"area":62}},{"x":527,"y":51,"data":{"alt":2,"type":1,"area":62}},{"x":528,"y":51,"data":{"alt":2,"type":2,"area":62}},{"x":530,"y":51,"data":{"alt":2,"type":2,"area":62}},{"x":533,"y":51,"data":{"alt":2,"type":2,"area":62}},{"x":527,"y":52,"data":{"alt":2,"type":1,"area":62}},{"x":530,"y":52,"data":{"alt":2,"type":2,"area":62}},{"x":531,"y":52,"data":{"alt":2,"type":2,"area":62}},{"x":532,"y":52,"data":{"alt":2,"type":2,"area":62}},{"x":533,"y":52,"data":{"alt":2,"type":2,"area":62}},{"x":534,"y":52,"data":{"alt":2,"type":2,"area":62}},{"x":535,"y":52,"data":{"alt":2,"type":2,"area":62}},{"x":536,"y":52,"data":{"alt":2,"type":2,"area":62}},{"x":537,"y":52,"data":{"alt":2,"type":2,"area":62}},{"x":525,"y":53,"data":{"alt":2,"type":2,"area":62}},{"x":526,"y":53,"data":{"alt":2,"type":2,"area":62}},{"x":527,"y":53,"data":{"alt":2,"type":1,"area":62}},{"x":528,"y":53,"data":{"alt":2,"type":2,"area":62}},{"x":529,"y":53,"data":{"alt":2,"type":2,"area":62}},{"x":530,"y":53,"data":{"alt":2,"type":2,"area":62}},{"x":531,"y":53,"data":{"alt":2,"type":2,"area":62}},{"x":532,"y":53,"data":{"alt":2,"type":2,"area":62}},{"x":533,"y":53,"data":{"alt":2,"type":2,"area":62}},{"x":534,"y":53,"data":{"alt":2,"type":2,"area":62}},{"x":535,"y":53,"data":{"alt":2,"type":2,"area":62}},{"x":536,"y":53,"data":{"alt":2,"type":2,"area":62}},{"x":525,"y":54,"data":{"alt":2,"type":2,"area":62}},{"x":526,"y":54,"data":{"alt":2,"type":2,"area":62}},{"x":527,"y":54,"data":{"alt":2,"type":2,"area":62}},{"x":528,"y":54,"data":{"alt":2,"type":1,"area":62}},{"x":529,"y":54,"data":{"alt":2,"type":2,"area":62}},{"x":530,"y":54,"data":{"alt":2,"type":2,"area":62}},{"x":531,"y":54,"data":{"alt":2,"type":2,"area":62}},{"x":532,"y":54,"data":{"alt":2,"type":2,"area":62}},{"x":533,"y":54,"data":{"alt":2,"type":2,"area":62}},{"x":534,"y":54,"data":{"alt":2,"type":2,"area":62}},{"x":535,"y":54,"data":{"alt":2,"type":2,"area":62}},{"x":528,"y":55,"data":{"alt":2,"type":1,"area":62}},{"x":529,"y":55,"data":{"alt":2,"type":2,"area":62}},{"x":530,"y":55,"data":{"alt":2,"type":2,"area":62}},{"x":531,"y":55,"data":{"alt":2,"type":2,"area":62}},{"x":532,"y":55,"data":{"alt":2,"type":2,"area":62}},{"x":533,"y":55,"data":{"alt":2,"type":2,"area":62}},{"x":534,"y":55,"data":{"alt":2,"type":2,"area":62}},{"x":528,"y":56,"data":{"alt":2,"type":1,"area":62}},{"x":529,"y":56,"data":{"alt":2,"type":2,"area":62}},{"x":530,"y":56,"data":{"alt":2,"type":2,"area":62}},{"x":531,"y":56,"data":{"alt":2,"type":2,"area":62}},{"x":532,"y":56,"data":{"alt":2,"type":2,"area":62}},{"x":533,"y":56,"data":{"alt":2,"type":2,"area":62}},{"x":528,"y":57,"data":{"alt":2,"type":1,"area":62}},{"x":529,"y":57,"data":{"alt":2,"type":2,"area":62}},{"x":530,"y":57,"data":{"alt":2,"type":2,"area":62}},{"x":531,"y":57,"data":{"alt":2,"type":2,"area":62}},{"x":532,"y":57,"data":{"alt":2,"type":2,"area":62}},{"x":533,"y":57,"data":{"alt":2,"type":2,"area":62}},{"x":526,"y":58,"data":{"alt":2,"type":2,"area":62}},{"x":527,"y":58,"data":{"alt":2,"type":1,"area":62}},{"x":528,"y":58,"data":{"alt":2,"type":2,"area":62}},{"x":529,"y":58,"data":{"alt":2,"type":2,"area":62}},{"x":531,"y":58,"data":{"alt":2,"type":2,"area":62}},{"x":532,"y":58,"data":{"alt":2,"type":2,"area":62}},{"x":526,"y":59,"data":{"alt":2,"type":2,"area":62}},{"x":527,"y":59,"data":{"alt":2,"type":1,"area":62}},{"x":529,"y":59,"data":{"alt":2,"type":2,"area":62}},{"x":526,"y":60,"data":{"alt":2,"type":2,"area":62}},{"x":527,"y":60,"data":{"alt":2,"type":1,"area":62}},{"x":527,"y":61,"data":{"alt":2,"type":1,"area":62}},{"x":528,"y":61,"data":{"alt":2,"type":2,"area":62}},{"x":527,"y":62,"data":{"alt":2,"type":1,"area":62}},{"x":528,"y":62,"data":{"alt":2,"type":2,"area":62}},{"x":527,"y":63,"data":{"alt":2,"type":1,"area":62}},{"x":528,"y":63,"data":{"alt":2,"type":2,"area":62}},{"x":527,"y":64,"data":{"alt":2,"type":1,"area":62}},{"x":528,"y":64,"data":{"alt":2,"type":2,"area":62}},{"x":527,"y":65,"data":{"alt":2,"type":2,"area":62}},{"x":528,"y":65,"data":{"alt":2,"type":1,"area":62}},{"x":529,"y":65,"data":{"alt":2,"type":2,"area":62}},{"x":529,"y":66,"data":{"alt":2,"type":1,"area":62}},{"x":528,"y":67,"data":{"alt":2,"type":2,"area":62}},{"x":529,"y":67,"data":{"alt":2,"type":1,"area":62}},{"x":530,"y":67,"data":{"alt":2,"type":2,"area":62}},{"x":529,"y":68,"data":{"alt":2,"type":1,"area":62}},{"x":530,"y":68,"data":{"alt":2,"type":2,"area":62}},{"x":531,"y":68,"data":{"alt":2,"type":2,"area":62}},{"x":529,"y":69,"data":{"alt":2,"type":1,"area":62}},{"x":530,"y":69,"data":{"alt":2,"type":2,"area":62}},{"x":529,"y":70,"data":{"alt":2,"type":1,"area":62}},{"x":530,"y":70,"data":{"alt":2,"type":2,"area":62}},{"x":528,"y":71,"data":{"alt":2,"type":1,"area":62}},{"x":529,"y":71,"data":{"alt":2,"type":2,"area":62}},{"x":530,"y":71,"data":{"alt":2,"type":2,"area":62}},{"x":531,"y":71,"data":{"alt":2,"type":2,"area":62}}]