[{"x":113,"y":1881,"data":{"alt":4,"fertility":60,"region":2143,"area":65}},{"x":114,"y":1881,"data":{"alt":4,"fertility":60,"region":2143,"area":65}},{"x":115,"y":1881,"data":{"alt":4,"fertility":60,"region":2143,"area":65}},{"x":116,"y":1881,"data":{"alt":4,"fertility":60,"region":2143,"area":65}},{"x":113,"y":1882,"data":{"alt":4,"fertility":60,"region":2143,"area":65}},{"x":114,"y":1882,"data":{"alt":4,"fertility":60,"region":2143,"area":65}},{"x":115,"y":1882,"data":{"alt":4,"fertility":60,"region":2143,"area":65}},{"x":116,"y":1882,"data":{"alt":4,"fertility":60,"region":2143,"area":65}},{"x":117,"y":1882,"data":{"alt":4,"fertility":60,"region":2143,"area":65}},{"x":113,"y":1883,"data":{"alt":4,"fertility":60,"region":2143,"area":65}},{"x":114,"y":1883,"data":{"alt":4,"fertility":60,"region":2143,"area":65}},{"x":115,"y":1883,"data":{"alt":4,"fertility":60,"region":2143,"area":65}}]