[{"x":543,"y":5,"data":{"alt":2,"type":1,"area":66}},{"x":543,"y":6,"data":{"alt":2,"type":1,"area":66}},{"x":543,"y":7,"data":{"alt":2,"type":1,"area":66}},{"x":543,"y":8,"data":{"alt":2,"type":1,"area":66}},{"x":542,"y":9,"data":{"alt":2,"type":1,"area":66}},{"x":543,"y":9,"data":{"alt":2,"type":1,"area":66}},{"x":541,"y":10,"data":{"alt":2,"type":1,"area":66}},{"x":542,"y":10,"data":{"alt":2,"type":1,"area":66}},{"x":543,"y":10,"data":{"alt":2,"type":1,"area":66}},{"x":540,"y":11,"data":{"alt":2,"type":1,"area":66}},{"x":541,"y":11,"data":{"alt":2,"type":1,"area":66}},{"x":542,"y":11,"data":{"alt":2,"type":1,"area":66}},{"x":539,"y":12,"data":{"alt":2,"type":1,"area":66}},{"x":540,"y":12,"data":{"alt":2,"type":1,"area":66}},{"x":541,"y":12,"data":{"alt":2,"type":1,"area":66}},{"x":539,"y":13,"data":{"alt":2,"type":1,"area":66}},{"x":540,"y":13,"data":{"alt":2,"type":1,"area":66}},{"x":540,"y":14,"data":{"alt":2,"type":1,"area":66}},{"x":540,"y":15,"data":{"alt":2,"type":1,"area":66}},{"x":546,"y":0,"data":{"alt":2,"type":1,"area":66}},{"x":547,"y":0,"data":{"alt":2,"type":1,"area":66}},{"x":548,"y":0,"data":{"alt":2,"type":1,"area":66}},{"x":546,"y":1,"data":{"alt":2,"type":1,"area":66}},{"x":547,"y":1,"data":{"alt":2,"type":1,"area":66}},{"x":545,"y":2,"data":{"alt":2,"type":1,"area":66}},{"x":546,"y":2,"data":{"alt":2,"type":1,"area":66}},{"x":547,"y":2,"data":{"alt":2,"type":1,"area":66}},{"x":545,"y":3,"data":{"alt":2,"type":1,"area":66}},{"x":546,"y":3,"data":{"alt":2,"type":1,"area":66}},{"x":544,"y":4,"data":{"alt":2,"type":1,"area":66}},{"x":545,"y":4,"data":{"alt":2,"type":1,"area":66}},{"x":546,"y":4,"data":{"alt":2,"type":1,"area":66}},{"x":544,"y":5,"data":{"alt":2,"type":1,"area":66}},{"x":545,"y":5,"data":{"alt":2,"type":1,"area":66}},{"x":544,"y":6,"data":{"alt":2,"type":1,"area":66}},{"x":544,"y":7,"data":{"alt":2,"type":1,"area":66}},{"x":544,"y":8,"data":{"alt":2,"type":1,"area":66}},{"x":544,"y":9,"data":{"alt":2,"type":1,"area":66}}]