[{"x":556,"y":290,"data":{"alt":2,"type":1,"area":68}},{"x":557,"y":290,"data":{"alt":2,"type":1,"area":68}},{"x":558,"y":290,"data":{"alt":2,"type":1,"area":68}},{"x":559,"y":290,"data":{"alt":2,"type":1,"area":68}},{"x":560,"y":290,"data":{"alt":2,"type":1,"area":68}},{"x":561,"y":290,"data":{"alt":2,"type":1,"area":68}},{"x":562,"y":290,"data":{"alt":2,"type":1,"area":68}},{"x":563,"y":290,"data":{"alt":2,"type":1,"area":68}},{"x":564,"y":290,"data":{"alt":2,"type":1,"area":68}},{"x":565,"y":290,"data":{"alt":2,"type":1,"area":68}},{"x":566,"y":290,"data":{"alt":2,"type":1,"area":68}}]