[{"x":1,"y":1030,"data":{"alt":2,"fertility":60,"region":2121,"area":7}},{"x":0,"y":1031,"data":{"alt":3,"fertility":60,"region":2121,"area":7}},{"x":1,"y":1031,"data":{"alt":2,"fertility":60,"region":2121,"area":7}},{"x":0,"y":1032,"data":{"alt":3,"fertility":60,"forest":20,"region":2121,"area":7}},{"x":1,"y":1032,"data":{"alt":2,"fertility":60,"region":2121,"area":7}},{"x":2,"y":1032,"data":{"alt":2,"fertility":60,"region":2121,"area":7}},{"x":0,"y":1033,"data":{"alt":2,"fertility":60,"region":2121,"area":7}}]