[{"x":597,"y":664,"data":{"alt":1,"type":2,"area":70}},{"x":599,"y":664,"data":{"alt":1,"type":2,"area":70}},{"x":600,"y":664,"data":{"alt":1,"type":2,"area":70}},{"x":601,"y":664,"data":{"alt":1,"type":2,"area":70}},{"x":602,"y":664,"data":{"alt":1,"type":2,"area":70}},{"x":603,"y":664,"data":{"alt":1,"type":2,"area":70}},{"x":595,"y":665,"data":{"alt":1,"type":2,"area":70}},{"x":596,"y":665,"data":{"alt":1,"type":2,"area":70}},{"x":597,"y":665,"data":{"alt":1,"type":2,"area":70}},{"x":598,"y":665,"data":{"alt":1,"type":2,"area":70}},{"x":599,"y":665,"data":{"alt":1,"type":2,"area":70}},{"x":600,"y":665,"data":{"alt":1,"type":2,"area":70}},{"x":601,"y":665,"data":{"alt":1,"type":2,"area":70}},{"x":602,"y":665,"data":{"alt":1,"type":2,"area":70}},{"x":603,"y":665,"data":{"alt":1,"type":2,"area":70}},{"x":604,"y":665,"data":{"alt":1,"type":2,"area":70}},{"x":605,"y":665,"data":{"alt":1,"type":2,"area":70}},{"x":594,"y":666,"data":{"alt":1,"type":2,"area":70}},{"x":595,"y":666,"data":{"alt":1,"type":2,"area":70}},{"x":596,"y":666,"data":{"alt":1,"type":2,"area":70}},{"x":597,"y":666,"data":{"alt":1,"type":2,"area":70}},{"x":598,"y":666,"data":{"alt":1,"type":2,"area":70}},{"x":599,"y":666,"data":{"alt":1,"type":2,"area":70}},{"x":600,"y":666,"data":{"alt":1,"type":2,"area":70}},{"x":601,"y":666,"data":{"alt":1,"type":2,"area":70}},{"x":602,"y":666,"data":{"alt":1,"type":2,"area":70}},{"x":603,"y":666,"data":{"alt":1,"type":2,"area":70}},{"x":604,"y":666,"data":{"alt":1,"type":2,"area":70}},{"x":605,"y":666,"data":{"alt":1,"type":2,"area":70}},{"x":598,"y":667,"data":{"alt":1,"type":2,"area":70}},{"x":599,"y":667,"data":{"alt":1,"type":2,"area":70}},{"x":600,"y":667,"data":{"alt":1,"type":2,"area":70}},{"x":601,"y":667,"data":{"alt":1,"type":2,"area":70}},{"x":602,"y":667,"data":{"alt":1,"type":2,"area":70}},{"x":603,"y":667,"data":{"alt":1,"type":2,"area":70}},{"x":604,"y":667,"data":{"alt":1,"type":2,"area":70}},{"x":605,"y":667,"data":{"alt":1,"type":2,"area":70}},{"x":606,"y":667,"data":{"alt":1,"type":2,"area":70}},{"x":607,"y":667,"data":{"alt":1,"type":2,"area":70}},{"x":599,"y":668,"data":{"alt":1,"type":2,"area":70}},{"x":600,"y":668,"data":{"alt":1,"type":2,"area":70}},{"x":601,"y":668,"data":{"alt":1,"type":2,"area":70}},{"x":602,"y":668,"data":{"alt":1,"type":2,"area":70}},{"x":603,"y":668,"data":{"alt":1,"type":2,"area":70}},{"x":604,"y":668,"data":{"alt":1,"type":2,"area":70}},{"x":605,"y":668,"data":{"alt":1,"type":2,"area":70}},{"x":606,"y":668,"data":{"alt":1,"type":2,"area":70}},{"x":607,"y":668,"data":{"alt":1,"type":2,"area":70}},{"x":600,"y":669,"data":{"alt":1,"type":2,"area":70}},{"x":601,"y":669,"data":{"alt":1,"type":2,"area":70}},{"x":602,"y":669,"data":{"alt":1,"type":2,"area":70}},{"x":603,"y":669,"data":{"alt":1,"type":2,"area":70}},{"x":604,"y":669,"data":{"alt":1,"type":2,"area":70}},{"x":605,"y":669,"data":{"alt":1,"type":2,"area":70}},{"x":606,"y":669,"data":{"alt":1,"type":2,"area":70}},{"x":607,"y":669,"data":{"alt":1,"type":2,"area":70}},{"x":600,"y":670,"data":{"alt":1,"type":2,"area":70}},{"x":601,"y":670,"data":{"alt":1,"type":2,"area":70}},{"x":602,"y":670,"data":{"alt":1,"type":2,"area":70}},{"x":603,"y":670,"data":{"alt":1,"type":2,"area":70}},{"x":604,"y":670,"data":{"alt":1,"type":2,"area":70}},{"x":605,"y":670,"data":{"alt":1,"type":2,"area":70}},{"x":606,"y":670,"data":{"alt":1,"type":2,"area":70}},{"x":607,"y":670,"data":{"alt":1,"type":2,"area":70}},{"x":601,"y":671,"data":{"alt":1,"type":2,"area":70}},{"x":602,"y":671,"data":{"alt":1,"type":2,"area":70}},{"x":603,"y":671,"data":{"alt":1,"type":2,"area":70}},{"x":604,"y":671,"data":{"alt":1,"type":2,"area":70}},{"x":605,"y":671,"data":{"alt":1,"type":2,"area":70}},{"x":606,"y":671,"data":{"alt":1,"type":2,"area":70}},{"x":607,"y":671,"data":{"alt":1,"type":2,"area":70}},{"x":606,"y":627,"data":{"alt":1,"type":1,"area":70}},{"x":607,"y":627,"data":{"alt":1,"type":1,"area":70}},{"x":607,"y":629,"data":{"alt":1,"type":2,"area":70}},{"x":606,"y":630,"data":{"alt":1,"type":2,"area":70}},{"x":607,"y":630,"data":{"alt":1,"type":2,"area":70}},{"x":606,"y":631,"data":{"alt":1,"type":2,"area":70}},{"x":607,"y":631,"data":{"alt":1,"type":2,"area":70}},{"x":606,"y":632,"data":{"alt":1,"type":2,"area":70}},{"x":607,"y":632,"data":{"alt":1,"type":2,"area":70}},{"x":606,"y":633,"data":{"alt":1,"type":2,"area":70}},{"x":607,"y":633,"data":{"alt":1,"type":2,"area":70}},{"x":607,"y":634,"data":{"alt":1,"type":2,"area":70}},{"x":603,"y":672,"data":{"alt":1,"type":2,"area":70}},{"x":605,"y":672,"data":{"alt":1,"type":2,"area":70}},{"x":606,"y":672,"data":{"alt":1,"type":2,"area":70}},{"x":607,"y":672,"data":{"alt":1,"type":2,"area":70}},{"x":605,"y":673,"data":{"alt":1,"type":2,"area":70}},{"x":606,"y":673,"data":{"alt":1,"type":2,"area":70}},{"x":607,"y":673,"data":{"alt":1,"type":2,"area":70}},{"x":605,"y":674,"data":{"alt":1,"type":2,"area":70}},{"x":606,"y":674,"data":{"alt":1,"type":2,"area":70}},{"x":607,"y":674,"data":{"alt":1,"type":2,"area":70}},{"x":606,"y":675,"data":{"alt":1,"type":2,"area":70}},{"x":607,"y":675,"data":{"alt":1,"type":2,"area":70}},{"x":606,"y":676,"data":{"alt":1,"type":2,"area":70}},{"x":607,"y":676,"data":{"alt":1,"type":2,"area":70}},{"x":607,"y":677,"data":{"alt":1,"type":2,"area":70}},{"x":605,"y":678,"data":{"alt":1,"type":2,"area":70}},{"x":606,"y":678,"data":{"alt":1,"type":2,"area":70}},{"x":607,"y":678,"data":{"alt":1,"type":2,"area":70}},{"x":606,"y":679,"data":{"alt":1,"type":2,"area":70}},{"x":607,"y":679,"data":{"alt":1,"type":2,"area":70}},{"x":606,"y":680,"data":{"alt":1,"type":2,"area":70}},{"x":607,"y":680,"data":{"alt":1,"type":2,"area":70}},{"x":607,"y":681,"data":{"alt":1,"type":2,"area":70}},{"x":617,"y":640,"data":{"alt":1,"type":2,"area":70}},{"x":618,"y":640,"data":{"alt":1,"type":2,"area":70}},{"x":619,"y":640,"data":{"alt":1,"type":2,"area":70}},{"x":620,"y":640,"data":{"alt":1,"type":2,"area":70}},{"x":621,"y":640,"data":{"alt":1,"type":2,"area":70}},{"x":622,"y":640,"data":{"alt":1,"type":2,"area":70}},{"x":623,"y":640,"data":{"alt":1,"type":1,"area":70}},{"x":624,"y":640,"data":{"alt":1,"type":2,"area":70}},{"x":625,"y":640,"data":{"alt":1,"type":2,"area":70}},{"x":626,"y":640,"data":{"alt":1,"type":2,"area":70}},{"x":627,"y":640,"data":{"alt":1,"type":2,"area":70}},{"x":628,"y":640,"data":{"alt":1,"type":2,"area":70}},{"x":629,"y":640,"data":{"alt":1,"type":2,"area":70}},{"x":630,"y":640,"data":{"alt":1,"type":2,"area":70}},{"x":631,"y":640,"data":{"alt":1,"type":2,"area":70}},{"x":632,"y":640,"data":{"alt":1,"type":2,"area":70}},{"x":633,"y":640,"data":{"alt":1,"type":2,"area":70}},{"x":616,"y":641,"data":{"alt":1,"type":2,"area":70}},{"x":617,"y":641,"data":{"alt":1,"type":2,"area":70}},{"x":618,"y":641,"data":{"alt":1,"type":2,"area":70}},{"x":619,"y":641,"data":{"alt":1,"type":2,"area":70}},{"x":620,"y":641,"data":{"alt":1,"type":2,"area":70}},{"x":621,"y":641,"data":{"alt":1,"type":2,"area":70}},{"x":622,"y":641,"data":{"alt":1,"type":2,"area":70}},{"x":623,"y":641,"data":{"alt":1,"type":2,"area":70}},{"x":624,"y":641,"data":{"alt":1,"type":1,"area":70}},{"x":625,"y":641,"data":{"alt":1,"type":2,"area":70}},{"x":626,"y":641,"data":{"alt":1,"type":2,"area":70}},{"x":627,"y":641,"data":{"alt":1,"type":2,"area":70}},{"x":628,"y":641,"data":{"alt":1,"type":2,"area":70}},{"x":629,"y":641,"data":{"alt":1,"type":2,"area":70}},{"x":630,"y":641,"data":{"alt":1,"type":2,"area":70}},{"x":631,"y":641,"data":{"alt":1,"type":2,"area":70}},{"x":616,"y":642,"data":{"alt":1,"type":2,"area":70}},{"x":617,"y":642,"data":{"alt":1,"type":2,"area":70}},{"x":618,"y":642,"data":{"alt":1,"type":2,"area":70}},{"x":619,"y":642,"data":{"alt":1,"type":2,"area":70}},{"x":620,"y":642,"data":{"alt":1,"type":2,"area":70}},{"x":621,"y":642,"data":{"alt":1,"type":2,"area":70}},{"x":622,"y":642,"data":{"alt":1,"type":2,"area":70}},{"x":623,"y":642,"data":{"alt":1,"type":2,"area":70}},{"x":624,"y":642,"data":{"alt":1,"type":2,"area":70}},{"x":625,"y":642,"data":{"alt":1,"type":1,"area":70}},{"x":626,"y":642,"data":{"alt":1,"type":2,"area":70}},{"x":627,"y":642,"data":{"alt":1,"type":2,"area":70}},{"x":628,"y":642,"data":{"alt":1,"type":2,"area":70}},{"x":629,"y":642,"data":{"alt":1,"type":2,"area":70}},{"x":630,"y":642,"data":{"alt":1,"type":2,"area":70}},{"x":631,"y":642,"data":{"alt":1,"type":2,"area":70}},{"x":616,"y":643,"data":{"alt":1,"type":2,"area":70}},{"x":617,"y":643,"data":{"alt":1,"type":2,"area":70}},{"x":618,"y":643,"data":{"alt":1,"type":2,"area":70}},{"x":619,"y":643,"data":{"alt":1,"type":2,"area":70}},{"x":620,"y":643,"data":{"alt":1,"type":2,"area":70}},{"x":621,"y":643,"data":{"alt":1,"type":2,"area":70}},{"x":622,"y":643,"data":{"alt":1,"type":2,"area":70}},{"x":623,"y":643,"data":{"alt":1,"type":2,"area":70}},{"x":624,"y":643,"data":{"alt":1,"type":2,"area":70}},{"x":625,"y":643,"data":{"alt":1,"type":2,"area":70}},{"x":626,"y":643,"data":{"alt":1,"type":1,"area":70}},{"x":627,"y":643,"data":{"alt":1,"type":2,"area":70}},{"x":628,"y":643,"data":{"alt":1,"type":2,"area":70}},{"x":629,"y":643,"data":{"alt":1,"type":2,"area":70}},{"x":630,"y":643,"data":{"alt":1,"type":2,"area":70}},{"x":615,"y":644,"data":{"alt":1,"type":2,"area":70}},{"x":616,"y":644,"data":{"alt":1,"type":2,"area":70}},{"x":617,"y":644,"data":{"alt":1,"type":2,"area":70}},{"x":618,"y":644,"data":{"alt":1,"type":2,"area":70}},{"x":619,"y":644,"data":{"alt":1,"type":2,"area":70}},{"x":620,"y":644,"data":{"alt":1,"type":2,"area":70}},{"x":621,"y":644,"data":{"alt":1,"type":2,"area":70}},{"x":622,"y":644,"data":{"alt":1,"type":2,"area":70}},{"x":623,"y":644,"data":{"alt":1,"type":2,"area":70}},{"x":624,"y":644,"data":{"alt":1,"type":2,"area":70}},{"x":625,"y":644,"data":{"alt":1,"type":2,"area":70}},{"x":626,"y":644,"data":{"alt":1,"type":2,"area":70}},{"x":627,"y":644,"data":{"alt":1,"type":1,"area":70}},{"x":628,"y":644,"data":{"alt":1,"type":2,"area":70}},{"x":629,"y":644,"data":{"alt":1,"type":2,"area":70}},{"x":630,"y":644,"data":{"alt":1,"type":2,"area":70}},{"x":631,"y":644,"data":{"alt":1,"type":2,"area":70}},{"x":615,"y":645,"data":{"alt":1,"type":2,"area":70}},{"x":616,"y":645,"data":{"alt":1,"type":2,"area":70}},{"x":617,"y":645,"data":{"alt":1,"type":2,"area":70}},{"x":618,"y":645,"data":{"alt":1,"type":2,"area":70}},{"x":619,"y":645,"data":{"alt":1,"type":2,"area":70}},{"x":620,"y":645,"data":{"alt":1,"type":2,"area":70}},{"x":621,"y":645,"data":{"alt":1,"type":2,"area":70}},{"x":622,"y":645,"data":{"alt":1,"type":2,"area":70}},{"x":623,"y":645,"data":{"alt":1,"type":2,"area":70}},{"x":624,"y":645,"data":{"alt":1,"type":2,"area":70}},{"x":625,"y":645,"data":{"alt":1,"type":2,"area":70}},{"x":626,"y":645,"data":{"alt":1,"type":2,"area":70}},{"x":627,"y":645,"data":{"alt":1,"type":2,"area":70}},{"x":628,"y":645,"data":{"alt":1,"type":1,"area":70}},{"x":629,"y":645,"data":{"alt":1,"type":2,"area":70}},{"x":630,"y":645,"data":{"alt":1,"type":2,"area":70}},{"x":631,"y":645,"data":{"alt":1,"type":2,"area":70}},{"x":632,"y":645,"data":{"alt":1,"type":2,"area":70}},{"x":634,"y":645,"data":{"alt":1,"type":2,"area":70}},{"x":616,"y":646,"data":{"alt":1,"type":2,"area":70}},{"x":617,"y":646,"data":{"alt":1,"type":2,"area":70}},{"x":618,"y":646,"data":{"alt":1,"type":2,"area":70}},{"x":619,"y":646,"data":{"alt":1,"type":2,"area":70}},{"x":620,"y":646,"data":{"alt":1,"type":2,"area":70}},{"x":621,"y":646,"data":{"alt":1,"type":2,"area":70}},{"x":622,"y":646,"data":{"alt":1,"type":2,"area":70}},{"x":623,"y":646,"data":{"alt":1,"type":2,"area":70}},{"x":624,"y":646,"data":{"alt":1,"type":2,"area":70}},{"x":625,"y":646,"data":{"alt":1,"type":2,"area":70}},{"x":626,"y":646,"data":{"alt":1,"type":2,"area":70}},{"x":627,"y":646,"data":{"alt":1,"type":2,"area":70}},{"x":628,"y":646,"data":{"alt":1,"type":2,"area":70}},{"x":629,"y":646,"data":{"alt":1,"type":1,"area":70}},{"x":630,"y":646,"data":{"alt":1,"type":2,"area":70}},{"x":631,"y":646,"data":{"alt":1,"type":2,"area":70}},{"x":632,"y":646,"data":{"alt":1,"type":2,"area":70}},{"x":633,"y":646,"data":{"alt":1,"type":2,"area":70}},{"x":634,"y":646,"data":{"alt":1,"type":2,"area":70}},{"x":617,"y":647,"data":{"alt":1,"type":2,"area":70}},{"x":618,"y":647,"data":{"alt":1,"type":2,"area":70}},{"x":619,"y":647,"data":{"alt":1,"type":2,"area":70}},{"x":620,"y":647,"data":{"alt":1,"type":2,"area":70}},{"x":621,"y":647,"data":{"alt":1,"type":2,"area":70}},{"x":622,"y":647,"data":{"alt":1,"type":2,"area":70}},{"x":623,"y":647,"data":{"alt":1,"type":2,"area":70}},{"x":624,"y":647,"data":{"alt":1,"type":2,"area":70}},{"x":625,"y":647,"data":{"alt":1,"type":2,"area":70}},{"x":626,"y":647,"data":{"alt":1,"type":2,"area":70}},{"x":627,"y":647,"data":{"alt":1,"type":2,"area":70}},{"x":628,"y":647,"data":{"alt":1,"type":2,"area":70}},{"x":629,"y":647,"data":{"alt":1,"type":2,"area":70}},{"x":630,"y":647,"data":{"alt":1,"type":1,"area":70}},{"x":631,"y":647,"data":{"alt":1,"type":1,"area":70}},{"x":632,"y":647,"data":{"alt":1,"type":1,"area":70}},{"x":633,"y":647,"data":{"alt":1,"type":2,"area":70}},{"x":634,"y":647,"data":{"alt":1,"type":2,"area":70}},{"x":621,"y":648,"data":{"alt":1,"type":2,"area":70}},{"x":622,"y":648,"data":{"alt":1,"type":2,"area":70}},{"x":623,"y":648,"data":{"alt":1,"type":2,"area":70}},{"x":624,"y":648,"data":{"alt":1,"type":2,"area":70}},{"x":625,"y":648,"data":{"alt":1,"type":2,"area":70}},{"x":626,"y":648,"data":{"alt":1,"type":2,"area":70}},{"x":627,"y":648,"data":{"alt":1,"type":2,"area":70}},{"x":628,"y":648,"data":{"alt":1,"type":2,"area":70}},{"x":629,"y":648,"data":{"alt":1,"type":2,"area":70}},{"x":630,"y":648,"data":{"alt":1,"type":2,"area":70}},{"x":631,"y":648,"data":{"alt":1,"type":2,"area":70}},{"x":632,"y":648,"data":{"alt":1,"type":2,"area":70}},{"x":633,"y":648,"data":{"alt":1,"type":1,"area":70}},{"x":634,"y":648,"data":{"alt":1,"type":2,"area":70}},{"x":624,"y":649,"data":{"alt":1,"type":2,"area":70}},{"x":625,"y":649,"data":{"alt":1,"type":2,"area":70}},{"x":626,"y":649,"data":{"alt":1,"type":2,"area":70}},{"x":627,"y":649,"data":{"alt":1,"type":2,"area":70}},{"x":628,"y":649,"data":{"alt":1,"type":2,"area":70}},{"x":629,"y":649,"data":{"alt":1,"type":2,"area":70}},{"x":630,"y":649,"data":{"alt":1,"type":2,"area":70}},{"x":631,"y":649,"data":{"alt":1,"type":2,"area":70}},{"x":632,"y":649,"data":{"alt":1,"type":2,"area":70}},{"x":633,"y":649,"data":{"alt":1,"type":2,"area":70}},{"x":634,"y":649,"data":{"alt":1,"type":1,"area":70}},{"x":625,"y":650,"data":{"alt":1,"type":2,"area":70}},{"x":626,"y":650,"data":{"alt":1,"type":2,"area":70}},{"x":627,"y":650,"data":{"alt":1,"type":2,"area":70}},{"x":628,"y":650,"data":{"alt":1,"type":2,"area":70}},{"x":629,"y":650,"data":{"alt":1,"type":2,"area":70}},{"x":630,"y":650,"data":{"alt":1,"type":2,"area":70}},{"x":631,"y":650,"data":{"alt":1,"type":2,"area":70}},{"x":632,"y":650,"data":{"alt":1,"type":2,"area":70}},{"x":633,"y":650,"data":{"alt":1,"type":2,"area":70}},{"x":634,"y":650,"data":{"alt":1,"type":2,"area":70}},{"x":635,"y":650,"data":{"alt":1,"type":1,"area":70}},{"x":625,"y":651,"data":{"alt":1,"type":2,"area":70}},{"x":626,"y":651,"data":{"alt":1,"type":2,"area":70}},{"x":627,"y":651,"data":{"alt":1,"type":2,"area":70}},{"x":628,"y":651,"data":{"alt":1,"type":2,"area":70}},{"x":629,"y":651,"data":{"alt":1,"type":2,"area":70}},{"x":630,"y":651,"data":{"alt":1,"type":2,"area":70}},{"x":631,"y":651,"data":{"alt":1,"type":2,"area":70}},{"x":632,"y":651,"data":{"alt":1,"type":2,"area":70}},{"x":633,"y":651,"data":{"alt":1,"type":2,"area":70}},{"x":634,"y":651,"data":{"alt":1,"type":2,"area":70}},{"x":635,"y":651,"data":{"alt":1,"type":2,"area":70}},{"x":636,"y":651,"data":{"alt":1,"type":1,"area":70}},{"x":625,"y":652,"data":{"alt":1,"type":2,"area":70}},{"x":626,"y":652,"data":{"alt":1,"type":2,"area":70}},{"x":627,"y":652,"data":{"alt":1,"type":2,"area":70}},{"x":628,"y":652,"data":{"alt":1,"type":2,"area":70}},{"x":629,"y":652,"data":{"alt":1,"type":2,"area":70}},{"x":630,"y":652,"data":{"alt":1,"type":2,"area":70}},{"x":631,"y":652,"data":{"alt":1,"type":2,"area":70}},{"x":632,"y":652,"data":{"alt":1,"type":2,"area":70}},{"x":633,"y":652,"data":{"alt":1,"type":2,"area":70}},{"x":634,"y":652,"data":{"alt":1,"type":2,"area":70}},{"x":635,"y":652,"data":{"alt":1,"type":2,"area":70}},{"x":636,"y":652,"data":{"alt":1,"type":2,"area":70}},{"x":637,"y":652,"data":{"alt":1,"type":1,"area":70}},{"x":638,"y":652,"data":{"alt":1,"type":2,"area":70}},{"x":627,"y":653,"data":{"alt":1,"type":2,"area":70}},{"x":628,"y":653,"data":{"alt":1,"type":2,"area":70}},{"x":629,"y":653,"data":{"alt":1,"type":2,"area":70}},{"x":630,"y":653,"data":{"alt":1,"type":2,"area":70}},{"x":631,"y":653,"data":{"alt":1,"type":2,"area":70}},{"x":632,"y":653,"data":{"alt":1,"type":2,"area":70}},{"x":633,"y":653,"data":{"alt":1,"type":2,"area":70}},{"x":634,"y":653,"data":{"alt":1,"type":2,"area":70}},{"x":635,"y":653,"data":{"alt":1,"type":2,"area":70}},{"x":636,"y":653,"data":{"alt":1,"type":2,"area":70}},{"x":637,"y":653,"data":{"alt":1,"type":2,"area":70}},{"x":638,"y":653,"data":{"alt":1,"type":1,"area":70}},{"x":639,"y":653,"data":{"alt":1,"type":2,"area":70}},{"x":627,"y":654,"data":{"alt":1,"type":2,"area":70}},{"x":628,"y":654,"data":{"alt":1,"type":2,"area":70}},{"x":629,"y":654,"data":{"alt":1,"type":2,"area":70}},{"x":630,"y":654,"data":{"alt":1,"type":2,"area":70}},{"x":631,"y":654,"data":{"alt":1,"type":2,"area":70}},{"x":632,"y":654,"data":{"alt":1,"type":2,"area":70}},{"x":633,"y":654,"data":{"alt":1,"type":2,"area":70}},{"x":634,"y":654,"data":{"alt":1,"type":2,"area":70}},{"x":635,"y":654,"data":{"alt":1,"type":2,"area":70}},{"x":636,"y":654,"data":{"alt":1,"type":2,"area":70}},{"x":637,"y":654,"data":{"alt":1,"type":2,"area":70}},{"x":638,"y":654,"data":{"alt":1,"type":1,"area":70}},{"x":639,"y":654,"data":{"alt":1,"type":2,"area":70}},{"x":626,"y":655,"data":{"alt":1,"type":2,"area":70}},{"x":627,"y":655,"data":{"alt":1,"type":2,"area":70}},{"x":630,"y":655,"data":{"alt":1,"type":2,"area":70}},{"x":631,"y":655,"data":{"alt":1,"type":2,"area":70}},{"x":632,"y":655,"data":{"alt":1,"type":2,"area":70}},{"x":633,"y":655,"data":{"alt":1,"type":2,"area":70}},{"x":634,"y":655,"data":{"alt":1,"type":2,"area":70}},{"x":635,"y":655,"data":{"alt":1,"type":2,"area":70}},{"x":636,"y":655,"data":{"alt":1,"type":2,"area":70}},{"x":637,"y":655,"data":{"alt":1,"type":1,"area":70}},{"x":638,"y":655,"data":{"alt":1,"type":2,"area":70}},{"x":639,"y":655,"data":{"alt":1,"type":2,"area":70}},{"x":624,"y":656,"data":{"alt":1,"type":2,"area":70}},{"x":625,"y":656,"data":{"alt":1,"type":2,"area":70}},{"x":626,"y":656,"data":{"alt":1,"type":2,"area":70}},{"x":627,"y":656,"data":{"alt":1,"type":2,"area":70}},{"x":628,"y":656,"data":{"alt":1,"type":2,"area":70}},{"x":630,"y":656,"data":{"alt":1,"type":2,"area":70}},{"x":631,"y":656,"data":{"alt":1,"type":2,"area":70}},{"x":632,"y":656,"data":{"alt":1,"type":2,"area":70}},{"x":633,"y":656,"data":{"alt":1,"type":2,"area":70}},{"x":634,"y":656,"data":{"alt":1,"type":2,"area":70}},{"x":635,"y":656,"data":{"alt":1,"type":2,"area":70}},{"x":636,"y":656,"data":{"alt":1,"type":2,"area":70}},{"x":637,"y":656,"data":{"alt":1,"type":1,"area":70}},{"x":638,"y":656,"data":{"alt":1,"type":2,"area":70}},{"x":639,"y":656,"data":{"alt":1,"type":2,"area":70}},{"x":625,"y":657,"data":{"alt":1,"type":2,"area":70}},{"x":626,"y":657,"data":{"alt":1,"type":2,"area":70}},{"x":627,"y":657,"data":{"alt":1,"type":2,"area":70}},{"x":628,"y":657,"data":{"alt":1,"type":2,"area":70}},{"x":631,"y":657,"data":{"alt":1,"type":2,"area":70}},{"x":632,"y":657,"data":{"alt":1,"type":2,"area":70}},{"x":633,"y":657,"data":{"alt":1,"type":2,"area":70}},{"x":634,"y":657,"data":{"alt":1,"type":2,"area":70}},{"x":635,"y":657,"data":{"alt":1,"type":2,"area":70}},{"x":636,"y":657,"data":{"alt":1,"type":2,"area":70}},{"x":637,"y":657,"data":{"alt":1,"type":2,"area":70}},{"x":638,"y":657,"data":{"alt":1,"type":1,"area":70}},{"x":639,"y":657,"data":{"alt":1,"type":2,"area":70}},{"x":625,"y":658,"data":{"alt":1,"type":2,"area":70}},{"x":626,"y":658,"data":{"alt":1,"type":2,"area":70}},{"x":627,"y":658,"data":{"alt":1,"type":2,"area":70}},{"x":628,"y":658,"data":{"alt":1,"type":2,"area":70}},{"x":629,"y":658,"data":{"alt":1,"type":2,"area":70}},{"x":630,"y":658,"data":{"alt":1,"type":2,"area":70}},{"x":631,"y":658,"data":{"alt":1,"type":2,"area":70}},{"x":632,"y":658,"data":{"alt":1,"type":2,"area":70}},{"x":633,"y":658,"data":{"alt":1,"type":2,"area":70}},{"x":634,"y":658,"data":{"alt":1,"type":2,"area":70}},{"x":635,"y":658,"data":{"alt":1,"type":2,"area":70}},{"x":636,"y":658,"data":{"alt":1,"type":2,"area":70}},{"x":637,"y":658,"data":{"alt":1,"type":2,"area":70}},{"x":638,"y":658,"data":{"alt":1,"type":2,"area":70}},{"x":639,"y":658,"data":{"alt":1,"type":1,"area":70}},{"x":623,"y":659,"data":{"alt":1,"type":2,"area":70}},{"x":624,"y":659,"data":{"alt":1,"type":2,"area":70}},{"x":625,"y":659,"data":{"alt":1,"type":2,"area":70}},{"x":626,"y":659,"data":{"alt":1,"type":2,"area":70}},{"x":627,"y":659,"data":{"alt":1,"type":2,"area":70}},{"x":628,"y":659,"data":{"alt":1,"type":2,"area":70}},{"x":629,"y":659,"data":{"alt":1,"type":2,"area":70}},{"x":630,"y":659,"data":{"alt":1,"type":2,"area":70}},{"x":631,"y":659,"data":{"alt":1,"type":2,"area":70}},{"x":632,"y":659,"data":{"alt":1,"type":2,"area":70}},{"x":633,"y":659,"data":{"alt":1,"type":2,"area":70}},{"x":634,"y":659,"data":{"alt":1,"type":2,"area":70}},{"x":635,"y":659,"data":{"alt":1,"type":2,"area":70}},{"x":636,"y":659,"data":{"alt":1,"type":2,"area":70}},{"x":637,"y":659,"data":{"alt":1,"type":2,"area":70}},{"x":638,"y":659,"data":{"alt":1,"type":2,"area":70}},{"x":639,"y":659,"data":{"alt":1,"type":2,"area":70}},{"x":616,"y":660,"data":{"alt":1,"type":2,"area":70}},{"x":623,"y":660,"data":{"alt":1,"type":2,"area":70}},{"x":624,"y":660,"data":{"alt":1,"type":2,"area":70}},{"x":625,"y":660,"data":{"alt":1,"type":2,"area":70}},{"x":626,"y":660,"data":{"alt":1,"type":2,"area":70}},{"x":627,"y":660,"data":{"alt":1,"type":2,"area":70}},{"x":628,"y":660,"data":{"alt":1,"type":2,"area":70}},{"x":629,"y":660,"data":{"alt":1,"type":2,"area":70}},{"x":630,"y":660,"data":{"alt":1,"type":2,"area":70}},{"x":631,"y":660,"data":{"alt":1,"type":2,"area":70}},{"x":632,"y":660,"data":{"alt":1,"type":2,"area":70}},{"x":633,"y":660,"data":{"alt":1,"type":2,"area":70}},{"x":634,"y":660,"data":{"alt":1,"type":2,"area":70}},{"x":635,"y":660,"data":{"alt":1,"type":2,"area":70}},{"x":636,"y":660,"data":{"alt":1,"type":2,"area":70}},{"x":637,"y":660,"data":{"alt":1,"type":2,"area":70}},{"x":638,"y":660,"data":{"alt":1,"type":2,"area":70}},{"x":639,"y":660,"data":{"alt":1,"type":2,"area":70}},{"x":615,"y":661,"data":{"alt":1,"type":2,"area":70}},{"x":616,"y":661,"data":{"alt":1,"type":2,"area":70}},{"x":617,"y":661,"data":{"alt":1,"type":2,"area":70}},{"x":622,"y":661,"data":{"alt":1,"type":2,"area":70}},{"x":623,"y":661,"data":{"alt":1,"type":2,"area":70}},{"x":624,"y":661,"data":{"alt":1,"type":2,"area":70}},{"x":625,"y":661,"data":{"alt":1,"type":2,"area":70}},{"x":626,"y":661,"data":{"alt":1,"type":2,"area":70}},{"x":627,"y":661,"data":{"alt":1,"type":2,"area":70}},{"x":628,"y":661,"data":{"alt":1,"type":2,"area":70}},{"x":629,"y":661,"data":{"alt":1,"type":2,"area":70}},{"x":630,"y":661,"data":{"alt":1,"type":2,"area":70}},{"x":631,"y":661,"data":{"alt":1,"type":2,"area":70}},{"x":632,"y":661,"data":{"alt":1,"type":2,"area":70}},{"x":633,"y":661,"data":{"alt":1,"type":2,"area":70}},{"x":634,"y":661,"data":{"alt":1,"type":2,"area":70}},{"x":635,"y":661,"data":{"alt":1,"type":2,"area":70}},{"x":636,"y":661,"data":{"alt":1,"type":2,"area":70}},{"x":637,"y":661,"data":{"alt":1,"type":2,"area":70}},{"x":638,"y":661,"data":{"alt":1,"type":2,"area":70}},{"x":639,"y":661,"data":{"alt":1,"type":2,"area":70}},{"x":614,"y":662,"data":{"alt":1,"type":2,"area":70}},{"x":615,"y":662,"data":{"alt":1,"type":2,"area":70}},{"x":616,"y":662,"data":{"alt":1,"type":2,"area":70}},{"x":617,"y":662,"data":{"alt":1,"type":2,"area":70}},{"x":618,"y":662,"data":{"alt":1,"type":2,"area":70}},{"x":619,"y":662,"data":{"alt":1,"type":2,"area":70}},{"x":620,"y":662,"data":{"alt":1,"type":2,"area":70}},{"x":621,"y":662,"data":{"alt":1,"type":2,"area":70}},{"x":622,"y":662,"data":{"alt":1,"type":2,"area":70}},{"x":623,"y":662,"data":{"alt":1,"type":2,"area":70}},{"x":624,"y":662,"data":{"alt":1,"type":2,"area":70}},{"x":625,"y":662,"data":{"alt":1,"type":2,"area":70}},{"x":626,"y":662,"data":{"alt":1,"type":2,"area":70}},{"x":627,"y":662,"data":{"alt":1,"type":2,"area":70}},{"x":628,"y":662,"data":{"alt":1,"type":2,"area":70}},{"x":631,"y":662,"data":{"alt":1,"type":2,"area":70}},{"x":632,"y":662,"data":{"alt":1,"type":2,"area":70}},{"x":633,"y":662,"data":{"alt":1,"type":2,"area":70}},{"x":634,"y":662,"data":{"alt":1,"type":2,"area":70}},{"x":635,"y":662,"data":{"alt":1,"type":2,"area":70}},{"x":636,"y":662,"data":{"alt":1,"type":2,"area":70}},{"x":637,"y":662,"data":{"alt":1,"type":2,"area":70}},{"x":638,"y":662,"data":{"alt":1,"type":2,"area":70}},{"x":614,"y":663,"data":{"alt":1,"type":2,"area":70}},{"x":615,"y":663,"data":{"alt":1,"type":2,"area":70}},{"x":616,"y":663,"data":{"alt":1,"type":2,"area":70}},{"x":617,"y":663,"data":{"alt":1,"type":2,"area":70}},{"x":618,"y":663,"data":{"alt":1,"type":2,"area":70}},{"x":619,"y":663,"data":{"alt":1,"type":2,"area":70}},{"x":620,"y":663,"data":{"alt":1,"type":2,"area":70}},{"x":621,"y":663,"data":{"alt":1,"type":2,"area":70}},{"x":622,"y":663,"data":{"alt":1,"type":2,"area":70}},{"x":623,"y":663,"data":{"alt":1,"type":2,"area":70}},{"x":624,"y":663,"data":{"alt":1,"type":2,"area":70}},{"x":625,"y":663,"data":{"alt":1,"type":2,"area":70}},{"x":632,"y":663,"data":{"alt":1,"type":2,"area":70}},{"x":633,"y":663,"data":{"alt":1,"type":2,"area":70}},{"x":636,"y":663,"data":{"alt":1,"type":2,"area":70}},{"x":637,"y":663,"data":{"alt":1,"type":2,"area":70}},{"x":612,"y":664,"data":{"alt":1,"type":2,"area":70}},{"x":617,"y":664,"data":{"alt":1,"type":2,"area":70}},{"x":618,"y":664,"data":{"alt":1,"type":2,"area":70}},{"x":619,"y":664,"data":{"alt":1,"type":2,"area":70}},{"x":620,"y":664,"data":{"alt":1,"type":2,"area":70}},{"x":621,"y":664,"data":{"alt":1,"type":2,"area":70}},{"x":622,"y":664,"data":{"alt":1,"type":2,"area":70}},{"x":623,"y":664,"data":{"alt":1,"type":2,"area":70}},{"x":624,"y":664,"data":{"alt":1,"type":2,"area":70}},{"x":632,"y":664,"data":{"alt":1,"type":2,"area":70}},{"x":637,"y":664,"data":{"alt":1,"type":2,"area":70}},{"x":612,"y":665,"data":{"alt":1,"type":2,"area":70}},{"x":613,"y":665,"data":{"alt":1,"type":2,"area":70}},{"x":614,"y":665,"data":{"alt":1,"type":2,"area":70}},{"x":615,"y":665,"data":{"alt":1,"type":2,"area":70}},{"x":616,"y":665,"data":{"alt":1,"type":2,"area":70}},{"x":617,"y":665,"data":{"alt":1,"type":2,"area":70}},{"x":618,"y":665,"data":{"alt":1,"type":2,"area":70}},{"x":619,"y":665,"data":{"alt":1,"type":2,"area":70}},{"x":620,"y":665,"data":{"alt":1,"type":2,"area":70}},{"x":621,"y":665,"data":{"alt":1,"type":2,"area":70}},{"x":622,"y":665,"data":{"alt":1,"type":2,"area":70}},{"x":624,"y":665,"data":{"alt":1,"type":2,"area":70}},{"x":613,"y":666,"data":{"alt":1,"type":2,"area":70}},{"x":614,"y":666,"data":{"alt":1,"type":2,"area":70}},{"x":615,"y":666,"data":{"alt":1,"type":2,"area":70}},{"x":616,"y":666,"data":{"alt":1,"type":2,"area":70}},{"x":617,"y":666,"data":{"alt":1,"type":2,"area":70}},{"x":618,"y":666,"data":{"alt":1,"type":2,"area":70}},{"x":619,"y":666,"data":{"alt":1,"type":2,"area":70}},{"x":620,"y":666,"data":{"alt":1,"type":2,"area":70}},{"x":613,"y":667,"data":{"alt":1,"type":2,"area":70}},{"x":614,"y":667,"data":{"alt":1,"type":2,"area":70}},{"x":615,"y":667,"data":{"alt":1,"type":2,"area":70}},{"x":616,"y":667,"data":{"alt":1,"type":2,"area":70}},{"x":617,"y":667,"data":{"alt":1,"type":2,"area":70}},{"x":618,"y":667,"data":{"alt":1,"type":2,"area":70}},{"x":619,"y":667,"data":{"alt":1,"type":2,"area":70}},{"x":620,"y":667,"data":{"alt":1,"type":2,"area":70}},{"x":608,"y":668,"data":{"alt":1,"type":2,"area":70}},{"x":609,"y":668,"data":{"alt":1,"type":2,"area":70}},{"x":611,"y":668,"data":{"alt":1,"type":2,"area":70}},{"x":613,"y":668,"data":{"alt":1,"type":2,"area":70}},{"x":614,"y":668,"data":{"alt":1,"type":2,"area":70}},{"x":616,"y":668,"data":{"alt":1,"type":2,"area":70}},{"x":608,"y":669,"data":{"alt":1,"type":2,"area":70}},{"x":609,"y":669,"data":{"alt":1,"type":2,"area":70}},{"x":610,"y":669,"data":{"alt":1,"type":2,"area":70}},{"x":611,"y":669,"data":{"alt":1,"type":2,"area":70}},{"x":612,"y":669,"data":{"alt":1,"type":2,"area":70}},{"x":613,"y":669,"data":{"alt":1,"type":2,"area":70}},{"x":608,"y":670,"data":{"alt":1,"type":2,"area":70}},{"x":609,"y":670,"data":{"alt":1,"type":2,"area":70}},{"x":610,"y":670,"data":{"alt":1,"type":2,"area":70}},{"x":608,"y":671,"data":{"alt":1,"type":2,"area":70}},{"x":609,"y":671,"data":{"alt":1,"type":2,"area":70}},{"x":616,"y":618,"data":{"alt":1,"type":2,"area":70}},{"x":622,"y":618,"data":{"alt":1,"type":2,"area":70}},{"x":623,"y":618,"data":{"alt":1,"type":2,"area":70}},{"x":616,"y":619,"data":{"alt":1,"type":2,"area":70}},{"x":617,"y":619,"data":{"alt":1,"type":2,"area":70}},{"x":621,"y":619,"data":{"alt":1,"type":2,"area":70}},{"x":622,"y":619,"data":{"alt":1,"type":2,"area":70}},{"x":623,"y":619,"data":{"alt":1,"type":2,"area":70}},{"x":624,"y":619,"data":{"alt":1,"type":2,"area":70}},{"x":625,"y":619,"data":{"alt":1,"type":2,"area":70}},{"x":616,"y":620,"data":{"alt":1,"type":2,"area":70}},{"x":620,"y":620,"data":{"alt":1,"type":2,"area":70}},{"x":621,"y":620,"data":{"alt":1,"type":2,"area":70}},{"x":622,"y":620,"data":{"alt":1,"type":2,"area":70}},{"x":623,"y":620,"data":{"alt":1,"type":2,"area":70}},{"x":624,"y":620,"data":{"alt":1,"type":2,"area":70}},{"x":625,"y":620,"data":{"alt":1,"type":2,"area":70}},{"x":615,"y":621,"data":{"alt":1,"type":2,"area":70}},{"x":616,"y":621,"data":{"alt":1,"type":2,"area":70}},{"x":617,"y":621,"data":{"alt":1,"type":2,"area":70}},{"x":618,"y":621,"data":{"alt":1,"type":2,"area":70}},{"x":619,"y":621,"data":{"alt":1,"type":2,"area":70}},{"x":620,"y":621,"data":{"alt":1,"type":2,"area":70}},{"x":621,"y":621,"data":{"alt":1,"type":2,"area":70}},{"x":622,"y":621,"data":{"alt":1,"type":2,"area":70}},{"x":623,"y":621,"data":{"alt":1,"type":2,"area":70}},{"x":624,"y":621,"data":{"alt":1,"type":2,"area":70}},{"x":625,"y":621,"data":{"alt":1,"type":2,"area":70}},{"x":626,"y":621,"data":{"alt":1,"type":2,"area":70}},{"x":614,"y":622,"data":{"alt":1,"type":2,"area":70}},{"x":615,"y":622,"data":{"alt":1,"type":2,"area":70}},{"x":616,"y":622,"data":{"alt":1,"type":2,"area":70}},{"x":617,"y":622,"data":{"alt":1,"type":2,"area":70}},{"x":618,"y":622,"data":{"alt":1,"type":2,"area":70}},{"x":619,"y":622,"data":{"alt":1,"type":2,"area":70}},{"x":620,"y":622,"data":{"alt":1,"type":2,"area":70}},{"x":621,"y":622,"data":{"alt":1,"type":2,"area":70}},{"x":622,"y":622,"data":{"alt":1,"type":2,"area":70}},{"x":623,"y":622,"data":{"alt":1,"type":2,"area":70}},{"x":624,"y":622,"data":{"alt":1,"type":2,"area":70}},{"x":625,"y":622,"data":{"alt":1,"type":2,"area":70}},{"x":626,"y":622,"data":{"alt":1,"type":2,"area":70}},{"x":612,"y":623,"data":{"alt":1,"type":2,"area":70}},{"x":613,"y":623,"data":{"alt":1,"type":2,"area":70}},{"x":614,"y":623,"data":{"alt":1,"type":2,"area":70}},{"x":615,"y":623,"data":{"alt":1,"type":2,"area":70}},{"x":616,"y":623,"data":{"alt":1,"type":2,"area":70}},{"x":617,"y":623,"data":{"alt":1,"type":2,"area":70}},{"x":618,"y":623,"data":{"alt":1,"type":2,"area":70}},{"x":619,"y":623,"data":{"alt":1,"type":2,"area":70}},{"x":620,"y":623,"data":{"alt":1,"type":2,"area":70}},{"x":621,"y":623,"data":{"alt":1,"type":2,"area":70}},{"x":622,"y":623,"data":{"alt":1,"type":2,"area":70}},{"x":623,"y":623,"data":{"alt":1,"type":2,"area":70}},{"x":624,"y":623,"data":{"alt":1,"type":2,"area":70}},{"x":625,"y":623,"data":{"alt":1,"type":2,"area":70}},{"x":626,"y":623,"data":{"alt":1,"type":2,"area":70}},{"x":611,"y":624,"data":{"alt":1,"type":2,"area":70}},{"x":612,"y":624,"data":{"alt":1,"type":2,"area":70}},{"x":613,"y":624,"data":{"alt":1,"type":2,"area":70}},{"x":614,"y":624,"data":{"alt":1,"type":2,"area":70}},{"x":615,"y":624,"data":{"alt":1,"type":2,"area":70}},{"x":616,"y":624,"data":{"alt":1,"type":2,"area":70}},{"x":617,"y":624,"data":{"alt":1,"type":2,"area":70}},{"x":618,"y":624,"data":{"alt":1,"type":2,"area":70}},{"x":619,"y":624,"data":{"alt":1,"type":2,"area":70}},{"x":620,"y":624,"data":{"alt":1,"type":2,"area":70}},{"x":621,"y":624,"data":{"alt":1,"type":2,"area":70}},{"x":622,"y":624,"data":{"alt":1,"type":2,"area":70}},{"x":623,"y":624,"data":{"alt":1,"type":2,"area":70}},{"x":624,"y":624,"data":{"alt":1,"type":2,"area":70}},{"x":625,"y":624,"data":{"alt":1,"type":2,"area":70}},{"x":626,"y":624,"data":{"alt":1,"type":2,"area":70}},{"x":627,"y":624,"data":{"alt":1,"type":2,"area":70}},{"x":628,"y":624,"data":{"alt":1,"type":2,"area":70}},{"x":609,"y":625,"data":{"alt":1,"type":2,"area":70}},{"x":610,"y":625,"data":{"alt":1,"type":2,"area":70}},{"x":611,"y":625,"data":{"alt":1,"type":2,"area":70}},{"x":612,"y":625,"data":{"alt":1,"type":2,"area":70}},{"x":613,"y":625,"data":{"alt":1,"type":2,"area":70}},{"x":614,"y":625,"data":{"alt":1,"type":2,"area":70}},{"x":615,"y":625,"data":{"alt":1,"type":2,"area":70}},{"x":616,"y":625,"data":{"alt":1,"type":2,"area":70}},{"x":617,"y":625,"data":{"alt":1,"type":2,"area":70}},{"x":618,"y":625,"data":{"alt":1,"type":2,"area":70}},{"x":619,"y":625,"data":{"alt":1,"type":2,"area":70}},{"x":620,"y":625,"data":{"alt":1,"type":2,"area":70}},{"x":621,"y":625,"data":{"alt":1,"type":2,"area":70}},{"x":622,"y":625,"data":{"alt":1,"type":2,"area":70}},{"x":623,"y":625,"data":{"alt":1,"type":2,"area":70}},{"x":624,"y":625,"data":{"alt":1,"type":2,"area":70}},{"x":625,"y":625,"data":{"alt":1,"type":2,"area":70}},{"x":626,"y":625,"data":{"alt":1,"type":2,"area":70}},{"x":627,"y":625,"data":{"alt":1,"type":2,"area":70}},{"x":628,"y":625,"data":{"alt":1,"type":2,"area":70}},{"x":608,"y":626,"data":{"alt":1,"type":2,"area":70}},{"x":609,"y":626,"data":{"alt":1,"type":2,"area":70}},{"x":610,"y":626,"data":{"alt":1,"type":2,"area":70}},{"x":611,"y":626,"data":{"alt":1,"type":2,"area":70}},{"x":612,"y":626,"data":{"alt":1,"type":2,"area":70}},{"x":613,"y":626,"data":{"alt":1,"type":2,"area":70}},{"x":614,"y":626,"data":{"alt":1,"type":2,"area":70}},{"x":615,"y":626,"data":{"alt":1,"type":2,"area":70}},{"x":616,"y":626,"data":{"alt":1,"type":2,"area":70}},{"x":617,"y":626,"data":{"alt":1,"type":2,"area":70}},{"x":618,"y":626,"data":{"alt":1,"type":2,"area":70}},{"x":619,"y":626,"data":{"alt":1,"type":2,"area":70}},{"x":620,"y":626,"data":{"alt":1,"type":2,"area":70}},{"x":621,"y":626,"data":{"alt":1,"type":2,"area":70}},{"x":622,"y":626,"data":{"alt":1,"type":2,"area":70}},{"x":623,"y":626,"data":{"alt":1,"type":2,"area":70}},{"x":624,"y":626,"data":{"alt":1,"type":2,"area":70}},{"x":625,"y":626,"data":{"alt":1,"type":2,"area":70}},{"x":626,"y":626,"data":{"alt":1,"type":2,"area":70}},{"x":627,"y":626,"data":{"alt":1,"type":2,"area":70}},{"x":628,"y":626,"data":{"alt":1,"type":2,"area":70}},{"x":608,"y":627,"data":{"alt":1,"type":1,"area":70}},{"x":609,"y":627,"data":{"alt":1,"type":2,"area":70}},{"x":610,"y":627,"data":{"alt":1,"type":2,"area":70}},{"x":611,"y":627,"data":{"alt":1,"type":2,"area":70}},{"x":612,"y":627,"data":{"alt":1,"type":2,"area":70}},{"x":613,"y":627,"data":{"alt":1,"type":2,"area":70}},{"x":614,"y":627,"data":{"alt":1,"type":2,"area":70}},{"x":615,"y":627,"data":{"alt":1,"type":2,"area":70}},{"x":616,"y":627,"data":{"alt":1,"type":2,"area":70}},{"x":617,"y":627,"data":{"alt":1,"type":2,"area":70}},{"x":618,"y":627,"data":{"alt":1,"type":2,"area":70}},{"x":619,"y":627,"data":{"alt":1,"type":2,"area":70}},{"x":620,"y":627,"data":{"alt":1,"type":2,"area":70}},{"x":621,"y":627,"data":{"alt":1,"type":2,"area":70}},{"x":622,"y":627,"data":{"alt":1,"type":2,"area":70}},{"x":623,"y":627,"data":{"alt":1,"type":2,"area":70}},{"x":624,"y":627,"data":{"alt":1,"type":2,"area":70}},{"x":625,"y":627,"data":{"alt":1,"type":2,"area":70}},{"x":626,"y":627,"data":{"alt":1,"type":2,"area":70}},{"x":627,"y":627,"data":{"alt":1,"type":2,"area":70}},{"x":609,"y":628,"data":{"alt":1,"type":1,"area":70}},{"x":610,"y":628,"data":{"alt":1,"type":2,"area":70}},{"x":611,"y":628,"data":{"alt":1,"type":2,"area":70}},{"x":612,"y":628,"data":{"alt":1,"type":2,"area":70}},{"x":613,"y":628,"data":{"alt":1,"type":2,"area":70}},{"x":614,"y":628,"data":{"alt":1,"type":2,"area":70}},{"x":615,"y":628,"data":{"alt":1,"type":2,"area":70}},{"x":616,"y":628,"data":{"alt":1,"type":2,"area":70}},{"x":617,"y":628,"data":{"alt":1,"type":2,"area":70}},{"x":618,"y":628,"data":{"alt":1,"type":2,"area":70}},{"x":619,"y":628,"data":{"alt":1,"type":2,"area":70}},{"x":620,"y":628,"data":{"alt":1,"type":2,"area":70}},{"x":621,"y":628,"data":{"alt":1,"type":2,"area":70}},{"x":622,"y":628,"data":{"alt":1,"type":2,"area":70}},{"x":623,"y":628,"data":{"alt":1,"type":2,"area":70}},{"x":624,"y":628,"data":{"alt":1,"type":2,"area":70}},{"x":625,"y":628,"data":{"alt":1,"type":2,"area":70}},{"x":626,"y":628,"data":{"alt":1,"type":2,"area":70}},{"x":627,"y":628,"data":{"alt":1,"type":2,"area":70}},{"x":628,"y":628,"data":{"alt":1,"type":2,"area":70}},{"x":629,"y":628,"data":{"alt":1,"type":2,"area":70}},{"x":630,"y":628,"data":{"alt":1,"type":2,"area":70}},{"x":631,"y":628,"data":{"alt":1,"type":2,"area":70}},{"x":632,"y":628,"data":{"alt":1,"type":2,"area":70}},{"x":633,"y":628,"data":{"alt":1,"type":2,"area":70}},{"x":634,"y":628,"data":{"alt":1,"type":2,"area":70}},{"x":635,"y":628,"data":{"alt":1,"type":2,"area":70}},{"x":636,"y":628,"data":{"alt":1,"type":2,"area":70}},{"x":637,"y":628,"data":{"alt":1,"type":2,"area":70}},{"x":609,"y":629,"data":{"alt":1,"type":2,"area":70}},{"x":610,"y":629,"data":{"alt":1,"type":1,"area":70}},{"x":611,"y":629,"data":{"alt":1,"type":1,"area":70}},{"x":612,"y":629,"data":{"alt":1,"type":2,"area":70}},{"x":613,"y":629,"data":{"alt":1,"type":2,"area":70}},{"x":614,"y":629,"data":{"alt":1,"type":2,"area":70}},{"x":615,"y":629,"data":{"alt":1,"type":2,"area":70}},{"x":616,"y":629,"data":{"alt":1,"type":2,"area":70}},{"x":617,"y":629,"data":{"alt":1,"type":2,"area":70}},{"x":618,"y":629,"data":{"alt":1,"type":2,"area":70}},{"x":619,"y":629,"data":{"alt":1,"type":2,"area":70}},{"x":620,"y":629,"data":{"alt":1,"type":2,"area":70}},{"x":621,"y":629,"data":{"alt":1,"type":2,"area":70}},{"x":622,"y":629,"data":{"alt":1,"type":2,"area":70}},{"x":623,"y":629,"data":{"alt":1,"type":2,"area":70}},{"x":624,"y":629,"data":{"alt":1,"type":2,"area":70}},{"x":625,"y":629,"data":{"alt":1,"type":2,"area":70}},{"x":626,"y":629,"data":{"alt":1,"type":2,"area":70}},{"x":627,"y":629,"data":{"alt":1,"type":2,"area":70}},{"x":628,"y":629,"data":{"alt":1,"type":2,"area":70}},{"x":629,"y":629,"data":{"alt":1,"type":2,"area":70}},{"x":630,"y":629,"data":{"alt":1,"type":2,"area":70}},{"x":631,"y":629,"data":{"alt":1,"type":2,"area":70}},{"x":632,"y":629,"data":{"alt":1,"type":2,"area":70}},{"x":633,"y":629,"data":{"alt":1,"type":2,"area":70}},{"x":634,"y":629,"data":{"alt":1,"type":2,"area":70}},{"x":635,"y":629,"data":{"alt":1,"type":2,"area":70}},{"x":636,"y":629,"data":{"alt":1,"type":2,"area":70}},{"x":637,"y":629,"data":{"alt":1,"type":2,"area":70}},{"x":638,"y":629,"data":{"alt":1,"type":2,"area":70}},{"x":639,"y":629,"data":{"alt":1,"type":2,"area":70}},{"x":609,"y":630,"data":{"alt":1,"type":2,"area":70}},{"x":610,"y":630,"data":{"alt":1,"type":2,"area":70}},{"x":611,"y":630,"data":{"alt":1,"type":2,"area":70}},{"x":612,"y":630,"data":{"alt":1,"type":1,"area":70}},{"x":613,"y":630,"data":{"alt":1,"type":2,"area":70}},{"x":614,"y":630,"data":{"alt":1,"type":2,"area":70}},{"x":615,"y":630,"data":{"alt":1,"type":2,"area":70}},{"x":616,"y":630,"data":{"alt":1,"type":2,"area":70}},{"x":617,"y":630,"data":{"alt":1,"type":2,"area":70}},{"x":618,"y":630,"data":{"alt":1,"type":2,"area":70}},{"x":619,"y":630,"data":{"alt":1,"type":2,"area":70}},{"x":620,"y":630,"data":{"alt":1,"type":2,"area":70}},{"x":621,"y":630,"data":{"alt":1,"type":2,"area":70}},{"x":622,"y":630,"data":{"alt":1,"type":2,"area":70}},{"x":623,"y":630,"data":{"alt":1,"type":2,"area":70}},{"x":624,"y":630,"data":{"alt":1,"type":2,"area":70}},{"x":625,"y":630,"data":{"alt":1,"type":2,"area":70}},{"x":626,"y":630,"data":{"alt":1,"type":2,"area":70}},{"x":627,"y":630,"data":{"alt":1,"type":2,"area":70}},{"x":628,"y":630,"data":{"alt":1,"type":2,"area":70}},{"x":629,"y":630,"data":{"alt":1,"type":2,"area":70}},{"x":630,"y":630,"data":{"alt":1,"type":2,"area":70}},{"x":631,"y":630,"data":{"alt":1,"type":2,"area":70}},{"x":632,"y":630,"data":{"alt":1,"type":2,"area":70}},{"x":633,"y":630,"data":{"alt":1,"type":2,"area":70}},{"x":634,"y":630,"data":{"alt":1,"type":2,"area":70}},{"x":635,"y":630,"data":{"alt":1,"type":2,"area":70}},{"x":636,"y":630,"data":{"alt":1,"type":2,"area":70}},{"x":637,"y":630,"data":{"alt":1,"type":2,"area":70}},{"x":638,"y":630,"data":{"alt":1,"type":2,"area":70}},{"x":639,"y":630,"data":{"alt":1,"type":2,"area":70}},{"x":608,"y":631,"data":{"alt":1,"type":2,"area":70}},{"x":609,"y":631,"data":{"alt":1,"type":2,"area":70}},{"x":610,"y":631,"data":{"alt":1,"type":2,"area":70}},{"x":611,"y":631,"data":{"alt":1,"type":2,"area":70}},{"x":612,"y":631,"data":{"alt":1,"type":2,"area":70}},{"x":613,"y":631,"data":{"alt":1,"type":1,"area":70}},{"x":614,"y":631,"data":{"alt":1,"type":2,"area":70}},{"x":615,"y":631,"data":{"alt":1,"type":2,"area":70}},{"x":616,"y":631,"data":{"alt":1,"type":2,"area":70}},{"x":617,"y":631,"data":{"alt":1,"type":2,"area":70}},{"x":618,"y":631,"data":{"alt":1,"type":2,"area":70}},{"x":619,"y":631,"data":{"alt":1,"type":2,"area":70}},{"x":620,"y":631,"data":{"alt":1,"type":2,"area":70}},{"x":621,"y":631,"data":{"alt":1,"type":2,"area":70}},{"x":622,"y":631,"data":{"alt":1,"type":2,"area":70}},{"x":623,"y":631,"data":{"alt":1,"type":2,"area":70}},{"x":624,"y":631,"data":{"alt":1,"type":2,"area":70}},{"x":625,"y":631,"data":{"alt":1,"type":2,"area":70}},{"x":626,"y":631,"data":{"alt":1,"type":2,"area":70}},{"x":627,"y":631,"data":{"alt":1,"type":2,"area":70}},{"x":628,"y":631,"data":{"alt":1,"type":2,"area":70}},{"x":629,"y":631,"data":{"alt":1,"type":2,"area":70}},{"x":630,"y":631,"data":{"alt":1,"type":2,"area":70}},{"x":631,"y":631,"data":{"alt":1,"type":2,"area":70}},{"x":632,"y":631,"data":{"alt":1,"type":2,"area":70}},{"x":633,"y":631,"data":{"alt":1,"type":2,"area":70}},{"x":634,"y":631,"data":{"alt":1,"type":2,"area":70}},{"x":635,"y":631,"data":{"alt":1,"type":2,"area":70}},{"x":636,"y":631,"data":{"alt":1,"type":2,"area":70}},{"x":637,"y":631,"data":{"alt":1,"type":2,"area":70}},{"x":638,"y":631,"data":{"alt":1,"type":2,"area":70}},{"x":639,"y":631,"data":{"alt":1,"type":2,"area":70}},{"x":608,"y":632,"data":{"alt":1,"type":2,"area":70}},{"x":609,"y":632,"data":{"alt":1,"type":2,"area":70}},{"x":610,"y":632,"data":{"alt":1,"type":2,"area":70}},{"x":611,"y":632,"data":{"alt":1,"type":2,"area":70}},{"x":612,"y":632,"data":{"alt":1,"type":2,"area":70}},{"x":613,"y":632,"data":{"alt":1,"type":2,"area":70}},{"x":614,"y":632,"data":{"alt":1,"type":1,"area":70}},{"x":615,"y":632,"data":{"alt":1,"type":1,"area":70}},{"x":616,"y":632,"data":{"alt":1,"type":2,"area":70}},{"x":617,"y":632,"data":{"alt":1,"type":2,"area":70}},{"x":618,"y":632,"data":{"alt":1,"type":2,"area":70}},{"x":619,"y":632,"data":{"alt":1,"type":2,"area":70}},{"x":620,"y":632,"data":{"alt":1,"type":2,"area":70}},{"x":621,"y":632,"data":{"alt":1,"type":2,"area":70}},{"x":622,"y":632,"data":{"alt":1,"type":2,"area":70}},{"x":623,"y":632,"data":{"alt":1,"type":2,"area":70}},{"x":624,"y":632,"data":{"alt":1,"type":2,"area":70}},{"x":625,"y":632,"data":{"alt":1,"type":2,"area":70}},{"x":626,"y":632,"data":{"alt":1,"type":2,"area":70}},{"x":627,"y":632,"data":{"alt":1,"type":2,"area":70}},{"x":628,"y":632,"data":{"alt":1,"type":2,"area":70}},{"x":629,"y":632,"data":{"alt":1,"type":2,"area":70}},{"x":630,"y":632,"data":{"alt":1,"type":2,"area":70}},{"x":631,"y":632,"data":{"alt":1,"type":2,"area":70}},{"x":632,"y":632,"data":{"alt":1,"type":2,"area":70}},{"x":633,"y":632,"data":{"alt":1,"type":2,"area":70}},{"x":634,"y":632,"data":{"alt":1,"type":2,"area":70}},{"x":635,"y":632,"data":{"alt":1,"type":2,"area":70}},{"x":636,"y":632,"data":{"alt":1,"type":2,"area":70}},{"x":637,"y":632,"data":{"alt":1,"type":2,"area":70}},{"x":638,"y":632,"data":{"alt":1,"type":2,"area":70}},{"x":639,"y":632,"data":{"alt":1,"type":2,"area":70}},{"x":608,"y":633,"data":{"alt":1,"type":2,"area":70}},{"x":609,"y":633,"data":{"alt":1,"type":2,"area":70}},{"x":610,"y":633,"data":{"alt":1,"type":2,"area":70}},{"x":611,"y":633,"data":{"alt":1,"type":2,"area":70}},{"x":612,"y":633,"data":{"alt":1,"type":2,"area":70}},{"x":613,"y":633,"data":{"alt":1,"type":2,"area":70}},{"x":614,"y":633,"data":{"alt":1,"type":2,"area":70}},{"x":615,"y":633,"data":{"alt":1,"type":2,"area":70}},{"x":616,"y":633,"data":{"alt":1,"type":1,"area":70}},{"x":617,"y":633,"data":{"alt":1,"type":2,"area":70}},{"x":618,"y":633,"data":{"alt":1,"type":2,"area":70}},{"x":619,"y":633,"data":{"alt":1,"type":2,"area":70}},{"x":620,"y":633,"data":{"alt":1,"type":2,"area":70}},{"x":621,"y":633,"data":{"alt":1,"type":2,"area":70}},{"x":622,"y":633,"data":{"alt":1,"type":2,"area":70}},{"x":623,"y":633,"data":{"alt":1,"type":2,"area":70}},{"x":624,"y":633,"data":{"alt":1,"type":2,"area":70}},{"x":625,"y":633,"data":{"alt":1,"type":2,"area":70}},{"x":626,"y":633,"data":{"alt":1,"type":2,"area":70}},{"x":627,"y":633,"data":{"alt":1,"type":2,"area":70}},{"x":628,"y":633,"data":{"alt":1,"type":2,"area":70}},{"x":629,"y":633,"data":{"alt":1,"type":2,"area":70}},{"x":630,"y":633,"data":{"alt":1,"type":2,"area":70}},{"x":631,"y":633,"data":{"alt":1,"type":2,"area":70}},{"x":632,"y":633,"data":{"alt":1,"type":2,"area":70}},{"x":633,"y":633,"data":{"alt":1,"type":2,"area":70}},{"x":634,"y":633,"data":{"alt":1,"type":2,"area":70}},{"x":635,"y":633,"data":{"alt":1,"type":2,"area":70}},{"x":636,"y":633,"data":{"alt":1,"type":2,"area":70}},{"x":637,"y":633,"data":{"alt":1,"type":2,"area":70}},{"x":638,"y":633,"data":{"alt":1,"type":2,"area":70}},{"x":639,"y":633,"data":{"alt":1,"type":2,"area":70}},{"x":608,"y":634,"data":{"alt":1,"type":2,"area":70}},{"x":609,"y":634,"data":{"alt":1,"type":2,"area":70}},{"x":610,"y":634,"data":{"alt":1,"type":2,"area":70}},{"x":611,"y":634,"data":{"alt":1,"type":2,"area":70}},{"x":612,"y":634,"data":{"alt":1,"type":2,"area":70}},{"x":613,"y":634,"data":{"alt":1,"type":2,"area":70}},{"x":614,"y":634,"data":{"alt":1,"type":2,"area":70}},{"x":615,"y":634,"data":{"alt":1,"type":2,"area":70}},{"x":616,"y":634,"data":{"alt":1,"type":2,"area":70}},{"x":617,"y":634,"data":{"alt":1,"type":1,"area":70}},{"x":618,"y":634,"data":{"alt":1,"type":2,"area":70}},{"x":619,"y":634,"data":{"alt":1,"type":2,"area":70}},{"x":620,"y":634,"data":{"alt":1,"type":2,"area":70}},{"x":621,"y":634,"data":{"alt":1,"type":2,"area":70}},{"x":622,"y":634,"data":{"alt":1,"type":2,"area":70}},{"x":623,"y":634,"data":{"alt":1,"type":2,"area":70}},{"x":624,"y":634,"data":{"alt":1,"type":2,"area":70}},{"x":625,"y":634,"data":{"alt":1,"type":2,"area":70}},{"x":626,"y":634,"data":{"alt":1,"type":2,"area":70}},{"x":627,"y":634,"data":{"alt":1,"type":2,"area":70}},{"x":628,"y":634,"data":{"alt":1,"type":2,"area":70}},{"x":629,"y":634,"data":{"alt":1,"type":2,"area":70}},{"x":630,"y":634,"data":{"alt":1,"type":2,"area":70}},{"x":631,"y":634,"data":{"alt":1,"type":2,"area":70}},{"x":632,"y":634,"data":{"alt":1,"type":2,"area":70}},{"x":633,"y":634,"data":{"alt":1,"type":2,"area":70}},{"x":634,"y":634,"data":{"alt":1,"type":2,"area":70}},{"x":635,"y":634,"data":{"alt":1,"type":2,"area":70}},{"x":636,"y":634,"data":{"alt":1,"type":2,"area":70}},{"x":637,"y":634,"data":{"alt":1,"type":2,"area":70}},{"x":638,"y":634,"data":{"alt":1,"type":2,"area":70}},{"x":639,"y":634,"data":{"alt":1,"type":2,"area":70}},{"x":609,"y":635,"data":{"alt":1,"type":2,"area":70}},{"x":610,"y":635,"data":{"alt":1,"type":2,"area":70}},{"x":611,"y":635,"data":{"alt":1,"type":2,"area":70}},{"x":612,"y":635,"data":{"alt":1,"type":2,"area":70}},{"x":613,"y":635,"data":{"alt":1,"type":2,"area":70}},{"x":614,"y":635,"data":{"alt":1,"type":2,"area":70}},{"x":615,"y":635,"data":{"alt":1,"type":2,"area":70}},{"x":616,"y":635,"data":{"alt":1,"type":2,"area":70}},{"x":617,"y":635,"data":{"alt":1,"type":2,"area":70}},{"x":618,"y":635,"data":{"alt":1,"type":1,"area":70}},{"x":619,"y":635,"data":{"alt":1,"type":2,"area":70}},{"x":620,"y":635,"data":{"alt":1,"type":2,"area":70}},{"x":621,"y":635,"data":{"alt":1,"type":2,"area":70}},{"x":622,"y":635,"data":{"alt":1,"type":2,"area":70}},{"x":623,"y":635,"data":{"alt":1,"type":2,"area":70}},{"x":624,"y":635,"data":{"alt":1,"type":2,"area":70}},{"x":625,"y":635,"data":{"alt":1,"type":2,"area":70}},{"x":626,"y":635,"data":{"alt":1,"type":2,"area":70}},{"x":627,"y":635,"data":{"alt":1,"type":2,"area":70}},{"x":628,"y":635,"data":{"alt":1,"type":2,"area":70}},{"x":629,"y":635,"data":{"alt":1,"type":2,"area":70}},{"x":630,"y":635,"data":{"alt":1,"type":2,"area":70}},{"x":631,"y":635,"data":{"alt":1,"type":2,"area":70}},{"x":632,"y":635,"data":{"alt":1,"type":2,"area":70}},{"x":633,"y":635,"data":{"alt":1,"type":2,"area":70}},{"x":634,"y":635,"data":{"alt":1,"type":2,"area":70}},{"x":639,"y":635,"data":{"alt":1,"type":2,"area":70}},{"x":610,"y":636,"data":{"alt":1,"type":2,"area":70}},{"x":611,"y":636,"data":{"alt":1,"type":2,"area":70}},{"x":612,"y":636,"data":{"alt":1,"type":2,"area":70}},{"x":613,"y":636,"data":{"alt":1,"type":2,"area":70}},{"x":614,"y":636,"data":{"alt":1,"type":2,"area":70}},{"x":615,"y":636,"data":{"alt":1,"type":2,"area":70}},{"x":616,"y":636,"data":{"alt":1,"type":2,"area":70}},{"x":617,"y":636,"data":{"alt":1,"type":2,"area":70}},{"x":618,"y":636,"data":{"alt":1,"type":2,"area":70}},{"x":619,"y":636,"data":{"alt":1,"type":1,"area":70}},{"x":620,"y":636,"data":{"alt":1,"type":2,"area":70}},{"x":621,"y":636,"data":{"alt":1,"type":2,"area":70}},{"x":622,"y":636,"data":{"alt":1,"type":2,"area":70}},{"x":623,"y":636,"data":{"alt":1,"type":2,"area":70}},{"x":624,"y":636,"data":{"alt":1,"type":2,"area":70}},{"x":625,"y":636,"data":{"alt":1,"type":2,"area":70}},{"x":626,"y":636,"data":{"alt":1,"type":2,"area":70}},{"x":627,"y":636,"data":{"alt":1,"type":2,"area":70}},{"x":628,"y":636,"data":{"alt":1,"type":2,"area":70}},{"x":629,"y":636,"data":{"alt":1,"type":2,"area":70}},{"x":630,"y":636,"data":{"alt":1,"type":2,"area":70}},{"x":631,"y":636,"data":{"alt":1,"type":2,"area":70}},{"x":632,"y":636,"data":{"alt":1,"type":2,"area":70}},{"x":633,"y":636,"data":{"alt":1,"type":2,"area":70}},{"x":634,"y":636,"data":{"alt":1,"type":2,"area":70}},{"x":612,"y":637,"data":{"alt":1,"type":2,"area":70}},{"x":613,"y":637,"data":{"alt":1,"type":2,"area":70}},{"x":614,"y":637,"data":{"alt":1,"type":2,"area":70}},{"x":615,"y":637,"data":{"alt":1,"type":2,"area":70}},{"x":616,"y":637,"data":{"alt":1,"type":2,"area":70}},{"x":617,"y":637,"data":{"alt":1,"type":2,"area":70}},{"x":618,"y":637,"data":{"alt":1,"type":2,"area":70}},{"x":619,"y":637,"data":{"alt":1,"type":2,"area":70}},{"x":620,"y":637,"data":{"alt":1,"type":1,"area":70}},{"x":621,"y":637,"data":{"alt":1,"type":2,"area":70}},{"x":622,"y":637,"data":{"alt":1,"type":2,"area":70}},{"x":623,"y":637,"data":{"alt":1,"type":2,"area":70}},{"x":624,"y":637,"data":{"alt":1,"type":2,"area":70}},{"x":625,"y":637,"data":{"alt":1,"type":2,"area":70}},{"x":626,"y":637,"data":{"alt":1,"type":2,"area":70}},{"x":627,"y":637,"data":{"alt":1,"type":2,"area":70}},{"x":628,"y":637,"data":{"alt":1,"type":2,"area":70}},{"x":629,"y":637,"data":{"alt":1,"type":2,"area":70}},{"x":630,"y":637,"data":{"alt":1,"type":2,"area":70}},{"x":631,"y":637,"data":{"alt":1,"type":2,"area":70}},{"x":632,"y":637,"data":{"alt":1,"type":2,"area":70}},{"x":633,"y":637,"data":{"alt":1,"type":2,"area":70}},{"x":634,"y":637,"data":{"alt":1,"type":2,"area":70}},{"x":614,"y":638,"data":{"alt":1,"type":2,"area":70}},{"x":615,"y":638,"data":{"alt":1,"type":2,"area":70}},{"x":616,"y":638,"data":{"alt":1,"type":2,"area":70}},{"x":617,"y":638,"data":{"alt":1,"type":2,"area":70}},{"x":618,"y":638,"data":{"alt":1,"type":2,"area":70}},{"x":619,"y":638,"data":{"alt":1,"type":2,"area":70}},{"x":620,"y":638,"data":{"alt":1,"type":2,"area":70}},{"x":621,"y":638,"data":{"alt":1,"type":1,"area":70}},{"x":622,"y":638,"data":{"alt":1,"type":2,"area":70}},{"x":623,"y":638,"data":{"alt":1,"type":2,"area":70}},{"x":624,"y":638,"data":{"alt":1,"type":2,"area":70}},{"x":625,"y":638,"data":{"alt":1,"type":2,"area":70}},{"x":626,"y":638,"data":{"alt":1,"type":2,"area":70}},{"x":627,"y":638,"data":{"alt":1,"type":2,"area":70}},{"x":628,"y":638,"data":{"alt":1,"type":2,"area":70}},{"x":629,"y":638,"data":{"alt":1,"type":2,"area":70}},{"x":630,"y":638,"data":{"alt":1,"type":2,"area":70}},{"x":631,"y":638,"data":{"alt":1,"type":2,"area":70}},{"x":632,"y":638,"data":{"alt":1,"type":2,"area":70}},{"x":633,"y":638,"data":{"alt":1,"type":2,"area":70}},{"x":616,"y":639,"data":{"alt":1,"type":2,"area":70}},{"x":617,"y":639,"data":{"alt":1,"type":2,"area":70}},{"x":618,"y":639,"data":{"alt":1,"type":2,"area":70}},{"x":619,"y":639,"data":{"alt":1,"type":2,"area":70}},{"x":620,"y":639,"data":{"alt":1,"type":2,"area":70}},{"x":621,"y":639,"data":{"alt":1,"type":2,"area":70}},{"x":622,"y":639,"data":{"alt":1,"type":1,"area":70}},{"x":623,"y":639,"data":{"alt":1,"type":2,"area":70}},{"x":624,"y":639,"data":{"alt":1,"type":2,"area":70}},{"x":625,"y":639,"data":{"alt":1,"type":2,"area":70}},{"x":626,"y":639,"data":{"alt":1,"type":2,"area":70}},{"x":627,"y":639,"data":{"alt":1,"type":2,"area":70}},{"x":628,"y":639,"data":{"alt":1,"type":2,"area":70}},{"x":629,"y":639,"data":{"alt":1,"type":2,"area":70}},{"x":630,"y":639,"data":{"alt":1,"type":2,"area":70}},{"x":631,"y":639,"data":{"alt":1,"type":2,"area":70}},{"x":632,"y":639,"data":{"alt":1,"type":2,"area":70}},{"x":608,"y":672,"data":{"alt":1,"type":2,"area":70}},{"x":609,"y":672,"data":{"alt":1,"type":2,"area":70}},{"x":610,"y":672,"data":{"alt":1,"type":2,"area":70}},{"x":608,"y":673,"data":{"alt":1,"type":2,"area":70}},{"x":609,"y":673,"data":{"alt":1,"type":2,"area":70}},{"x":610,"y":673,"data":{"alt":1,"type":2,"area":70}},{"x":611,"y":673,"data":{"alt":1,"type":2,"area":70}},{"x":608,"y":674,"data":{"alt":1,"type":2,"area":70}},{"x":609,"y":674,"data":{"alt":1,"type":2,"area":70}},{"x":610,"y":674,"data":{"alt":1,"type":2,"area":70}},{"x":611,"y":674,"data":{"alt":1,"type":2,"area":70}},{"x":608,"y":675,"data":{"alt":1,"type":2,"area":70}},{"x":609,"y":675,"data":{"alt":1,"type":2,"area":70}},{"x":608,"y":676,"data":{"alt":1,"type":2,"area":70}},{"x":609,"y":676,"data":{"alt":1,"type":2,"area":70}},{"x":610,"y":676,"data":{"alt":1,"type":2,"area":70}},{"x":608,"y":677,"data":{"alt":1,"type":2,"area":70}},{"x":608,"y":678,"data":{"alt":1,"type":2,"area":70}},{"x":608,"y":679,"data":{"alt":1,"type":2,"area":70}},{"x":608,"y":680,"data":{"alt":1,"type":2,"area":70}},{"x":640,"y":654,"data":{"alt":1,"type":2,"area":70}},{"x":644,"y":654,"data":{"alt":1,"type":2,"area":70}},{"x":640,"y":655,"data":{"alt":1,"type":2,"area":70}},{"x":641,"y":655,"data":{"alt":1,"type":2,"area":70}},{"x":642,"y":655,"data":{"alt":1,"type":2,"area":70}},{"x":643,"y":655,"data":{"alt":1,"type":2,"area":70}},{"x":644,"y":655,"data":{"alt":1,"type":2,"area":70}},{"x":645,"y":655,"data":{"alt":1,"type":2,"area":70}},{"x":640,"y":656,"data":{"alt":1,"type":2,"area":70}},{"x":641,"y":656,"data":{"alt":1,"type":2,"area":70}},{"x":642,"y":656,"data":{"alt":1,"type":2,"area":70}},{"x":643,"y":656,"data":{"alt":1,"type":2,"area":70}},{"x":644,"y":656,"data":{"alt":1,"type":2,"area":70}},{"x":640,"y":657,"data":{"alt":1,"type":2,"area":70}},{"x":641,"y":657,"data":{"alt":1,"type":2,"area":70}},{"x":642,"y":657,"data":{"alt":1,"type":2,"area":70}},{"x":643,"y":657,"data":{"alt":1,"type":2,"area":70}},{"x":644,"y":657,"data":{"alt":1,"type":2,"area":70}},{"x":640,"y":658,"data":{"alt":1,"type":2,"area":70}},{"x":641,"y":658,"data":{"alt":1,"type":2,"area":70}},{"x":642,"y":658,"data":{"alt":1,"type":2,"area":70}},{"x":643,"y":658,"data":{"alt":1,"type":2,"area":70}},{"x":644,"y":658,"data":{"alt":1,"type":2,"area":70}},{"x":640,"y":659,"data":{"alt":1,"type":1,"area":70}},{"x":641,"y":659,"data":{"alt":1,"type":2,"area":70}},{"x":642,"y":659,"data":{"alt":1,"type":2,"area":70}},{"x":643,"y":659,"data":{"alt":1,"type":2,"area":70}},{"x":640,"y":660,"data":{"alt":1,"type":2,"area":70}},{"x":641,"y":660,"data":{"alt":1,"type":1,"area":70}},{"x":642,"y":660,"data":{"alt":1,"type":2,"area":70}},{"x":643,"y":660,"data":{"alt":1,"type":2,"area":70}},{"x":644,"y":660,"data":{"alt":1,"type":2,"area":70}},{"x":640,"y":661,"data":{"alt":1,"type":2,"area":70}},{"x":641,"y":661,"data":{"alt":1,"type":2,"area":70}},{"x":642,"y":661,"data":{"alt":1,"type":1,"area":70}},{"x":643,"y":661,"data":{"alt":1,"type":2,"area":70}},{"x":640,"y":662,"data":{"alt":1,"type":2,"area":70}},{"x":641,"y":662,"data":{"alt":1,"type":1,"area":70}},{"x":642,"y":662,"data":{"alt":1,"type":2,"area":70}},{"x":643,"y":662,"data":{"alt":1,"type":2,"area":70}},{"x":640,"y":663,"data":{"alt":1,"type":2,"area":70}},{"x":641,"y":663,"data":{"alt":1,"type":1,"area":70}},{"x":642,"y":663,"data":{"alt":1,"type":2,"area":70}},{"x":641,"y":664,"data":{"alt":1,"type":1,"area":70}},{"x":641,"y":665,"data":{"alt":1,"type":1,"area":70}},{"x":643,"y":628,"data":{"alt":1,"type":2,"area":70}},{"x":644,"y":628,"data":{"alt":1,"type":2,"area":70}},{"x":640,"y":629,"data":{"alt":1,"type":2,"area":70}},{"x":642,"y":629,"data":{"alt":1,"type":2,"area":70}},{"x":643,"y":629,"data":{"alt":1,"type":2,"area":70}},{"x":644,"y":629,"data":{"alt":1,"type":2,"area":70}},{"x":640,"y":630,"data":{"alt":1,"type":2,"area":70}},{"x":641,"y":630,"data":{"alt":1,"type":2,"area":70}},{"x":642,"y":630,"data":{"alt":1,"type":2,"area":70}},{"x":640,"y":631,"data":{"alt":1,"type":2,"area":70}},{"x":641,"y":631,"data":{"alt":1,"type":2,"area":70}},{"x":642,"y":631,"data":{"alt":1,"type":2,"area":70}},{"x":643,"y":631,"data":{"alt":1,"type":2,"area":70}},{"x":640,"y":632,"data":{"alt":1,"type":2,"area":70}},{"x":641,"y":632,"data":{"alt":1,"type":2,"area":70}},{"x":642,"y":632,"data":{"alt":1,"type":2,"area":70}},{"x":640,"y":633,"data":{"alt":1,"type":2,"area":70}},{"x":641,"y":633,"data":{"alt":1,"type":2,"area":70}},{"x":642,"y":633,"data":{"alt":1,"type":2,"area":70}},{"x":640,"y":634,"data":{"alt":1,"type":2,"area":70}},{"x":640,"y":635,"data":{"alt":1,"type":2,"area":70}},{"x":641,"y":635,"data":{"alt":1,"type":2,"area":70}},{"x":640,"y":636,"data":{"alt":1,"type":2,"area":70}}]