[{"x":628,"y":2460,"data":{"alt":56,"type":1,"area":72}},{"x":628,"y":2461,"data":{"alt":56,"type":1,"area":72}},{"x":628,"y":2462,"data":{"alt":56,"type":1,"area":72}},{"x":628,"y":2463,"data":{"alt":56,"type":1,"area":72}},{"x":628,"y":2464,"data":{"alt":56,"type":1,"area":72}},{"x":629,"y":2464,"data":{"alt":56,"type":1,"area":72}},{"x":630,"y":2464,"data":{"alt":56,"type":1,"area":72}},{"x":631,"y":2464,"data":{"alt":56,"type":1,"area":72}},{"x":632,"y":2464,"data":{"alt":56,"type":1,"area":72}},{"x":632,"y":2465,"data":{"alt":56,"type":1,"area":72}}]