[{"x":116,"y":3446,"data":{"alt":3,"fertility":60,"region":2153,"area":75}},{"x":117,"y":3446,"data":{"alt":3,"fertility":60,"region":2153,"area":75}},{"x":118,"y":3446,"data":{"alt":3,"fertility":60,"region":2153,"area":75}},{"x":116,"y":3447,"data":{"alt":3,"fertility":60,"region":2153,"area":75}},{"x":117,"y":3447,"data":{"alt":3,"fertility":60,"region":2153,"area":75}},{"x":116,"y":3448,"data":{"alt":3,"fertility":60,"region":2153,"area":75}},{"x":116,"y":3449,"data":{"alt":3,"fertility":60,"region":2153,"area":75}},{"x":117,"y":3449,"data":{"alt":3,"fertility":60,"region":2153,"area":75}},{"x":116,"y":3450,"data":{"alt":5,"fertility":60,"region":2153,"area":75}}]