[{"x":125,"y":1531,"data":{"alt":8,"fertility":40,"region":2143,"area":77}},{"x":122,"y":1532,"data":{"alt":8,"fertility":40,"region":2143,"area":77}},{"x":123,"y":1532,"data":{"alt":8,"fertility":40,"region":2143,"area":77}},{"x":124,"y":1532,"data":{"alt":8,"fertility":40,"region":2143,"area":77}},{"x":125,"y":1532,"data":{"alt":8,"fertility":40,"region":2143,"area":77}},{"x":126,"y":1532,"data":{"alt":8,"fertility":40,"region":2143,"area":77}},{"x":127,"y":1532,"data":{"alt":8,"fertility":40,"forest":40,"region":2143,"area":77}},{"x":120,"y":1533,"data":{"alt":8,"fertility":40,"forest":20,"region":2143,"area":77}},{"x":121,"y":1533,"data":{"alt":8,"fertility":40,"region":2143,"area":77}},{"x":122,"y":1533,"data":{"alt":8,"fertility":40,"region":2143,"area":77}},{"x":123,"y":1533,"data":{"alt":8,"fertility":40,"region":2143,"area":77}},{"x":124,"y":1533,"data":{"alt":9,"fertility":40,"region":2143,"area":77}},{"x":125,"y":1533,"data":{"alt":8,"fertility":40,"region":2143,"area":77}},{"x":126,"y":1533,"data":{"alt":8,"fertility":40,"forest":20,"region":2143,"area":77}},{"x":127,"y":1533,"data":{"alt":8,"fertility":40,"region":2143,"area":77}},{"x":120,"y":1534,"data":{"alt":8,"fertility":40,"region":2143,"area":77}},{"x":121,"y":1534,"data":{"alt":8,"fertility":40,"region":2143,"area":77}},{"x":122,"y":1534,"data":{"alt":8,"fertility":40,"region":2143,"area":77}},{"x":123,"y":1534,"data":{"alt":9,"fertility":40,"region":2143,"area":77}},{"x":124,"y":1534,"data":{"alt":8,"fertility":40,"region":2143,"area":77}},{"x":125,"y":1534,"data":{"alt":8,"fertility":40,"region":2143,"area":77}},{"x":126,"y":1534,"data":{"alt":9,"fertility":40,"region":2143,"area":77}},{"x":127,"y":1534,"data":{"alt":9,"fertility":40,"region":2143,"area":77}},{"x":119,"y":1535,"data":{"alt":8,"fertility":40,"region":2143,"area":77}},{"x":120,"y":1535,"data":{"alt":8,"fertility":40,"region":2143,"area":77}},{"x":121,"y":1535,"data":{"alt":8,"fertility":40,"region":2143,"area":77}},{"x":122,"y":1535,"data":{"alt":9,"fertility":40,"region":2143,"area":77}},{"x":123,"y":1535,"data":{"alt":9,"fertility":40,"region":2143,"area":77}},{"x":124,"y":1535,"data":{"alt":8,"fertility":40,"region":2143,"area":77}},{"x":125,"y":1535,"data":{"alt":8,"fertility":40,"region":2143,"area":77}},{"x":126,"y":1535,"data":{"alt":9,"fertility":40,"forest":20,"region":2143,"area":77}},{"x":127,"y":1535,"data":{"alt":50,"fertility":40,"forest":20,"region":2143,"area":77}},{"x":118,"y":1536,"data":{"alt":7,"fertility":40,"region":2143,"area":77}},{"x":119,"y":1536,"data":{"alt":8,"fertility":40,"region":2143,"area":77}},{"x":120,"y":1536,"data":{"alt":8,"fertility":40,"region":2143,"area":77}},{"x":121,"y":1536,"data":{"alt":8,"fertility":40,"region":2143,"area":77}},{"x":122,"y":1536,"data":{"alt":9,"fertility":40,"region":2143,"area":77}},{"x":123,"y":1536,"data":{"alt":9,"fertility":40,"region":2143,"area":77}},{"x":124,"y":1536,"data":{"alt":8,"fertility":40,"region":2143,"area":77}},{"x":125,"y":1536,"data":{"alt":9,"fertility":40,"region":2143,"area":77}},{"x":126,"y":1536,"data":{"alt":9,"fertility":40,"region":2143,"area":77}},{"x":127,"y":1536,"data":{"alt":50,"fertility":40,"region":2143,"area":77}},{"x":118,"y":1537,"data":{"alt":8,"fertility":40,"region":2143,"area":77}},{"x":119,"y":1537,"data":{"alt":8,"fertility":40,"region":2143,"area":77}},{"x":120,"y":1537,"data":{"alt":8,"fertility":40,"region":2143,"area":77}},{"x":121,"y":1537,"data":{"alt":8,"fertility":40,"region":2143,"area":77}},{"x":122,"y":1537,"data":{"alt":9,"fertility":40,"region":2143,"area":77}},{"x":123,"y":1537,"data":{"alt":8,"fertility":40,"region":2143,"area":77}},{"x":124,"y":1537,"data":{"alt":8,"fertility":40,"region":2143,"area":77}},{"x":125,"y":1537,"data":{"alt":9,"fertility":40,"forest":20,"region":2143,"area":77}},{"x":126,"y":1537,"data":{"alt":9,"fertility":40,"region":2143,"area":77}},{"x":127,"y":1537,"data":{"alt":50,"fertility":40,"forest":40,"region":2143,"area":77}},{"x":117,"y":1538,"data":{"alt":7,"fertility":40,"forest":20,"region":2143,"area":77}},{"x":118,"y":1538,"data":{"alt":8,"fertility":40,"region":2143,"area":77}},{"x":119,"y":1538,"data":{"alt":8,"fertility":40,"forest":20,"region":2143,"area":77}},{"x":120,"y":1538,"data":{"alt":8,"fertility":40,"region":2143,"area":77}},{"x":121,"y":1538,"data":{"alt":8,"fertility":40,"region":2143,"area":77}},{"x":122,"y":1538,"data":{"alt":9,"fertility":40,"region":2143,"area":77}},{"x":123,"y":1538,"data":{"alt":9,"fertility":40,"region":2143,"area":77}},{"x":124,"y":1538,"data":{"alt":8,"fertility":40,"region":2143,"area":77}},{"x":125,"y":1538,"data":{"alt":9,"fertility":40,"forest":20,"region":2143,"area":77}},{"x":126,"y":1538,"data":{"alt":50,"fertility":40,"forest":40,"region":2143,"area":77}},{"x":127,"y":1538,"data":{"alt":50,"fertility":40,"forest":40,"region":2143,"area":77}},{"x":117,"y":1539,"data":{"alt":7,"fertility":40,"region":2143,"area":77}},{"x":118,"y":1539,"data":{"alt":8,"fertility":40,"forest":20,"region":2143,"area":77}},{"x":119,"y":1539,"data":{"alt":8,"fertility":40,"region":2143,"area":77}},{"x":120,"y":1539,"data":{"alt":8,"fertility":40,"forest":20,"region":2143,"area":77}},{"x":121,"y":1539,"data":{"alt":8,"fertility":40,"region":2143,"area":77}},{"x":122,"y":1539,"data":{"alt":9,"fertility":40,"region":2143,"area":77}},{"x":123,"y":1539,"data":{"alt":9,"fertility":40,"forest":20,"region":2143,"area":77}},{"x":124,"y":1539,"data":{"alt":9,"fertility":40,"forest":20,"region":2143,"area":77}},{"x":125,"y":1539,"data":{"alt":9,"fertility":40,"region":2143,"area":77}},{"x":126,"y":1539,"data":{"alt":9,"fertility":40,"region":2143,"area":77}},{"x":127,"y":1539,"data":{"alt":50,"fertility":40,"forest":40,"region":2143,"area":77}},{"x":120,"y":1540,"data":{"alt":8,"fertility":40,"region":2143,"area":77}},{"x":121,"y":1540,"data":{"alt":9,"fertility":40,"region":2143,"area":77}},{"x":122,"y":1540,"data":{"alt":8,"fertility":40,"forest":20,"region":2143,"area":77}},{"x":123,"y":1540,"data":{"alt":8,"fertility":40,"forest":20,"region":2143,"area":77}},{"x":124,"y":1540,"data":{"alt":9,"fertility":40,"forest":40,"region":2143,"area":77}},{"x":125,"y":1540,"data":{"alt":9,"fertility":40,"region":2143,"area":77}},{"x":126,"y":1540,"data":{"alt":9,"fertility":40,"forest":20,"region":2143,"area":77}},{"x":127,"y":1540,"data":{"alt":9,"fertility":40,"region":2143,"area":77}},{"x":121,"y":1541,"data":{"alt":8,"fertility":40,"region":2143,"area":77}},{"x":122,"y":1541,"data":{"alt":9,"fertility":40,"region":2143,"area":77}},{"x":123,"y":1541,"data":{"alt":8,"fertility":40,"region":2143,"area":77}},{"x":124,"y":1541,"data":{"alt":9,"fertility":40,"region":2143,"area":77}},{"x":125,"y":1541,"data":{"alt":9,"fertility":40,"region":2143,"area":77}},{"x":126,"y":1541,"data":{"alt":9,"fertility":40,"forest":40,"region":2143,"area":77}},{"x":127,"y":1541,"data":{"alt":9,"fertility":40,"region":2143,"area":77}},{"x":123,"y":1542,"data":{"alt":8,"fertility":40,"region":2143,"area":77}},{"x":124,"y":1542,"data":{"alt":8,"fertility":40,"region":2143,"area":77}},{"x":125,"y":1542,"data":{"alt":9,"fertility":40,"forest":40,"region":2143,"area":77}},{"x":126,"y":1542,"data":{"alt":9,"fertility":40,"forest":40,"region":2143,"area":77}},{"x":127,"y":1542,"data":{"alt":8,"fertility":40,"forest":40,"region":2143,"area":77}},{"x":128,"y":1536,"data":{"alt":52,"fertility":40,"forest":40,"region":2143,"area":77}},{"x":129,"y":1536,"data":{"alt":50,"fertility":40,"region":2143,"area":77}},{"x":130,"y":1536,"data":{"alt":9,"fertility":40,"forest":40,"region":2143,"area":77}},{"x":131,"y":1536,"data":{"alt":9,"fertility":40,"region":2143,"area":77}},{"x":132,"y":1536,"data":{"alt":8,"fertility":40,"forest":40,"region":2143,"area":77}},{"x":128,"y":1537,"data":{"alt":50,"fertility":40,"region":2143,"area":77}},{"x":129,"y":1537,"data":{"alt":50,"fertility":40,"forest":40,"region":2143,"area":77}},{"x":130,"y":1537,"data":{"alt":50,"fertility":40,"region":2143,"area":77}},{"x":131,"y":1537,"data":{"alt":9,"fertility":40,"region":2143,"area":77}},{"x":132,"y":1537,"data":{"alt":8,"fertility":40,"region":2143,"area":77}},{"x":128,"y":1538,"data":{"alt":50,"fertility":40,"region":2143,"area":77}},{"x":129,"y":1538,"data":{"alt":50,"fertility":40,"forest":40,"region":2143,"area":77}},{"x":130,"y":1538,"data":{"alt":50,"fertility":40,"region":2143,"area":77}},{"x":131,"y":1538,"data":{"alt":9,"fertility":40,"region":2143,"area":77}},{"x":128,"y":1539,"data":{"alt":50,"fertility":40,"forest":40,"region":2143,"area":77}},{"x":129,"y":1539,"data":{"alt":9,"fertility":40,"forest":40,"region":2143,"area":77}},{"x":130,"y":1539,"data":{"alt":9,"fertility":40,"forest":40,"region":2143,"area":77}},{"x":131,"y":1539,"data":{"alt":8,"fertility":40,"forest":40,"region":2143,"area":77}},{"x":128,"y":1540,"data":{"alt":9,"fertility":40,"region":2143,"area":77}},{"x":129,"y":1540,"data":{"alt":9,"fertility":40,"region":2143,"area":77}},{"x":130,"y":1540,"data":{"alt":9,"fertility":40,"region":2143,"area":77}},{"x":131,"y":1540,"data":{"alt":9,"fertility":40,"forest":80,"region":2143,"area":77}},{"x":128,"y":1541,"data":{"alt":9,"fertility":40,"forest":40,"region":2143,"area":77}},{"x":129,"y":1541,"data":{"alt":9,"fertility":40,"region":2143,"area":77}},{"x":130,"y":1541,"data":{"alt":9,"fertility":40,"forest":80,"region":2143,"area":77}},{"x":131,"y":1541,"data":{"alt":8,"fertility":40,"region":2143,"area":77}},{"x":128,"y":1542,"data":{"alt":8,"fertility":40,"region":2143,"area":77}},{"x":129,"y":1531,"data":{"alt":8,"fertility":40,"region":2143,"area":77}},{"x":130,"y":1531,"data":{"alt":8,"fertility":40,"forest":40,"region":2143,"area":77}},{"x":128,"y":1532,"data":{"alt":8,"fertility":40,"region":2143,"area":77}},{"x":129,"y":1532,"data":{"alt":8,"fertility":40,"forest":40,"region":2143,"area":77}},{"x":130,"y":1532,"data":{"alt":9,"fertility":40,"region":2143,"area":77}},{"x":131,"y":1532,"data":{"alt":8,"fertility":40,"region":2143,"area":77}},{"x":128,"y":1533,"data":{"alt":9,"fertility":40,"forest":40,"region":2143,"area":77}},{"x":129,"y":1533,"data":{"alt":9,"fertility":40,"forest":40,"region":2143,"area":77}},{"x":130,"y":1533,"data":{"alt":9,"fertility":40,"forest":40,"region":2143,"area":77}},{"x":128,"y":1534,"data":{"alt":50,"fertility":40,"region":2143,"area":77}},{"x":129,"y":1534,"data":{"alt":9,"fertility":40,"region":2143,"area":77}},{"x":130,"y":1534,"data":{"alt":8,"fertility":40,"region":2143,"area":77}},{"x":131,"y":1534,"data":{"alt":8,"fertility":40,"forest":40,"region":2143,"area":77}},{"x":128,"y":1535,"data":{"alt":50,"fertility":40,"forest":40,"region":2143,"area":77}},{"x":129,"y":1535,"data":{"alt":9,"fertility":40,"region":2143,"area":77}},{"x":130,"y":1535,"data":{"alt":9,"fertility":40,"region":2143,"area":77}},{"x":131,"y":1535,"data":{"alt":9,"fertility":40,"forest":40,"region":2143,"area":77}},{"x":132,"y":1535,"data":{"alt":8,"fertility":40,"region":2143,"area":77}}]