[{"x":43,"y":42,"data":{"alt":7,"type":1,"area":8}},{"x":44,"y":42,"data":{"alt":7,"type":2,"area":8}},{"x":42,"y":43,"data":{"alt":7,"type":2,"area":8}},{"x":43,"y":43,"data":{"alt":7,"type":2,"area":8}},{"x":44,"y":43,"data":{"alt":7,"type":1,"area":8}},{"x":43,"y":44,"data":{"alt":7,"type":2,"area":8}},{"x":44,"y":44,"data":{"alt":7,"type":2,"area":8}},{"x":45,"y":44,"data":{"alt":7,"type":1,"area":8}},{"x":46,"y":44,"data":{"alt":7,"type":2,"area":8}},{"x":43,"y":45,"data":{"alt":7,"type":2,"area":8}},{"x":44,"y":45,"data":{"alt":7,"type":2,"area":8}},{"x":46,"y":45,"data":{"alt":7,"type":1,"area":8}}]