[{"x":668,"y":211,"data":{"alt":7,"type":2,"area":80}},{"x":669,"y":211,"data":{"alt":7,"type":2,"area":80}},{"x":671,"y":211,"data":{"alt":7,"type":2,"area":80}},{"x":667,"y":212,"data":{"alt":7,"type":2,"area":80}},{"x":668,"y":212,"data":{"alt":7,"type":2,"area":80}},{"x":669,"y":212,"data":{"alt":7,"type":2,"area":80}},{"x":670,"y":212,"data":{"alt":7,"type":2,"area":80}},{"x":671,"y":212,"data":{"alt":7,"type":2,"area":80}},{"x":667,"y":213,"data":{"alt":7,"type":2,"area":80}},{"x":668,"y":213,"data":{"alt":7,"type":2,"area":80}},{"x":669,"y":213,"data":{"alt":7,"type":2,"area":80}},{"x":670,"y":213,"data":{"alt":7,"type":2,"area":80}},{"x":671,"y":213,"data":{"alt":7,"type":2,"area":80}},{"x":667,"y":214,"data":{"alt":7,"type":2,"area":80}},{"x":668,"y":214,"data":{"alt":7,"type":2,"area":80}},{"x":669,"y":214,"data":{"alt":7,"type":2,"area":80}},{"x":670,"y":214,"data":{"alt":7,"type":2,"area":80}},{"x":671,"y":214,"data":{"alt":7,"type":2,"area":80}},{"x":668,"y":215,"data":{"alt":7,"type":2,"area":80}},{"x":669,"y":215,"data":{"alt":7,"type":2,"area":80}},{"x":670,"y":215,"data":{"alt":7,"type":2,"area":80}},{"x":671,"y":215,"data":{"alt":7,"type":2,"area":80}},{"x":664,"y":216,"data":{"alt":7,"type":2,"area":80}},{"x":667,"y":216,"data":{"alt":7,"type":2,"area":80}},{"x":668,"y":216,"data":{"alt":7,"type":2,"area":80}},{"x":669,"y":216,"data":{"alt":7,"type":2,"area":80}},{"x":670,"y":216,"data":{"alt":7,"type":2,"area":80}},{"x":671,"y":216,"data":{"alt":7,"type":2,"area":80}},{"x":664,"y":217,"data":{"alt":7,"type":2,"area":80}},{"x":665,"y":217,"data":{"alt":7,"type":2,"area":80}},{"x":666,"y":217,"data":{"alt":7,"type":2,"area":80}},{"x":667,"y":217,"data":{"alt":7,"type":2,"area":80}},{"x":668,"y":217,"data":{"alt":7,"type":2,"area":80}},{"x":669,"y":217,"data":{"alt":7,"type":2,"area":80}},{"x":670,"y":217,"data":{"alt":7,"type":2,"area":80}},{"x":671,"y":217,"data":{"alt":7,"type":2,"area":80}},{"x":663,"y":218,"data":{"alt":7,"type":2,"area":80}},{"x":664,"y":218,"data":{"alt":7,"type":2,"area":80}},{"x":665,"y":218,"data":{"alt":7,"type":2,"area":80}},{"x":666,"y":218,"data":{"alt":7,"type":2,"area":80}},{"x":667,"y":218,"data":{"alt":7,"type":2,"area":80}},{"x":668,"y":218,"data":{"alt":7,"type":2,"area":80}},{"x":669,"y":218,"data":{"alt":7,"type":2,"area":80}},{"x":670,"y":218,"data":{"alt":7,"type":2,"area":80}},{"x":671,"y":218,"data":{"alt":7,"type":2,"area":80}},{"x":663,"y":219,"data":{"alt":7,"type":2,"area":80}},{"x":664,"y":219,"data":{"alt":7,"type":2,"area":80}},{"x":665,"y":219,"data":{"alt":7,"type":2,"area":80}},{"x":666,"y":219,"data":{"alt":7,"type":2,"area":80}},{"x":667,"y":219,"data":{"alt":7,"type":2,"area":80}},{"x":668,"y":219,"data":{"alt":7,"type":2,"area":80}},{"x":669,"y":219,"data":{"alt":7,"type":2,"area":80}},{"x":670,"y":219,"data":{"alt":7,"type":2,"area":80}},{"x":671,"y":219,"data":{"alt":7,"type":1,"area":80}},{"x":664,"y":220,"data":{"alt":7,"type":2,"area":80}},{"x":665,"y":220,"data":{"alt":7,"type":2,"area":80}},{"x":666,"y":220,"data":{"alt":7,"type":2,"area":80}},{"x":667,"y":220,"data":{"alt":7,"type":2,"area":80}},{"x":668,"y":220,"data":{"alt":7,"type":2,"area":80}},{"x":669,"y":220,"data":{"alt":7,"type":2,"area":80}},{"x":670,"y":220,"data":{"alt":7,"type":1,"area":80}},{"x":663,"y":221,"data":{"alt":7,"type":2,"area":80}},{"x":664,"y":221,"data":{"alt":7,"type":2,"area":80}},{"x":665,"y":221,"data":{"alt":7,"type":2,"area":80}},{"x":666,"y":221,"data":{"alt":7,"type":2,"area":80}},{"x":667,"y":221,"data":{"alt":7,"type":2,"area":80}},{"x":668,"y":221,"data":{"alt":7,"type":2,"area":80}},{"x":669,"y":221,"data":{"alt":7,"type":2,"area":80}},{"x":670,"y":221,"data":{"alt":7,"type":1,"area":80}},{"x":663,"y":222,"data":{"alt":7,"type":2,"area":80}},{"x":664,"y":222,"data":{"alt":7,"type":2,"area":80}},{"x":665,"y":222,"data":{"alt":7,"type":2,"area":80}},{"x":666,"y":222,"data":{"alt":7,"type":2,"area":80}},{"x":667,"y":222,"data":{"alt":7,"type":2,"area":80}},{"x":668,"y":222,"data":{"alt":7,"type":2,"area":80}},{"x":669,"y":222,"data":{"alt":7,"type":2,"area":80}},{"x":670,"y":222,"data":{"alt":7,"type":1,"area":80}},{"x":663,"y":223,"data":{"alt":7,"type":2,"area":80}},{"x":664,"y":223,"data":{"alt":7,"type":2,"area":80}},{"x":665,"y":223,"data":{"alt":7,"type":2,"area":80}},{"x":666,"y":223,"data":{"alt":7,"type":2,"area":80}},{"x":667,"y":223,"data":{"alt":7,"type":2,"area":80}},{"x":668,"y":223,"data":{"alt":7,"type":2,"area":80}},{"x":669,"y":223,"data":{"alt":7,"type":2,"area":80}},{"x":670,"y":223,"data":{"alt":7,"type":2,"area":80}},{"x":671,"y":223,"data":{"alt":7,"type":1,"area":80}},{"x":663,"y":224,"data":{"alt":7,"type":2,"area":80}},{"x":664,"y":224,"data":{"alt":7,"type":2,"area":80}},{"x":665,"y":224,"data":{"alt":7,"type":2,"area":80}},{"x":666,"y":224,"data":{"alt":7,"type":2,"area":80}},{"x":667,"y":224,"data":{"alt":7,"type":2,"area":80}},{"x":668,"y":224,"data":{"alt":7,"type":2,"area":80}},{"x":669,"y":224,"data":{"alt":7,"type":2,"area":80}},{"x":670,"y":224,"data":{"alt":7,"type":1,"area":80}},{"x":671,"y":224,"data":{"alt":7,"type":2,"area":80}},{"x":664,"y":225,"data":{"alt":7,"type":2,"area":80}},{"x":665,"y":225,"data":{"alt":7,"type":2,"area":80}},{"x":666,"y":225,"data":{"alt":7,"type":2,"area":80}},{"x":667,"y":225,"data":{"alt":7,"type":2,"area":80}},{"x":668,"y":225,"data":{"alt":7,"type":2,"area":80}},{"x":669,"y":225,"data":{"alt":7,"type":2,"area":80}},{"x":670,"y":225,"data":{"alt":7,"type":1,"area":80}},{"x":671,"y":225,"data":{"alt":7,"type":2,"area":80}},{"x":664,"y":226,"data":{"alt":7,"type":2,"area":80}},{"x":665,"y":226,"data":{"alt":7,"type":2,"area":80}},{"x":666,"y":226,"data":{"alt":7,"type":2,"area":80}},{"x":667,"y":226,"data":{"alt":7,"type":2,"area":80}},{"x":668,"y":226,"data":{"alt":7,"type":2,"area":80}},{"x":669,"y":226,"data":{"alt":7,"type":2,"area":80}},{"x":670,"y":226,"data":{"alt":7,"type":2,"area":80}},{"x":671,"y":226,"data":{"alt":7,"type":1,"area":80}},{"x":665,"y":227,"data":{"alt":7,"type":2,"area":80}},{"x":666,"y":227,"data":{"alt":7,"type":2,"area":80}},{"x":667,"y":227,"data":{"alt":7,"type":2,"area":80}},{"x":668,"y":227,"data":{"alt":7,"type":2,"area":80}},{"x":669,"y":227,"data":{"alt":7,"type":2,"area":80}},{"x":670,"y":227,"data":{"alt":7,"type":2,"area":80}},{"x":671,"y":227,"data":{"alt":7,"type":1,"area":80}},{"x":665,"y":228,"data":{"alt":7,"type":2,"area":80}},{"x":666,"y":228,"data":{"alt":7,"type":2,"area":80}},{"x":667,"y":228,"data":{"alt":7,"type":2,"area":80}},{"x":668,"y":228,"data":{"alt":7,"type":2,"area":80}},{"x":669,"y":228,"data":{"alt":7,"type":2,"area":80}},{"x":670,"y":228,"data":{"alt":7,"type":2,"area":80}},{"x":671,"y":228,"data":{"alt":7,"type":2,"area":80}},{"x":666,"y":229,"data":{"alt":7,"type":2,"area":80}},{"x":667,"y":229,"data":{"alt":7,"type":2,"area":80}},{"x":668,"y":229,"data":{"alt":7,"type":2,"area":80}},{"x":669,"y":229,"data":{"alt":7,"type":2,"area":80}},{"x":670,"y":229,"data":{"alt":7,"type":2,"area":80}},{"x":671,"y":229,"data":{"alt":7,"type":2,"area":80}},{"x":664,"y":230,"data":{"alt":7,"type":2,"area":80}},{"x":665,"y":230,"data":{"alt":7,"type":2,"area":80}},{"x":666,"y":230,"data":{"alt":7,"type":2,"area":80}},{"x":667,"y":230,"data":{"alt":7,"type":2,"area":80}},{"x":668,"y":230,"data":{"alt":7,"type":2,"area":80}},{"x":669,"y":230,"data":{"alt":7,"type":2,"area":80}},{"x":670,"y":230,"data":{"alt":7,"type":2,"area":80}},{"x":671,"y":230,"data":{"alt":7,"type":2,"area":80}},{"x":665,"y":231,"data":{"alt":7,"type":2,"area":80}},{"x":666,"y":231,"data":{"alt":7,"type":2,"area":80}},{"x":667,"y":231,"data":{"alt":7,"type":2,"area":80}},{"x":668,"y":231,"data":{"alt":7,"type":2,"area":80}},{"x":669,"y":231,"data":{"alt":7,"type":2,"area":80}},{"x":670,"y":231,"data":{"alt":7,"type":2,"area":80}},{"x":671,"y":231,"data":{"alt":7,"type":2,"area":80}},{"x":666,"y":232,"data":{"alt":7,"type":2,"area":80}},{"x":667,"y":232,"data":{"alt":7,"type":2,"area":80}},{"x":668,"y":232,"data":{"alt":7,"type":2,"area":80}},{"x":669,"y":232,"data":{"alt":7,"type":2,"area":80}},{"x":670,"y":232,"data":{"alt":7,"type":2,"area":80}},{"x":671,"y":232,"data":{"alt":7,"type":2,"area":80}},{"x":666,"y":233,"data":{"alt":7,"type":2,"area":80}},{"x":667,"y":233,"data":{"alt":7,"type":2,"area":80}},{"x":668,"y":233,"data":{"alt":7,"type":2,"area":80}},{"x":669,"y":233,"data":{"alt":7,"type":2,"area":80}},{"x":670,"y":233,"data":{"alt":7,"type":2,"area":80}},{"x":671,"y":233,"data":{"alt":7,"type":2,"area":80}},{"x":666,"y":234,"data":{"alt":7,"type":2,"area":80}},{"x":667,"y":234,"data":{"alt":7,"type":2,"area":80}},{"x":668,"y":234,"data":{"alt":7,"type":2,"area":80}},{"x":669,"y":234,"data":{"alt":7,"type":2,"area":80}},{"x":670,"y":234,"data":{"alt":7,"type":2,"area":80}},{"x":671,"y":234,"data":{"alt":7,"type":1,"area":80}},{"x":667,"y":235,"data":{"alt":7,"type":2,"area":80}},{"x":668,"y":235,"data":{"alt":7,"type":2,"area":80}},{"x":669,"y":235,"data":{"alt":7,"type":2,"area":80}},{"x":670,"y":235,"data":{"alt":7,"type":2,"area":80}},{"x":671,"y":235,"data":{"alt":7,"type":2,"area":80}},{"x":667,"y":236,"data":{"alt":7,"type":2,"area":80}},{"x":668,"y":236,"data":{"alt":7,"type":2,"area":80}},{"x":669,"y":236,"data":{"alt":7,"type":2,"area":80}},{"x":670,"y":236,"data":{"alt":7,"type":2,"area":80}},{"x":671,"y":236,"data":{"alt":7,"type":2,"area":80}},{"x":667,"y":237,"data":{"alt":7,"type":2,"area":80}},{"x":668,"y":237,"data":{"alt":7,"type":2,"area":80}},{"x":669,"y":237,"data":{"alt":7,"type":2,"area":80}},{"x":670,"y":237,"data":{"alt":7,"type":2,"area":80}},{"x":671,"y":237,"data":{"alt":7,"type":2,"area":80}},{"x":668,"y":238,"data":{"alt":7,"type":2,"area":80}},{"x":670,"y":238,"data":{"alt":7,"type":2,"area":80}},{"x":672,"y":208,"data":{"alt":7,"type":2,"area":80}},{"x":672,"y":209,"data":{"alt":7,"type":2,"area":80}},{"x":673,"y":209,"data":{"alt":7,"type":2,"area":80}},{"x":672,"y":210,"data":{"alt":7,"type":2,"area":80}},{"x":673,"y":210,"data":{"alt":7,"type":2,"area":80}},{"x":672,"y":211,"data":{"alt":7,"type":2,"area":80}},{"x":673,"y":211,"data":{"alt":7,"type":2,"area":80}},{"x":674,"y":211,"data":{"alt":7,"type":2,"area":80}},{"x":672,"y":212,"data":{"alt":7,"type":2,"area":80}},{"x":673,"y":212,"data":{"alt":7,"type":2,"area":80}},{"x":674,"y":212,"data":{"alt":7,"type":2,"area":80}},{"x":672,"y":213,"data":{"alt":7,"type":2,"area":80}},{"x":673,"y":213,"data":{"alt":7,"type":2,"area":80}},{"x":674,"y":213,"data":{"alt":7,"type":2,"area":80}},{"x":675,"y":213,"data":{"alt":7,"type":2,"area":80}},{"x":676,"y":213,"data":{"alt":7,"type":2,"area":80}},{"x":672,"y":214,"data":{"alt":7,"type":2,"area":80}},{"x":673,"y":214,"data":{"alt":7,"type":2,"area":80}},{"x":674,"y":214,"data":{"alt":7,"type":2,"area":80}},{"x":675,"y":214,"data":{"alt":7,"type":2,"area":80}},{"x":676,"y":214,"data":{"alt":7,"type":2,"area":80}},{"x":677,"y":214,"data":{"alt":7,"type":2,"area":80}},{"x":678,"y":214,"data":{"alt":7,"type":2,"area":80}},{"x":679,"y":214,"data":{"alt":7,"type":2,"area":80}},{"x":672,"y":215,"data":{"alt":7,"type":2,"area":80}},{"x":673,"y":215,"data":{"alt":7,"type":2,"area":80}},{"x":674,"y":215,"data":{"alt":7,"type":2,"area":80}},{"x":675,"y":215,"data":{"alt":7,"type":2,"area":80}},{"x":676,"y":215,"data":{"alt":7,"type":2,"area":80}},{"x":677,"y":215,"data":{"alt":7,"type":2,"area":80}},{"x":678,"y":215,"data":{"alt":7,"type":1,"area":80}},{"x":679,"y":215,"data":{"alt":7,"type":2,"area":80}},{"x":672,"y":216,"data":{"alt":7,"type":2,"area":80}},{"x":673,"y":216,"data":{"alt":7,"type":2,"area":80}},{"x":674,"y":216,"data":{"alt":7,"type":2,"area":80}},{"x":675,"y":216,"data":{"alt":7,"type":2,"area":80}},{"x":676,"y":216,"data":{"alt":7,"type":2,"area":80}},{"x":677,"y":216,"data":{"alt":7,"type":1,"area":80}},{"x":679,"y":216,"data":{"alt":7,"type":1,"area":80}},{"x":672,"y":217,"data":{"alt":7,"type":2,"area":80}},{"x":673,"y":217,"data":{"alt":7,"type":1,"area":80}},{"x":674,"y":217,"data":{"alt":7,"type":1,"area":80}},{"x":675,"y":217,"data":{"alt":7,"type":1,"area":80}},{"x":676,"y":217,"data":{"alt":7,"type":1,"area":80}},{"x":679,"y":217,"data":{"alt":7,"type":1,"area":80}},{"x":672,"y":218,"data":{"alt":7,"type":1,"area":80}},{"x":674,"y":218,"data":{"alt":7,"type":2,"area":80}},{"x":675,"y":218,"data":{"alt":7,"type":2,"area":80}},{"x":672,"y":219,"data":{"alt":7,"type":2,"area":80}},{"x":672,"y":221,"data":{"alt":7,"type":2,"area":80}},{"x":672,"y":222,"data":{"alt":7,"type":2,"area":80}},{"x":672,"y":223,"data":{"alt":7,"type":2,"area":80}},{"x":673,"y":223,"data":{"alt":7,"type":2,"area":80}},{"x":672,"y":224,"data":{"alt":7,"type":2,"area":80}},{"x":673,"y":224,"data":{"alt":7,"type":2,"area":80}},{"x":674,"y":224,"data":{"alt":7,"type":2,"area":80}},{"x":672,"y":225,"data":{"alt":7,"type":2,"area":80}},{"x":673,"y":225,"data":{"alt":7,"type":2,"area":80}},{"x":674,"y":225,"data":{"alt":7,"type":2,"area":80}},{"x":672,"y":226,"data":{"alt":7,"type":2,"area":80}},{"x":673,"y":226,"data":{"alt":7,"type":2,"area":80}},{"x":674,"y":226,"data":{"alt":7,"type":2,"area":80}},{"x":675,"y":226,"data":{"alt":7,"type":2,"area":80}},{"x":678,"y":226,"data":{"alt":7,"type":2,"area":80}},{"x":679,"y":226,"data":{"alt":7,"type":2,"area":80}},{"x":680,"y":226,"data":{"alt":7,"type":2,"area":80}},{"x":672,"y":227,"data":{"alt":7,"type":2,"area":80}},{"x":673,"y":227,"data":{"alt":7,"type":2,"area":80}},{"x":674,"y":227,"data":{"alt":7,"type":2,"area":80}},{"x":675,"y":227,"data":{"alt":7,"type":2,"area":80}},{"x":677,"y":227,"data":{"alt":7,"type":2,"area":80}},{"x":678,"y":227,"data":{"alt":7,"type":2,"area":80}},{"x":679,"y":227,"data":{"alt":7,"type":2,"area":80}},{"x":680,"y":227,"data":{"alt":7,"type":2,"area":80}},{"x":672,"y":228,"data":{"alt":7,"type":1,"area":80}},{"x":673,"y":228,"data":{"alt":7,"type":2,"area":80}},{"x":674,"y":228,"data":{"alt":7,"type":2,"area":80}},{"x":675,"y":228,"data":{"alt":7,"type":2,"area":80}},{"x":676,"y":228,"data":{"alt":7,"type":2,"area":80}},{"x":677,"y":228,"data":{"alt":7,"type":2,"area":80}},{"x":678,"y":228,"data":{"alt":7,"type":2,"area":80}},{"x":679,"y":228,"data":{"alt":7,"type":2,"area":80}},{"x":680,"y":228,"data":{"alt":7,"type":2,"area":80}},{"x":672,"y":229,"data":{"alt":7,"type":2,"area":80}},{"x":673,"y":229,"data":{"alt":7,"type":1,"area":80}},{"x":674,"y":229,"data":{"alt":7,"type":2,"area":80}},{"x":675,"y":229,"data":{"alt":7,"type":2,"area":80}},{"x":676,"y":229,"data":{"alt":7,"type":2,"area":80}},{"x":677,"y":229,"data":{"alt":7,"type":2,"area":80}},{"x":678,"y":229,"data":{"alt":7,"type":2,"area":80}},{"x":679,"y":229,"data":{"alt":7,"type":2,"area":80}},{"x":680,"y":229,"data":{"alt":7,"type":2,"area":80}},{"x":672,"y":230,"data":{"alt":7,"type":2,"area":80}},{"x":673,"y":230,"data":{"alt":7,"type":2,"area":80}},{"x":674,"y":230,"data":{"alt":7,"type":1,"area":80}},{"x":675,"y":230,"data":{"alt":7,"type":2,"area":80}},{"x":676,"y":230,"data":{"alt":7,"type":2,"area":80}},{"x":677,"y":230,"data":{"alt":7,"type":2,"area":80}},{"x":678,"y":230,"data":{"alt":7,"type":2,"area":80}},{"x":672,"y":231,"data":{"alt":7,"type":2,"area":80}},{"x":673,"y":231,"data":{"alt":7,"type":1,"area":80}},{"x":674,"y":231,"data":{"alt":7,"type":2,"area":80}},{"x":675,"y":231,"data":{"alt":7,"type":2,"area":80}},{"x":676,"y":231,"data":{"alt":7,"type":2,"area":80}},{"x":677,"y":231,"data":{"alt":7,"type":2,"area":80}},{"x":678,"y":231,"data":{"alt":7,"type":2,"area":80}},{"x":672,"y":232,"data":{"alt":7,"type":2,"area":80}},{"x":673,"y":232,"data":{"alt":7,"type":1,"area":80}},{"x":674,"y":232,"data":{"alt":7,"type":2,"area":80}},{"x":675,"y":232,"data":{"alt":7,"type":2,"area":80}},{"x":676,"y":232,"data":{"alt":7,"type":2,"area":80}},{"x":677,"y":232,"data":{"alt":7,"type":2,"area":80}},{"x":672,"y":233,"data":{"alt":7,"type":1,"area":80}},{"x":673,"y":233,"data":{"alt":7,"type":2,"area":80}},{"x":674,"y":233,"data":{"alt":7,"type":2,"area":80}},{"x":675,"y":233,"data":{"alt":7,"type":2,"area":80}},{"x":676,"y":233,"data":{"alt":7,"type":2,"area":80}},{"x":672,"y":234,"data":{"alt":7,"type":2,"area":80}},{"x":673,"y":234,"data":{"alt":7,"type":2,"area":80}},{"x":674,"y":234,"data":{"alt":7,"type":2,"area":80}},{"x":675,"y":234,"data":{"alt":7,"type":2,"area":80}},{"x":676,"y":234,"data":{"alt":7,"type":2,"area":80}},{"x":672,"y":235,"data":{"alt":7,"type":1,"area":80}},{"x":673,"y":235,"data":{"alt":7,"type":2,"area":80}},{"x":675,"y":235,"data":{"alt":7,"type":2,"area":80}},{"x":676,"y":235,"data":{"alt":7,"type":2,"area":80}},{"x":672,"y":236,"data":{"alt":7,"type":1,"area":80}},{"x":673,"y":236,"data":{"alt":7,"type":2,"area":80}},{"x":672,"y":237,"data":{"alt":7,"type":2,"area":80}},{"x":673,"y":237,"data":{"alt":7,"type":1,"area":80}},{"x":674,"y":237,"data":{"alt":7,"type":2,"area":80}},{"x":673,"y":238,"data":{"alt":7,"type":2,"area":80}},{"x":674,"y":238,"data":{"alt":7,"type":1,"area":80}},{"x":673,"y":239,"data":{"alt":7,"type":2,"area":80}},{"x":674,"y":239,"data":{"alt":7,"type":2,"area":80}},{"x":675,"y":239,"data":{"alt":7,"type":1,"area":80}}]