[{"x":748,"y":108,"data":{"alt":3,"type":2,"area":82}},{"x":748,"y":109,"data":{"alt":3,"type":2,"area":82}},{"x":748,"y":110,"data":{"alt":3,"type":2,"area":82}},{"x":746,"y":111,"data":{"alt":3,"type":2,"area":82}},{"x":747,"y":111,"data":{"alt":3,"type":2,"area":82}},{"x":748,"y":111,"data":{"alt":3,"type":2,"area":82}},{"x":746,"y":112,"data":{"alt":3,"type":2,"area":82}},{"x":747,"y":112,"data":{"alt":3,"type":2,"area":82}},{"x":748,"y":112,"data":{"alt":3,"type":2,"area":82}},{"x":745,"y":113,"data":{"alt":3,"type":2,"area":82}},{"x":746,"y":113,"data":{"alt":3,"type":2,"area":82}},{"x":747,"y":113,"data":{"alt":3,"type":2,"area":82}},{"x":748,"y":113,"data":{"alt":3,"type":2,"area":82}}]