[{"x":124,"y":2378,"data":{"alt":1,"fertility":60,"region":2149,"area":83}},{"x":118,"y":2379,"data":{"alt":1,"fertility":60,"region":2149,"area":83}},{"x":120,"y":2379,"data":{"alt":1,"fertility":60,"region":2149,"area":83}},{"x":121,"y":2379,"data":{"alt":1,"fertility":60,"region":2149,"area":83}},{"x":122,"y":2379,"data":{"alt":1,"fertility":60,"region":2149,"area":83}},{"x":123,"y":2379,"data":{"alt":1,"fertility":60,"forest":40,"region":2149,"area":83}},{"x":118,"y":2380,"data":{"alt":1,"fertility":60,"region":2149,"area":83}},{"x":119,"y":2380,"data":{"alt":1,"fertility":60,"region":2149,"area":83}},{"x":120,"y":2380,"data":{"alt":1,"fertility":60,"region":2149,"area":83}},{"x":121,"y":2380,"data":{"alt":1,"fertility":60,"region":2149,"area":83}},{"x":122,"y":2380,"data":{"alt":1,"fertility":60,"region":2149,"area":83}},{"x":121,"y":2381,"data":{"alt":1,"fertility":60,"region":2149,"area":83}},{"x":122,"y":2382,"data":{"alt":1,"fertility":60,"region":2149,"area":83}}]