[{"x":781,"y":192,"data":{"alt":3,"type":2,"area":84}},{"x":782,"y":192,"data":{"alt":3,"type":2,"area":84}},{"x":784,"y":192,"data":{"alt":3,"type":2,"area":84}},{"x":780,"y":193,"data":{"alt":3,"type":2,"area":84}},{"x":781,"y":193,"data":{"alt":3,"type":2,"area":84}},{"x":782,"y":193,"data":{"alt":3,"type":2,"area":84}},{"x":783,"y":193,"data":{"alt":3,"type":2,"area":84}},{"x":784,"y":193,"data":{"alt":3,"type":2,"area":84}},{"x":785,"y":193,"data":{"alt":3,"type":2,"area":84}},{"x":786,"y":193,"data":{"alt":3,"type":2,"area":84}},{"x":787,"y":193,"data":{"alt":3,"type":2,"area":84}},{"x":782,"y":194,"data":{"alt":3,"type":2,"area":84}},{"x":783,"y":194,"data":{"alt":3,"type":2,"area":84}},{"x":784,"y":194,"data":{"alt":3,"type":2,"area":84}},{"x":785,"y":194,"data":{"alt":3,"type":2,"area":84}},{"x":786,"y":194,"data":{"alt":3,"type":2,"area":84}},{"x":787,"y":194,"data":{"alt":3,"type":2,"area":84}},{"x":788,"y":194,"data":{"alt":3,"type":2,"area":84}},{"x":788,"y":195,"data":{"alt":3,"type":2,"area":84}},{"x":789,"y":195,"data":{"alt":3,"type":2,"area":84}},{"x":788,"y":196,"data":{"alt":3,"type":2,"area":84}},{"x":789,"y":196,"data":{"alt":3,"type":2,"area":84}},{"x":790,"y":196,"data":{"alt":3,"type":2,"area":84}},{"x":789,"y":197,"data":{"alt":3,"type":2,"area":84}},{"x":790,"y":197,"data":{"alt":3,"type":2,"area":84}},{"x":790,"y":198,"data":{"alt":3,"type":2,"area":84}}]