[{"x":784,"y":2144,"data":{"alt":5,"type":1,"area":86}},{"x":784,"y":2145,"data":{"alt":5,"type":1,"area":86}},{"x":784,"y":2146,"data":{"alt":6,"type":1,"area":86}},{"x":783,"y":2147,"data":{"alt":6,"type":2,"area":86}},{"x":784,"y":2147,"data":{"alt":6,"type":1,"area":86}},{"x":785,"y":2147,"data":{"alt":6,"type":2,"area":86}},{"x":781,"y":2148,"data":{"alt":6,"type":2,"area":86}},{"x":782,"y":2148,"data":{"alt":6,"type":1,"area":86}},{"x":783,"y":2148,"data":{"alt":6,"type":1,"area":86}},{"x":784,"y":2148,"data":{"alt":6,"type":1,"area":86}},{"x":785,"y":2148,"data":{"alt":6,"type":2,"area":86}},{"x":781,"y":2149,"data":{"alt":6,"type":1,"area":86}}]