[{"x":856,"y":352,"data":{"alt":505,"type":1,"area":88}},{"x":856,"y":353,"data":{"alt":505,"type":1,"area":88}},{"x":856,"y":354,"data":{"alt":505,"type":1,"area":88}},{"x":857,"y":354,"data":{"alt":505,"type":1,"area":88}},{"x":858,"y":354,"data":{"alt":505,"type":1,"area":88}},{"x":856,"y":348,"data":{"alt":507,"type":1,"area":88}},{"x":856,"y":349,"data":{"alt":507,"type":1,"area":88}},{"x":857,"y":349,"data":{"alt":507,"type":1,"area":88}},{"x":855,"y":350,"data":{"alt":508,"type":1,"area":88}},{"x":856,"y":350,"data":{"alt":507,"type":1,"area":88}},{"x":856,"y":351,"data":{"alt":507,"type":1,"area":88}}]