[{"x":862,"y":2315,"data":{"alt":5,"type":1,"area":90}},{"x":862,"y":2316,"data":{"alt":5,"type":1,"area":90}},{"x":855,"y":2317,"data":{"alt":5,"type":2,"area":90}},{"x":861,"y":2317,"data":{"alt":5,"type":2,"area":90}},{"x":862,"y":2317,"data":{"alt":5,"type":1,"area":90}},{"x":855,"y":2318,"data":{"alt":5,"type":2,"area":90}},{"x":856,"y":2318,"data":{"alt":5,"type":2,"area":90}},{"x":857,"y":2318,"data":{"alt":5,"type":2,"area":90}},{"x":858,"y":2318,"data":{"alt":5,"type":2,"area":90}},{"x":859,"y":2318,"data":{"alt":5,"type":2,"area":90}},{"x":860,"y":2318,"data":{"alt":5,"type":2,"area":90}},{"x":861,"y":2318,"data":{"alt":5,"type":2,"area":90}},{"x":862,"y":2318,"data":{"alt":5,"type":2,"area":90}},{"x":863,"y":2318,"data":{"alt":5,"type":1,"area":90}},{"x":856,"y":2319,"data":{"alt":5,"type":2,"area":90}},{"x":857,"y":2319,"data":{"alt":5,"type":2,"area":90}},{"x":858,"y":2319,"data":{"alt":5,"type":2,"area":90}},{"x":859,"y":2319,"data":{"alt":5,"type":2,"area":90}},{"x":860,"y":2319,"data":{"alt":5,"type":2,"area":90}},{"x":861,"y":2319,"data":{"alt":5,"type":1,"area":90}},{"x":862,"y":2319,"data":{"alt":5,"type":1,"area":90}},{"x":858,"y":2320,"data":{"alt":5,"type":2,"area":90}},{"x":859,"y":2320,"data":{"alt":5,"type":2,"area":90}},{"x":860,"y":2320,"data":{"alt":5,"type":1,"area":90}}]