[{"x":862,"y":383,"data":{"alt":607,"type":1,"area":94}},{"x":862,"y":384,"data":{"alt":607,"type":1,"area":94}},{"x":863,"y":384,"data":{"alt":607,"type":2,"area":94}},{"x":863,"y":385,"data":{"alt":607,"type":1,"area":94}},{"x":863,"y":386,"data":{"alt":607,"type":1,"area":94}},{"x":862,"y":387,"data":{"alt":607,"type":2,"area":94}},{"x":863,"y":387,"data":{"alt":607,"type":2,"area":94}},{"x":862,"y":388,"data":{"alt":607,"type":2,"area":94}},{"x":864,"y":383,"data":{"alt":607,"type":2,"area":94}},{"x":865,"y":383,"data":{"alt":607,"type":2,"area":94}},{"x":864,"y":384,"data":{"alt":607,"type":2,"area":94}},{"x":864,"y":385,"data":{"alt":607,"type":2,"area":94}},{"x":865,"y":385,"data":{"alt":607,"type":2,"area":94}},{"x":864,"y":386,"data":{"alt":607,"type":2,"area":94}},{"x":865,"y":386,"data":{"alt":607,"type":2,"area":94}},{"x":866,"y":386,"data":{"alt":607,"type":2,"area":94}},{"x":867,"y":386,"data":{"alt":607,"type":2,"area":94}},{"x":868,"y":386,"data":{"alt":607,"type":2,"area":94}},{"x":869,"y":386,"data":{"alt":607,"type":2,"area":94}},{"x":864,"y":387,"data":{"alt":607,"type":1,"area":94}},{"x":865,"y":387,"data":{"alt":607,"type":2,"area":94}},{"x":866,"y":387,"data":{"alt":607,"type":2,"area":94}},{"x":867,"y":387,"data":{"alt":607,"type":2,"area":94}},{"x":868,"y":387,"data":{"alt":607,"type":2,"area":94}},{"x":869,"y":387,"data":{"alt":607,"type":2,"area":94}},{"x":864,"y":388,"data":{"alt":607,"type":2,"area":94}},{"x":865,"y":388,"data":{"alt":607,"type":1,"area":94}},{"x":866,"y":388,"data":{"alt":607,"type":2,"area":94}},{"x":868,"y":388,"data":{"alt":607,"type":2,"area":94}},{"x":864,"y":389,"data":{"alt":607,"type":2,"area":94}},{"x":865,"y":389,"data":{"alt":607,"type":2,"area":94}},{"x":866,"y":389,"data":{"alt":607,"type":1,"area":94}},{"x":864,"y":390,"data":{"alt":607,"type":2,"area":94}},{"x":865,"y":390,"data":{"alt":607,"type":1,"area":94}},{"x":865,"y":391,"data":{"alt":607,"type":1,"area":94}}]