[{"x":917,"y":800,"data":{"alt":2,"type":2,"area":96}},{"x":918,"y":800,"data":{"alt":2,"type":2,"area":96}},{"x":919,"y":800,"data":{"alt":2,"type":2,"area":96}},{"x":920,"y":800,"data":{"alt":2,"type":2,"area":96}},{"x":921,"y":800,"data":{"alt":2,"type":2,"area":96}},{"x":922,"y":800,"data":{"alt":2,"type":2,"area":96}},{"x":923,"y":800,"data":{"alt":2,"type":2,"area":96}},{"x":924,"y":800,"data":{"alt":2,"type":2,"area":96}},{"x":925,"y":800,"data":{"alt":2,"type":2,"area":96}},{"x":926,"y":800,"data":{"alt":2,"type":2,"area":96}},{"x":927,"y":800,"data":{"alt":2,"type":2,"area":96}},{"x":917,"y":801,"data":{"alt":2,"type":2,"area":96}},{"x":918,"y":801,"data":{"alt":2,"type":2,"area":96}},{"x":919,"y":801,"data":{"alt":2,"type":2,"area":96}},{"x":920,"y":801,"data":{"alt":2,"type":2,"area":96}},{"x":921,"y":801,"data":{"alt":2,"type":2,"area":96}},{"x":922,"y":801,"data":{"alt":2,"type":2,"area":96}},{"x":923,"y":801,"data":{"alt":2,"type":2,"area":96}},{"x":924,"y":801,"data":{"alt":2,"type":2,"area":96}},{"x":925,"y":801,"data":{"alt":2,"type":2,"area":96}},{"x":926,"y":801,"data":{"alt":2,"type":2,"area":96}},{"x":927,"y":801,"data":{"alt":2,"type":2,"area":96}},{"x":918,"y":802,"data":{"alt":2,"type":2,"area":96}},{"x":919,"y":802,"data":{"alt":2,"type":2,"area":96}},{"x":920,"y":802,"data":{"alt":2,"type":2,"area":96}},{"x":921,"y":802,"data":{"alt":2,"type":2,"area":96}},{"x":922,"y":802,"data":{"alt":2,"type":2,"area":96}},{"x":923,"y":802,"data":{"alt":2,"type":2,"area":96}},{"x":924,"y":802,"data":{"alt":2,"type":2,"area":96}},{"x":925,"y":802,"data":{"alt":2,"type":2,"area":96}},{"x":926,"y":802,"data":{"alt":2,"type":2,"area":96}},{"x":927,"y":802,"data":{"alt":2,"type":2,"area":96}},{"x":921,"y":803,"data":{"alt":2,"type":2,"area":96}},{"x":923,"y":803,"data":{"alt":2,"type":2,"area":96}},{"x":924,"y":803,"data":{"alt":2,"type":2,"area":96}},{"x":925,"y":803,"data":{"alt":2,"type":2,"area":96}},{"x":926,"y":803,"data":{"alt":2,"type":2,"area":96}},{"x":927,"y":803,"data":{"alt":2,"type":2,"area":96}},{"x":926,"y":804,"data":{"alt":2,"type":2,"area":96}},{"x":927,"y":804,"data":{"alt":2,"type":2,"area":96}},{"x":926,"y":805,"data":{"alt":2,"type":2,"area":96}},{"x":927,"y":805,"data":{"alt":2,"type":2,"area":96}},{"x":927,"y":806,"data":{"alt":2,"type":2,"area":96}},{"x":909,"y":810,"data":{"alt":2,"type":2,"area":96}},{"x":910,"y":810,"data":{"alt":2,"type":2,"area":96}},{"x":911,"y":810,"data":{"alt":2,"type":2,"area":96}},{"x":912,"y":810,"data":{"alt":2,"type":2,"area":96}},{"x":913,"y":810,"data":{"alt":2,"type":2,"area":96}},{"x":914,"y":810,"data":{"alt":2,"type":2,"area":96}},{"x":915,"y":810,"data":{"alt":2,"type":2,"area":96}},{"x":916,"y":810,"data":{"alt":2,"type":2,"area":96}},{"x":917,"y":810,"data":{"alt":2,"type":2,"area":96}},{"x":918,"y":810,"data":{"alt":2,"type":2,"area":96}},{"x":919,"y":810,"data":{"alt":2,"type":2,"area":96}},{"x":920,"y":810,"data":{"alt":2,"type":2,"area":96}},{"x":921,"y":810,"data":{"alt":2,"type":2,"area":96}},{"x":922,"y":810,"data":{"alt":2,"type":2,"area":96}},{"x":923,"y":810,"data":{"alt":2,"type":2,"area":96}},{"x":924,"y":810,"data":{"alt":2,"type":2,"area":96}},{"x":925,"y":810,"data":{"alt":2,"type":2,"area":96}},{"x":926,"y":810,"data":{"alt":2,"type":2,"area":96}},{"x":927,"y":810,"data":{"alt":2,"type":2,"area":96}},{"x":924,"y":783,"data":{"alt":2,"type":2,"area":96}},{"x":925,"y":783,"data":{"alt":2,"type":2,"area":96}},{"x":926,"y":783,"data":{"alt":2,"type":2,"area":96}},{"x":924,"y":784,"data":{"alt":2,"type":2,"area":96}},{"x":925,"y":784,"data":{"alt":2,"type":2,"area":96}},{"x":926,"y":784,"data":{"alt":2,"type":2,"area":96}},{"x":927,"y":784,"data":{"alt":2,"type":2,"area":96}},{"x":924,"y":785,"data":{"alt":2,"type":2,"area":96}},{"x":925,"y":785,"data":{"alt":2,"type":2,"area":96}},{"x":926,"y":785,"data":{"alt":2,"type":2,"area":96}},{"x":927,"y":785,"data":{"alt":2,"type":2,"area":96}},{"x":925,"y":786,"data":{"alt":2,"type":2,"area":96}},{"x":926,"y":786,"data":{"alt":2,"type":2,"area":96}},{"x":927,"y":786,"data":{"alt":2,"type":2,"area":96}},{"x":923,"y":787,"data":{"alt":2,"type":2,"area":96}},{"x":924,"y":787,"data":{"alt":2,"type":2,"area":96}},{"x":925,"y":787,"data":{"alt":2,"type":2,"area":96}},{"x":926,"y":787,"data":{"alt":2,"type":2,"area":96}},{"x":927,"y":787,"data":{"alt":2,"type":2,"area":96}},{"x":921,"y":788,"data":{"alt":2,"type":2,"area":96}},{"x":922,"y":788,"data":{"alt":2,"type":2,"area":96}},{"x":923,"y":788,"data":{"alt":2,"type":2,"area":96}},{"x":924,"y":788,"data":{"alt":2,"type":2,"area":96}},{"x":925,"y":788,"data":{"alt":2,"type":2,"area":96}},{"x":926,"y":788,"data":{"alt":2,"type":2,"area":96}},{"x":927,"y":788,"data":{"alt":2,"type":2,"area":96}},{"x":922,"y":789,"data":{"alt":2,"type":2,"area":96}},{"x":923,"y":789,"data":{"alt":2,"type":2,"area":96}},{"x":924,"y":789,"data":{"alt":2,"type":2,"area":96}},{"x":925,"y":789,"data":{"alt":2,"type":2,"area":96}},{"x":926,"y":789,"data":{"alt":2,"type":2,"area":96}},{"x":927,"y":789,"data":{"alt":2,"type":2,"area":96}},{"x":920,"y":790,"data":{"alt":2,"type":2,"area":96}},{"x":922,"y":790,"data":{"alt":2,"type":2,"area":96}},{"x":923,"y":790,"data":{"alt":2,"type":2,"area":96}},{"x":924,"y":790,"data":{"alt":2,"type":2,"area":96}},{"x":925,"y":790,"data":{"alt":2,"type":2,"area":96}},{"x":926,"y":790,"data":{"alt":2,"type":2,"area":96}},{"x":927,"y":790,"data":{"alt":2,"type":2,"area":96}},{"x":919,"y":791,"data":{"alt":2,"type":2,"area":96}},{"x":920,"y":791,"data":{"alt":2,"type":2,"area":96}},{"x":921,"y":791,"data":{"alt":2,"type":2,"area":96}},{"x":922,"y":791,"data":{"alt":2,"type":2,"area":96}},{"x":923,"y":791,"data":{"alt":2,"type":2,"area":96}},{"x":924,"y":791,"data":{"alt":2,"type":2,"area":96}},{"x":925,"y":791,"data":{"alt":2,"type":2,"area":96}},{"x":926,"y":791,"data":{"alt":2,"type":2,"area":96}},{"x":927,"y":791,"data":{"alt":2,"type":2,"area":96}},{"x":919,"y":792,"data":{"alt":2,"type":2,"area":96}},{"x":920,"y":792,"data":{"alt":2,"type":2,"area":96}},{"x":921,"y":792,"data":{"alt":2,"type":2,"area":96}},{"x":922,"y":792,"data":{"alt":2,"type":2,"area":96}},{"x":923,"y":792,"data":{"alt":2,"type":2,"area":96}},{"x":924,"y":792,"data":{"alt":2,"type":2,"area":96}},{"x":925,"y":792,"data":{"alt":2,"type":2,"area":96}},{"x":926,"y":792,"data":{"alt":2,"type":2,"area":96}},{"x":927,"y":792,"data":{"alt":2,"type":2,"area":96}},{"x":918,"y":793,"data":{"alt":2,"type":2,"area":96}},{"x":919,"y":793,"data":{"alt":2,"type":2,"area":96}},{"x":920,"y":793,"data":{"alt":2,"type":2,"area":96}},{"x":921,"y":793,"data":{"alt":2,"type":2,"area":96}},{"x":922,"y":793,"data":{"alt":2,"type":2,"area":96}},{"x":923,"y":793,"data":{"alt":2,"type":2,"area":96}},{"x":924,"y":793,"data":{"alt":2,"type":2,"area":96}},{"x":925,"y":793,"data":{"alt":2,"type":2,"area":96}},{"x":926,"y":793,"data":{"alt":2,"type":2,"area":96}},{"x":927,"y":793,"data":{"alt":2,"type":2,"area":96}},{"x":917,"y":794,"data":{"alt":2,"type":2,"area":96}},{"x":918,"y":794,"data":{"alt":2,"type":2,"area":96}},{"x":919,"y":794,"data":{"alt":2,"type":2,"area":96}},{"x":920,"y":794,"data":{"alt":2,"type":2,"area":96}},{"x":921,"y":794,"data":{"alt":2,"type":2,"area":96}},{"x":922,"y":794,"data":{"alt":2,"type":2,"area":96}},{"x":923,"y":794,"data":{"alt":2,"type":2,"area":96}},{"x":924,"y":794,"data":{"alt":2,"type":2,"area":96}},{"x":925,"y":794,"data":{"alt":2,"type":2,"area":96}},{"x":926,"y":794,"data":{"alt":2,"type":2,"area":96}},{"x":927,"y":794,"data":{"alt":2,"type":2,"area":96}},{"x":917,"y":795,"data":{"alt":2,"type":2,"area":96}},{"x":918,"y":795,"data":{"alt":2,"type":2,"area":96}},{"x":919,"y":795,"data":{"alt":2,"type":2,"area":96}},{"x":920,"y":795,"data":{"alt":2,"type":2,"area":96}},{"x":921,"y":795,"data":{"alt":2,"type":2,"area":96}},{"x":922,"y":795,"data":{"alt":2,"type":2,"area":96}},{"x":923,"y":795,"data":{"alt":2,"type":2,"area":96}},{"x":924,"y":795,"data":{"alt":2,"type":2,"area":96}},{"x":925,"y":795,"data":{"alt":2,"type":2,"area":96}},{"x":926,"y":795,"data":{"alt":2,"type":2,"area":96}},{"x":927,"y":795,"data":{"alt":2,"type":2,"area":96}},{"x":916,"y":796,"data":{"alt":2,"type":2,"area":96}},{"x":917,"y":796,"data":{"alt":2,"type":2,"area":96}},{"x":918,"y":796,"data":{"alt":2,"type":2,"area":96}},{"x":919,"y":796,"data":{"alt":2,"type":2,"area":96}},{"x":920,"y":796,"data":{"alt":2,"type":2,"area":96}},{"x":921,"y":796,"data":{"alt":2,"type":2,"area":96}},{"x":922,"y":796,"data":{"alt":2,"type":2,"area":96}},{"x":923,"y":796,"data":{"alt":2,"type":2,"area":96}},{"x":924,"y":796,"data":{"alt":2,"type":2,"area":96}},{"x":925,"y":796,"data":{"alt":2,"type":2,"area":96}},{"x":926,"y":796,"data":{"alt":2,"type":2,"area":96}},{"x":927,"y":796,"data":{"alt":2,"type":2,"area":96}},{"x":916,"y":797,"data":{"alt":2,"type":2,"area":96}},{"x":917,"y":797,"data":{"alt":2,"type":2,"area":96}},{"x":918,"y":797,"data":{"alt":2,"type":2,"area":96}},{"x":919,"y":797,"data":{"alt":2,"type":2,"area":96}},{"x":920,"y":797,"data":{"alt":2,"type":2,"area":96}},{"x":921,"y":797,"data":{"alt":2,"type":2,"area":96}},{"x":922,"y":797,"data":{"alt":2,"type":2,"area":96}},{"x":923,"y":797,"data":{"alt":2,"type":2,"area":96}},{"x":924,"y":797,"data":{"alt":2,"type":2,"area":96}},{"x":925,"y":797,"data":{"alt":2,"type":2,"area":96}},{"x":926,"y":797,"data":{"alt":2,"type":2,"area":96}},{"x":927,"y":797,"data":{"alt":2,"type":2,"area":96}},{"x":916,"y":798,"data":{"alt":2,"type":2,"area":96}},{"x":917,"y":798,"data":{"alt":2,"type":2,"area":96}},{"x":918,"y":798,"data":{"alt":2,"type":2,"area":96}},{"x":919,"y":798,"data":{"alt":2,"type":2,"area":96}},{"x":920,"y":798,"data":{"alt":2,"type":2,"area":96}},{"x":921,"y":798,"data":{"alt":2,"type":2,"area":96}},{"x":922,"y":798,"data":{"alt":2,"type":2,"area":96}},{"x":923,"y":798,"data":{"alt":2,"type":2,"area":96}},{"x":924,"y":798,"data":{"alt":2,"type":2,"area":96}},{"x":925,"y":798,"data":{"alt":2,"type":2,"area":96}},{"x":926,"y":798,"data":{"alt":2,"type":2,"area":96}},{"x":927,"y":798,"data":{"alt":2,"type":2,"area":96}},{"x":917,"y":799,"data":{"alt":2,"type":2,"area":96}},{"x":918,"y":799,"data":{"alt":2,"type":2,"area":96}},{"x":919,"y":799,"data":{"alt":2,"type":2,"area":96}},{"x":920,"y":799,"data":{"alt":2,"type":2,"area":96}},{"x":921,"y":799,"data":{"alt":2,"type":2,"area":96}},{"x":922,"y":799,"data":{"alt":2,"type":2,"area":96}},{"x":923,"y":799,"data":{"alt":2,"type":2,"area":96}},{"x":924,"y":799,"data":{"alt":2,"type":2,"area":96}},{"x":925,"y":799,"data":{"alt":2,"type":2,"area":96}},{"x":926,"y":799,"data":{"alt":2,"type":2,"area":96}},{"x":927,"y":799,"data":{"alt":2,"type":2,"area":96}},{"x":928,"y":800,"data":{"alt":2,"type":2,"area":96}},{"x":929,"y":800,"data":{"alt":2,"type":2,"area":96}},{"x":949,"y":800,"data":{"alt":2,"type":2,"area":96}},{"x":950,"y":800,"data":{"alt":2,"type":2,"area":96}},{"x":951,"y":800,"data":{"alt":2,"type":2,"area":96}},{"x":952,"y":800,"data":{"alt":2,"type":2,"area":96}},{"x":953,"y":800,"data":{"alt":2,"type":2,"area":96}},{"x":954,"y":800,"data":{"alt":2,"type":2,"area":96}},{"x":955,"y":800,"data":{"alt":2,"type":2,"area":96}},{"x":956,"y":800,"data":{"alt":2,"type":2,"area":96}},{"x":957,"y":800,"data":{"alt":2,"type":2,"area":96}},{"x":958,"y":800,"data":{"alt":2,"type":2,"area":96}},{"x":959,"y":800,"data":{"alt":2,"type":2,"area":96}},{"x":928,"y":801,"data":{"alt":2,"type":2,"area":96}},{"x":929,"y":801,"data":{"alt":2,"type":2,"area":96}},{"x":949,"y":801,"data":{"alt":2,"type":2,"area":96}},{"x":952,"y":801,"data":{"alt":2,"type":2,"area":96}},{"x":953,"y":801,"data":{"alt":2,"type":2,"area":96}},{"x":954,"y":801,"data":{"alt":2,"type":2,"area":96}},{"x":955,"y":801,"data":{"alt":2,"type":2,"area":96}},{"x":956,"y":801,"data":{"alt":2,"type":2,"area":96}},{"x":957,"y":801,"data":{"alt":2,"type":2,"area":96}},{"x":958,"y":801,"data":{"alt":2,"type":2,"area":96}},{"x":959,"y":801,"data":{"alt":2,"type":2,"area":96}},{"x":928,"y":802,"data":{"alt":2,"type":2,"area":96}},{"x":929,"y":802,"data":{"alt":2,"type":2,"area":96}},{"x":930,"y":802,"data":{"alt":2,"type":2,"area":96}},{"x":943,"y":802,"data":{"alt":2,"type":2,"area":96}},{"x":944,"y":802,"data":{"alt":2,"type":2,"area":96}},{"x":947,"y":802,"data":{"alt":2,"type":2,"area":96}},{"x":948,"y":802,"data":{"alt":2,"type":2,"area":96}},{"x":952,"y":802,"data":{"alt":2,"type":2,"area":96}},{"x":953,"y":802,"data":{"alt":2,"type":2,"area":96}},{"x":954,"y":802,"data":{"alt":2,"type":2,"area":96}},{"x":955,"y":802,"data":{"alt":2,"type":2,"area":96}},{"x":956,"y":802,"data":{"alt":2,"type":2,"area":96}},{"x":957,"y":802,"data":{"alt":2,"type":2,"area":96}},{"x":958,"y":802,"data":{"alt":2,"type":2,"area":96}},{"x":959,"y":802,"data":{"alt":2,"type":2,"area":96}},{"x":928,"y":803,"data":{"alt":2,"type":2,"area":96}},{"x":929,"y":803,"data":{"alt":2,"type":2,"area":96}},{"x":942,"y":803,"data":{"alt":2,"type":2,"area":96}},{"x":943,"y":803,"data":{"alt":2,"type":2,"area":96}},{"x":944,"y":803,"data":{"alt":2,"type":2,"area":96}},{"x":945,"y":803,"data":{"alt":2,"type":2,"area":96}},{"x":947,"y":803,"data":{"alt":2,"type":2,"area":96}},{"x":948,"y":803,"data":{"alt":2,"type":2,"area":96}},{"x":949,"y":803,"data":{"alt":2,"type":2,"area":96}},{"x":952,"y":803,"data":{"alt":2,"type":2,"area":96}},{"x":953,"y":803,"data":{"alt":2,"type":2,"area":96}},{"x":954,"y":803,"data":{"alt":2,"type":2,"area":96}},{"x":955,"y":803,"data":{"alt":2,"type":2,"area":96}},{"x":956,"y":803,"data":{"alt":2,"type":2,"area":96}},{"x":957,"y":803,"data":{"alt":2,"type":2,"area":96}},{"x":958,"y":803,"data":{"alt":2,"type":2,"area":96}},{"x":959,"y":803,"data":{"alt":2,"type":2,"area":96}},{"x":928,"y":804,"data":{"alt":2,"type":2,"area":96}},{"x":929,"y":804,"data":{"alt":2,"type":2,"area":96}},{"x":943,"y":804,"data":{"alt":2,"type":2,"area":96}},{"x":944,"y":804,"data":{"alt":2,"type":2,"area":96}},{"x":945,"y":804,"data":{"alt":2,"type":2,"area":96}},{"x":947,"y":804,"data":{"alt":2,"type":2,"area":96}},{"x":948,"y":804,"data":{"alt":2,"type":2,"area":96}},{"x":949,"y":804,"data":{"alt":2,"type":2,"area":96}},{"x":952,"y":804,"data":{"alt":2,"type":2,"area":96}},{"x":953,"y":804,"data":{"alt":2,"type":2,"area":96}},{"x":954,"y":804,"data":{"alt":2,"type":2,"area":96}},{"x":955,"y":804,"data":{"alt":2,"type":2,"area":96}},{"x":956,"y":804,"data":{"alt":2,"type":2,"area":96}},{"x":957,"y":804,"data":{"alt":2,"type":2,"area":96}},{"x":958,"y":804,"data":{"alt":2,"type":2,"area":96}},{"x":959,"y":804,"data":{"alt":2,"type":2,"area":96}},{"x":928,"y":805,"data":{"alt":2,"type":2,"area":96}},{"x":929,"y":805,"data":{"alt":2,"type":2,"area":96}},{"x":930,"y":805,"data":{"alt":2,"type":2,"area":96}},{"x":942,"y":805,"data":{"alt":2,"type":2,"area":96}},{"x":943,"y":805,"data":{"alt":2,"type":2,"area":96}},{"x":944,"y":805,"data":{"alt":2,"type":2,"area":96}},{"x":945,"y":805,"data":{"alt":2,"type":2,"area":96}},{"x":946,"y":805,"data":{"alt":2,"type":2,"area":96}},{"x":947,"y":805,"data":{"alt":2,"type":2,"area":96}},{"x":948,"y":805,"data":{"alt":2,"type":2,"area":96}},{"x":949,"y":805,"data":{"alt":2,"type":2,"area":96}},{"x":951,"y":805,"data":{"alt":2,"type":2,"area":96}},{"x":952,"y":805,"data":{"alt":2,"type":2,"area":96}},{"x":953,"y":805,"data":{"alt":2,"type":2,"area":96}},{"x":954,"y":805,"data":{"alt":2,"type":2,"area":96}},{"x":955,"y":805,"data":{"alt":2,"type":2,"area":96}},{"x":956,"y":805,"data":{"alt":2,"type":2,"area":96}},{"x":957,"y":805,"data":{"alt":2,"type":2,"area":96}},{"x":958,"y":805,"data":{"alt":2,"type":2,"area":96}},{"x":959,"y":805,"data":{"alt":2,"type":2,"area":96}},{"x":930,"y":806,"data":{"alt":2,"type":2,"area":96}},{"x":944,"y":806,"data":{"alt":2,"type":2,"area":96}},{"x":946,"y":806,"data":{"alt":2,"type":2,"area":96}},{"x":947,"y":806,"data":{"alt":2,"type":2,"area":96}},{"x":948,"y":806,"data":{"alt":2,"type":2,"area":96}},{"x":949,"y":806,"data":{"alt":2,"type":2,"area":96}},{"x":950,"y":806,"data":{"alt":2,"type":2,"area":96}},{"x":951,"y":806,"data":{"alt":2,"type":2,"area":96}},{"x":952,"y":806,"data":{"alt":2,"type":2,"area":96}},{"x":953,"y":806,"data":{"alt":2,"type":2,"area":96}},{"x":954,"y":806,"data":{"alt":2,"type":2,"area":96}},{"x":955,"y":806,"data":{"alt":2,"type":2,"area":96}},{"x":956,"y":806,"data":{"alt":2,"type":2,"area":96}},{"x":957,"y":806,"data":{"alt":2,"type":2,"area":96}},{"x":958,"y":806,"data":{"alt":2,"type":2,"area":96}},{"x":959,"y":806,"data":{"alt":2,"type":2,"area":96}},{"x":947,"y":807,"data":{"alt":2,"type":2,"area":96}},{"x":948,"y":807,"data":{"alt":2,"type":2,"area":96}},{"x":949,"y":807,"data":{"alt":2,"type":2,"area":96}},{"x":950,"y":807,"data":{"alt":2,"type":2,"area":96}},{"x":951,"y":807,"data":{"alt":2,"type":2,"area":96}},{"x":952,"y":807,"data":{"alt":2,"type":2,"area":96}},{"x":953,"y":807,"data":{"alt":2,"type":2,"area":96}},{"x":954,"y":807,"data":{"alt":2,"type":2,"area":96}},{"x":955,"y":807,"data":{"alt":2,"type":2,"area":96}},{"x":956,"y":807,"data":{"alt":2,"type":2,"area":96}},{"x":957,"y":807,"data":{"alt":2,"type":2,"area":96}},{"x":958,"y":807,"data":{"alt":2,"type":2,"area":96}},{"x":959,"y":807,"data":{"alt":2,"type":2,"area":96}},{"x":948,"y":808,"data":{"alt":2,"type":2,"area":96}},{"x":949,"y":808,"data":{"alt":2,"type":2,"area":96}},{"x":950,"y":808,"data":{"alt":2,"type":2,"area":96}},{"x":951,"y":808,"data":{"alt":2,"type":2,"area":96}},{"x":952,"y":808,"data":{"alt":2,"type":2,"area":96}},{"x":953,"y":808,"data":{"alt":2,"type":2,"area":96}},{"x":954,"y":808,"data":{"alt":2,"type":2,"area":96}},{"x":955,"y":808,"data":{"alt":2,"type":2,"area":96}},{"x":956,"y":808,"data":{"alt":2,"type":2,"area":96}},{"x":957,"y":808,"data":{"alt":2,"type":2,"area":96}},{"x":958,"y":808,"data":{"alt":2,"type":2,"area":96}},{"x":959,"y":808,"data":{"alt":2,"type":2,"area":96}},{"x":948,"y":809,"data":{"alt":2,"type":2,"area":96}},{"x":949,"y":809,"data":{"alt":2,"type":2,"area":96}},{"x":950,"y":809,"data":{"alt":2,"type":2,"area":96}},{"x":951,"y":809,"data":{"alt":2,"type":2,"area":96}},{"x":952,"y":809,"data":{"alt":2,"type":2,"area":96}},{"x":953,"y":809,"data":{"alt":2,"type":2,"area":96}},{"x":954,"y":809,"data":{"alt":2,"type":2,"area":96}},{"x":955,"y":809,"data":{"alt":2,"type":2,"area":96}},{"x":956,"y":809,"data":{"alt":2,"type":2,"area":96}},{"x":957,"y":809,"data":{"alt":2,"type":2,"area":96}},{"x":958,"y":809,"data":{"alt":2,"type":2,"area":96}},{"x":959,"y":809,"data":{"alt":2,"type":2,"area":96}},{"x":928,"y":810,"data":{"alt":2,"type":2,"area":96}},{"x":929,"y":810,"data":{"alt":2,"type":2,"area":96}},{"x":930,"y":810,"data":{"alt":2,"type":2,"area":96}},{"x":931,"y":810,"data":{"alt":2,"type":2,"area":96}},{"x":932,"y":810,"data":{"alt":2,"type":2,"area":96}},{"x":933,"y":810,"data":{"alt":2,"type":2,"area":96}},{"x":934,"y":810,"data":{"alt":2,"type":2,"area":96}},{"x":935,"y":810,"data":{"alt":2,"type":2,"area":96}},{"x":936,"y":810,"data":{"alt":2,"type":2,"area":96}},{"x":937,"y":810,"data":{"alt":2,"type":2,"area":96}},{"x":938,"y":810,"data":{"alt":2,"type":2,"area":96}},{"x":939,"y":810,"data":{"alt":2,"type":2,"area":96}},{"x":940,"y":810,"data":{"alt":2,"type":2,"area":96}},{"x":941,"y":810,"data":{"alt":2,"type":2,"area":96}},{"x":942,"y":810,"data":{"alt":2,"type":2,"area":96}},{"x":943,"y":810,"data":{"alt":2,"type":2,"area":96}},{"x":944,"y":810,"data":{"alt":2,"type":2,"area":96}},{"x":945,"y":810,"data":{"alt":2,"type":2,"area":96}},{"x":946,"y":810,"data":{"alt":2,"type":2,"area":96}},{"x":947,"y":810,"data":{"alt":2,"type":2,"area":96}},{"x":948,"y":810,"data":{"alt":2,"type":2,"area":96}},{"x":949,"y":810,"data":{"alt":2,"type":2,"area":96}},{"x":950,"y":810,"data":{"alt":2,"type":2,"area":96}},{"x":951,"y":810,"data":{"alt":2,"type":2,"area":96}},{"x":952,"y":810,"data":{"alt":2,"type":2,"area":96}},{"x":953,"y":810,"data":{"alt":2,"type":2,"area":96}},{"x":954,"y":810,"data":{"alt":2,"type":2,"area":96}},{"x":955,"y":810,"data":{"alt":2,"type":2,"area":96}},{"x":956,"y":810,"data":{"alt":2,"type":2,"area":96}},{"x":957,"y":810,"data":{"alt":2,"type":2,"area":96}},{"x":958,"y":810,"data":{"alt":2,"type":2,"area":96}},{"x":959,"y":810,"data":{"alt":2,"type":2,"area":96}},{"x":952,"y":811,"data":{"alt":2,"type":2,"area":96}},{"x":953,"y":811,"data":{"alt":2,"type":2,"area":96}},{"x":954,"y":811,"data":{"alt":2,"type":2,"area":96}},{"x":955,"y":811,"data":{"alt":2,"type":2,"area":96}},{"x":956,"y":811,"data":{"alt":2,"type":2,"area":96}},{"x":957,"y":811,"data":{"alt":2,"type":2,"area":96}},{"x":958,"y":811,"data":{"alt":2,"type":2,"area":96}},{"x":959,"y":811,"data":{"alt":2,"type":2,"area":96}},{"x":955,"y":812,"data":{"alt":2,"type":2,"area":96}},{"x":956,"y":812,"data":{"alt":2,"type":2,"area":96}},{"x":957,"y":812,"data":{"alt":2,"type":2,"area":96}},{"x":958,"y":812,"data":{"alt":2,"type":2,"area":96}},{"x":959,"y":812,"data":{"alt":2,"type":2,"area":96}},{"x":955,"y":813,"data":{"alt":2,"type":2,"area":96}},{"x":956,"y":813,"data":{"alt":2,"type":2,"area":96}},{"x":957,"y":813,"data":{"alt":2,"type":2,"area":96}},{"x":958,"y":813,"data":{"alt":2,"type":2,"area":96}},{"x":959,"y":813,"data":{"alt":2,"type":2,"area":96}},{"x":957,"y":814,"data":{"alt":2,"type":2,"area":96}},{"x":959,"y":775,"data":{"alt":2,"type":2,"area":96}},{"x":956,"y":776,"data":{"alt":2,"type":2,"area":96}},{"x":958,"y":776,"data":{"alt":2,"type":2,"area":96}},{"x":959,"y":776,"data":{"alt":2,"type":2,"area":96}},{"x":953,"y":777,"data":{"alt":2,"type":2,"area":96}},{"x":954,"y":777,"data":{"alt":2,"type":2,"area":96}},{"x":955,"y":777,"data":{"alt":2,"type":2,"area":96}},{"x":956,"y":777,"data":{"alt":2,"type":2,"area":96}},{"x":957,"y":777,"data":{"alt":2,"type":2,"area":96}},{"x":958,"y":777,"data":{"alt":2,"type":2,"area":96}},{"x":959,"y":777,"data":{"alt":2,"type":2,"area":96}},{"x":931,"y":778,"data":{"alt":2,"type":2,"area":96}},{"x":953,"y":778,"data":{"alt":2,"type":2,"area":96}},{"x":954,"y":778,"data":{"alt":2,"type":2,"area":96}},{"x":955,"y":778,"data":{"alt":2,"type":2,"area":96}},{"x":956,"y":778,"data":{"alt":2,"type":2,"area":96}},{"x":957,"y":778,"data":{"alt":2,"type":2,"area":96}},{"x":958,"y":778,"data":{"alt":2,"type":2,"area":96}},{"x":959,"y":778,"data":{"alt":2,"type":2,"area":96}},{"x":931,"y":779,"data":{"alt":2,"type":2,"area":96}},{"x":932,"y":779,"data":{"alt":2,"type":2,"area":96}},{"x":933,"y":779,"data":{"alt":2,"type":2,"area":96}},{"x":934,"y":779,"data":{"alt":2,"type":2,"area":96}},{"x":935,"y":779,"data":{"alt":2,"type":2,"area":96}},{"x":951,"y":779,"data":{"alt":2,"type":2,"area":96}},{"x":952,"y":779,"data":{"alt":2,"type":2,"area":96}},{"x":953,"y":779,"data":{"alt":2,"type":2,"area":96}},{"x":954,"y":779,"data":{"alt":2,"type":2,"area":96}},{"x":955,"y":779,"data":{"alt":2,"type":2,"area":96}},{"x":956,"y":779,"data":{"alt":2,"type":2,"area":96}},{"x":957,"y":779,"data":{"alt":2,"type":2,"area":96}},{"x":958,"y":779,"data":{"alt":2,"type":2,"area":96}},{"x":959,"y":779,"data":{"alt":2,"type":2,"area":96}},{"x":931,"y":780,"data":{"alt":2,"type":2,"area":96}},{"x":932,"y":780,"data":{"alt":2,"type":2,"area":96}},{"x":933,"y":780,"data":{"alt":2,"type":2,"area":96}},{"x":934,"y":780,"data":{"alt":2,"type":2,"area":96}},{"x":935,"y":780,"data":{"alt":2,"type":2,"area":96}},{"x":936,"y":780,"data":{"alt":2,"type":2,"area":96}},{"x":951,"y":780,"data":{"alt":2,"type":2,"area":96}},{"x":952,"y":780,"data":{"alt":2,"type":2,"area":96}},{"x":953,"y":780,"data":{"alt":2,"type":2,"area":96}},{"x":954,"y":780,"data":{"alt":2,"type":2,"area":96}},{"x":955,"y":780,"data":{"alt":2,"type":2,"area":96}},{"x":956,"y":780,"data":{"alt":2,"type":2,"area":96}},{"x":957,"y":780,"data":{"alt":2,"type":2,"area":96}},{"x":958,"y":780,"data":{"alt":2,"type":2,"area":96}},{"x":959,"y":780,"data":{"alt":2,"type":2,"area":96}},{"x":932,"y":781,"data":{"alt":2,"type":2,"area":96}},{"x":933,"y":781,"data":{"alt":2,"type":2,"area":96}},{"x":934,"y":781,"data":{"alt":2,"type":2,"area":96}},{"x":935,"y":781,"data":{"alt":2,"type":2,"area":96}},{"x":936,"y":781,"data":{"alt":2,"type":2,"area":96}},{"x":937,"y":781,"data":{"alt":2,"type":2,"area":96}},{"x":938,"y":781,"data":{"alt":2,"type":2,"area":96}},{"x":950,"y":781,"data":{"alt":2,"type":2,"area":96}},{"x":951,"y":781,"data":{"alt":2,"type":2,"area":96}},{"x":952,"y":781,"data":{"alt":2,"type":2,"area":96}},{"x":953,"y":781,"data":{"alt":2,"type":2,"area":96}},{"x":954,"y":781,"data":{"alt":2,"type":2,"area":96}},{"x":955,"y":781,"data":{"alt":2,"type":2,"area":96}},{"x":956,"y":781,"data":{"alt":2,"type":2,"area":96}},{"x":957,"y":781,"data":{"alt":2,"type":2,"area":96}},{"x":930,"y":782,"data":{"alt":2,"type":2,"area":96}},{"x":931,"y":782,"data":{"alt":2,"type":2,"area":96}},{"x":933,"y":782,"data":{"alt":2,"type":2,"area":96}},{"x":934,"y":782,"data":{"alt":2,"type":2,"area":96}},{"x":935,"y":782,"data":{"alt":2,"type":2,"area":96}},{"x":936,"y":782,"data":{"alt":2,"type":2,"area":96}},{"x":937,"y":782,"data":{"alt":2,"type":2,"area":96}},{"x":938,"y":782,"data":{"alt":2,"type":2,"area":96}},{"x":949,"y":782,"data":{"alt":2,"type":2,"area":96}},{"x":950,"y":782,"data":{"alt":2,"type":2,"area":96}},{"x":951,"y":782,"data":{"alt":2,"type":2,"area":96}},{"x":952,"y":782,"data":{"alt":2,"type":2,"area":96}},{"x":953,"y":782,"data":{"alt":2,"type":2,"area":96}},{"x":954,"y":782,"data":{"alt":2,"type":2,"area":96}},{"x":955,"y":782,"data":{"alt":2,"type":2,"area":96}},{"x":956,"y":782,"data":{"alt":2,"type":2,"area":96}},{"x":931,"y":783,"data":{"alt":2,"type":2,"area":96}},{"x":932,"y":783,"data":{"alt":2,"type":2,"area":96}},{"x":933,"y":783,"data":{"alt":2,"type":2,"area":96}},{"x":934,"y":783,"data":{"alt":2,"type":2,"area":96}},{"x":935,"y":783,"data":{"alt":2,"type":2,"area":96}},{"x":936,"y":783,"data":{"alt":2,"type":2,"area":96}},{"x":937,"y":783,"data":{"alt":2,"type":2,"area":96}},{"x":938,"y":783,"data":{"alt":2,"type":2,"area":96}},{"x":939,"y":783,"data":{"alt":2,"type":2,"area":96}},{"x":948,"y":783,"data":{"alt":2,"type":2,"area":96}},{"x":949,"y":783,"data":{"alt":2,"type":2,"area":96}},{"x":950,"y":783,"data":{"alt":2,"type":2,"area":96}},{"x":951,"y":783,"data":{"alt":2,"type":2,"area":96}},{"x":952,"y":783,"data":{"alt":2,"type":2,"area":96}},{"x":953,"y":783,"data":{"alt":2,"type":2,"area":96}},{"x":954,"y":783,"data":{"alt":2,"type":2,"area":96}},{"x":955,"y":783,"data":{"alt":2,"type":2,"area":96}},{"x":956,"y":783,"data":{"alt":2,"type":2,"area":96}},{"x":931,"y":784,"data":{"alt":2,"type":2,"area":96}},{"x":932,"y":784,"data":{"alt":2,"type":2,"area":96}},{"x":933,"y":784,"data":{"alt":2,"type":2,"area":96}},{"x":934,"y":784,"data":{"alt":2,"type":2,"area":96}},{"x":935,"y":784,"data":{"alt":2,"type":2,"area":96}},{"x":936,"y":784,"data":{"alt":2,"type":2,"area":96}},{"x":937,"y":784,"data":{"alt":2,"type":2,"area":96}},{"x":938,"y":784,"data":{"alt":2,"type":2,"area":96}},{"x":939,"y":784,"data":{"alt":2,"type":2,"area":96}},{"x":940,"y":784,"data":{"alt":2,"type":2,"area":96}},{"x":947,"y":784,"data":{"alt":2,"type":2,"area":96}},{"x":948,"y":784,"data":{"alt":2,"type":2,"area":96}},{"x":949,"y":784,"data":{"alt":2,"type":2,"area":96}},{"x":950,"y":784,"data":{"alt":2,"type":2,"area":96}},{"x":951,"y":784,"data":{"alt":2,"type":2,"area":96}},{"x":952,"y":784,"data":{"alt":2,"type":2,"area":96}},{"x":953,"y":784,"data":{"alt":2,"type":2,"area":96}},{"x":954,"y":784,"data":{"alt":2,"type":2,"area":96}},{"x":955,"y":784,"data":{"alt":2,"type":2,"area":96}},{"x":956,"y":784,"data":{"alt":2,"type":2,"area":96}},{"x":929,"y":785,"data":{"alt":2,"type":2,"area":96}},{"x":930,"y":785,"data":{"alt":2,"type":2,"area":96}},{"x":931,"y":785,"data":{"alt":2,"type":2,"area":96}},{"x":932,"y":785,"data":{"alt":2,"type":2,"area":96}},{"x":933,"y":785,"data":{"alt":2,"type":2,"area":96}},{"x":934,"y":785,"data":{"alt":2,"type":2,"area":96}},{"x":935,"y":785,"data":{"alt":2,"type":2,"area":96}},{"x":936,"y":785,"data":{"alt":2,"type":2,"area":96}},{"x":937,"y":785,"data":{"alt":2,"type":2,"area":96}},{"x":938,"y":785,"data":{"alt":2,"type":2,"area":96}},{"x":939,"y":785,"data":{"alt":2,"type":2,"area":96}},{"x":948,"y":785,"data":{"alt":2,"type":2,"area":96}},{"x":949,"y":785,"data":{"alt":2,"type":2,"area":96}},{"x":950,"y":785,"data":{"alt":2,"type":2,"area":96}},{"x":951,"y":785,"data":{"alt":2,"type":2,"area":96}},{"x":952,"y":785,"data":{"alt":2,"type":2,"area":96}},{"x":953,"y":785,"data":{"alt":2,"type":2,"area":96}},{"x":954,"y":785,"data":{"alt":2,"type":2,"area":96}},{"x":955,"y":785,"data":{"alt":2,"type":2,"area":96}},{"x":956,"y":785,"data":{"alt":2,"type":2,"area":96}},{"x":929,"y":786,"data":{"alt":2,"type":2,"area":96}},{"x":930,"y":786,"data":{"alt":2,"type":2,"area":96}},{"x":931,"y":786,"data":{"alt":2,"type":2,"area":96}},{"x":932,"y":786,"data":{"alt":2,"type":2,"area":96}},{"x":933,"y":786,"data":{"alt":2,"type":2,"area":96}},{"x":934,"y":786,"data":{"alt":2,"type":2,"area":96}},{"x":935,"y":786,"data":{"alt":2,"type":2,"area":96}},{"x":936,"y":786,"data":{"alt":2,"type":2,"area":96}},{"x":937,"y":786,"data":{"alt":2,"type":2,"area":96}},{"x":938,"y":786,"data":{"alt":2,"type":2,"area":96}},{"x":948,"y":786,"data":{"alt":2,"type":2,"area":96}},{"x":949,"y":786,"data":{"alt":2,"type":2,"area":96}},{"x":950,"y":786,"data":{"alt":2,"type":2,"area":96}},{"x":951,"y":786,"data":{"alt":2,"type":2,"area":96}},{"x":952,"y":786,"data":{"alt":2,"type":2,"area":96}},{"x":953,"y":786,"data":{"alt":2,"type":2,"area":96}},{"x":954,"y":786,"data":{"alt":2,"type":2,"area":96}},{"x":955,"y":786,"data":{"alt":2,"type":2,"area":96}},{"x":956,"y":786,"data":{"alt":2,"type":2,"area":96}},{"x":928,"y":787,"data":{"alt":2,"type":2,"area":96}},{"x":929,"y":787,"data":{"alt":2,"type":2,"area":96}},{"x":930,"y":787,"data":{"alt":2,"type":2,"area":96}},{"x":931,"y":787,"data":{"alt":2,"type":2,"area":96}},{"x":932,"y":787,"data":{"alt":2,"type":2,"area":96}},{"x":933,"y":787,"data":{"alt":2,"type":2,"area":96}},{"x":934,"y":787,"data":{"alt":2,"type":2,"area":96}},{"x":935,"y":787,"data":{"alt":2,"type":2,"area":96}},{"x":936,"y":787,"data":{"alt":2,"type":2,"area":96}},{"x":937,"y":787,"data":{"alt":2,"type":2,"area":96}},{"x":948,"y":787,"data":{"alt":2,"type":2,"area":96}},{"x":949,"y":787,"data":{"alt":2,"type":2,"area":96}},{"x":950,"y":787,"data":{"alt":2,"type":2,"area":96}},{"x":951,"y":787,"data":{"alt":2,"type":2,"area":96}},{"x":952,"y":787,"data":{"alt":2,"type":2,"area":96}},{"x":953,"y":787,"data":{"alt":2,"type":2,"area":96}},{"x":954,"y":787,"data":{"alt":2,"type":2,"area":96}},{"x":955,"y":787,"data":{"alt":2,"type":2,"area":96}},{"x":956,"y":787,"data":{"alt":2,"type":2,"area":96}},{"x":928,"y":788,"data":{"alt":2,"type":2,"area":96}},{"x":929,"y":788,"data":{"alt":2,"type":2,"area":96}},{"x":930,"y":788,"data":{"alt":2,"type":2,"area":96}},{"x":931,"y":788,"data":{"alt":2,"type":2,"area":96}},{"x":932,"y":788,"data":{"alt":2,"type":2,"area":96}},{"x":933,"y":788,"data":{"alt":2,"type":2,"area":96}},{"x":934,"y":788,"data":{"alt":2,"type":2,"area":96}},{"x":935,"y":788,"data":{"alt":2,"type":2,"area":96}},{"x":947,"y":788,"data":{"alt":2,"type":2,"area":96}},{"x":948,"y":788,"data":{"alt":2,"type":2,"area":96}},{"x":949,"y":788,"data":{"alt":2,"type":2,"area":96}},{"x":950,"y":788,"data":{"alt":2,"type":2,"area":96}},{"x":951,"y":788,"data":{"alt":2,"type":2,"area":96}},{"x":952,"y":788,"data":{"alt":2,"type":2,"area":96}},{"x":953,"y":788,"data":{"alt":2,"type":2,"area":96}},{"x":954,"y":788,"data":{"alt":2,"type":2,"area":96}},{"x":955,"y":788,"data":{"alt":2,"type":2,"area":96}},{"x":956,"y":788,"data":{"alt":2,"type":2,"area":96}},{"x":928,"y":789,"data":{"alt":2,"type":2,"area":96}},{"x":929,"y":789,"data":{"alt":2,"type":2,"area":96}},{"x":930,"y":789,"data":{"alt":2,"type":2,"area":96}},{"x":931,"y":789,"data":{"alt":2,"type":2,"area":96}},{"x":932,"y":789,"data":{"alt":2,"type":2,"area":96}},{"x":933,"y":789,"data":{"alt":2,"type":2,"area":96}},{"x":934,"y":789,"data":{"alt":2,"type":2,"area":96}},{"x":935,"y":789,"data":{"alt":2,"type":2,"area":96}},{"x":936,"y":789,"data":{"alt":2,"type":2,"area":96}},{"x":937,"y":789,"data":{"alt":2,"type":2,"area":96}},{"x":941,"y":789,"data":{"alt":2,"type":2,"area":96}},{"x":942,"y":789,"data":{"alt":2,"type":2,"area":96}},{"x":947,"y":789,"data":{"alt":2,"type":2,"area":96}},{"x":948,"y":789,"data":{"alt":2,"type":2,"area":96}},{"x":949,"y":789,"data":{"alt":2,"type":2,"area":96}},{"x":950,"y":789,"data":{"alt":2,"type":2,"area":96}},{"x":951,"y":789,"data":{"alt":2,"type":2,"area":96}},{"x":952,"y":789,"data":{"alt":2,"type":2,"area":96}},{"x":953,"y":789,"data":{"alt":2,"type":2,"area":96}},{"x":954,"y":789,"data":{"alt":2,"type":2,"area":96}},{"x":955,"y":789,"data":{"alt":2,"type":2,"area":96}},{"x":956,"y":789,"data":{"alt":2,"type":2,"area":96}},{"x":928,"y":790,"data":{"alt":2,"type":2,"area":96}},{"x":929,"y":790,"data":{"alt":2,"type":2,"area":96}},{"x":930,"y":790,"data":{"alt":2,"type":2,"area":96}},{"x":931,"y":790,"data":{"alt":2,"type":2,"area":96}},{"x":932,"y":790,"data":{"alt":2,"type":2,"area":96}},{"x":933,"y":790,"data":{"alt":2,"type":2,"area":96}},{"x":934,"y":790,"data":{"alt":2,"type":2,"area":96}},{"x":935,"y":790,"data":{"alt":2,"type":2,"area":96}},{"x":936,"y":790,"data":{"alt":2,"type":2,"area":96}},{"x":937,"y":790,"data":{"alt":2,"type":2,"area":96}},{"x":938,"y":790,"data":{"alt":2,"type":2,"area":96}},{"x":939,"y":790,"data":{"alt":2,"type":2,"area":96}},{"x":940,"y":790,"data":{"alt":2,"type":2,"area":96}},{"x":941,"y":790,"data":{"alt":2,"type":2,"area":96}},{"x":942,"y":790,"data":{"alt":2,"type":2,"area":96}},{"x":948,"y":790,"data":{"alt":2,"type":2,"area":96}},{"x":949,"y":790,"data":{"alt":2,"type":2,"area":96}},{"x":950,"y":790,"data":{"alt":2,"type":2,"area":96}},{"x":951,"y":790,"data":{"alt":2,"type":2,"area":96}},{"x":952,"y":790,"data":{"alt":2,"type":2,"area":96}},{"x":953,"y":790,"data":{"alt":2,"type":2,"area":96}},{"x":954,"y":790,"data":{"alt":2,"type":2,"area":96}},{"x":955,"y":790,"data":{"alt":2,"type":2,"area":96}},{"x":956,"y":790,"data":{"alt":2,"type":2,"area":96}},{"x":957,"y":790,"data":{"alt":2,"type":2,"area":96}},{"x":928,"y":791,"data":{"alt":2,"type":2,"area":96}},{"x":929,"y":791,"data":{"alt":2,"type":2,"area":96}},{"x":930,"y":791,"data":{"alt":2,"type":2,"area":96}},{"x":931,"y":791,"data":{"alt":2,"type":2,"area":96}},{"x":932,"y":791,"data":{"alt":2,"type":2,"area":96}},{"x":933,"y":791,"data":{"alt":2,"type":2,"area":96}},{"x":934,"y":791,"data":{"alt":2,"type":2,"area":96}},{"x":935,"y":791,"data":{"alt":2,"type":2,"area":96}},{"x":936,"y":791,"data":{"alt":2,"type":2,"area":96}},{"x":937,"y":791,"data":{"alt":2,"type":2,"area":96}},{"x":938,"y":791,"data":{"alt":2,"type":2,"area":96}},{"x":939,"y":791,"data":{"alt":2,"type":2,"area":96}},{"x":940,"y":791,"data":{"alt":2,"type":2,"area":96}},{"x":941,"y":791,"data":{"alt":2,"type":2,"area":96}},{"x":942,"y":791,"data":{"alt":2,"type":2,"area":96}},{"x":943,"y":791,"data":{"alt":2,"type":2,"area":96}},{"x":948,"y":791,"data":{"alt":2,"type":2,"area":96}},{"x":949,"y":791,"data":{"alt":2,"type":2,"area":96}},{"x":950,"y":791,"data":{"alt":2,"type":2,"area":96}},{"x":951,"y":791,"data":{"alt":2,"type":2,"area":96}},{"x":952,"y":791,"data":{"alt":2,"type":2,"area":96}},{"x":953,"y":791,"data":{"alt":2,"type":2,"area":96}},{"x":954,"y":791,"data":{"alt":2,"type":2,"area":96}},{"x":955,"y":791,"data":{"alt":2,"type":2,"area":96}},{"x":956,"y":791,"data":{"alt":2,"type":2,"area":96}},{"x":957,"y":791,"data":{"alt":2,"type":2,"area":96}},{"x":958,"y":791,"data":{"alt":2,"type":2,"area":96}},{"x":928,"y":792,"data":{"alt":2,"type":2,"area":96}},{"x":929,"y":792,"data":{"alt":2,"type":2,"area":96}},{"x":930,"y":792,"data":{"alt":2,"type":2,"area":96}},{"x":931,"y":792,"data":{"alt":2,"type":2,"area":96}},{"x":932,"y":792,"data":{"alt":2,"type":2,"area":96}},{"x":933,"y":792,"data":{"alt":2,"type":2,"area":96}},{"x":934,"y":792,"data":{"alt":2,"type":2,"area":96}},{"x":935,"y":792,"data":{"alt":2,"type":2,"area":96}},{"x":936,"y":792,"data":{"alt":2,"type":2,"area":96}},{"x":937,"y":792,"data":{"alt":2,"type":2,"area":96}},{"x":940,"y":792,"data":{"alt":2,"type":2,"area":96}},{"x":941,"y":792,"data":{"alt":2,"type":2,"area":96}},{"x":942,"y":792,"data":{"alt":2,"type":2,"area":96}},{"x":943,"y":792,"data":{"alt":2,"type":2,"area":96}},{"x":944,"y":792,"data":{"alt":2,"type":2,"area":96}},{"x":945,"y":792,"data":{"alt":2,"type":2,"area":96}},{"x":946,"y":792,"data":{"alt":2,"type":2,"area":96}},{"x":949,"y":792,"data":{"alt":2,"type":2,"area":96}},{"x":950,"y":792,"data":{"alt":2,"type":2,"area":96}},{"x":951,"y":792,"data":{"alt":2,"type":2,"area":96}},{"x":952,"y":792,"data":{"alt":2,"type":2,"area":96}},{"x":953,"y":792,"data":{"alt":2,"type":2,"area":96}},{"x":954,"y":792,"data":{"alt":2,"type":2,"area":96}},{"x":955,"y":792,"data":{"alt":2,"type":2,"area":96}},{"x":956,"y":792,"data":{"alt":2,"type":2,"area":96}},{"x":957,"y":792,"data":{"alt":2,"type":2,"area":96}},{"x":958,"y":792,"data":{"alt":2,"type":2,"area":96}},{"x":959,"y":792,"data":{"alt":2,"type":2,"area":96}},{"x":928,"y":793,"data":{"alt":2,"type":2,"area":96}},{"x":929,"y":793,"data":{"alt":2,"type":2,"area":96}},{"x":930,"y":793,"data":{"alt":2,"type":2,"area":96}},{"x":931,"y":793,"data":{"alt":2,"type":2,"area":96}},{"x":932,"y":793,"data":{"alt":2,"type":2,"area":96}},{"x":933,"y":793,"data":{"alt":2,"type":2,"area":96}},{"x":934,"y":793,"data":{"alt":2,"type":2,"area":96}},{"x":935,"y":793,"data":{"alt":2,"type":2,"area":96}},{"x":936,"y":793,"data":{"alt":2,"type":2,"area":96}},{"x":937,"y":793,"data":{"alt":2,"type":2,"area":96}},{"x":938,"y":793,"data":{"alt":2,"type":2,"area":96}},{"x":941,"y":793,"data":{"alt":2,"type":2,"area":96}},{"x":942,"y":793,"data":{"alt":2,"type":2,"area":96}},{"x":943,"y":793,"data":{"alt":2,"type":2,"area":96}},{"x":944,"y":793,"data":{"alt":2,"type":2,"area":96}},{"x":945,"y":793,"data":{"alt":2,"type":2,"area":96}},{"x":946,"y":793,"data":{"alt":2,"type":2,"area":96}},{"x":948,"y":793,"data":{"alt":2,"type":2,"area":96}},{"x":949,"y":793,"data":{"alt":2,"type":2,"area":96}},{"x":950,"y":793,"data":{"alt":2,"type":2,"area":96}},{"x":951,"y":793,"data":{"alt":2,"type":2,"area":96}},{"x":952,"y":793,"data":{"alt":2,"type":2,"area":96}},{"x":953,"y":793,"data":{"alt":2,"type":2,"area":96}},{"x":954,"y":793,"data":{"alt":2,"type":2,"area":96}},{"x":955,"y":793,"data":{"alt":2,"type":2,"area":96}},{"x":956,"y":793,"data":{"alt":2,"type":2,"area":96}},{"x":957,"y":793,"data":{"alt":2,"type":2,"area":96}},{"x":958,"y":793,"data":{"alt":2,"type":2,"area":96}},{"x":959,"y":793,"data":{"alt":2,"type":2,"area":96}},{"x":928,"y":794,"data":{"alt":2,"type":2,"area":96}},{"x":929,"y":794,"data":{"alt":2,"type":2,"area":96}},{"x":930,"y":794,"data":{"alt":2,"type":2,"area":96}},{"x":931,"y":794,"data":{"alt":2,"type":2,"area":96}},{"x":932,"y":794,"data":{"alt":2,"type":2,"area":96}},{"x":933,"y":794,"data":{"alt":2,"type":2,"area":96}},{"x":934,"y":794,"data":{"alt":2,"type":2,"area":96}},{"x":935,"y":794,"data":{"alt":2,"type":2,"area":96}},{"x":944,"y":794,"data":{"alt":2,"type":2,"area":96}},{"x":945,"y":794,"data":{"alt":2,"type":2,"area":96}},{"x":946,"y":794,"data":{"alt":2,"type":2,"area":96}},{"x":947,"y":794,"data":{"alt":2,"type":2,"area":96}},{"x":948,"y":794,"data":{"alt":2,"type":2,"area":96}},{"x":949,"y":794,"data":{"alt":2,"type":2,"area":96}},{"x":950,"y":794,"data":{"alt":2,"type":2,"area":96}},{"x":951,"y":794,"data":{"alt":2,"type":2,"area":96}},{"x":952,"y":794,"data":{"alt":2,"type":2,"area":96}},{"x":953,"y":794,"data":{"alt":2,"type":2,"area":96}},{"x":954,"y":794,"data":{"alt":2,"type":2,"area":96}},{"x":955,"y":794,"data":{"alt":2,"type":2,"area":96}},{"x":956,"y":794,"data":{"alt":2,"type":2,"area":96}},{"x":957,"y":794,"data":{"alt":2,"type":2,"area":96}},{"x":958,"y":794,"data":{"alt":2,"type":2,"area":96}},{"x":959,"y":794,"data":{"alt":2,"type":2,"area":96}},{"x":928,"y":795,"data":{"alt":2,"type":2,"area":96}},{"x":929,"y":795,"data":{"alt":2,"type":2,"area":96}},{"x":930,"y":795,"data":{"alt":2,"type":2,"area":96}},{"x":931,"y":795,"data":{"alt":2,"type":2,"area":96}},{"x":932,"y":795,"data":{"alt":2,"type":2,"area":96}},{"x":933,"y":795,"data":{"alt":2,"type":2,"area":96}},{"x":934,"y":795,"data":{"alt":2,"type":2,"area":96}},{"x":935,"y":795,"data":{"alt":2,"type":2,"area":96}},{"x":936,"y":795,"data":{"alt":2,"type":2,"area":96}},{"x":944,"y":795,"data":{"alt":2,"type":2,"area":96}},{"x":945,"y":795,"data":{"alt":2,"type":2,"area":96}},{"x":949,"y":795,"data":{"alt":2,"type":2,"area":96}},{"x":950,"y":795,"data":{"alt":2,"type":2,"area":96}},{"x":951,"y":795,"data":{"alt":2,"type":2,"area":96}},{"x":952,"y":795,"data":{"alt":2,"type":2,"area":96}},{"x":953,"y":795,"data":{"alt":2,"type":2,"area":96}},{"x":954,"y":795,"data":{"alt":2,"type":2,"area":96}},{"x":955,"y":795,"data":{"alt":2,"type":2,"area":96}},{"x":956,"y":795,"data":{"alt":2,"type":2,"area":96}},{"x":957,"y":795,"data":{"alt":2,"type":2,"area":96}},{"x":958,"y":795,"data":{"alt":2,"type":2,"area":96}},{"x":959,"y":795,"data":{"alt":2,"type":2,"area":96}},{"x":928,"y":796,"data":{"alt":2,"type":2,"area":96}},{"x":929,"y":796,"data":{"alt":2,"type":2,"area":96}},{"x":930,"y":796,"data":{"alt":2,"type":2,"area":96}},{"x":931,"y":796,"data":{"alt":2,"type":2,"area":96}},{"x":932,"y":796,"data":{"alt":2,"type":2,"area":96}},{"x":933,"y":796,"data":{"alt":2,"type":2,"area":96}},{"x":934,"y":796,"data":{"alt":2,"type":2,"area":96}},{"x":944,"y":796,"data":{"alt":2,"type":2,"area":96}},{"x":948,"y":796,"data":{"alt":2,"type":2,"area":96}},{"x":949,"y":796,"data":{"alt":2,"type":2,"area":96}},{"x":950,"y":796,"data":{"alt":2,"type":2,"area":96}},{"x":951,"y":796,"data":{"alt":2,"type":2,"area":96}},{"x":952,"y":796,"data":{"alt":2,"type":2,"area":96}},{"x":953,"y":796,"data":{"alt":2,"type":2,"area":96}},{"x":954,"y":796,"data":{"alt":2,"type":2,"area":96}},{"x":955,"y":796,"data":{"alt":2,"type":2,"area":96}},{"x":956,"y":796,"data":{"alt":2,"type":2,"area":96}},{"x":957,"y":796,"data":{"alt":2,"type":2,"area":96}},{"x":958,"y":796,"data":{"alt":2,"type":2,"area":96}},{"x":959,"y":796,"data":{"alt":2,"type":2,"area":96}},{"x":928,"y":797,"data":{"alt":2,"type":2,"area":96}},{"x":929,"y":797,"data":{"alt":2,"type":2,"area":96}},{"x":930,"y":797,"data":{"alt":2,"type":2,"area":96}},{"x":931,"y":797,"data":{"alt":2,"type":2,"area":96}},{"x":932,"y":797,"data":{"alt":2,"type":2,"area":96}},{"x":933,"y":797,"data":{"alt":2,"type":2,"area":96}},{"x":949,"y":797,"data":{"alt":2,"type":2,"area":96}},{"x":950,"y":797,"data":{"alt":2,"type":2,"area":96}},{"x":951,"y":797,"data":{"alt":2,"type":2,"area":96}},{"x":952,"y":797,"data":{"alt":2,"type":2,"area":96}},{"x":953,"y":797,"data":{"alt":2,"type":2,"area":96}},{"x":954,"y":797,"data":{"alt":2,"type":2,"area":96}},{"x":955,"y":797,"data":{"alt":2,"type":2,"area":96}},{"x":956,"y":797,"data":{"alt":2,"type":2,"area":96}},{"x":957,"y":797,"data":{"alt":2,"type":2,"area":96}},{"x":958,"y":797,"data":{"alt":2,"type":2,"area":96}},{"x":959,"y":797,"data":{"alt":2,"type":2,"area":96}},{"x":928,"y":798,"data":{"alt":2,"type":2,"area":96}},{"x":929,"y":798,"data":{"alt":2,"type":2,"area":96}},{"x":930,"y":798,"data":{"alt":2,"type":2,"area":96}},{"x":931,"y":798,"data":{"alt":2,"type":2,"area":96}},{"x":932,"y":798,"data":{"alt":2,"type":2,"area":96}},{"x":949,"y":798,"data":{"alt":2,"type":2,"area":96}},{"x":950,"y":798,"data":{"alt":2,"type":2,"area":96}},{"x":951,"y":798,"data":{"alt":2,"type":2,"area":96}},{"x":952,"y":798,"data":{"alt":2,"type":2,"area":96}},{"x":953,"y":798,"data":{"alt":2,"type":2,"area":96}},{"x":954,"y":798,"data":{"alt":2,"type":2,"area":96}},{"x":955,"y":798,"data":{"alt":2,"type":2,"area":96}},{"x":956,"y":798,"data":{"alt":2,"type":2,"area":96}},{"x":957,"y":798,"data":{"alt":2,"type":2,"area":96}},{"x":958,"y":798,"data":{"alt":2,"type":2,"area":96}},{"x":959,"y":798,"data":{"alt":2,"type":2,"area":96}},{"x":928,"y":799,"data":{"alt":2,"type":2,"area":96}},{"x":929,"y":799,"data":{"alt":2,"type":2,"area":96}},{"x":930,"y":799,"data":{"alt":2,"type":2,"area":96}},{"x":949,"y":799,"data":{"alt":2,"type":2,"area":96}},{"x":950,"y":799,"data":{"alt":2,"type":2,"area":96}},{"x":951,"y":799,"data":{"alt":2,"type":2,"area":96}},{"x":952,"y":799,"data":{"alt":2,"type":2,"area":96}},{"x":953,"y":799,"data":{"alt":2,"type":2,"area":96}},{"x":954,"y":799,"data":{"alt":2,"type":2,"area":96}},{"x":955,"y":799,"data":{"alt":2,"type":2,"area":96}},{"x":956,"y":799,"data":{"alt":2,"type":2,"area":96}},{"x":957,"y":799,"data":{"alt":2,"type":2,"area":96}},{"x":958,"y":799,"data":{"alt":2,"type":2,"area":96}},{"x":959,"y":799,"data":{"alt":2,"type":2,"area":96}},{"x":960,"y":800,"data":{"alt":2,"type":2,"area":96}},{"x":961,"y":800,"data":{"alt":2,"type":2,"area":96}},{"x":962,"y":800,"data":{"alt":2,"type":2,"area":96}},{"x":963,"y":800,"data":{"alt":2,"type":2,"area":96}},{"x":964,"y":800,"data":{"alt":2,"type":2,"area":96}},{"x":965,"y":800,"data":{"alt":2,"type":2,"area":96}},{"x":966,"y":800,"data":{"alt":2,"type":2,"area":96}},{"x":967,"y":800,"data":{"alt":2,"type":2,"area":96}},{"x":968,"y":800,"data":{"alt":2,"type":2,"area":96}},{"x":969,"y":800,"data":{"alt":2,"type":2,"area":96}},{"x":970,"y":800,"data":{"alt":2,"type":2,"area":96}},{"x":971,"y":800,"data":{"alt":2,"type":2,"area":96}},{"x":972,"y":800,"data":{"alt":2,"type":2,"area":96}},{"x":973,"y":800,"data":{"alt":2,"type":2,"area":96}},{"x":974,"y":800,"data":{"alt":2,"type":2,"area":96}},{"x":975,"y":800,"data":{"alt":2,"type":2,"area":96}},{"x":976,"y":800,"data":{"alt":2,"type":2,"area":96}},{"x":977,"y":800,"data":{"alt":2,"type":2,"area":96}},{"x":978,"y":800,"data":{"alt":2,"type":2,"area":96}},{"x":979,"y":800,"data":{"alt":2,"type":2,"area":96}},{"x":980,"y":800,"data":{"alt":2,"type":2,"area":96}},{"x":981,"y":800,"data":{"alt":2,"type":2,"area":96}},{"x":982,"y":800,"data":{"alt":2,"type":2,"area":96}},{"x":983,"y":800,"data":{"alt":2,"type":2,"area":96}},{"x":984,"y":800,"data":{"alt":2,"type":2,"area":96}},{"x":960,"y":801,"data":{"alt":2,"type":2,"area":96}},{"x":961,"y":801,"data":{"alt":2,"type":2,"area":96}},{"x":962,"y":801,"data":{"alt":2,"type":2,"area":96}},{"x":963,"y":801,"data":{"alt":2,"type":2,"area":96}},{"x":964,"y":801,"data":{"alt":2,"type":2,"area":96}},{"x":965,"y":801,"data":{"alt":2,"type":2,"area":96}},{"x":966,"y":801,"data":{"alt":2,"type":2,"area":96}},{"x":967,"y":801,"data":{"alt":2,"type":2,"area":96}},{"x":968,"y":801,"data":{"alt":2,"type":2,"area":96}},{"x":969,"y":801,"data":{"alt":2,"type":2,"area":96}},{"x":970,"y":801,"data":{"alt":2,"type":2,"area":96}},{"x":971,"y":801,"data":{"alt":2,"type":2,"area":96}},{"x":972,"y":801,"data":{"alt":2,"type":2,"area":96}},{"x":973,"y":801,"data":{"alt":2,"type":2,"area":96}},{"x":974,"y":801,"data":{"alt":2,"type":2,"area":96}},{"x":975,"y":801,"data":{"alt":2,"type":2,"area":96}},{"x":976,"y":801,"data":{"alt":2,"type":2,"area":96}},{"x":977,"y":801,"data":{"alt":2,"type":2,"area":96}},{"x":978,"y":801,"data":{"alt":2,"type":2,"area":96}},{"x":979,"y":801,"data":{"alt":2,"type":2,"area":96}},{"x":980,"y":801,"data":{"alt":2,"type":2,"area":96}},{"x":981,"y":801,"data":{"alt":2,"type":2,"area":96}},{"x":982,"y":801,"data":{"alt":2,"type":2,"area":96}},{"x":983,"y":801,"data":{"alt":2,"type":2,"area":96}},{"x":984,"y":801,"data":{"alt":2,"type":2,"area":96}},{"x":960,"y":802,"data":{"alt":2,"type":2,"area":96}},{"x":961,"y":802,"data":{"alt":2,"type":2,"area":96}},{"x":962,"y":802,"data":{"alt":2,"type":2,"area":96}},{"x":963,"y":802,"data":{"alt":2,"type":2,"area":96}},{"x":964,"y":802,"data":{"alt":2,"type":2,"area":96}},{"x":965,"y":802,"data":{"alt":2,"type":2,"area":96}},{"x":966,"y":802,"data":{"alt":2,"type":2,"area":96}},{"x":967,"y":802,"data":{"alt":2,"type":2,"area":96}},{"x":968,"y":802,"data":{"alt":2,"type":2,"area":96}},{"x":969,"y":802,"data":{"alt":2,"type":2,"area":96}},{"x":970,"y":802,"data":{"alt":2,"type":2,"area":96}},{"x":971,"y":802,"data":{"alt":2,"type":2,"area":96}},{"x":972,"y":802,"data":{"alt":2,"type":2,"area":96}},{"x":973,"y":802,"data":{"alt":2,"type":2,"area":96}},{"x":974,"y":802,"data":{"alt":2,"type":2,"area":96}},{"x":975,"y":802,"data":{"alt":2,"type":2,"area":96}},{"x":976,"y":802,"data":{"alt":2,"type":2,"area":96}},{"x":977,"y":802,"data":{"alt":2,"type":2,"area":96}},{"x":978,"y":802,"data":{"alt":2,"type":2,"area":96}},{"x":979,"y":802,"data":{"alt":2,"type":2,"area":96}},{"x":960,"y":803,"data":{"alt":2,"type":2,"area":96}},{"x":961,"y":803,"data":{"alt":2,"type":2,"area":96}},{"x":962,"y":803,"data":{"alt":2,"type":2,"area":96}},{"x":963,"y":803,"data":{"alt":2,"type":2,"area":96}},{"x":964,"y":803,"data":{"alt":2,"type":2,"area":96}},{"x":965,"y":803,"data":{"alt":2,"type":2,"area":96}},{"x":966,"y":803,"data":{"alt":2,"type":2,"area":96}},{"x":967,"y":803,"data":{"alt":2,"type":2,"area":96}},{"x":968,"y":803,"data":{"alt":2,"type":2,"area":96}},{"x":969,"y":803,"data":{"alt":2,"type":2,"area":96}},{"x":970,"y":803,"data":{"alt":2,"type":2,"area":96}},{"x":971,"y":803,"data":{"alt":2,"type":2,"area":96}},{"x":972,"y":803,"data":{"alt":2,"type":2,"area":96}},{"x":973,"y":803,"data":{"alt":2,"type":2,"area":96}},{"x":974,"y":803,"data":{"alt":2,"type":2,"area":96}},{"x":975,"y":803,"data":{"alt":2,"type":2,"area":96}},{"x":976,"y":803,"data":{"alt":2,"type":2,"area":96}},{"x":977,"y":803,"data":{"alt":2,"type":2,"area":96}},{"x":978,"y":803,"data":{"alt":2,"type":2,"area":96}},{"x":960,"y":804,"data":{"alt":2,"type":2,"area":96}},{"x":961,"y":804,"data":{"alt":2,"type":2,"area":96}},{"x":962,"y":804,"data":{"alt":2,"type":2,"area":96}},{"x":963,"y":804,"data":{"alt":2,"type":2,"area":96}},{"x":964,"y":804,"data":{"alt":2,"type":2,"area":96}},{"x":965,"y":804,"data":{"alt":2,"type":2,"area":96}},{"x":966,"y":804,"data":{"alt":2,"type":2,"area":96}},{"x":967,"y":804,"data":{"alt":2,"type":2,"area":96}},{"x":968,"y":804,"data":{"alt":2,"type":2,"area":96}},{"x":969,"y":804,"data":{"alt":2,"type":2,"area":96}},{"x":970,"y":804,"data":{"alt":2,"type":2,"area":96}},{"x":971,"y":804,"data":{"alt":2,"type":2,"area":96}},{"x":972,"y":804,"data":{"alt":2,"type":2,"area":96}},{"x":973,"y":804,"data":{"alt":2,"type":2,"area":96}},{"x":974,"y":804,"data":{"alt":2,"type":2,"area":96}},{"x":975,"y":804,"data":{"alt":2,"type":2,"area":96}},{"x":977,"y":804,"data":{"alt":2,"type":2,"area":96}},{"x":978,"y":804,"data":{"alt":2,"type":2,"area":96}},{"x":960,"y":805,"data":{"alt":2,"type":2,"area":96}},{"x":961,"y":805,"data":{"alt":2,"type":2,"area":96}},{"x":962,"y":805,"data":{"alt":2,"type":2,"area":96}},{"x":963,"y":805,"data":{"alt":2,"type":2,"area":96}},{"x":964,"y":805,"data":{"alt":2,"type":2,"area":96}},{"x":965,"y":805,"data":{"alt":2,"type":2,"area":96}},{"x":966,"y":805,"data":{"alt":2,"type":2,"area":96}},{"x":967,"y":805,"data":{"alt":2,"type":2,"area":96}},{"x":968,"y":805,"data":{"alt":2,"type":2,"area":96}},{"x":969,"y":805,"data":{"alt":2,"type":2,"area":96}},{"x":970,"y":805,"data":{"alt":2,"type":2,"area":96}},{"x":971,"y":805,"data":{"alt":2,"type":2,"area":96}},{"x":972,"y":805,"data":{"alt":2,"type":2,"area":96}},{"x":973,"y":805,"data":{"alt":2,"type":2,"area":96}},{"x":974,"y":805,"data":{"alt":2,"type":2,"area":96}},{"x":975,"y":805,"data":{"alt":2,"type":2,"area":96}},{"x":960,"y":806,"data":{"alt":2,"type":2,"area":96}},{"x":961,"y":806,"data":{"alt":2,"type":2,"area":96}},{"x":962,"y":806,"data":{"alt":2,"type":2,"area":96}},{"x":963,"y":806,"data":{"alt":2,"type":2,"area":96}},{"x":964,"y":806,"data":{"alt":2,"type":2,"area":96}},{"x":965,"y":806,"data":{"alt":2,"type":2,"area":96}},{"x":966,"y":806,"data":{"alt":2,"type":2,"area":96}},{"x":967,"y":806,"data":{"alt":2,"type":2,"area":96}},{"x":968,"y":806,"data":{"alt":2,"type":2,"area":96}},{"x":969,"y":806,"data":{"alt":2,"type":2,"area":96}},{"x":970,"y":806,"data":{"alt":2,"type":2,"area":96}},{"x":971,"y":806,"data":{"alt":2,"type":2,"area":96}},{"x":972,"y":806,"data":{"alt":2,"type":2,"area":96}},{"x":973,"y":806,"data":{"alt":2,"type":2,"area":96}},{"x":960,"y":807,"data":{"alt":2,"type":2,"area":96}},{"x":961,"y":807,"data":{"alt":2,"type":2,"area":96}},{"x":962,"y":807,"data":{"alt":2,"type":2,"area":96}},{"x":963,"y":807,"data":{"alt":2,"type":2,"area":96}},{"x":964,"y":807,"data":{"alt":2,"type":2,"area":96}},{"x":965,"y":807,"data":{"alt":2,"type":2,"area":96}},{"x":966,"y":807,"data":{"alt":2,"type":2,"area":96}},{"x":967,"y":807,"data":{"alt":2,"type":2,"area":96}},{"x":968,"y":807,"data":{"alt":2,"type":2,"area":96}},{"x":969,"y":807,"data":{"alt":2,"type":2,"area":96}},{"x":970,"y":807,"data":{"alt":2,"type":2,"area":96}},{"x":971,"y":807,"data":{"alt":2,"type":2,"area":96}},{"x":972,"y":807,"data":{"alt":2,"type":2,"area":96}},{"x":960,"y":808,"data":{"alt":2,"type":2,"area":96}},{"x":961,"y":808,"data":{"alt":2,"type":2,"area":96}},{"x":962,"y":808,"data":{"alt":2,"type":2,"area":96}},{"x":963,"y":808,"data":{"alt":2,"type":2,"area":96}},{"x":964,"y":808,"data":{"alt":2,"type":2,"area":96}},{"x":965,"y":808,"data":{"alt":2,"type":2,"area":96}},{"x":966,"y":808,"data":{"alt":2,"type":2,"area":96}},{"x":967,"y":808,"data":{"alt":2,"type":2,"area":96}},{"x":968,"y":808,"data":{"alt":2,"type":2,"area":96}},{"x":969,"y":808,"data":{"alt":2,"type":2,"area":96}},{"x":970,"y":808,"data":{"alt":2,"type":2,"area":96}},{"x":960,"y":809,"data":{"alt":2,"type":2,"area":96}},{"x":961,"y":809,"data":{"alt":2,"type":2,"area":96}},{"x":962,"y":809,"data":{"alt":2,"type":2,"area":96}},{"x":963,"y":809,"data":{"alt":2,"type":2,"area":96}},{"x":964,"y":809,"data":{"alt":2,"type":2,"area":96}},{"x":965,"y":809,"data":{"alt":2,"type":2,"area":96}},{"x":966,"y":809,"data":{"alt":2,"type":2,"area":96}},{"x":967,"y":809,"data":{"alt":2,"type":2,"area":96}},{"x":968,"y":809,"data":{"alt":2,"type":2,"area":96}},{"x":969,"y":809,"data":{"alt":2,"type":2,"area":96}},{"x":970,"y":809,"data":{"alt":2,"type":2,"area":96}},{"x":960,"y":810,"data":{"alt":2,"type":2,"area":96}},{"x":961,"y":810,"data":{"alt":2,"type":2,"area":96}},{"x":962,"y":810,"data":{"alt":2,"type":2,"area":96}},{"x":963,"y":810,"data":{"alt":2,"type":2,"area":96}},{"x":964,"y":810,"data":{"alt":2,"type":2,"area":96}},{"x":965,"y":810,"data":{"alt":2,"type":2,"area":96}},{"x":966,"y":810,"data":{"alt":2,"type":2,"area":96}},{"x":967,"y":810,"data":{"alt":2,"type":2,"area":96}},{"x":960,"y":811,"data":{"alt":2,"type":2,"area":96}},{"x":961,"y":811,"data":{"alt":2,"type":2,"area":96}},{"x":962,"y":811,"data":{"alt":2,"type":2,"area":96}},{"x":963,"y":811,"data":{"alt":2,"type":2,"area":96}},{"x":964,"y":811,"data":{"alt":2,"type":2,"area":96}},{"x":965,"y":811,"data":{"alt":2,"type":2,"area":96}},{"x":960,"y":812,"data":{"alt":2,"type":2,"area":96}},{"x":961,"y":812,"data":{"alt":2,"type":2,"area":96}},{"x":962,"y":812,"data":{"alt":2,"type":2,"area":96}},{"x":963,"y":812,"data":{"alt":2,"type":2,"area":96}},{"x":964,"y":812,"data":{"alt":2,"type":2,"area":96}},{"x":965,"y":812,"data":{"alt":2,"type":2,"area":96}},{"x":960,"y":813,"data":{"alt":2,"type":2,"area":96}},{"x":961,"y":813,"data":{"alt":2,"type":2,"area":96}},{"x":963,"y":813,"data":{"alt":2,"type":2,"area":96}},{"x":964,"y":773,"data":{"alt":2,"type":2,"area":96}},{"x":961,"y":774,"data":{"alt":2,"type":2,"area":96}},{"x":962,"y":774,"data":{"alt":2,"type":2,"area":96}},{"x":964,"y":774,"data":{"alt":2,"type":2,"area":96}},{"x":960,"y":775,"data":{"alt":2,"type":2,"area":96}},{"x":961,"y":775,"data":{"alt":2,"type":2,"area":96}},{"x":962,"y":775,"data":{"alt":2,"type":2,"area":96}},{"x":963,"y":775,"data":{"alt":2,"type":2,"area":96}},{"x":964,"y":775,"data":{"alt":2,"type":2,"area":96}},{"x":965,"y":775,"data":{"alt":2,"type":2,"area":96}},{"x":960,"y":776,"data":{"alt":2,"type":2,"area":96}},{"x":961,"y":776,"data":{"alt":2,"type":2,"area":96}},{"x":962,"y":776,"data":{"alt":2,"type":2,"area":96}},{"x":963,"y":776,"data":{"alt":2,"type":2,"area":96}},{"x":964,"y":776,"data":{"alt":2,"type":2,"area":96}},{"x":965,"y":776,"data":{"alt":2,"type":2,"area":96}},{"x":960,"y":777,"data":{"alt":2,"type":2,"area":96}},{"x":961,"y":777,"data":{"alt":2,"type":2,"area":96}},{"x":962,"y":777,"data":{"alt":2,"type":2,"area":96}},{"x":963,"y":777,"data":{"alt":2,"type":2,"area":96}},{"x":964,"y":777,"data":{"alt":2,"type":2,"area":96}},{"x":965,"y":777,"data":{"alt":2,"type":2,"area":96}},{"x":960,"y":778,"data":{"alt":2,"type":2,"area":96}},{"x":961,"y":778,"data":{"alt":2,"type":2,"area":96}},{"x":962,"y":778,"data":{"alt":2,"type":2,"area":96}},{"x":963,"y":778,"data":{"alt":2,"type":2,"area":96}},{"x":964,"y":778,"data":{"alt":2,"type":2,"area":96}},{"x":965,"y":778,"data":{"alt":2,"type":2,"area":96}},{"x":960,"y":779,"data":{"alt":2,"type":2,"area":96}},{"x":961,"y":779,"data":{"alt":2,"type":2,"area":96}},{"x":962,"y":779,"data":{"alt":2,"type":2,"area":96}},{"x":960,"y":780,"data":{"alt":2,"type":2,"area":96}},{"x":975,"y":781,"data":{"alt":2,"type":2,"area":96}},{"x":976,"y":781,"data":{"alt":2,"type":2,"area":96}},{"x":977,"y":781,"data":{"alt":2,"type":2,"area":96}},{"x":972,"y":782,"data":{"alt":2,"type":2,"area":96}},{"x":974,"y":782,"data":{"alt":2,"type":2,"area":96}},{"x":975,"y":782,"data":{"alt":2,"type":2,"area":96}},{"x":976,"y":782,"data":{"alt":2,"type":2,"area":96}},{"x":977,"y":782,"data":{"alt":2,"type":2,"area":96}},{"x":978,"y":782,"data":{"alt":2,"type":2,"area":96}},{"x":972,"y":783,"data":{"alt":2,"type":2,"area":96}},{"x":973,"y":783,"data":{"alt":2,"type":2,"area":96}},{"x":974,"y":783,"data":{"alt":2,"type":2,"area":96}},{"x":975,"y":783,"data":{"alt":2,"type":2,"area":96}},{"x":976,"y":783,"data":{"alt":2,"type":2,"area":96}},{"x":977,"y":783,"data":{"alt":2,"type":2,"area":96}},{"x":978,"y":783,"data":{"alt":2,"type":2,"area":96}},{"x":979,"y":783,"data":{"alt":2,"type":2,"area":96}},{"x":980,"y":783,"data":{"alt":2,"type":2,"area":96}},{"x":971,"y":784,"data":{"alt":2,"type":2,"area":96}},{"x":972,"y":784,"data":{"alt":2,"type":2,"area":96}},{"x":973,"y":784,"data":{"alt":2,"type":2,"area":96}},{"x":974,"y":784,"data":{"alt":2,"type":2,"area":96}},{"x":975,"y":784,"data":{"alt":2,"type":2,"area":96}},{"x":976,"y":784,"data":{"alt":2,"type":2,"area":96}},{"x":977,"y":784,"data":{"alt":2,"type":2,"area":96}},{"x":978,"y":784,"data":{"alt":2,"type":2,"area":96}},{"x":979,"y":784,"data":{"alt":2,"type":2,"area":96}},{"x":980,"y":784,"data":{"alt":2,"type":2,"area":96}},{"x":970,"y":785,"data":{"alt":2,"type":2,"area":96}},{"x":971,"y":785,"data":{"alt":2,"type":2,"area":96}},{"x":972,"y":785,"data":{"alt":2,"type":2,"area":96}},{"x":973,"y":785,"data":{"alt":2,"type":2,"area":96}},{"x":974,"y":785,"data":{"alt":2,"type":2,"area":96}},{"x":975,"y":785,"data":{"alt":2,"type":2,"area":96}},{"x":976,"y":785,"data":{"alt":2,"type":2,"area":96}},{"x":977,"y":785,"data":{"alt":2,"type":2,"area":96}},{"x":978,"y":785,"data":{"alt":2,"type":2,"area":96}},{"x":979,"y":785,"data":{"alt":2,"type":2,"area":96}},{"x":980,"y":785,"data":{"alt":2,"type":2,"area":96}},{"x":969,"y":786,"data":{"alt":2,"type":2,"area":96}},{"x":970,"y":786,"data":{"alt":2,"type":2,"area":96}},{"x":971,"y":786,"data":{"alt":2,"type":2,"area":96}},{"x":972,"y":786,"data":{"alt":2,"type":2,"area":96}},{"x":973,"y":786,"data":{"alt":2,"type":2,"area":96}},{"x":974,"y":786,"data":{"alt":2,"type":2,"area":96}},{"x":975,"y":786,"data":{"alt":2,"type":2,"area":96}},{"x":976,"y":786,"data":{"alt":2,"type":2,"area":96}},{"x":977,"y":786,"data":{"alt":2,"type":2,"area":96}},{"x":978,"y":786,"data":{"alt":2,"type":2,"area":96}},{"x":979,"y":786,"data":{"alt":2,"type":2,"area":96}},{"x":980,"y":786,"data":{"alt":2,"type":2,"area":96}},{"x":981,"y":786,"data":{"alt":2,"type":2,"area":96}},{"x":968,"y":787,"data":{"alt":2,"type":2,"area":96}},{"x":969,"y":787,"data":{"alt":2,"type":2,"area":96}},{"x":970,"y":787,"data":{"alt":2,"type":2,"area":96}},{"x":971,"y":787,"data":{"alt":2,"type":2,"area":96}},{"x":972,"y":787,"data":{"alt":2,"type":2,"area":96}},{"x":973,"y":787,"data":{"alt":2,"type":2,"area":96}},{"x":974,"y":787,"data":{"alt":2,"type":2,"area":96}},{"x":975,"y":787,"data":{"alt":2,"type":2,"area":96}},{"x":976,"y":787,"data":{"alt":2,"type":2,"area":96}},{"x":977,"y":787,"data":{"alt":2,"type":2,"area":96}},{"x":978,"y":787,"data":{"alt":2,"type":2,"area":96}},{"x":979,"y":787,"data":{"alt":2,"type":2,"area":96}},{"x":980,"y":787,"data":{"alt":2,"type":2,"area":96}},{"x":981,"y":787,"data":{"alt":2,"type":2,"area":96}},{"x":965,"y":788,"data":{"alt":2,"type":2,"area":96}},{"x":966,"y":788,"data":{"alt":2,"type":2,"area":96}},{"x":967,"y":788,"data":{"alt":2,"type":2,"area":96}},{"x":968,"y":788,"data":{"alt":2,"type":2,"area":96}},{"x":969,"y":788,"data":{"alt":2,"type":2,"area":96}},{"x":970,"y":788,"data":{"alt":2,"type":2,"area":96}},{"x":971,"y":788,"data":{"alt":2,"type":2,"area":96}},{"x":972,"y":788,"data":{"alt":2,"type":2,"area":96}},{"x":973,"y":788,"data":{"alt":2,"type":2,"area":96}},{"x":974,"y":788,"data":{"alt":2,"type":2,"area":96}},{"x":975,"y":788,"data":{"alt":2,"type":2,"area":96}},{"x":976,"y":788,"data":{"alt":2,"type":2,"area":96}},{"x":977,"y":788,"data":{"alt":2,"type":2,"area":96}},{"x":978,"y":788,"data":{"alt":2,"type":2,"area":96}},{"x":979,"y":788,"data":{"alt":2,"type":2,"area":96}},{"x":980,"y":788,"data":{"alt":2,"type":2,"area":96}},{"x":981,"y":788,"data":{"alt":2,"type":2,"area":96}},{"x":964,"y":789,"data":{"alt":2,"type":2,"area":96}},{"x":965,"y":789,"data":{"alt":2,"type":2,"area":96}},{"x":966,"y":789,"data":{"alt":2,"type":2,"area":96}},{"x":967,"y":789,"data":{"alt":2,"type":2,"area":96}},{"x":968,"y":789,"data":{"alt":2,"type":2,"area":96}},{"x":969,"y":789,"data":{"alt":2,"type":2,"area":96}},{"x":970,"y":789,"data":{"alt":2,"type":2,"area":96}},{"x":971,"y":789,"data":{"alt":2,"type":2,"area":96}},{"x":972,"y":789,"data":{"alt":2,"type":2,"area":96}},{"x":973,"y":789,"data":{"alt":2,"type":2,"area":96}},{"x":974,"y":789,"data":{"alt":2,"type":2,"area":96}},{"x":975,"y":789,"data":{"alt":2,"type":2,"area":96}},{"x":976,"y":789,"data":{"alt":2,"type":2,"area":96}},{"x":977,"y":789,"data":{"alt":2,"type":2,"area":96}},{"x":978,"y":789,"data":{"alt":2,"type":2,"area":96}},{"x":979,"y":789,"data":{"alt":2,"type":2,"area":96}},{"x":980,"y":789,"data":{"alt":2,"type":2,"area":96}},{"x":981,"y":789,"data":{"alt":2,"type":2,"area":96}},{"x":962,"y":790,"data":{"alt":2,"type":2,"area":96}},{"x":963,"y":790,"data":{"alt":2,"type":2,"area":96}},{"x":964,"y":790,"data":{"alt":2,"type":2,"area":96}},{"x":965,"y":790,"data":{"alt":2,"type":2,"area":96}},{"x":966,"y":790,"data":{"alt":2,"type":2,"area":96}},{"x":967,"y":790,"data":{"alt":2,"type":2,"area":96}},{"x":968,"y":790,"data":{"alt":2,"type":2,"area":96}},{"x":969,"y":790,"data":{"alt":2,"type":2,"area":96}},{"x":970,"y":790,"data":{"alt":2,"type":2,"area":96}},{"x":971,"y":790,"data":{"alt":2,"type":2,"area":96}},{"x":972,"y":790,"data":{"alt":2,"type":2,"area":96}},{"x":973,"y":790,"data":{"alt":2,"type":2,"area":96}},{"x":974,"y":790,"data":{"alt":2,"type":2,"area":96}},{"x":975,"y":790,"data":{"alt":2,"type":2,"area":96}},{"x":976,"y":790,"data":{"alt":2,"type":2,"area":96}},{"x":977,"y":790,"data":{"alt":2,"type":2,"area":96}},{"x":978,"y":790,"data":{"alt":2,"type":2,"area":96}},{"x":979,"y":790,"data":{"alt":2,"type":2,"area":96}},{"x":980,"y":790,"data":{"alt":2,"type":2,"area":96}},{"x":981,"y":790,"data":{"alt":2,"type":2,"area":96}},{"x":961,"y":791,"data":{"alt":2,"type":2,"area":96}},{"x":962,"y":791,"data":{"alt":2,"type":2,"area":96}},{"x":963,"y":791,"data":{"alt":2,"type":2,"area":96}},{"x":964,"y":791,"data":{"alt":2,"type":2,"area":96}},{"x":965,"y":791,"data":{"alt":2,"type":2,"area":96}},{"x":966,"y":791,"data":{"alt":2,"type":2,"area":96}},{"x":967,"y":791,"data":{"alt":2,"type":2,"area":96}},{"x":968,"y":791,"data":{"alt":2,"type":2,"area":96}},{"x":969,"y":791,"data":{"alt":2,"type":2,"area":96}},{"x":970,"y":791,"data":{"alt":2,"type":2,"area":96}},{"x":971,"y":791,"data":{"alt":2,"type":2,"area":96}},{"x":972,"y":791,"data":{"alt":2,"type":2,"area":96}},{"x":973,"y":791,"data":{"alt":2,"type":2,"area":96}},{"x":974,"y":791,"data":{"alt":2,"type":2,"area":96}},{"x":975,"y":791,"data":{"alt":2,"type":2,"area":96}},{"x":976,"y":791,"data":{"alt":2,"type":2,"area":96}},{"x":977,"y":791,"data":{"alt":2,"type":2,"area":96}},{"x":978,"y":791,"data":{"alt":2,"type":2,"area":96}},{"x":979,"y":791,"data":{"alt":2,"type":2,"area":96}},{"x":980,"y":791,"data":{"alt":2,"type":2,"area":96}},{"x":981,"y":791,"data":{"alt":2,"type":2,"area":96}},{"x":961,"y":792,"data":{"alt":2,"type":2,"area":96}},{"x":962,"y":792,"data":{"alt":2,"type":2,"area":96}},{"x":963,"y":792,"data":{"alt":2,"type":2,"area":96}},{"x":964,"y":792,"data":{"alt":2,"type":2,"area":96}},{"x":965,"y":792,"data":{"alt":2,"type":2,"area":96}},{"x":966,"y":792,"data":{"alt":2,"type":2,"area":96}},{"x":967,"y":792,"data":{"alt":2,"type":2,"area":96}},{"x":968,"y":792,"data":{"alt":2,"type":2,"area":96}},{"x":969,"y":792,"data":{"alt":2,"type":2,"area":96}},{"x":970,"y":792,"data":{"alt":2,"type":2,"area":96}},{"x":971,"y":792,"data":{"alt":2,"type":2,"area":96}},{"x":972,"y":792,"data":{"alt":2,"type":2,"area":96}},{"x":973,"y":792,"data":{"alt":2,"type":2,"area":96}},{"x":974,"y":792,"data":{"alt":2,"type":2,"area":96}},{"x":975,"y":792,"data":{"alt":2,"type":2,"area":96}},{"x":976,"y":792,"data":{"alt":2,"type":2,"area":96}},{"x":977,"y":792,"data":{"alt":2,"type":2,"area":96}},{"x":978,"y":792,"data":{"alt":2,"type":2,"area":96}},{"x":979,"y":792,"data":{"alt":2,"type":2,"area":96}},{"x":980,"y":792,"data":{"alt":2,"type":2,"area":96}},{"x":981,"y":792,"data":{"alt":2,"type":2,"area":96}},{"x":982,"y":792,"data":{"alt":2,"type":2,"area":96}},{"x":983,"y":792,"data":{"alt":2,"type":2,"area":96}},{"x":960,"y":793,"data":{"alt":2,"type":2,"area":96}},{"x":961,"y":793,"data":{"alt":2,"type":2,"area":96}},{"x":962,"y":793,"data":{"alt":2,"type":2,"area":96}},{"x":963,"y":793,"data":{"alt":2,"type":2,"area":96}},{"x":964,"y":793,"data":{"alt":2,"type":2,"area":96}},{"x":965,"y":793,"data":{"alt":2,"type":2,"area":96}},{"x":966,"y":793,"data":{"alt":2,"type":2,"area":96}},{"x":967,"y":793,"data":{"alt":2,"type":2,"area":96}},{"x":968,"y":793,"data":{"alt":2,"type":2,"area":96}},{"x":969,"y":793,"data":{"alt":2,"type":2,"area":96}},{"x":970,"y":793,"data":{"alt":2,"type":2,"area":96}},{"x":971,"y":793,"data":{"alt":2,"type":2,"area":96}},{"x":972,"y":793,"data":{"alt":2,"type":2,"area":96}},{"x":973,"y":793,"data":{"alt":2,"type":2,"area":96}},{"x":974,"y":793,"data":{"alt":2,"type":2,"area":96}},{"x":975,"y":793,"data":{"alt":2,"type":2,"area":96}},{"x":976,"y":793,"data":{"alt":2,"type":2,"area":96}},{"x":977,"y":793,"data":{"alt":2,"type":2,"area":96}},{"x":978,"y":793,"data":{"alt":2,"type":2,"area":96}},{"x":979,"y":793,"data":{"alt":2,"type":2,"area":96}},{"x":980,"y":793,"data":{"alt":2,"type":2,"area":96}},{"x":981,"y":793,"data":{"alt":2,"type":2,"area":96}},{"x":982,"y":793,"data":{"alt":2,"type":2,"area":96}},{"x":983,"y":793,"data":{"alt":2,"type":2,"area":96}},{"x":960,"y":794,"data":{"alt":2,"type":2,"area":96}},{"x":961,"y":794,"data":{"alt":2,"type":2,"area":96}},{"x":962,"y":794,"data":{"alt":2,"type":2,"area":96}},{"x":963,"y":794,"data":{"alt":2,"type":2,"area":96}},{"x":964,"y":794,"data":{"alt":2,"type":2,"area":96}},{"x":965,"y":794,"data":{"alt":2,"type":2,"area":96}},{"x":966,"y":794,"data":{"alt":2,"type":2,"area":96}},{"x":967,"y":794,"data":{"alt":2,"type":2,"area":96}},{"x":968,"y":794,"data":{"alt":2,"type":2,"area":96}},{"x":969,"y":794,"data":{"alt":2,"type":2,"area":96}},{"x":970,"y":794,"data":{"alt":2,"type":2,"area":96}},{"x":971,"y":794,"data":{"alt":2,"type":2,"area":96}},{"x":972,"y":794,"data":{"alt":2,"type":2,"area":96}},{"x":973,"y":794,"data":{"alt":2,"type":2,"area":96}},{"x":974,"y":794,"data":{"alt":2,"type":2,"area":96}},{"x":975,"y":794,"data":{"alt":2,"type":2,"area":96}},{"x":976,"y":794,"data":{"alt":2,"type":2,"area":96}},{"x":977,"y":794,"data":{"alt":2,"type":2,"area":96}},{"x":978,"y":794,"data":{"alt":2,"type":2,"area":96}},{"x":979,"y":794,"data":{"alt":2,"type":2,"area":96}},{"x":980,"y":794,"data":{"alt":2,"type":2,"area":96}},{"x":981,"y":794,"data":{"alt":2,"type":2,"area":96}},{"x":982,"y":794,"data":{"alt":2,"type":2,"area":96}},{"x":960,"y":795,"data":{"alt":2,"type":2,"area":96}},{"x":961,"y":795,"data":{"alt":2,"type":2,"area":96}},{"x":962,"y":795,"data":{"alt":2,"type":2,"area":96}},{"x":963,"y":795,"data":{"alt":2,"type":2,"area":96}},{"x":964,"y":795,"data":{"alt":2,"type":2,"area":96}},{"x":965,"y":795,"data":{"alt":2,"type":2,"area":96}},{"x":966,"y":795,"data":{"alt":2,"type":2,"area":96}},{"x":967,"y":795,"data":{"alt":2,"type":2,"area":96}},{"x":968,"y":795,"data":{"alt":2,"type":2,"area":96}},{"x":969,"y":795,"data":{"alt":2,"type":2,"area":96}},{"x":970,"y":795,"data":{"alt":2,"type":2,"area":96}},{"x":971,"y":795,"data":{"alt":2,"type":2,"area":96}},{"x":972,"y":795,"data":{"alt":2,"type":2,"area":96}},{"x":973,"y":795,"data":{"alt":2,"type":2,"area":96}},{"x":974,"y":795,"data":{"alt":2,"type":2,"area":96}},{"x":975,"y":795,"data":{"alt":2,"type":2,"area":96}},{"x":976,"y":795,"data":{"alt":2,"type":2,"area":96}},{"x":977,"y":795,"data":{"alt":2,"type":2,"area":96}},{"x":978,"y":795,"data":{"alt":2,"type":2,"area":96}},{"x":979,"y":795,"data":{"alt":2,"type":2,"area":96}},{"x":980,"y":795,"data":{"alt":2,"type":2,"area":96}},{"x":981,"y":795,"data":{"alt":2,"type":2,"area":96}},{"x":982,"y":795,"data":{"alt":2,"type":2,"area":96}},{"x":960,"y":796,"data":{"alt":2,"type":2,"area":96}},{"x":961,"y":796,"data":{"alt":2,"type":2,"area":96}},{"x":962,"y":796,"data":{"alt":2,"type":2,"area":96}},{"x":963,"y":796,"data":{"alt":2,"type":2,"area":96}},{"x":964,"y":796,"data":{"alt":2,"type":2,"area":96}},{"x":965,"y":796,"data":{"alt":2,"type":2,"area":96}},{"x":966,"y":796,"data":{"alt":2,"type":2,"area":96}},{"x":967,"y":796,"data":{"alt":2,"type":2,"area":96}},{"x":968,"y":796,"data":{"alt":2,"type":2,"area":96}},{"x":969,"y":796,"data":{"alt":2,"type":2,"area":96}},{"x":970,"y":796,"data":{"alt":2,"type":2,"area":96}},{"x":971,"y":796,"data":{"alt":2,"type":2,"area":96}},{"x":972,"y":796,"data":{"alt":2,"type":2,"area":96}},{"x":973,"y":796,"data":{"alt":2,"type":2,"area":96}},{"x":974,"y":796,"data":{"alt":2,"type":2,"area":96}},{"x":975,"y":796,"data":{"alt":2,"type":2,"area":96}},{"x":976,"y":796,"data":{"alt":2,"type":2,"area":96}},{"x":977,"y":796,"data":{"alt":2,"type":2,"area":96}},{"x":978,"y":796,"data":{"alt":2,"type":2,"area":96}},{"x":979,"y":796,"data":{"alt":2,"type":2,"area":96}},{"x":980,"y":796,"data":{"alt":2,"type":2,"area":96}},{"x":960,"y":797,"data":{"alt":2,"type":2,"area":96}},{"x":961,"y":797,"data":{"alt":2,"type":2,"area":96}},{"x":962,"y":797,"data":{"alt":2,"type":2,"area":96}},{"x":963,"y":797,"data":{"alt":2,"type":2,"area":96}},{"x":964,"y":797,"data":{"alt":2,"type":2,"area":96}},{"x":965,"y":797,"data":{"alt":2,"type":2,"area":96}},{"x":966,"y":797,"data":{"alt":2,"type":2,"area":96}},{"x":967,"y":797,"data":{"alt":2,"type":2,"area":96}},{"x":968,"y":797,"data":{"alt":2,"type":2,"area":96}},{"x":969,"y":797,"data":{"alt":2,"type":2,"area":96}},{"x":970,"y":797,"data":{"alt":2,"type":2,"area":96}},{"x":971,"y":797,"data":{"alt":2,"type":2,"area":96}},{"x":972,"y":797,"data":{"alt":2,"type":2,"area":96}},{"x":973,"y":797,"data":{"alt":2,"type":2,"area":96}},{"x":974,"y":797,"data":{"alt":2,"type":2,"area":96}},{"x":975,"y":797,"data":{"alt":2,"type":2,"area":96}},{"x":976,"y":797,"data":{"alt":2,"type":2,"area":96}},{"x":977,"y":797,"data":{"alt":2,"type":2,"area":96}},{"x":978,"y":797,"data":{"alt":2,"type":2,"area":96}},{"x":979,"y":797,"data":{"alt":2,"type":2,"area":96}},{"x":980,"y":797,"data":{"alt":2,"type":2,"area":96}},{"x":960,"y":798,"data":{"alt":2,"type":2,"area":96}},{"x":961,"y":798,"data":{"alt":2,"type":2,"area":96}},{"x":962,"y":798,"data":{"alt":2,"type":2,"area":96}},{"x":963,"y":798,"data":{"alt":2,"type":2,"area":96}},{"x":964,"y":798,"data":{"alt":2,"type":2,"area":96}},{"x":965,"y":798,"data":{"alt":2,"type":2,"area":96}},{"x":966,"y":798,"data":{"alt":2,"type":2,"area":96}},{"x":967,"y":798,"data":{"alt":2,"type":2,"area":96}},{"x":968,"y":798,"data":{"alt":2,"type":2,"area":96}},{"x":969,"y":798,"data":{"alt":2,"type":2,"area":96}},{"x":970,"y":798,"data":{"alt":2,"type":2,"area":96}},{"x":971,"y":798,"data":{"alt":2,"type":2,"area":96}},{"x":972,"y":798,"data":{"alt":2,"type":2,"area":96}},{"x":973,"y":798,"data":{"alt":2,"type":2,"area":96}},{"x":974,"y":798,"data":{"alt":2,"type":2,"area":96}},{"x":975,"y":798,"data":{"alt":2,"type":2,"area":96}},{"x":976,"y":798,"data":{"alt":2,"type":2,"area":96}},{"x":977,"y":798,"data":{"alt":2,"type":2,"area":96}},{"x":978,"y":798,"data":{"alt":2,"type":2,"area":96}},{"x":983,"y":798,"data":{"alt":2,"type":2,"area":96}},{"x":984,"y":798,"data":{"alt":2,"type":2,"area":96}},{"x":960,"y":799,"data":{"alt":2,"type":2,"area":96}},{"x":961,"y":799,"data":{"alt":2,"type":2,"area":96}},{"x":962,"y":799,"data":{"alt":2,"type":2,"area":96}},{"x":963,"y":799,"data":{"alt":2,"type":2,"area":96}},{"x":964,"y":799,"data":{"alt":2,"type":2,"area":96}},{"x":965,"y":799,"data":{"alt":2,"type":2,"area":96}},{"x":966,"y":799,"data":{"alt":2,"type":2,"area":96}},{"x":967,"y":799,"data":{"alt":2,"type":2,"area":96}},{"x":968,"y":799,"data":{"alt":2,"type":2,"area":96}},{"x":969,"y":799,"data":{"alt":2,"type":2,"area":96}},{"x":970,"y":799,"data":{"alt":2,"type":2,"area":96}},{"x":971,"y":799,"data":{"alt":2,"type":2,"area":96}},{"x":972,"y":799,"data":{"alt":2,"type":2,"area":96}},{"x":973,"y":799,"data":{"alt":2,"type":2,"area":96}},{"x":974,"y":799,"data":{"alt":2,"type":2,"area":96}},{"x":975,"y":799,"data":{"alt":2,"type":2,"area":96}},{"x":976,"y":799,"data":{"alt":2,"type":2,"area":96}},{"x":977,"y":799,"data":{"alt":2,"type":2,"area":96}},{"x":978,"y":799,"data":{"alt":2,"type":2,"area":96}},{"x":979,"y":799,"data":{"alt":2,"type":2,"area":96}},{"x":980,"y":799,"data":{"alt":2,"type":2,"area":96}},{"x":981,"y":799,"data":{"alt":2,"type":2,"area":96}},{"x":982,"y":799,"data":{"alt":2,"type":2,"area":96}},{"x":983,"y":799,"data":{"alt":2,"type":2,"area":96}},{"x":984,"y":799,"data":{"alt":2,"type":2,"area":96}}]