[{"x":136,"y":2400,"data":{"alt":2,"fertility":60,"region":2149,"area":97}},{"x":137,"y":2400,"data":{"alt":2,"fertility":60,"region":2149,"area":97}},{"x":135,"y":2401,"data":{"alt":2,"fertility":60,"region":2149,"area":97}},{"x":136,"y":2401,"data":{"alt":2,"fertility":60,"region":2149,"area":97}},{"x":137,"y":2401,"data":{"alt":2,"fertility":60,"region":2149,"area":97}},{"x":136,"y":2402,"data":{"alt":2,"fertility":60,"region":2149,"area":97}},{"x":134,"y":2397,"data":{"alt":2,"fertility":60,"region":2149,"area":97}},{"x":135,"y":2397,"data":{"alt":2,"fertility":60,"region":2149,"area":97}},{"x":136,"y":2397,"data":{"alt":2,"fertility":60,"region":2149,"area":97}},{"x":137,"y":2397,"data":{"alt":2,"fertility":60,"region":2149,"area":97}},{"x":138,"y":2397,"data":{"alt":2,"fertility":60,"region":2149,"area":97}},{"x":133,"y":2398,"data":{"alt":2,"fertility":60,"region":2149,"area":97}},{"x":134,"y":2398,"data":{"alt":2,"fertility":60,"region":2149,"area":97}},{"x":135,"y":2398,"data":{"alt":2,"fertility":60,"region":2149,"area":97}},{"x":136,"y":2398,"data":{"alt":2,"fertility":60,"region":2149,"area":97}},{"x":137,"y":2398,"data":{"alt":2,"fertility":60,"region":2149,"area":97}},{"x":138,"y":2398,"data":{"alt":2,"fertility":60,"region":2149,"area":97}},{"x":134,"y":2399,"data":{"alt":2,"fertility":60,"region":2149,"area":97}},{"x":135,"y":2399,"data":{"alt":2,"fertility":60,"region":2149,"area":97}},{"x":136,"y":2399,"data":{"alt":2,"fertility":60,"region":2149,"area":97}},{"x":137,"y":2399,"data":{"alt":2,"fertility":60,"region":2149,"area":97}}]