[{"x":952,"y":708,"data":{"alt":2,"type":1,"area":98}},{"x":952,"y":709,"data":{"alt":2,"type":1,"area":98}},{"x":952,"y":710,"data":{"alt":2,"type":1,"area":98}},{"x":952,"y":711,"data":{"alt":2,"type":1,"area":98}},{"x":953,"y":711,"data":{"alt":7,"type":1,"area":98}},{"x":954,"y":711,"data":{"alt":7,"type":1,"area":98}},{"x":955,"y":711,"data":{"alt":7,"type":1,"area":98}},{"x":956,"y":711,"data":{"alt":7,"type":1,"area":98}},{"x":952,"y":712,"data":{"alt":2,"type":1,"area":98}},{"x":952,"y":713,"data":{"alt":2,"type":1,"area":98}},{"x":952,"y":714,"data":{"alt":2,"type":1,"area":98}}]